{"polygon": [[[46.3949076, 30.7185396], [46.3949081, 30.7186423], [46.3948517, 30.7186429], [46.3948523, 30.7187608], [46.394853, 30.7188851], [46.395123, 30.7188822], [46.3951212, 30.7185473], [46.3953949, 30.7185443], [46.395397, 30.7189443], [46.3954263, 30.718944], [46.3954271, 30.7191022], [46.3954279, 30.7192548], [46.3953986, 30.7192552], [46.3954016, 30.7198327], [46.3952679, 30.7198342], [46.3952656, 30.7193942], [46.3951325, 30.7193957], [46.3951329, 30.7194653], [46.3950125, 30.7194666], [46.3950102, 30.7190215], [46.3948214, 30.7190236], [46.3948216, 30.7190665], [46.3947307, 30.7190674], [46.394728, 30.7185416], [46.3949076, 30.7185396]], [[46.3952996, 30.7189681], [46.3951282, 30.71897], [46.3951296, 30.7192521], [46.395301, 30.7192503], [46.3952996, 30.7189681]]], "df_ids": [65423]}