{"polygon": [[[46.4023026, 30.7143746], [46.4019401, 30.7144733], [46.4019309, 30.7144021], [46.4016974, 30.7144657], [46.4017091, 30.7145558], [46.401444, 30.714628], [46.4014955, 30.7150255], [46.4017164, 30.7149654], [46.4017404, 30.7151504], [46.401765, 30.7153405], [46.4016006, 30.7153853], [46.4015875, 30.7152836], [46.4015209, 30.7153017], [46.4015544, 30.715561], [46.4019237, 30.7154604], [46.4019057, 30.7153212], [46.4018491, 30.7153365], [46.4018162, 30.7150819], [46.4021275, 30.7149972], [46.4021063, 30.7148344], [46.4020551, 30.7148484], [46.4020242, 30.7146101], [46.4023227, 30.7145289], [46.4023026, 30.7143746]], [[46.4019821, 30.7145957], [46.4017712, 30.7146574], [46.4018041, 30.7148936], [46.402015, 30.7148318], [46.4019821, 30.7145957]]], "df_ids": [65422]}