{"polygon": [[[46.4838148, 30.7344395], [46.4838558, 30.7338334], [46.4838238, 30.7338288], [46.4838268, 30.7337837], [46.4838595, 30.7337883], [46.4838729, 30.7335896], [46.4838061, 30.7335801], [46.4838021, 30.7336392], [46.4838116, 30.7336405], [46.4838089, 30.7336804], [46.4837274, 30.7336688], [46.4836882, 30.7336631], [46.4836901, 30.7336351], [46.4836655, 30.7336316], [46.4836695, 30.7335725], [46.48359, 30.7335611], [46.4835778, 30.7335594], [46.4835478, 30.7340032], [46.4835211, 30.7343976], [46.4836493, 30.7344159], [46.4838148, 30.7344395]], [[46.4836633, 30.7338368], [46.4836834, 30.7338396], [46.4836826, 30.733851], [46.4837149, 30.7338555], [46.4837512, 30.7338606], [46.48375, 30.7338784], [46.483767, 30.7339176], [46.4837515, 30.7341511], [46.4838041, 30.7341584], [46.4838012, 30.7342032], [46.483761, 30.7341976], [46.4837622, 30.7341802], [46.4837253, 30.734175], [46.4837241, 30.7341925], [46.4836892, 30.7341876], [46.4836908, 30.7341636], [46.4836676, 30.7341604], [46.483666, 30.7341843], [46.4836592, 30.7341834], [46.4836507, 30.7341822], [46.4836713, 30.7338711], [46.4836611, 30.7338697], [46.4836633, 30.7338368]]], "df_ids": [6919]}