{"polygon": [[[46.4835437, 30.7383242], [46.4834715, 30.7383126], [46.4834431, 30.7383057], [46.4834505, 30.7381475], [46.4833999, 30.7381418], [46.4833166, 30.7381327], [46.4833075, 30.7382674], [46.4832455, 30.7382574], [46.4832469, 30.7382209], [46.4832536, 30.7381216], [46.4832634, 30.7379157], [46.4832718, 30.7377811], [46.4832791, 30.7376639], [46.483437, 30.7376847], [46.4835856, 30.7377042], [46.483584, 30.7377288], [46.483578, 30.7378259], [46.4835635, 30.7380276], [46.4835463, 30.7380465], [46.4835434, 30.7380884], [46.4835577, 30.7381115], [46.4835563, 30.738131], [46.483552, 30.7381925], [46.4835437, 30.7383242]], [[46.4834951, 30.7379189], [46.4834149, 30.7379077], [46.4833489, 30.7378984], [46.4833461, 30.7379407], [46.4833196, 30.737937], [46.4833223, 30.7378977], [46.4833304, 30.7378988], [46.4833376, 30.7377898], [46.4833396, 30.7377597], [46.483332, 30.7377586], [46.4833343, 30.737724], [46.4833464, 30.7377257], [46.4833605, 30.7377277], [46.4833571, 30.7377796], [46.4834294, 30.7377897], [46.4835036, 30.7378001], [46.4835069, 30.7377495], [46.4835195, 30.7377513], [46.4835318, 30.737753], [46.4835293, 30.7377896], [46.4835183, 30.737788], [46.4835163, 30.7378178], [46.4835091, 30.7379261], [46.4835196, 30.7379275], [46.4835171, 30.7379657], [46.4834922, 30.7379622], [46.4834951, 30.7379189]]], "df_ids": [777]}