{"polygon": [[[46.4838432, 30.7381891], [46.4836186, 30.7381439], [46.4835563, 30.738131], [46.4835577, 30.7381115], [46.4835635, 30.7380276], [46.483578, 30.7378259], [46.483584, 30.7377288], [46.4836836, 30.737744], [46.483879, 30.7377738], [46.4840136, 30.7377943], [46.4839991, 30.7379973], [46.483984, 30.7382105], [46.4838432, 30.7381891]], [[46.4838454, 30.7378748], [46.4838404, 30.7379477], [46.4838499, 30.7379491], [46.4838482, 30.7379732], [46.4838455, 30.7380122], [46.483836, 30.7380108], [46.4838317, 30.7380731], [46.4836281, 30.7380434], [46.4836418, 30.737845], [46.4838454, 30.7378748]]], "df_ids": [28184]}