{"polygon": [[[46.4843463, 30.7328353], [46.4843633, 30.7328379], [46.4843277, 30.7333416], [46.4843059, 30.7336502], [46.4841655, 30.73363], [46.4841312, 30.7336251], [46.4841354, 30.7335637], [46.4838971, 30.7335289], [46.4837083, 30.7335014], [46.483703, 30.7335775], [46.4836695, 30.7335725], [46.48359, 30.7335611], [46.4836208, 30.7331128], [46.4836354, 30.7329031], [46.4836474, 30.7327314], [46.4838086, 30.7327553], [46.4839207, 30.732772], [46.4840114, 30.7327855], [46.4842482, 30.7328208], [46.4843463, 30.7328353]], [[46.4839443, 30.7330882], [46.4842021, 30.7331258], [46.4841969, 30.7332009], [46.4842197, 30.7332042], [46.4842354, 30.7329771], [46.4840034, 30.7329433], [46.4839779, 30.7329396], [46.4839749, 30.7329833], [46.4839517, 30.7329799], [46.4839443, 30.7330882]], [[46.4838449, 30.7329449], [46.4838276, 30.7331992], [46.4842158, 30.7332557], [46.4842111, 30.7333246], [46.4842063, 30.7333942], [46.4839099, 30.733351], [46.483818, 30.7333375], [46.4837207, 30.7333233], [46.4837303, 30.733185], [46.4837478, 30.732931], [46.483796, 30.7329379], [46.4838449, 30.7329449]]], "df_ids": [5812]}