{"polygon": [[[46.4718061, 30.7410001], [46.4718518, 30.7403752], [46.4718512, 30.7403556], [46.4718204, 30.7403515], [46.471816, 30.7404118], [46.4716798, 30.7403908], [46.471683, 30.7403465], [46.4716523, 30.7403418], [46.4716482, 30.7403972], [46.4716064, 30.7409693], [46.4718061, 30.7410001]], [[46.4717865, 30.740567], [46.4716974, 30.7405519], [46.4716784, 30.7407877], [46.4717675, 30.7408028], [46.4717865, 30.740567]]], "df_ids": [32520]}