{"polygon": [[[46.4815235, 30.726723], [46.4817426, 30.7264669], [46.4818463, 30.7263389], [46.4819225, 30.7264692], [46.4819406, 30.7265002], [46.4818885, 30.7265645], [46.4819471, 30.7266649], [46.4819522, 30.7266736], [46.4820021, 30.7266121], [46.4820456, 30.7266865], [46.4818143, 30.7269717], [46.4817211, 30.7270865], [46.4815219, 30.7267794], [46.4815235, 30.726723]], [[46.4818633, 30.7266418], [46.4819078, 30.7267185], [46.4819256, 30.7267492], [46.4818217, 30.7268763], [46.4817862, 30.7268151], [46.4817594, 30.7267689], [46.4818339, 30.7266778], [46.4818518, 30.7266559], [46.4818633, 30.7266418]]], "df_ids": [29308, 189430]}