{"polygon": [[[46.4694818, 30.7113966], [46.4696099, 30.7113755], [46.4700244, 30.7113071], [46.4700148, 30.7111841], [46.470066, 30.7111759], [46.4700317, 30.710714], [46.4699806, 30.7107221], [46.4699711, 30.7105988], [46.4694256, 30.7106866], [46.4694347, 30.7108062], [46.4693836, 30.7108146], [46.4694221, 30.7112953], [46.4694732, 30.7112868], [46.4694818, 30.7113966]], [[46.4698537, 30.711159], [46.4698237, 30.7107527], [46.469534, 30.7107997], [46.4695668, 30.7112067], [46.4698537, 30.711159]]], "df_ids": [30084]}