{"polygon": [[[46.4787095, 30.7302872], [46.4787928, 30.7304263], [46.4789454, 30.7306812], [46.4789919, 30.7307588], [46.4788508, 30.7309337], [46.4785632, 30.7304689], [46.4786418, 30.7303727], [46.4787095, 30.7302872]], [[46.478814, 30.7307416], [46.4787021, 30.7305457], [46.4787237, 30.7305197], [46.4787438, 30.7304955], [46.4788557, 30.7306914], [46.478814, 30.7307416]]], "df_ids": [188925]}