{"polygon": [[[46.4740666, 30.7382517], [46.473941, 30.7382329], [46.473656, 30.7381911], [46.473463, 30.7381602], [46.4734434, 30.7384495], [46.4736445, 30.7384796], [46.4738919, 30.7385167], [46.4740461, 30.7385399], [46.4740666, 30.7382517]], [[46.473931, 30.7383538], [46.4739248, 30.7384371], [46.4735535, 30.7383785], [46.4735597, 30.7382952], [46.473931, 30.7383538]]], "df_ids": [44647]}