{"polygon": [[[46.4838493, 30.7359108], [46.483879, 30.7359148], [46.4839937, 30.7359302], [46.4841448, 30.7359504], [46.4841765, 30.7355044], [46.4840175, 30.735483], [46.4839072, 30.7354683], [46.4838776, 30.7354643], [46.483869, 30.7356009], [46.483858, 30.7357737], [46.4838493, 30.7359108]], [[46.4840656, 30.7356066], [46.4840504, 30.7358196], [46.4839474, 30.7358042], [46.4839626, 30.7355911], [46.4840656, 30.7356066]]], "df_ids": [27859]}