{"polygon": [[[46.4785632, 30.7304689], [46.4788508, 30.7309337], [46.4787014, 30.7311287], [46.4786573, 30.7310574], [46.4785821, 30.7309359], [46.4785015, 30.7308057], [46.4784942, 30.7307938], [46.4784138, 30.7306639], [46.4784906, 30.7305636], [46.4785632, 30.7304689]], [[46.4785511, 30.730728], [46.4787164, 30.730991], [46.478767, 30.7309239], [46.4786018, 30.7306608], [46.4785737, 30.7306981], [46.4785511, 30.730728]]], "df_ids": [177202]}