{"polygon": [[[46.4701051, 30.7424356], [46.4702408, 30.7424581], [46.4702533, 30.7422989], [46.4702836, 30.7419126], [46.4701479, 30.7418902], [46.4701051, 30.7424356]], [[46.4702159, 30.7422895], [46.4702386, 30.742004], [46.4701907, 30.741996], [46.470168, 30.7422815], [46.4702159, 30.7422895]]], "df_ids": [161094, 188921]}