{"polygon": [[[46.4735964, 30.7391552], [46.4736277, 30.7387153], [46.4736445, 30.7384796], [46.4734434, 30.7384495], [46.4734109, 30.7389062], [46.4733954, 30.7391251], [46.4735964, 30.7391552]], [[46.4735779, 30.7386237], [46.4735121, 30.7386133], [46.4734838, 30.7389911], [46.473548, 30.7389998], [46.4735779, 30.7386237]]], "df_ids": [175698, 189160]}