{"polygon": [[[46.4693152, 30.7399494], [46.4693232, 30.7398356], [46.4693094, 30.7398335], [46.4693391, 30.7394129], [46.4693529, 30.739415], [46.4693609, 30.7393012], [46.4685929, 30.739187], [46.4685849, 30.7393007], [46.4686003, 30.7393026], [46.468569, 30.7397234], [46.4685552, 30.7397213], [46.4685471, 30.7398351], [46.4687871, 30.7398708], [46.468784, 30.739915], [46.4690683, 30.7399573], [46.4690714, 30.7399131], [46.4693152, 30.7399494]], [[46.4688767, 30.7393775], [46.4687407, 30.7393572], [46.468732, 30.7394814], [46.4687025, 30.739477], [46.4686962, 30.7395656], [46.4687257, 30.73957], [46.4687164, 30.739702], [46.4687981, 30.7397142], [46.4687993, 30.7396971], [46.4688348, 30.7397024], [46.4688382, 30.7396533], [46.468857, 30.7396561], [46.4688767, 30.7393775]], [[46.469052, 30.7394036], [46.4690324, 30.7396822], [46.4690452, 30.7396841], [46.4690418, 30.7397332], [46.4690837, 30.7397394], [46.4690825, 30.7397565], [46.4691746, 30.7397702], [46.469184, 30.7396382], [46.4692062, 30.7396415], [46.4692125, 30.7395529], [46.4691902, 30.7395496], [46.469199, 30.7394254], [46.469052, 30.7394036]]], "df_ids": [7864]}