{"polygon": [[[46.4772461, 30.723824], [46.4772137, 30.7236251], [46.4771763, 30.7234156], [46.4771669, 30.7233769], [46.4773327, 30.7233224], [46.4773753, 30.723319], [46.4774452, 30.7237873], [46.4773454, 30.7238057], [46.4772461, 30.723824]], [[46.4773633, 30.7236315], [46.4773233, 30.723641], [46.4772943, 30.7236479], [46.4772646, 30.7234803], [46.4773373, 30.7234591], [46.4773633, 30.7236315]]], "df_ids": [127046, 127047]}