{"polygon": [[[46.4758983, 30.7374754], [46.4761107, 30.7375075], [46.4763099, 30.7375377], [46.4763237, 30.7373275], [46.476338, 30.7371102], [46.4763162, 30.7371072], [46.4758991, 30.7370494], [46.4758695, 30.7374393], [46.4758983, 30.7374754]], [[46.4762474, 30.7373411], [46.4761217, 30.7373228], [46.4760081, 30.7373063], [46.4760155, 30.7371999], [46.4762547, 30.7372347], [46.4762474, 30.7373411]]], "df_ids": [798]}