{"polygon": [[[46.4801679, 30.7299667], [46.4803055, 30.7301907], [46.4804334, 30.7303988], [46.4806285, 30.730156], [46.4807169, 30.7300451], [46.4806217, 30.7298887], [46.4804483, 30.7296037], [46.4803968, 30.7296682], [46.4801679, 30.7299667]], [[46.4804571, 30.7298035], [46.4803844, 30.7298947], [46.480322, 30.7299731], [46.48039, 30.7300873], [46.4803726, 30.7301092], [46.4804329, 30.7302105], [46.480461, 30.7301751], [46.4804438, 30.7301462], [46.4805515, 30.7300112], [46.4805644, 30.7299947], [46.4805789, 30.7300191], [46.4806005, 30.729992], [46.4805753, 30.7299496], [46.4805567, 30.7299729], [46.4805312, 30.7299302], [46.4805221, 30.7299417], [46.480453, 30.7298258], [46.4804629, 30.7298133], [46.4804571, 30.7298035]]], "df_ids": [1309]}