{"polygon": [[[46.4802365, 30.7292105], [46.4805083, 30.7288696], [46.4804322, 30.7287415], [46.48038, 30.7286539], [46.4802761, 30.7287842], [46.4802454, 30.7288228], [46.4801082, 30.7289948], [46.4802365, 30.7292105]], [[46.480299, 30.7288296], [46.4801796, 30.7289768], [46.4802411, 30.729082], [46.48031, 30.7289971], [46.4802861, 30.7289562], [46.4803127, 30.7289234], [46.480303, 30.7289069], [46.4802875, 30.7288804], [46.4803114, 30.7288509], [46.480299, 30.7288296]]], "df_ids": [4952, 4953]}