{"polygon": [[[46.4823967, 30.7388042], [46.4824372, 30.7388782], [46.482397, 30.7396286], [46.4822728, 30.7396146], [46.4822361, 30.7396155], [46.4820062, 30.7395863], [46.4820557, 30.7387634], [46.4822038, 30.7387801], [46.4823967, 30.7388042]], [[46.4822716, 30.7393724], [46.4821784, 30.7393626], [46.4820829, 30.7393524], [46.4820756, 30.7394986], [46.4822641, 30.7395221], [46.4822716, 30.7393724]], [[46.4822806, 30.7391658], [46.4822882, 30.7389918], [46.4821949, 30.7389832], [46.482096, 30.7389741], [46.4820885, 30.7391481], [46.4821873, 30.7391573], [46.4822806, 30.7391658]]], "df_ids": [27903]}