{"polygon": [[[46.4891636, 30.728247], [46.4894474, 30.7287063], [46.4895355, 30.7285965], [46.4896834, 30.7284242], [46.4899286, 30.728104], [46.4898641, 30.7279956], [46.4897444, 30.7277918], [46.4897336, 30.7277809], [46.4896409, 30.7276251], [46.4893955, 30.7279547], [46.4891636, 30.728247]], [[46.489638, 30.7278296], [46.4894949, 30.728014], [46.4895134, 30.7280442], [46.4894747, 30.728094], [46.4894037, 30.7281854], [46.4893883, 30.7281601], [46.4893089, 30.7282625], [46.4894407, 30.7284782], [46.4895926, 30.7282824], [46.4897728, 30.7280502], [46.489638, 30.7278296]]], "df_ids": [3323]}