{"polygon": [[[46.4854728, 30.7426933], [46.4851301, 30.7426428], [46.4851246, 30.7426887], [46.485102, 30.7430462], [46.4854446, 30.7430967], [46.4854728, 30.7426933]], [[46.4853474, 30.7428931], [46.4853507, 30.7428453], [46.4853953, 30.7428519], [46.485392, 30.7428996], [46.4853474, 30.7428931]], [[46.4851925, 30.7428703], [46.4851959, 30.7428225], [46.4852419, 30.7428293], [46.4852386, 30.742877], [46.4851925, 30.7428703]]], "df_ids": [26881]}