{"polygon": [[[46.4902033, 30.7285644], [46.4901178, 30.7284141], [46.4899419, 30.7281366], [46.4897029, 30.7284548], [46.4895599, 30.7286411], [46.4895355, 30.7285965], [46.4894474, 30.7287063], [46.4897323, 30.7291734], [46.489955, 30.7288788], [46.4902033, 30.7285644]], [[46.4899583, 30.728323], [46.4900556, 30.7284809], [46.489861, 30.7287339], [46.489789, 30.7288275], [46.489801, 30.7288468], [46.4897334, 30.7289347], [46.489694, 30.7288707], [46.4897072, 30.7288536], [46.4896589, 30.7287752], [46.4897932, 30.7286006], [46.4899665, 30.7283752], [46.489945, 30.7283403], [46.4899583, 30.728323]]], "df_ids": [216811]}