{"polygon": [[[46.4708174, 30.7520169], [46.4708253, 30.7518991], [46.4708389, 30.7516955], [46.4708458, 30.7515934], [46.4708594, 30.7513905], [46.4708656, 30.7512981], [46.4708774, 30.7511209], [46.4709471, 30.7511308], [46.4709677, 30.7511337], [46.4709875, 30.7511365], [46.4710711, 30.7511483], [46.4710584, 30.7513376], [46.471011, 30.7520443], [46.4708174, 30.7520169]], [[46.4709439, 30.7518942], [46.4708863, 30.7518851], [46.4709283, 30.7513069], [46.4709538, 30.7513117], [46.4709871, 30.751318], [46.4709439, 30.7518942]]], "df_ids": [5932, 163127]}