{"polygon": [[[46.4829532, 30.7427446], [46.4830523, 30.7427596], [46.4830793, 30.7427637], [46.4830965, 30.7427663], [46.4832243, 30.7427857], [46.4832409, 30.7425474], [46.483244, 30.7424914], [46.4832677, 30.7421752], [46.4829937, 30.7421368], [46.4829841, 30.742281], [46.4829532, 30.7427446]], [[46.4831633, 30.7425555], [46.4830938, 30.7425435], [46.4830322, 30.7425329], [46.4830441, 30.7423872], [46.4830711, 30.742356], [46.4831471, 30.7423691], [46.4831746, 30.7424169], [46.4831633, 30.7425555]]], "df_ids": [7300]}