{"polygon": [[[46.4757647, 30.7294891], [46.4757535, 30.7296479], [46.4757046, 30.7303366], [46.4755609, 30.7303151], [46.4755198, 30.7303089], [46.4755533, 30.7298363], [46.4755764, 30.7295113], [46.47558, 30.7294615], [46.4756721, 30.7294753], [46.4757647, 30.7294891]], [[46.4756547, 30.7302072], [46.475692, 30.7296817], [46.4756592, 30.7296768], [46.4756281, 30.7296722], [46.4755909, 30.7301976], [46.4756547, 30.7302072]]], "df_ids": [29777]}