{"polygon": [[[46.4744561, 30.7361814], [46.4746707, 30.7362196], [46.4746867, 30.7359824], [46.4747081, 30.7356651], [46.4744955, 30.7356474], [46.4744561, 30.7361814]], [[46.474651, 30.7358527], [46.4746338, 30.7360737], [46.4745782, 30.7360654], [46.4745955, 30.7358436], [46.474651, 30.7358527]]], "df_ids": [27167]}