{"polygon": [[[46.4785344, 30.7497484], [46.4785635, 30.749753], [46.4785664, 30.7497149], [46.478576, 30.7496732], [46.4785896, 30.7496344], [46.4786055, 30.7496026], [46.4786291, 30.7495687], [46.4786502, 30.7495469], [46.4786841, 30.7495234], [46.4787069, 30.749514], [46.4787405, 30.7495088], [46.4787846, 30.7495139], [46.4788185, 30.7495297], [46.4788467, 30.7495517], [46.4788762, 30.7495867], [46.4788969, 30.7496227], [46.4789129, 30.7496636], [46.4789229, 30.7497071], [46.4789324, 30.7497025], [46.4789353, 30.7497155], [46.4789387, 30.7497453], [46.4789399, 30.7497777], [46.478938, 30.7498117], [46.478958, 30.7498148], [46.4789508, 30.7499107], [46.4789228, 30.7499063], [46.4789167, 30.7499898], [46.4789154, 30.750007], [46.478834, 30.7499943], [46.4788353, 30.7499768], [46.4786267, 30.7499441], [46.4786254, 30.7499616], [46.4785844, 30.7499552], [46.4785459, 30.7499491], [46.4785472, 30.7499317], [46.4785497, 30.749897], [46.4785533, 30.7498484], [46.4785273, 30.7498443], [46.4785344, 30.7497484]], [[46.4786775, 30.7497709], [46.4788133, 30.7497921], [46.478814, 30.7497821], [46.4788143, 30.7497695], [46.4788135, 30.7497576], [46.4788112, 30.7497442], [46.4788076, 30.7497317], [46.4788022, 30.749718], [46.4787951, 30.7497056], [46.4787892, 30.7496977], [46.4787826, 30.7496908], [46.4787735, 30.7496836], [46.4787601, 30.7496775], [46.4787495, 30.7496756], [46.4787395, 30.7496755], [46.4787281, 30.7496785], [46.4787183, 30.7496836], [46.4787086, 30.749691], [46.4787031, 30.7496967], [46.4786979, 30.7497035], [46.4786928, 30.7497115], [46.4786878, 30.7497216], [46.4786838, 30.7497328], [46.4786807, 30.7497462], [46.4786784, 30.7497601], [46.4786775, 30.7497709]]], "df_ids": [6059]}