{"polygon": [[[46.59048, 30.8025717], [46.5905808, 30.8023559], [46.590622, 30.8023968], [46.5905989, 30.8024464], [46.5907465, 30.8025925], [46.5908902, 30.8022849], [46.5907183, 30.8021149], [46.5908797, 30.8017694], [46.5910805, 30.801968], [46.5911044, 30.8019168], [46.5912916, 30.802102], [46.5912693, 30.8021497], [46.5915951, 30.802472], [46.5915286, 30.8026143], [46.5912858, 30.8023742], [46.5912072, 30.8025426], [46.5912594, 30.8025943], [46.5911822, 30.8027596], [46.5909217, 30.8025019], [46.5908535, 30.8026479], [46.5909002, 30.8026941], [46.5908702, 30.8027583], [46.5908065, 30.8028947], [46.59048, 30.8025717]], [[46.5912268, 30.802237], [46.5910543, 30.8020696], [46.5909531, 30.8022905], [46.5911256, 30.8024578], [46.5912268, 30.802237]]], "df_ids": [65431]}