{"polygon": [[[46.4279477, 30.7527778], [46.4278334, 30.7527857], [46.4278091, 30.7527709], [46.4277802, 30.7527645], [46.4277785, 30.7527775], [46.427774, 30.7527889], [46.4277671, 30.7527975], [46.4277587, 30.7528023], [46.4277496, 30.7528028], [46.4277409, 30.752799], [46.4277336, 30.7527911], [46.4277285, 30.7527803], [46.4277262, 30.7527675], [46.427703, 30.7527783], [46.4276855, 30.752795], [46.427569, 30.7528036], [46.4275639, 30.7526536], [46.4275757, 30.7526127], [46.4275795, 30.7525658], [46.4275714, 30.7525659], [46.4275638, 30.7525621], [46.4275574, 30.7525548], [46.4275532, 30.7525448], [46.4275515, 30.7525334], [46.4275525, 30.7525217], [46.4275561, 30.7525113], [46.427562, 30.7525032], [46.4275693, 30.7524984], [46.4275774, 30.7524974], [46.4275695, 30.7524581], [46.4275565, 30.7524236], [46.4275516, 30.7522664], [46.4276598, 30.7522506], [46.4276836, 30.7522663], [46.4277163, 30.7522745], [46.4277175, 30.752263], [46.4277214, 30.7522529], [46.4277274, 30.7522452], [46.4277348, 30.7522409], [46.4277428, 30.7522404], [46.4277504, 30.7522438], [46.4277568, 30.7522507], [46.4277613, 30.7522604], [46.4277632, 30.7522716], [46.427798, 30.7522653], [46.4278184, 30.7522479], [46.4279303, 30.7522406], [46.4279355, 30.7524011], [46.427926, 30.7524339], [46.4279193, 30.7524752], [46.4279275, 30.7524774], [46.4279347, 30.7524835], [46.4279401, 30.7524927], [46.427943, 30.752504], [46.4279431, 30.7525161], [46.4279404, 30.7525275], [46.4279352, 30.752537], [46.4279282, 30.7525434], [46.42792, 30.7525459], [46.4279279, 30.7525825], [46.4279425, 30.752618], [46.4279477, 30.7527778]], [[46.4278251, 30.7524916], [46.4278064, 30.752483], [46.4277902, 30.7524672], [46.4277777, 30.7524453], [46.4277701, 30.7524192], [46.4277262, 30.7524192], [46.4277215, 30.7524459], [46.4277112, 30.7524692], [46.4276965, 30.7524867], [46.4276788, 30.7524966], [46.4276779, 30.7525573], [46.4276959, 30.7525629], [46.4277119, 30.7525762], [46.4277243, 30.7525958], [46.4277322, 30.75262], [46.4277807, 30.7526207], [46.4277831, 30.7526], [46.4277895, 30.7525812], [46.4277994, 30.7525659], [46.4278119, 30.7525554], [46.427826, 30.7525506], [46.4278251, 30.7524916]]], "df_ids": [63169]}