{"polygon": [[[46.4404392, 30.709138], [46.4408971, 30.7095702], [46.4408223, 30.7097371], [46.4407551, 30.7096737], [46.4404568, 30.7103391], [46.4405298, 30.710408], [46.4404665, 30.710549], [46.4404216, 30.7105066], [46.4404105, 30.7105314], [46.4403535, 30.7104777], [46.4403664, 30.7104488], [46.440329, 30.7104135], [46.4403161, 30.7104423], [46.4401111, 30.7102488], [46.4401185, 30.7102323], [46.4400731, 30.7101894], [46.4400546, 30.7102307], [46.4399903, 30.71017], [46.440063, 30.7100078], [46.4400501, 30.7099956], [46.4400862, 30.7099151], [46.4400756, 30.709905], [46.4401097, 30.7098289], [46.440091, 30.7098113], [46.4402581, 30.7094386], [46.4402768, 30.7094562], [46.4403065, 30.7093898], [46.4403223, 30.7094047], [46.4403589, 30.709323], [46.440357, 30.7093213], [46.4404392, 30.709138]], [[46.4406237, 30.7096166], [46.4403924, 30.7093985], [46.4403429, 30.709509], [46.4403786, 30.7095428], [46.4403353, 30.7096395], [46.4403706, 30.7096729], [46.4402829, 30.7098689], [46.4402613, 30.7098486], [46.4402221, 30.7099362], [46.4401777, 30.7098943], [46.4401407, 30.7099768], [46.4401648, 30.7099996], [46.440153, 30.710026], [46.4401815, 30.7100529], [46.4401876, 30.7100393], [46.4402322, 30.7100813], [46.4402127, 30.710125], [46.4403577, 30.7102617], [46.4403805, 30.7102109], [46.4403643, 30.7101957], [46.4406237, 30.7096166]]], "df_ids": [63162]}