{"polygon": [[[46.3932726, 30.7205078], [46.3932728, 30.7207304], [46.3936812, 30.7207293], [46.3936809, 30.720545], [46.3936367, 30.7205451], [46.3936365, 30.7203737], [46.3939458, 30.7203729], [46.3939455, 30.7201369], [46.3940144, 30.7201367], [46.3940146, 30.720296], [46.3941524, 30.7202956], [46.3941521, 30.7201143], [46.3941736, 30.7201142], [46.3941731, 30.7197761], [46.3939551, 30.7197767], [46.393955, 30.7196968], [46.3936906, 30.7196975], [46.3933061, 30.7196986], [46.3933066, 30.7200541], [46.39348, 30.7200536], [46.3934802, 30.7202166], [46.393532, 30.7202165], [46.3935325, 30.720596], [46.3933507, 30.7205965], [46.3933506, 30.7205076], [46.3932726, 30.7205078]], [[46.3937744, 30.719949], [46.3937775, 30.7201782], [46.393572, 30.7201841], [46.3935688, 30.7199549], [46.3937744, 30.719949]]], "df_ids": [65424]}