{"polygon": [[[46.4829732, 30.7235417], [46.4828982, 30.7234126], [46.4827953, 30.7235386], [46.4825457, 30.7238443], [46.4824361, 30.7239785], [46.4824998, 30.7241374], [46.4824325, 30.7242196], [46.4820039, 30.7234588], [46.4820763, 30.7233702], [46.4821602, 30.7235148], [46.4823329, 30.7233034], [46.4823111, 30.7232083], [46.4823296, 30.7231332], [46.4823887, 30.723085], [46.4824667, 30.7231203], [46.4826153, 30.7229383], [46.482537, 30.7228034], [46.4826266, 30.7226937], [46.4830584, 30.7234373], [46.4829732, 30.7235417]], [[46.482652, 30.7231917], [46.4826921, 30.7232619], [46.4827142, 30.7232353], [46.4828088, 30.7234012], [46.4827023, 30.7235292], [46.4825917, 30.7233351], [46.4826004, 30.7233246], [46.4825764, 30.7232826], [46.482652, 30.7231917]], [[46.4825223, 30.7236674], [46.4824405, 30.7235238], [46.4824303, 30.7235361], [46.4823992, 30.7234814], [46.4822953, 30.7236063], [46.4824083, 30.7238045], [46.4825223, 30.7236674]]], "df_ids": [29079]}