{"polygon": [[[46.4116172, 30.732811], [46.4115583, 30.7331876], [46.4115844, 30.7331962], [46.4115357, 30.733508], [46.4115095, 30.7334994], [46.4114233, 30.7340509], [46.411306, 30.7340123], [46.4113725, 30.7335866], [46.4112228, 30.7335374], [46.4112129, 30.7336004], [46.4111041, 30.7335646], [46.4111697, 30.7331449], [46.4110413, 30.7331029], [46.4110071, 30.7330911], [46.4109947, 30.7331661], [46.4108869, 30.7331306], [46.4109724, 30.7325837], [46.4111409, 30.7326391], [46.4111204, 30.7327703], [46.411062, 30.7327511], [46.4110283, 30.7329667], [46.4112925, 30.7330536], [46.4113445, 30.7327213], [46.4116172, 30.732811]], [[46.4114644, 30.7331779], [46.4112922, 30.7331169], [46.4112452, 30.7333962], [46.4114174, 30.7334572], [46.4114644, 30.7331779]]], "df_ids": [63137]}