{"polygon": [[[46.4831612, 30.7500231], [46.4831983, 30.7500291], [46.4833522, 30.7500477], [46.4834746, 30.7500693], [46.4834622, 30.7502754], [46.4834408, 30.7505876], [46.4833613, 30.7506627], [46.4832638, 30.7506495], [46.4831096, 30.7506299], [46.4831581, 30.7500731], [46.4831612, 30.7500231]], [[46.4833406, 30.7501779], [46.4833375, 30.7502585], [46.4833365, 30.7502841], [46.4833241, 30.7502851], [46.48332, 30.7503427], [46.4833303, 30.7503447], [46.4833283, 30.7504003], [46.4833105, 30.7504252], [46.4832558, 30.7504192], [46.4832482, 30.7503994], [46.4832373, 30.7503795], [46.4832517, 30.7501649], [46.4833406, 30.7501779]]], "df_ids": [29608]}