{"polygon": [[[46.4870272, 30.7178429], [46.4871467, 30.7178034], [46.4872757, 30.7177606], [46.4872036, 30.7173015], [46.487072, 30.7173451], [46.4869551, 30.7173838], [46.4870272, 30.7178429]], [[46.487197, 30.717631], [46.4871218, 30.7176554], [46.4870592, 30.717675], [46.4870418, 30.7175597], [46.4871023, 30.7175404], [46.4871795, 30.7175157], [46.487197, 30.717631]]], "df_ids": [126646]}