{"polygon": [[[46.4859597, 30.7217212], [46.4860228, 30.7218203], [46.4862486, 30.7222007], [46.4863215, 30.7220977], [46.4863823, 30.7220128], [46.4862973, 30.7218554], [46.4862297, 30.7217435], [46.4861326, 30.7215903], [46.4859597, 30.7217212]], [[46.4863181, 30.7220554], [46.4862737, 30.7221123], [46.4861214, 30.721862], [46.4861658, 30.721805], [46.4863181, 30.7220554]]], "df_ids": [6298]}