{"polygon": [[[46.4443785, 30.766157], [46.4438864, 30.7661389], [46.4438737, 30.7668645], [46.4443659, 30.7668826], [46.4443785, 30.766157]], [[46.4442119, 30.7662906], [46.4439802, 30.7662821], [46.4439723, 30.7667318], [46.4442041, 30.7667403], [46.4442119, 30.7662906]]], "df_ids": [34287]}