{"polygon": [[[46.4930017, 30.7185632], [46.4932271, 30.7186331], [46.493221, 30.7186749], [46.4932577, 30.7186863], [46.4932939, 30.7186975], [46.4932997, 30.7186579], [46.4935494, 30.7187353], [46.4935738, 30.7185689], [46.4936067, 30.718345], [46.4930588, 30.7181744], [46.4930259, 30.7184023], [46.4930017, 30.7185632]], [[46.4934853, 30.7184847], [46.4934776, 30.7185367], [46.4934688, 30.7185954], [46.493384, 30.7185687], [46.4934005, 30.718458], [46.4934853, 30.7184847]], [[46.4932152, 30.7184045], [46.4931982, 30.7185186], [46.4931098, 30.7184908], [46.4931187, 30.7184311], [46.4931268, 30.7183768], [46.4932152, 30.7184045]], [[46.4932985, 30.7184171], [46.4933064, 30.7183655], [46.4932755, 30.7183555], [46.4932676, 30.7184071], [46.4932985, 30.7184171]]], "df_ids": [1216]}