{"polygon": [[[46.4867996, 30.7274994], [46.4867587, 30.7274486], [46.4865981, 30.7272493], [46.4865914, 30.7272411], [46.4866069, 30.7272148], [46.4865723, 30.7271719], [46.4867169, 30.7269261], [46.4868717, 30.7271182], [46.4869596, 30.7272273], [46.4868833, 30.7273571], [46.4867996, 30.7274994]], [[46.4868064, 30.7271588], [46.4867724, 30.7272232], [46.4867485, 30.7272685], [46.4867617, 30.7272832], [46.4867452, 30.7273146], [46.4866828, 30.7272452], [46.4867572, 30.7271041], [46.4868064, 30.7271588]]], "df_ids": [1700]}