{"polygon": [[[46.4740421, 30.7501355], [46.4739728, 30.7501261], [46.4739429, 30.750122], [46.4738603, 30.7501107], [46.4738581, 30.7501436], [46.4738386, 30.7504454], [46.4740204, 30.7504702], [46.4740268, 30.7503717], [46.4740392, 30.7501799], [46.4740421, 30.7501355]], [[46.47399, 30.7503348], [46.4739849, 30.750413], [46.4739122, 30.7504031], [46.4739172, 30.7503249], [46.4739295, 30.7503266], [46.47399, 30.7503348]]], "df_ids": [153186]}