{"polygon": [[[46.4742758, 30.749581], [46.4743916, 30.7495974], [46.4745216, 30.7496158], [46.4745201, 30.7496406], [46.4744943, 30.7500205], [46.4743942, 30.7500056], [46.4742487, 30.749985], [46.4742524, 30.7499295], [46.4742758, 30.749581]], [[46.4744184, 30.7498382], [46.4744124, 30.7499193], [46.4743279, 30.7499061], [46.4743339, 30.749825], [46.4743767, 30.7498317], [46.4744184, 30.7498382]]], "df_ids": [5251]}