{"polygon": [[[46.4743693, 30.7487], [46.4744618, 30.7487116], [46.474743, 30.748747], [46.474732, 30.7489057], [46.4747236, 30.749036], [46.4745635, 30.7490142], [46.4743964, 30.7489915], [46.4743502, 30.7489852], [46.4743693, 30.7487]], [[46.4746016, 30.7488327], [46.4745979, 30.7488877], [46.4745947, 30.7489351], [46.474491, 30.7489202], [46.474498, 30.7488179], [46.4746016, 30.7488327]]], "df_ids": [33325]}