{"polygon": [[[46.4873347, 30.739997], [46.4872438, 30.7400968], [46.4871757, 30.7401713], [46.4870899, 30.7402657], [46.487021, 30.7403428], [46.48694, 30.7401969], [46.4868373, 30.7400265], [46.4868627, 30.7398797], [46.4869436, 30.7397626], [46.4869789, 30.7397108], [46.4869228, 30.7395709], [46.4868841, 30.7395487], [46.4868972, 30.7393464], [46.4869593, 30.7393571], [46.4869886, 30.7393839], [46.4870163, 30.7394248], [46.487236, 30.7398166], [46.4873347, 30.739997]], [[46.4871509, 30.740015], [46.4871141, 30.7400629], [46.48708, 30.7401081], [46.4870514, 30.7401141], [46.4870307, 30.7400803], [46.4869977, 30.7400257], [46.4869933, 30.7399979], [46.4870422, 30.7399363], [46.487078, 30.7398914], [46.4870987, 30.7398908], [46.4871143, 30.739918], [46.4871143, 30.7399543], [46.4871207, 30.7399648], [46.4871509, 30.740015]]], "df_ids": [3294]}