{"polygon": [[[46.4867817, 30.7423367], [46.4867652, 30.7423554], [46.4866865, 30.7424465], [46.4865965, 30.7425503], [46.4864859, 30.7423582], [46.4863512, 30.7420722], [46.4863764, 30.7420416], [46.486409, 30.7419589], [46.4864792, 30.7418172], [46.4867817, 30.7423367]], [[46.4866142, 30.7421852], [46.486512, 30.7420014], [46.4864358, 30.7420682], [46.4865365, 30.7422771], [46.4865732, 30.7422337], [46.4866142, 30.7421852]]], "df_ids": [7244]}