{"polygon": [[[46.5401971, 30.7428039], [46.5401225, 30.742715], [46.5401306, 30.7427008], [46.5400526, 30.7426079], [46.5400337, 30.7426415], [46.539763, 30.7423191], [46.5397797, 30.7422895], [46.5396985, 30.7421929], [46.5396536, 30.7422726], [46.5396363, 30.7422519], [46.5395735, 30.7423633], [46.5395922, 30.7423855], [46.5394775, 30.742589], [46.5394464, 30.7425519], [46.5393647, 30.7426969], [46.5397413, 30.7431455], [46.5397588, 30.7431145], [46.5398421, 30.7432138], [46.5400645, 30.7428191], [46.5401388, 30.7429075], [46.5401521, 30.7428838], [46.5401971, 30.7428039]], [[46.5396697, 30.7424835], [46.5399398, 30.7428053], [46.5398247, 30.7430097], [46.5395545, 30.7426879], [46.5396697, 30.7424835]]], "df_ids": [30445]}