{"polygon": [[[46.4810101, 30.7282787], [46.4811709, 30.7280731], [46.4812197, 30.728171], [46.4811709, 30.7282328], [46.4812553, 30.7283735], [46.4812935, 30.7283253], [46.4813502, 30.7284178], [46.4812743, 30.7285112], [46.4812043, 30.7285974], [46.4811435, 30.7286723], [46.4810135, 30.7288407], [46.4809227, 30.7289556], [46.4809032, 30.728923], [46.4807594, 30.7286836], [46.480733, 30.7286329], [46.4808264, 30.7285135], [46.4810101, 30.7282787]], [[46.48103, 30.7283553], [46.4810493, 30.7283326], [46.4811087, 30.7284392], [46.4811672, 30.7285441], [46.4811357, 30.7285811], [46.4811027, 30.728522], [46.4810227, 30.7286161], [46.4810442, 30.7286546], [46.4809709, 30.7287408], [46.4809618, 30.7287516], [46.4809316, 30.7286975], [46.4809981, 30.7286193], [46.4809529, 30.7285383], [46.4809, 30.7286005], [46.480882, 30.728568], [46.481043, 30.7283787], [46.48103, 30.7283553]]], "df_ids": [6505]}