{"polygon": [[[46.4841881, 30.7284661], [46.4843586, 30.7282504], [46.4839411, 30.7276338], [46.4838946, 30.7276924], [46.483927, 30.7277494], [46.4838698, 30.7278173], [46.4838372, 30.7277649], [46.4837886, 30.7278156], [46.4840633, 30.7282731], [46.484088, 30.7282989], [46.4841881, 30.7284661]], [[46.4841886, 30.7281595], [46.4841289, 30.7282361], [46.4839495, 30.7279414], [46.4840091, 30.7278648], [46.4841886, 30.7281595]]], "df_ids": [45058]}