{"polygon": [[[46.4843586, 30.7282504], [46.4844981, 30.7280611], [46.4842744, 30.7277088], [46.484219, 30.7276194], [46.4841936, 30.7275718], [46.4841096, 30.7274295], [46.4840502, 30.7274977], [46.4840795, 30.7275513], [46.4840281, 30.7276119], [46.4840012, 30.727558], [46.4839411, 30.7276338], [46.4843586, 30.7282504]], [[46.484345, 30.727983], [46.4841584, 30.7276774], [46.4841008, 30.7277516], [46.4842873, 30.7280573], [46.484345, 30.727983]]], "df_ids": [45057]}