{"polygon": [[[46.4814216, 30.7432438], [46.4814484, 30.7429099], [46.4815968, 30.7429353], [46.4817678, 30.7429645], [46.4817399, 30.7432998], [46.4816687, 30.7432873], [46.4815778, 30.7432713], [46.4815132, 30.7432599], [46.4814216, 30.7432438]], [[46.4815129, 30.7431729], [46.4815206, 30.7430769], [46.4815887, 30.7430884], [46.4816789, 30.7431037], [46.4816712, 30.7431997], [46.4815836, 30.7431849], [46.4815129, 30.7431729]]], "df_ids": [32314]}