{"polygon": [[[46.4910114, 30.7244706], [46.4911243, 30.7246633], [46.4911386, 30.7246827], [46.4913014, 30.7249543], [46.4911481, 30.7251486], [46.4909278, 30.7247879], [46.4909186, 30.7247658], [46.4908609, 30.7246712], [46.4908944, 30.7246208], [46.4909221, 30.724589], [46.4910114, 30.7244706]], [[46.4911708, 30.7248641], [46.4911073, 30.7249449], [46.4910945, 30.7249237], [46.4911036, 30.7249122], [46.4910339, 30.7247966], [46.4910799, 30.724738], [46.4911496, 30.7248535], [46.491158, 30.7248428], [46.4911708, 30.7248641]]], "df_ids": [32928]}