{"polygon": [[[46.4686108, 30.754223], [46.4684886, 30.7541903], [46.468122, 30.7540926], [46.4681419, 30.7539248], [46.4681676, 30.7537327], [46.4686563, 30.7538631], [46.4686341, 30.7540386], [46.4686108, 30.754223]], [[46.4685042, 30.7540025], [46.4685106, 30.7539478], [46.4685192, 30.75395], [46.4685238, 30.7539119], [46.4684723, 30.753899], [46.4684612, 30.7539906]], [[46.4684612, 30.7539906], [46.4684486, 30.754098], [46.4685008, 30.7541112], [46.4685073, 30.7540563], [46.468498, 30.7540539], [46.4685042, 30.7540025]], [[46.468356, 30.7538592], [46.4682933, 30.7538416], [46.4682672, 30.7540377], [46.4683292, 30.7540551], [46.4683377, 30.7539908], [46.4683271, 30.7539878], [46.4683315, 30.7539545], [46.4683387, 30.7539001], [46.4683501, 30.7539033], [46.468356, 30.7538592]]], "df_ids": [30328]}