{"polygon": [[[46.4730812, 30.7312334], [46.4730695, 30.7312315], [46.4730588, 30.7312299], [46.4729569, 30.7312143], [46.4726828, 30.7311724], [46.4726759, 30.731268], [46.4726702, 30.7313467], [46.4726937, 30.7313503], [46.4726878, 30.7314317], [46.4726731, 30.7316333], [46.4726427, 30.7316287], [46.4726367, 30.7317114], [46.4728389, 30.7317423], [46.473042, 30.7317734], [46.4730523, 30.7316312], [46.4730787, 30.7312684], [46.4730812, 30.7312334]], [[46.4729284, 30.7314102], [46.4728239, 30.7313957], [46.4728205, 30.7314477], [46.4728086, 30.7316303], [46.4729131, 30.7316447], [46.472915, 30.7316162], [46.4729284, 30.7314102]]], "df_ids": [27392]}