{"polygon": [[[46.4752151, 30.7241435], [46.475309, 30.7243144], [46.4755008, 30.7246634], [46.4755789, 30.7245729], [46.4757191, 30.7244105], [46.4754334, 30.7238906], [46.4752151, 30.7241435]], [[46.4754113, 30.7241685], [46.4753425, 30.724248], [46.4754525, 30.7244485], [46.475488, 30.7244074], [46.4755212, 30.724369], [46.4754113, 30.7241685]]], "df_ids": [6781]}