{"polygon": [[[46.4794642, 30.7395667], [46.4790478, 30.7395007], [46.4790308, 30.739498], [46.4790202, 30.7396389], [46.4789983, 30.7399307], [46.4789957, 30.7399648], [46.479429, 30.7400371], [46.4794463, 30.7397857], [46.4794642, 30.7395667]], [[46.4792844, 30.7398236], [46.4792908, 30.7397615], [46.4792944, 30.7396953], [46.4790972, 30.7396616], [46.4790872, 30.7397898], [46.4792844, 30.7398236]]], "df_ids": [32653]}