{"polygon": [[[46.4815527, 30.7395289], [46.4812634, 30.7394922], [46.4812527, 30.7396995], [46.4812404, 30.73993], [46.4813584, 30.7399452], [46.4815245, 30.7399665], [46.4815448, 30.7396329], [46.4815527, 30.7395289]], [[46.4814585, 30.7396335], [46.4814473, 30.7398369], [46.4813744, 30.7398284], [46.4813806, 30.7397152], [46.4813856, 30.739625], [46.4814585, 30.7396335]]], "df_ids": [27434]}