{"polygon": [[[46.4842975, 30.7407609], [46.4843137, 30.7405385], [46.4842814, 30.7405336], [46.4842372, 30.7405269], [46.4842436, 30.7404056], [46.4842886, 30.74041], [46.4843912, 30.740424], [46.4844796, 30.7404371], [46.4844795, 30.7404101], [46.4844883, 30.7402956], [46.4845158, 30.7399793], [46.4842911, 30.739922], [46.4841255, 30.7398934], [46.48411, 30.7400825], [46.4840716, 30.7405788], [46.4840605, 30.7407226], [46.4841669, 30.7407399], [46.4842684, 30.7407564], [46.4842975, 30.7407609]], [[46.4844208, 30.7401909], [46.4844001, 30.7401879], [46.4843745, 30.7401842], [46.4843539, 30.7402141], [46.4843005, 30.7402062], [46.4842561, 30.7402001], [46.4842626, 30.7401013], [46.4842674, 30.7400313], [46.4844302, 30.7400549], [46.4844208, 30.7401909]]], "df_ids": [6786]}