{"polygon": [[[46.4795969, 30.724823], [46.4797339, 30.7246539], [46.4798234, 30.7245275], [46.4795078, 30.7239811], [46.4792802, 30.7242805], [46.4793953, 30.7244777], [46.4795336, 30.7247145], [46.4795605, 30.7247606], [46.4795969, 30.724823]], [[46.4796729, 30.7245832], [46.4795104, 30.724309], [46.4794389, 30.7243984], [46.4796014, 30.7246726], [46.4796729, 30.7245832]]], "df_ids": [6294]}