{"polygon": [[[46.4810257, 30.7428385], [46.4809785, 30.7434282], [46.4809645, 30.7436039], [46.4809598, 30.7436621], [46.4810961, 30.7436851], [46.4813824, 30.7437335], [46.4814216, 30.7432438], [46.4814484, 30.7429099], [46.4812414, 30.7428749], [46.4810257, 30.7428385]], [[46.4813006, 30.7431063], [46.4812711, 30.7435066], [46.4811349, 30.7434853], [46.4811048, 30.7434806], [46.4811343, 30.7430804], [46.4813006, 30.7431063]]], "df_ids": [5271]}