{"polygon": [[[46.479157, 30.7272926], [46.4792471, 30.7274447], [46.4792902, 30.727395], [46.4793209, 30.7274416], [46.4794382, 30.7272795], [46.4795281, 30.7271671], [46.4793306, 30.7268457], [46.479278, 30.7268341], [46.4791501, 30.7270023], [46.4790569, 30.7271237], [46.479157, 30.7272926]], [[46.4793338, 30.7272693], [46.4793677, 30.7272254], [46.4792817, 30.7270855], [46.4792372, 30.7271432], [46.4791799, 30.7272175], [46.4792368, 30.7273102], [46.4793048, 30.7272221], [46.4793338, 30.7272693]]], "df_ids": [29090]}