{"polygon": [[[46.4844981, 30.7280611], [46.4842744, 30.7277088], [46.4844091, 30.7275327], [46.4844754, 30.727431], [46.4846045, 30.7272646], [46.4848196, 30.7276349], [46.4844981, 30.7280611]], [[46.4846233, 30.7276206], [46.484555, 30.7275102], [46.48446, 30.7276342], [46.4844304, 30.7275864], [46.4844049, 30.7276197], [46.4845172, 30.7278012], [46.4845378, 30.7277743], [46.4845234, 30.727751], [46.4846233, 30.7276206]]], "df_ids": [1038]}