{"polygon": [[[46.4714697, 30.7371731], [46.4714536, 30.737422], [46.4714439, 30.7375723], [46.4714226, 30.7378641], [46.4715857, 30.7378878], [46.4720981, 30.7379503], [46.4722016, 30.7379662], [46.4722121, 30.7378234], [46.4722358, 30.7374877], [46.4722518, 30.7372697], [46.4721346, 30.7372552], [46.4714697, 30.7371731]], [[46.4721569, 30.7374851], [46.4721308, 30.7378523], [46.4720191, 30.7378356], [46.4720423, 30.7375189], [46.4720433, 30.7374951], [46.4720726, 30.7374995], [46.4720745, 30.7374727], [46.4721181, 30.7374793], [46.4721569, 30.7374851]], [[46.4716863, 30.7374122], [46.471657, 30.737818], [46.471553, 30.7378021], [46.4715681, 30.7375937], [46.4715823, 30.7373964], [46.4716863, 30.7374122]], [[46.4719383, 30.7374114], [46.4719306, 30.7374973], [46.4719312, 30.7375093], [46.47191, 30.7375056], [46.4718892, 30.7377438], [46.4719068, 30.7377469], [46.4718999, 30.7378305], [46.4717692, 30.7378075], [46.4717757, 30.7377296], [46.4718001, 30.7377339], [46.47182, 30.7374954], [46.471792, 30.7374905], [46.4718005, 30.7373873], [46.4719383, 30.7374114]]], "df_ids": [28317]}