{"polygon": [[[46.4802607, 30.743557], [46.4805308, 30.7435931], [46.4806548, 30.7436093], [46.4806732, 30.7433831], [46.4806873, 30.7431833], [46.480697, 30.743008], [46.4807033, 30.7429082], [46.4807103, 30.7427968], [46.4803284, 30.7427385], [46.4802815, 30.742736], [46.4802306, 30.7433193], [46.4802149, 30.743499], [46.4802638, 30.7435072], [46.4802607, 30.743557]], [[46.4805284, 30.7434397], [46.4802879, 30.7434008], [46.4802889, 30.7433878], [46.4802998, 30.7432467], [46.4805402, 30.7432856], [46.4805349, 30.7433655], [46.4805284, 30.7434397]]], "df_ids": [5234]}