{"polygon": [[[46.4917118, 30.7299127], [46.491736, 30.72995], [46.4918145, 30.7300848], [46.4919231, 30.7302884], [46.4921575, 30.7306908], [46.4920333, 30.7308381], [46.4920101, 30.7307931], [46.4920006, 30.7307789], [46.4920714, 30.7306933], [46.4920363, 30.7306322], [46.4919314, 30.730759], [46.4918495, 30.730858], [46.4918758, 30.7309039], [46.4919337, 30.7308339], [46.4919479, 30.7308607], [46.491971, 30.7309056], [46.4918557, 30.731031], [46.4918221, 30.7310125], [46.4917748, 30.7309178], [46.4917452, 30.7308662], [46.4917307, 30.7308447], [46.4913999, 30.7302881], [46.4915619, 30.7300931], [46.4917118, 30.7299127]], [[46.4919488, 30.7304981], [46.4919277, 30.7304631], [46.4918874, 30.7305144], [46.4917245, 30.7302444], [46.4917676, 30.7301896], [46.4917317, 30.73013], [46.4916399, 30.7302468], [46.4915337, 30.7303819], [46.4915616, 30.7304282], [46.4916061, 30.7303715], [46.491768, 30.7306398], [46.4917257, 30.7306937], [46.4917559, 30.7307437], [46.4918517, 30.7306217], [46.4919488, 30.7304981]]], "df_ids": [32863]}