{"polygon": [[[46.4913999, 30.7302881], [46.4917307, 30.7308447], [46.4916572, 30.7309369], [46.4916765, 30.7309693], [46.4916564, 30.7310023], [46.491578, 30.7310929], [46.4915473, 30.7310411], [46.4914755, 30.7311312], [46.4914305, 30.7310555], [46.4913795, 30.7309697], [46.4911561, 30.7305939], [46.4912773, 30.7304419], [46.4913999, 30.7302881]], [[46.4913995, 30.7305604], [46.4913596, 30.7306059], [46.4913173, 30.7306541], [46.4913897, 30.7307881], [46.4914371, 30.7307341], [46.4914719, 30.7306944], [46.4913995, 30.7305604]], [[46.4916311, 30.7307688], [46.4916125, 30.7307325], [46.4915012, 30.7308525], [46.4914101, 30.7309507], [46.4914286, 30.730987], [46.4916311, 30.7307688]]], "df_ids": [32864]}