{"polygon": [[[46.4917948, 30.7319062], [46.4917098, 30.731827], [46.4915985, 30.7317233], [46.4918735, 30.7310526], [46.4918962, 30.7310116], [46.4919521, 30.7310661], [46.4919829, 30.7309919], [46.4920655, 30.7310641], [46.492033, 30.7311426], [46.4920878, 30.7311797], [46.4920277, 30.7313273], [46.4917948, 30.7319062]], [[46.4917923, 30.7316942], [46.4919607, 30.7312457], [46.4919074, 30.7312034], [46.491739, 30.7316519], [46.4917629, 30.7316709], [46.4917923, 30.7316942]]], "df_ids": [33221]}