{"polygon": [[[46.4855092, 30.7240491], [46.4856184, 30.7239155], [46.4856643, 30.7238523], [46.4855852, 30.7237207], [46.4855151, 30.7236042], [46.4854762, 30.7235394], [46.4854351, 30.7234711], [46.485275, 30.7232049], [46.4852284, 30.7232638], [46.4852424, 30.723287], [46.4852989, 30.7233811], [46.4852895, 30.7233925], [46.4852439, 30.7234509], [46.4851873, 30.7233568], [46.485177, 30.7233397], [46.4851235, 30.7234076], [46.4851969, 30.7235296], [46.4855092, 30.7240491]], [[46.4855284, 30.7237522], [46.4853867, 30.7235121], [46.4853783, 30.7235281], [46.4853162, 30.7235999], [46.4853672, 30.7236831], [46.4854579, 30.72384], [46.4855184, 30.7237758], [46.4855284, 30.7237522]]], "df_ids": [45292]}