{"polygon": [[[46.4914677, 30.7320315], [46.4913368, 30.7319185], [46.4912292, 30.7318278], [46.491062, 30.7321903], [46.4909553, 30.7324323], [46.4912035, 30.7326338], [46.4914677, 30.7320315]], [[46.491288, 30.732176], [46.4912782, 30.7321344], [46.4912564, 30.7321165], [46.4912278, 30.7320929], [46.4911933, 30.7321058], [46.4910956, 30.7323136], [46.4911006, 30.7323466], [46.4911588, 30.7324096], [46.4911844, 30.7324082], [46.491288, 30.732176]]], "df_ids": [1882]}