{"polygon": [[[46.4838437, 30.7438951], [46.4838624, 30.743678], [46.4838664, 30.7436175], [46.4838928, 30.7432904], [46.4839092, 30.7432783], [46.4839246, 30.7432665], [46.4842914, 30.7433303], [46.4842785, 30.7434877], [46.4842582, 30.7437842], [46.484248, 30.743951], [46.4838437, 30.7438951]], [[46.4841547, 30.7438181], [46.4841783, 30.7434919], [46.4839832, 30.7434622], [46.4839705, 30.7436385], [46.4839596, 30.7437884], [46.4841547, 30.7438181]]], "df_ids": [6054]}