{"polygon": [[[46.4863567, 30.7413728], [46.486352, 30.7415017], [46.4863471, 30.7416338], [46.4865432, 30.7416768], [46.486643, 30.741481], [46.4865602, 30.7413846], [46.4863567, 30.7413728]], [[46.4864817, 30.7415747], [46.4865328, 30.7414784], [46.4864763, 30.7414784], [46.4864817, 30.7415747]]], "df_ids": [251219]}