{"polygon": [[[46.4823662, 30.727372], [46.4822438, 30.7275267], [46.4822787, 30.7275891], [46.48233, 30.7275245], [46.4823726, 30.7276065], [46.4824011, 30.7276613], [46.4823531, 30.7277283], [46.4824353, 30.7278752], [46.4825024, 30.7277884], [46.482672, 30.7275691], [46.4827467, 30.7274725], [46.4826383, 30.7273099], [46.4825434, 30.7271498], [46.4825258, 30.7271721], [46.4823662, 30.727372]], [[46.4826029, 30.7273974], [46.4824964, 30.7275273], [46.4824728, 30.7274866], [46.4824305, 30.7274132], [46.482537, 30.7272833], [46.4826029, 30.7273974]]], "df_ids": [7030]}