{"polygon": [[[46.4686672, 30.745909], [46.468606, 30.7459061], [46.4686026, 30.7459594], [46.4685111, 30.745949], [46.4685164, 30.7459077], [46.468386, 30.7458983], [46.468381, 30.7463922], [46.468433, 30.7464363], [46.4686417, 30.746474], [46.4686528, 30.7462792], [46.468665, 30.7459618], [46.4686672, 30.745909]], [[46.4685652, 30.7462479], [46.4685754, 30.7460533], [46.4684959, 30.7460445], [46.4684857, 30.7462391], [46.4685652, 30.7462479]]], "df_ids": [124213]}