{"polygon": [[[46.4780216, 30.7437608], [46.4780562, 30.7432427], [46.4784922, 30.7433043], [46.4784845, 30.7434189], [46.4784653, 30.7434162], [46.4784672, 30.7433892], [46.4784394, 30.7433852], [46.4784252, 30.7435976], [46.4784763, 30.7436049], [46.4784685, 30.7437209], [46.4780914, 30.7436677], [46.4780891, 30.7437012], [46.4780988, 30.7437026], [46.4780942, 30.743771], [46.4780216, 30.7437608]], [[46.4783082, 30.7435878], [46.4783272, 30.7433451], [46.4783038, 30.7433412], [46.4783008, 30.7433791], [46.4782012, 30.7433627], [46.4781873, 30.7435404], [46.4782757, 30.743555], [46.4782736, 30.7435821], [46.4783082, 30.7435878]]], "df_ids": [28253]}