{"polygon": [[[46.4728351, 30.7470985], [46.4728601, 30.7467208], [46.4728847, 30.7463721], [46.4728173, 30.7463642], [46.4728151, 30.7463976], [46.4727347, 30.7463864], [46.4727369, 30.746353], [46.4726777, 30.7463432], [46.4726262, 30.7470699], [46.4728351, 30.7470985]], [[46.4727696, 30.7468917], [46.4727877, 30.7465854], [46.4727339, 30.7465787], [46.4727158, 30.746885], [46.4727696, 30.7468917]]], "df_ids": [5788]}