{"polygon": [[[46.4728054, 30.7390358], [46.4732135, 30.7391014], [46.473228, 30.7389101], [46.4732531, 30.7385805], [46.4729264, 30.7385281], [46.4728451, 30.738515], [46.4728054, 30.7390358]], [[46.4731652, 30.738667], [46.4731558, 30.7388204], [46.4731264, 30.7388572], [46.4729632, 30.7388223], [46.4729713, 30.7386087], [46.4729927, 30.7386145], [46.472994, 30.7386378], [46.4731652, 30.738667]]], "df_ids": [2565]}