{"polygon": [[[46.4738978, 30.7495276], [46.4739978, 30.749542], [46.4740798, 30.7495532], [46.4740656, 30.7497724], [46.474045, 30.7500907], [46.4739578, 30.7500788], [46.4738627, 30.7500658], [46.4738731, 30.7499056], [46.4738778, 30.7498321], [46.4738978, 30.7495276]], [[46.4740171, 30.7497431], [46.4739824, 30.7497379], [46.4739453, 30.7497325], [46.473933, 30.7499092], [46.4739685, 30.7499144], [46.4740047, 30.7499198], [46.4740171, 30.7497431]]], "df_ids": [29610]}