{"polygon": [[[46.4723087, 30.7462981], [46.4724003, 30.7463093], [46.4725385, 30.7463262], [46.4726777, 30.7463432], [46.4726841, 30.7462317], [46.4727093, 30.7462348], [46.4727162, 30.7461167], [46.4726913, 30.7461137], [46.4726979, 30.745999], [46.4726043, 30.7459876], [46.4724771, 30.745972], [46.4723286, 30.7459539], [46.4723087, 30.7462981]], [[46.4725883, 30.7460403], [46.4725777, 30.7462647], [46.4725557, 30.7462625], [46.4725576, 30.7462227], [46.4724555, 30.7462125], [46.4724543, 30.7462369], [46.4724078, 30.7462323], [46.4724085, 30.7462176], [46.4724292, 30.7462197], [46.4724372, 30.7460509], [46.4724201, 30.7460492], [46.472421, 30.7460294], [46.4724588, 30.7460332], [46.472457, 30.7460705], [46.4725623, 30.746081], [46.4725643, 30.7460379], [46.4725883, 30.7460403]]], "df_ids": [578]}