{"polygon": [[[46.470735, 30.72491], [46.4710164, 30.7254429], [46.4709139, 30.725557], [46.4705837, 30.724933], [46.4704988, 30.7247692], [46.4706005, 30.7246553], [46.470735, 30.72491]], [[46.4709232, 30.7253908], [46.4708856, 30.7254315], [46.4705867, 30.7248506], [46.4706242, 30.7248099], [46.4709232, 30.7253908]]], "df_ids": [134131]}