{"polygon": [[[46.473228, 30.7442143], [46.4730371, 30.7441951], [46.4730557, 30.7438922], [46.4730683, 30.743699], [46.4730708, 30.7436329], [46.4730765, 30.7435354], [46.4730794, 30.7434859], [46.4731311, 30.7434921], [46.473129, 30.7435286], [46.4732206, 30.7435395], [46.4732227, 30.7435029], [46.4732681, 30.7435083], [46.4732411, 30.7439849], [46.473228, 30.7442143]], [[46.473194, 30.7437331], [46.473179, 30.7440234], [46.4730998, 30.7440147], [46.4731149, 30.7437244], [46.473194, 30.7437331]]], "df_ids": [30769]}