{"polygon": [[[46.476832, 30.7401136], [46.4768553, 30.7400897], [46.4772525, 30.7401475], [46.4772326, 30.7405579], [46.476932, 30.7405332], [46.4768089, 30.7405231], [46.476832, 30.7401136]], [[46.4771078, 30.7404324], [46.4769274, 30.740409], [46.4769363, 30.7402656], [46.4771166, 30.7402891], [46.4771078, 30.7404324]]], "df_ids": [6163]}