{"polygon": [[[46.4751295, 30.7371432], [46.4751396, 30.7369922], [46.4751518, 30.7368104], [46.4752056, 30.736818], [46.4753627, 30.7368402], [46.4753649, 30.7368076], [46.4754014, 30.7368128], [46.4753743, 30.7372181], [46.4753636, 30.737378], [46.4752414, 30.7373608], [46.4751161, 30.7373431], [46.4751295, 30.7371432]], [[46.4753241, 30.7370036], [46.4753186, 30.7371301], [46.4752525, 30.737124], [46.4751587, 30.7371153], [46.4751642, 30.7369888], [46.4753241, 30.7370036]]], "df_ids": [809]}