{"polygon": [[[46.4752805, 30.7415023], [46.47529, 30.7415221], [46.4752582, 30.7415657], [46.4752462, 30.7415446], [46.474993, 30.7415118], [46.4750394, 30.7410828], [46.4752314, 30.7411056], [46.4753135, 30.7411147], [46.4752805, 30.7415023]], [[46.4751847, 30.7413524], [46.4751833, 30.7413281], [46.4751733, 30.7413252], [46.4751633, 30.7413106], [46.4751686, 30.74123], [46.475196, 30.7412029], [46.4751492, 30.7412019], [46.4751452, 30.7412427], [46.4750891, 30.7412359], [46.475079, 30.7413291], [46.4751847, 30.7413524]]], "df_ids": [11119]}