{"polygon": [[[46.4737289, 30.7371262], [46.4737382, 30.7369643], [46.4737467, 30.7367706], [46.4738445, 30.7367826], [46.4738395, 30.7369572], [46.4738573, 30.7369597], [46.4738632, 30.7367876], [46.47402, 30.7367988], [46.4741508, 30.7368173], [46.4741441, 30.7369596], [46.4741364, 30.7371232], [46.4740949, 30.7371847], [46.4737289, 30.7371262]], [[46.474, 30.7368839], [46.473912, 30.7368671], [46.473907, 30.7369691], [46.4739975, 30.7369823], [46.474, 30.7368839]]], "df_ids": [27152]}