{"polygon": [[[46.4720804, 30.7399489], [46.4720721, 30.7400679], [46.472312, 30.7401031], [46.4724468, 30.7401229], [46.4724938, 30.7394482], [46.4721191, 30.7393931], [46.4721076, 30.7395583], [46.4720804, 30.7399489]], [[46.4723767, 30.7396023], [46.4723515, 30.7399784], [46.4721633, 30.7399519], [46.4721884, 30.7395757], [46.4723767, 30.7396023]]], "df_ids": [44752]}