{"polygon": [[[46.4752969, 30.729171], [46.4753079, 30.7290065], [46.475256, 30.7289992], [46.4752635, 30.7288878], [46.4753102, 30.7288944], [46.4753169, 30.7287936], [46.4751649, 30.7287722], [46.4750159, 30.7287512], [46.4749945, 30.7290719], [46.4749907, 30.7291279], [46.4752969, 30.729171]], [[46.4751693, 30.7289737], [46.4751301, 30.7289697], [46.4751349, 30.7288695], [46.4751741, 30.7288735], [46.4751693, 30.7289737]]], "df_ids": [27192]}