{"polygon": [[[46.4719285, 30.7448763], [46.4719496, 30.7445866], [46.4719637, 30.7443967], [46.471753, 30.7443629], [46.4717322, 30.7446395], [46.4717178, 30.7448339], [46.4719285, 30.7448763]], [[46.4718725, 30.7445624], [46.4718596, 30.7447198], [46.4717905, 30.7447078], [46.4718034, 30.7445505], [46.4718725, 30.7445624]]], "df_ids": [6303, 188989]}