{"polygon": [[[46.4780846, 30.7428197], [46.4784293, 30.7428682], [46.4785022, 30.7428788], [46.4785, 30.7429669], [46.4784703, 30.7429627], [46.4784549, 30.7431915], [46.4784993, 30.7431978], [46.4784922, 30.7433043], [46.4780562, 30.7432427], [46.4780846, 30.7428197]], [[46.4782213, 30.7431463], [46.4782393, 30.7429401], [46.4783345, 30.7429577], [46.4783361, 30.7429386], [46.4783729, 30.7429453], [46.4783532, 30.7431706], [46.4782213, 30.7431463]]], "df_ids": [28257]}