{"polygon": [[[46.4709959, 30.7221246], [46.471248, 30.7218372], [46.471146, 30.7216861], [46.4709977, 30.7214494], [46.4709552, 30.7215306], [46.4707707, 30.7217757], [46.4709959, 30.7221246]], [[46.4710624, 30.7217543], [46.4709733, 30.7218653], [46.4708994, 30.7217404], [46.4709885, 30.7216293], [46.4710624, 30.7217543]]], "df_ids": [111850]}