{"polygon": [[[46.4772525, 30.7401475], [46.4772326, 30.7405579], [46.4772119, 30.7409834], [46.4774786, 30.7410107], [46.4774888, 30.7408009], [46.4775096, 30.7403725], [46.4775192, 30.7401747], [46.4772525, 30.7401475]], [[46.4774288, 30.7403508], [46.477405, 30.7408821], [46.4772782, 30.7408701], [46.477302, 30.7403388], [46.4774288, 30.7403508]]], "df_ids": [32654]}