{"polygon": [[[46.477066, 30.7448207], [46.4771036, 30.7442228], [46.4771224, 30.7439451], [46.4769253, 30.7439233], [46.4768933, 30.7443714], [46.4768628, 30.7447982], [46.477066, 30.7448207]], [[46.4770394, 30.7440565], [46.4769938, 30.744049], [46.4769569, 30.7445234], [46.4769344, 30.7445197], [46.4769303, 30.7445733], [46.4770235, 30.7445886], [46.4770273, 30.7445405], [46.4770021, 30.7445364], [46.4770394, 30.7440565]]], "df_ids": [9724]}