{"polygon": [[[46.4766153, 30.7438769], [46.4766164, 30.7438608], [46.476657, 30.7438668], [46.4766559, 30.7438829], [46.4767542, 30.7438975], [46.4768128, 30.7439062], [46.4768647, 30.7439139], [46.476902, 30.7439194], [46.4769057, 30.7438667], [46.4769355, 30.7438712], [46.4769511, 30.7436494], [46.4769243, 30.7436455], [46.4769296, 30.7435704], [46.4769161, 30.7435684], [46.4767366, 30.7435418], [46.4766826, 30.7435338], [46.4766816, 30.7435545], [46.4766365, 30.7435478], [46.4766377, 30.7435256], [46.4765546, 30.7435132], [46.476542, 30.7436925], [46.4765299, 30.7438642], [46.4766153, 30.7438769]], [[46.4768779, 30.7438072], [46.4768874, 30.7436673], [46.4766971, 30.7436402], [46.4766922, 30.743712], [46.4766876, 30.7437801], [46.4768779, 30.7438072]]], "df_ids": [5301]}