{"polygon": [[[46.4693598, 30.7273338], [46.4692525, 30.7273331], [46.4691635, 30.7273325], [46.4691651, 30.7267927], [46.4691655, 30.7266683], [46.4691658, 30.7265893], [46.4692032, 30.7265895], [46.4692031, 30.7266404], [46.46932, 30.7266411], [46.4693201, 30.7265905], [46.469362, 30.7265907], [46.4693613, 30.7266354], [46.4693609, 30.7271346], [46.4693598, 30.7273338]], [[46.4692881, 30.726792], [46.4692272, 30.7267917], [46.4692264, 30.7271551], [46.4692544, 30.7271552], [46.4692874, 30.7271554], [46.4692881, 30.726792]]], "df_ids": [1221]}