{"polygon": [[[46.4655499, 30.714023], [46.4655631, 30.7140568], [46.4653256, 30.7141421], [46.465213, 30.7141945], [46.464889, 30.713795], [46.4648948, 30.7137529], [46.4655396, 30.713747], [46.4655934, 30.7139471], [46.4656083, 30.7139967], [46.4655499, 30.714023]], [[46.4655279, 30.7138931], [46.4654377, 30.7138971], [46.4654477, 30.7139416], [46.4651763, 30.7139346], [46.4653097, 30.7140909], [46.4653356, 30.7140818], [46.4653305, 30.7140512], [46.465507, 30.7139829], [46.4655433, 30.713974], [46.4655279, 30.7138931]]], "df_ids": [1847]}