{"polygon": [[[46.4639144, 30.7467645], [46.4641036, 30.7467901], [46.4642784, 30.7468138], [46.4642847, 30.7467155], [46.4643015, 30.7464547], [46.4643052, 30.7463979], [46.4640744, 30.746363], [46.4639446, 30.7463434], [46.4639426, 30.746371], [46.4639144, 30.7467645]], [[46.4641205, 30.7465618], [46.4641288, 30.7464584], [46.4639996, 30.7464364], [46.4639913, 30.7465398], [46.4640105, 30.7465431], [46.464117, 30.7465612], [46.4641205, 30.7465618]]], "df_ids": [30983]}