{"polygon": [[[46.4636368, 30.7458733], [46.4637592, 30.7458905], [46.463885, 30.7459081], [46.463873, 30.7460756], [46.4638548, 30.7463298], [46.4638557, 30.7463535], [46.4637239, 30.746335], [46.4636909, 30.7463304], [46.4636072, 30.7463186], [46.4636301, 30.7459741], [46.4636347, 30.7459051], [46.4636368, 30.7458733]], [[46.4638113, 30.7460781], [46.4638028, 30.7462049], [46.4636774, 30.7461873], [46.4636858, 30.7460605], [46.4637473, 30.7460691], [46.4638113, 30.7460781]]], "df_ids": [37022]}