{"polygon": [[[46.4665649, 30.726684], [46.4667228, 30.7269519], [46.4667768, 30.7270435], [46.4669309, 30.7268521], [46.4668561, 30.7267251], [46.4667575, 30.7265577], [46.4666909, 30.7264448], [46.4666693, 30.72641], [46.466627, 30.7264624], [46.4666387, 30.7264823], [46.4665595, 30.7265807], [46.4665485, 30.7265619], [46.4665171, 30.7266007], [46.4665649, 30.726684]], [[46.4668002, 30.7267581], [46.4667446, 30.7268294], [46.4666536, 30.7266799], [46.4667091, 30.7266086], [46.4668002, 30.7267581]]], "df_ids": [52867]}