{"polygon": [[[46.4907684, 30.7238466], [46.4908376, 30.7239601], [46.4908082, 30.7239992], [46.4908691, 30.724096], [46.4908942, 30.7240627], [46.4910896, 30.7243737], [46.491036, 30.7244447], [46.4909994, 30.7243865], [46.4909779, 30.7244161], [46.4910114, 30.7244706], [46.4909221, 30.724589], [46.4908883, 30.7245352], [46.4908623, 30.7245697], [46.4908944, 30.7246208], [46.4908594, 30.7246672], [46.4908071, 30.7245851], [46.4907325, 30.7244643], [46.4906513, 30.7243371], [46.4905391, 30.7241566], [46.4907684, 30.7238466]], [[46.4909131, 30.7242308], [46.4907554, 30.7244357], [46.49074, 30.7244107], [46.4907888, 30.7243473], [46.4906864, 30.724181], [46.4907444, 30.7241056], [46.4908493, 30.724276], [46.4909003, 30.7242099], [46.4909131, 30.7242308]]], "df_ids": [45039]}