{"polygon": [[[46.4881391, 30.7216661], [46.488208, 30.7217789], [46.4882785, 30.7218943], [46.4884904, 30.7216213], [46.488351, 30.7213931], [46.4883117, 30.7214437], [46.4882348, 30.7215428], [46.4881391, 30.7216661]], [[46.4884024, 30.7215845], [46.4883531, 30.7215085], [46.4882729, 30.7216182], [46.4882952, 30.7216526], [46.4883222, 30.7216941], [46.4884024, 30.7215845]]], "df_ids": [44698]}