{"polygon": [[[46.4767877, 30.7241947], [46.476581, 30.72383], [46.4765425, 30.7237451], [46.4766949, 30.7236338], [46.4768478, 30.7238627], [46.4769352, 30.7240157], [46.4768558, 30.7241109], [46.4767877, 30.7241947]], [[46.476789, 30.7239504], [46.4767684, 30.7239724], [46.476745, 30.7239974], [46.4766717, 30.7238528], [46.4767157, 30.7238059], [46.476789, 30.7239504]]], "df_ids": [27106, 196133]}