{"polygon": [[[46.4830977, 30.7275593], [46.4831952, 30.7277245], [46.483485, 30.7281987], [46.483446, 30.7282532], [46.4834099, 30.7282998], [46.4833548, 30.7283708], [46.4832893, 30.728263], [46.4831713, 30.7280773], [46.4831523, 30.7280445], [46.4829639, 30.7277315], [46.483031, 30.7276451], [46.4830977, 30.7275593]], [[46.4831734, 30.7278233], [46.4831915, 30.7277997], [46.4831796, 30.7277806], [46.4831436, 30.7278274], [46.483093, 30.7278933], [46.4831013, 30.7279068], [46.4831223, 30.7278795], [46.4833288, 30.7282141], [46.4833764, 30.7281521], [46.4831734, 30.7278233]]], "df_ids": [45296]}