{"polygon": [[[46.4882785, 30.7218943], [46.4884904, 30.7216213], [46.488551, 30.7217193], [46.488609, 30.721814], [46.4886197, 30.7218317], [46.4885103, 30.7219726], [46.4884073, 30.7221053], [46.4883391, 30.7219936], [46.4882785, 30.7218943]], [[46.4885303, 30.7218097], [46.4884447, 30.7219078], [46.4884279, 30.721877], [46.4884081, 30.7218405], [46.4884937, 30.7217423], [46.4885303, 30.7218097]]], "df_ids": [44697]}