{"polygon": [[[46.4844252, 30.7231817], [46.4843515, 30.7232745], [46.4842766, 30.7233689], [46.4843515, 30.7234929], [46.4845414, 30.7238074], [46.4846319, 30.7239572], [46.4847829, 30.7237645], [46.4846934, 30.7236235], [46.4845014, 30.7233085], [46.4844252, 30.7231817]], [[46.48469, 30.7237564], [46.4846381, 30.7238235], [46.484418, 30.7234643], [46.4843848, 30.7235072], [46.4843666, 30.7234776], [46.4844255, 30.7234016], [46.4844811, 30.7233298], [46.4844986, 30.7233584], [46.4844694, 30.7233962], [46.48469, 30.7237564]]], "df_ids": [175429]}