{"polygon": [[[46.4854545, 30.7220586], [46.4858306, 30.7227171], [46.4860337, 30.7224665], [46.4861096, 30.7223728], [46.4857906, 30.7218172], [46.4854545, 30.7220586]], [[46.4859908, 30.7223821], [46.4858926, 30.7224924], [46.4856887, 30.7221097], [46.4857869, 30.7219994], [46.4859908, 30.7223821]]], "df_ids": [30469]}