{"polygon": [[[46.4876765, 30.7194785], [46.4877339, 30.7194633], [46.4878699, 30.7194287], [46.4879171, 30.719586], [46.4879626, 30.7197373], [46.4877895, 30.7198448], [46.4877542, 30.7197391], [46.4877248, 30.7196404], [46.4876765, 30.7194785]], [[46.4878814, 30.7196653], [46.487797, 30.7197225], [46.4877707, 30.7196296], [46.4877823, 30.7196236], [46.4878578, 30.7195845], [46.4878814, 30.7196653]]], "df_ids": [174270]}