{"polygon": [[[46.487873, 30.7323457], [46.4877783, 30.7321831], [46.4872887, 30.7327614], [46.487274, 30.7327871], [46.4872797, 30.732826], [46.4872954, 30.7328421], [46.4873231, 30.7328555], [46.4873637, 30.7328635], [46.4876899, 30.73292], [46.4879408, 30.7329469], [46.4880476, 30.7327489], [46.4880424, 30.7327169], [46.4880656, 30.7326895], [46.487873, 30.7323457]], [[46.4879751, 30.7327235], [46.4877979, 30.7324214], [46.4876335, 30.7326248], [46.4875835, 30.7326377], [46.4875656, 30.7326092], [46.4875128, 30.7326635], [46.4876269, 30.7326651], [46.4876447, 30.7326409], [46.4876613, 30.7326393], [46.4876736, 30.732649], [46.4876721, 30.7326849], [46.4877105, 30.7326883], [46.4879526, 30.7327136], [46.4879654, 30.7327354], [46.4879751, 30.7327235]]], "df_ids": [31006]}