{"polygon": [[[46.4869335, 30.7293901], [46.4868394, 30.729241], [46.4865654, 30.7288066], [46.4864425, 30.7286003], [46.4863719, 30.7287192], [46.4863081, 30.7288248], [46.4865018, 30.7291301], [46.4866875, 30.7294245], [46.4867871, 30.7295825], [46.4868239, 30.7295334], [46.4867884, 30.7294771], [46.4868386, 30.7294102], [46.486875, 30.729468], [46.4869335, 30.7293901]], [[46.4867458, 30.7292483], [46.4867298, 30.7292664], [46.4867381, 30.7292845], [46.4867239, 30.7293014], [46.486704, 30.7293251], [46.486619, 30.7292003], [46.4866357, 30.7291802], [46.4865008, 30.7289549], [46.4864805, 30.7289643], [46.4864606, 30.728934], [46.4864897, 30.7288847], [46.4865185, 30.7288435], [46.4865347, 30.7288429], [46.4865453, 30.728857], [46.4865254, 30.7288871], [46.4867132, 30.7292043], [46.4867257, 30.7291913], [46.4867469, 30.7292362], [46.4867624, 30.7292358], [46.486762, 30.7292474], [46.4867458, 30.7292483]]], "df_ids": [32740]}