{"polygon": [[[46.4776593, 30.7288754], [46.4776824, 30.7289173], [46.4777013, 30.7288953], [46.4777222, 30.7289332], [46.4777066, 30.7289514], [46.4777139, 30.7289648], [46.477946, 30.7293856], [46.4779794, 30.7293467], [46.4779677, 30.7293254], [46.4780874, 30.7291862], [46.4781005, 30.72921], [46.4781332, 30.7291719], [46.4779215, 30.728788], [46.4778484, 30.7286555], [46.4776593, 30.7288754]], [[46.4780093, 30.7290901], [46.4779322, 30.7291818], [46.4777983, 30.7289441], [46.4778754, 30.7288525], [46.4780093, 30.7290901]]], "df_ids": [1165]}