{"polygon": [[[46.479489, 30.7392365], [46.4791445, 30.7391819], [46.4790726, 30.7391705], [46.4790478, 30.7395007], [46.4794642, 30.7395667], [46.479476, 30.739409], [46.479489, 30.7392365]], [[46.4793787, 30.7394346], [46.4791166, 30.7393966], [46.4791261, 30.7392583], [46.4793642, 30.7392951], [46.4793635, 30.7393314], [46.4793737, 30.739344], [46.4793811, 30.7393462], [46.4793798, 30.7393923], [46.4793787, 30.7394346]]], "df_ids": [44873]}