{"polygon": [[[46.4847144, 30.7324357], [46.4848807, 30.7324683], [46.4850177, 30.7324954], [46.4850174, 30.7323784], [46.4849847, 30.7323768], [46.4849825, 30.7323176], [46.4850285, 30.7323171], [46.485028, 30.7322701], [46.4850283, 30.7321865], [46.4847336, 30.7321435], [46.4847144, 30.7324357]], [[46.4849394, 30.7322277], [46.484847, 30.7322152], [46.4848409, 30.7323112], [46.484888, 30.7323176], [46.4849332, 30.7323237], [46.4849394, 30.7322277]]], "df_ids": [4979]}