{"polygon": [[[46.4810821, 30.7470291], [46.4810753, 30.747145], [46.4810688, 30.7472773], [46.4810634, 30.747379], [46.4810511, 30.7476149], [46.4812853, 30.7476437], [46.4813222, 30.7470596], [46.4811962, 30.7470436], [46.4810821, 30.7470291]], [[46.4812535, 30.7472176], [46.4812334, 30.7475621], [46.4811989, 30.7475578], [46.4812025, 30.7474969], [46.4811696, 30.7474929], [46.4811305, 30.747488], [46.4811275, 30.7475392], [46.4811071, 30.7475367], [46.4811266, 30.7472019], [46.481186, 30.7472092], [46.4812535, 30.7472176]]], "df_ids": [181412, 189460]}