{"polygon": [[[46.468946, 30.7261385], [46.4689014, 30.7260571], [46.4687997, 30.7258714], [46.4688185, 30.7258497], [46.4687763, 30.7257726], [46.4688937, 30.7256369], [46.4689372, 30.7257164], [46.468954, 30.725697], [46.4690316, 30.7258386], [46.4690991, 30.7259618], [46.468946, 30.7261385]], [[46.4689711, 30.725909], [46.4689274, 30.7259611], [46.4688532, 30.7258298], [46.4688968, 30.7257777], [46.4689711, 30.725909]]], "df_ids": [189274]}