{"polygon": [[[46.4868578, 30.7413513], [46.4864792, 30.7418172], [46.4867817, 30.7423367], [46.486891, 30.7422141], [46.4869859, 30.7421078], [46.4871753, 30.7418955], [46.4868578, 30.7413513]], [[46.486946, 30.7417901], [46.4869002, 30.7418437], [46.4868814, 30.7418098], [46.4868027, 30.7419018], [46.4868158, 30.7419253], [46.486767, 30.7419823], [46.4867489, 30.7420035], [46.4866318, 30.7417923], [46.4868231, 30.7415685], [46.486946, 30.7417901]]], "df_ids": [5445]}