{"polygon": [[[46.5878106, 30.7848684], [46.5880141, 30.785122], [46.5880348, 30.785087], [46.5882052, 30.7852994], [46.5881822, 30.7853384], [46.5884685, 30.7856953], [46.5883919, 30.7858253], [46.5881696, 30.7855482], [46.5880702, 30.7857169], [46.5881133, 30.7857705], [46.5880401, 30.7858948], [46.5878074, 30.7856048], [46.5877001, 30.7857872], [46.5877393, 30.7858362], [46.5876558, 30.7859781], [46.5873653, 30.7856159], [46.5874777, 30.7854251], [46.5875178, 30.7854751], [46.5874924, 30.7855182], [46.587634, 30.7856949], [46.5878023, 30.7854091], [46.5876235, 30.7851862], [46.5878106, 30.7848684]], [[46.5881246, 30.785439], [46.5880106, 30.7856311], [46.5878468, 30.7854254], [46.5879607, 30.7852333], [46.5881246, 30.785439]]], "df_ids": [65429]}