{"polygon": [[[46.4749194, 30.7117874], [46.4750196, 30.7118096], [46.4751465, 30.7118365], [46.4752126, 30.7118493], [46.4752205, 30.7117693], [46.475223, 30.7117245], [46.4752375, 30.7115778], [46.4749695, 30.7115229], [46.474942, 30.7115481], [46.4749194, 30.7117874]], [[46.4751642, 30.711758], [46.4751687, 30.711713], [46.4750298, 30.7116834], [46.4750252, 30.7117284], [46.4751642, 30.711758]]], "df_ids": [154039]}