{"polygon": [[[46.4787164, 30.7173002], [46.4785252, 30.7173512], [46.4785371, 30.7176761], [46.4785444, 30.7178752], [46.4785638, 30.7178739], [46.4785628, 30.7179161], [46.4787278, 30.7178834], [46.4787164, 30.7173002]], [[46.4786783, 30.7174876], [46.4785527, 30.7175037], [46.4785537, 30.7175453], [46.4785795, 30.7175399], [46.4785851, 30.7177746], [46.478562, 30.71778], [46.4785638, 30.7178095], [46.4786857, 30.7177934], [46.478683, 30.7177639], [46.4786645, 30.7177626], [46.4786571, 30.7175265], [46.478682, 30.7175212], [46.4786783, 30.7174876]]], "df_ids": [45770]}