{"polygon": [[[46.4153847, 30.7193346], [46.415541, 30.7194213], [46.415583, 30.7192621], [46.415647, 30.7192977], [46.4155889, 30.7195179], [46.4156986, 30.7195787], [46.4156694, 30.7196893], [46.4155207, 30.7196067], [46.4154619, 30.7198296], [46.4156084, 30.719911], [46.4155801, 30.7200182], [46.4154729, 30.7199587], [46.4154148, 30.7201789], [46.4153445, 30.7201399], [46.4153876, 30.7199766], [46.4152364, 30.7198927], [46.4152626, 30.7197935], [46.4153932, 30.719866], [46.4154103, 30.7198013], [46.4153596, 30.7197731], [46.415419, 30.7195483], [46.4154706, 30.719577], [46.4154881, 30.7195111], [46.4153573, 30.7194384], [46.4153847, 30.7193346]]], "df_ids": [64182]}