{"polygon": [[[46.4070722, 30.7230814], [46.407116, 30.7230691], [46.4071964, 30.7230463], [46.4071607, 30.7227806], [46.4073975, 30.7227138], [46.4073604, 30.722438], [46.4071237, 30.7225048], [46.4071034, 30.7223538], [46.4069792, 30.7223889], [46.407017, 30.7226705], [46.4070722, 30.7230814]]], "df_ids": [64259]}