{"polygon": [[[46.4130932, 30.7197184], [46.4137389, 30.7199152], [46.4137655, 30.7197316], [46.4135109, 30.719654], [46.4135617, 30.7193035], [46.4138188, 30.7193819], [46.4138429, 30.7192158], [46.413519, 30.719117], [46.4131945, 30.7190181], [46.4131699, 30.7191879], [46.4134427, 30.719271], [46.413393, 30.7196136], [46.4131204, 30.7195305], [46.4130932, 30.7197184]]], "df_ids": [42231]}