{"polygon": [[[46.4882891, 30.7081838], [46.4886964, 30.7085424], [46.4887558, 30.7083999], [46.4883486, 30.7080414], [46.4882891, 30.7081838]]], "df_ids": [45193]}