{"polygon": [[[46.4885714, 30.710295], [46.4886707, 30.7103693], [46.4886343, 30.7104718], [46.4887927, 30.7105904], [46.4888493, 30.7104312], [46.4887525, 30.7103587], [46.4887924, 30.7102461], [46.4886315, 30.7101257], [46.4885714, 30.710295]]], "df_ids": [20172]}