{"polygon": [[[46.4888193, 30.7086317], [46.4892191, 30.7089776], [46.4892759, 30.7088392], [46.4888761, 30.7084933], [46.4888193, 30.7086317]]], "df_ids": [45196]}