{"polygon": [[[46.4883947, 30.7091306], [46.4884942, 30.7092133], [46.4886752, 30.7087533], [46.4885757, 30.7086707], [46.4883947, 30.7091306]]], "df_ids": [17797]}