{"polygon": [[[46.4887597, 30.7094538], [46.4888488, 30.7095271], [46.4890241, 30.7090778], [46.488935, 30.7090045], [46.4887597, 30.7094538]]], "df_ids": [45195]}