{"polygon": [[[46.4882946, 30.7094816], [46.4887655, 30.7098641], [46.488822, 30.7097172], [46.4883512, 30.7093347], [46.4882946, 30.7094816]]], "df_ids": [18009]}