{"polygon": [[[46.4887204, 30.7109322], [46.4888163, 30.7110135], [46.488771, 30.7111262], [46.4889161, 30.7112492], [46.4889796, 30.7110911], [46.488892, 30.7110168], [46.4889349, 30.71091], [46.4887816, 30.71078], [46.4887204, 30.7109322]]], "df_ids": [20174]}