{"polygon": [[[46.4901982, 30.7117524], [46.4903162, 30.7118245], [46.490357, 30.7116836], [46.4904253, 30.7117252], [46.4904927, 30.7114921], [46.4903701, 30.7114173], [46.4903159, 30.7116046], [46.490287, 30.711587], [46.4902966, 30.7115538], [46.4902619, 30.7115326], [46.4901982, 30.7117524]]], "df_ids": [76471]}