{"polygon": [[[46.4868758, 30.7087705], [46.4869332, 30.7088446], [46.486984, 30.7087616], [46.486974, 30.7087486], [46.4870235, 30.7086676], [46.4871135, 30.7087837], [46.4871707, 30.7086902], [46.4870592, 30.7085464], [46.4871649, 30.7083736], [46.4872762, 30.7085172], [46.48733, 30.7084293], [46.4872455, 30.7083202], [46.4872759, 30.7082704], [46.4872859, 30.7082834], [46.4873595, 30.708163], [46.4872953, 30.7080801], [46.4872111, 30.7082177], [46.4871769, 30.7081736], [46.487188, 30.7081555], [46.4871036, 30.7080467], [46.4870528, 30.7081298], [46.4871564, 30.7082635], [46.4871223, 30.7083192], [46.4870791, 30.7082635], [46.4869787, 30.7084277], [46.487019, 30.7084798], [46.4869834, 30.7085381], [46.4868826, 30.708408], [46.486826, 30.7085005], [46.4869104, 30.7086093], [46.4869255, 30.7085847], [46.4869613, 30.7086308], [46.4868758, 30.7087705]]], "df_ids": [64135]}