{"polygon": [[[46.5187013, 30.7269437], [46.5189037, 30.7270205], [46.5188249, 30.7274594], [46.5186823, 30.7274053], [46.5187134, 30.7272325], [46.5186535, 30.7272098], [46.5187013, 30.7269437]]], "df_ids": [30158]}