{"polygon": [[[46.5414186, 30.744388], [46.5434278, 30.7468163], [46.5433037, 30.7470318], [46.5431009, 30.7473896], [46.5428841, 30.7477671], [46.5408749, 30.7453388], [46.5414186, 30.744388]]], "df_ids": [30447]}