{"polygon": [[[46.520364, 30.7275759], [46.52033, 30.7277645], [46.518998, 30.7272854], [46.5190418, 30.7270733], [46.520364, 30.7275759]]], "df_ids": [30155]}