{"polygon": [[[46.5179297, 30.726651], [46.5187013, 30.7269437], [46.5186535, 30.7272098], [46.5178819, 30.7269171], [46.5179213, 30.7266978], [46.5179297, 30.726651]]], "df_ids": [30157]}