{"polygon": [[[46.5402658, 30.7430374], [46.540998, 30.743889], [46.5407161, 30.7444013], [46.5399839, 30.7435496], [46.5402658, 30.7430374]]], "df_ids": [30446, 79729]}