{"polygon": [[[46.5210414, 30.7278328], [46.5210062, 30.7280567], [46.5208993, 30.7280212], [46.5208638, 30.7282463], [46.5204767, 30.7281177], [46.5205123, 30.7278911], [46.5204407, 30.7278673], [46.5204757, 30.7276449], [46.5205948, 30.7276845], [46.5205774, 30.7277951], [46.5209029, 30.7279033], [46.5209203, 30.7277926], [46.5210414, 30.7278328]]], "df_ids": [30163]}