{"polygon": [[[46.516947, 30.7263259], [46.517261, 30.7264332], [46.5175296, 30.726525], [46.5174891, 30.7267753], [46.5172208, 30.7266837], [46.5170711, 30.7266325], [46.5170299, 30.7266184], [46.5169065, 30.7265763], [46.516947, 30.7263259]]], "df_ids": [30162]}