{"polygon": [[[46.515974, 30.7259934], [46.516947, 30.7263259], [46.5169092, 30.7265593], [46.5159362, 30.7262268], [46.515974, 30.7259934]]], "df_ids": [46087]}