{"polygon": [[[46.3876582, 30.7241766], [46.3876426, 30.7243457], [46.3872867, 30.7242767], [46.3873023, 30.7241077], [46.3876582, 30.7241766]]], "df_ids": [189651]}