{"polygon": [[[46.3883739, 30.7275777], [46.388559, 30.7264805], [46.3886626, 30.7265172], [46.388505, 30.7274518], [46.3884775, 30.7276145], [46.3883739, 30.7275777]]], "df_ids": [75508]}