{"polygon": [[[46.3884775, 30.7276145], [46.388505, 30.7274518], [46.3888147, 30.7275616], [46.3887872, 30.7277243], [46.3884775, 30.7276145]]], "df_ids": [75507]}