{"polygon": [[[46.4592275, 30.7137551], [46.4592266, 30.7138692], [46.4592258, 30.7139618], [46.4592249, 30.7140735], [46.4592239, 30.7141991], [46.4592229, 30.7143158], [46.4592222, 30.7144067], [46.4592212, 30.7145209], [46.458593, 30.71451], [46.4585993, 30.7137442], [46.4592275, 30.7137551]]], "df_ids": [4859]}