{"polygon": [[[46.3881568, 30.7246486], [46.3881689, 30.7244779], [46.3885949, 30.7245413], [46.3885828, 30.7247121], [46.3881568, 30.7246486]]], "df_ids": [90771]}