{"polygon": [[[46.3880011, 30.7234278], [46.3879842, 30.7235951], [46.3873599, 30.7234626], [46.3873768, 30.7232953], [46.3880011, 30.7234278]]], "df_ids": [152614]}