{"polygon": [[[46.4848886, 30.6966349], [46.4837758, 30.6964259], [46.4836453, 30.6964014], [46.4835492, 30.6963834], [46.4835764, 30.6960777], [46.4835815, 30.6960197], [46.4835933, 30.6958877], [46.4835993, 30.69582], [46.4836061, 30.6957439], [46.4836112, 30.6956865], [46.4836156, 30.6956376], [46.483617, 30.6956219], [46.4849564, 30.6958733], [46.4849528, 30.6959143], [46.4849484, 30.6959632], [46.4849444, 30.6960083], [46.4849376, 30.6960847], [46.4849307, 30.6961615], [46.4849236, 30.6962422], [46.4849189, 30.6962942], [46.4849133, 30.6963577], [46.4848886, 30.6966349]]], "df_ids": [3009]}