{"polygon": [[[46.4843959, 30.6970175], [46.4844548, 30.6967915], [46.4848475, 30.6970074], [46.4847885, 30.6972334], [46.4843959, 30.6970175]]], "df_ids": [3010]}