{"polygon": [[[46.4512418, 30.7191577], [46.4512423, 30.7189927], [46.4515693, 30.7189948], [46.4515688, 30.7191597], [46.4512622, 30.7191577], [46.4512418, 30.7191577]]], "df_ids": [74881]}