{"polygon": [[[46.4366587, 30.7438005], [46.4367616, 30.743719], [46.4370522, 30.7444909], [46.4369493, 30.7445725], [46.4366587, 30.7438005]]], "df_ids": [74390]}