{"polygon": [[[46.4332395, 30.751915], [46.4331113, 30.7519924], [46.4331553, 30.7521487], [46.4331946, 30.752283], [46.4333228, 30.7522057], [46.4332395, 30.751915]]], "df_ids": [45445]}