{"polygon": [[[46.4341017, 30.751947], [46.4341487, 30.7517982], [46.4340141, 30.7517087], [46.4337647, 30.7518348], [46.4336547, 30.7521529], [46.4336547, 30.7522078], [46.433736, 30.7525422], [46.4337577, 30.7525716], [46.4340018, 30.7527401], [46.4341099, 30.752681], [46.434063, 30.7525003], [46.4339849, 30.7525429], [46.4338398, 30.7524477], [46.4337751, 30.7521942], [46.4338404, 30.751975], [46.4340078, 30.7518846], [46.4341017, 30.751947]]], "df_ids": [63167]}