{"polygon": [[[46.4284584, 30.7547407], [46.4290369, 30.7543985], [46.4291276, 30.7547192], [46.4290508, 30.7547617], [46.4290114, 30.7547886], [46.428967, 30.7546306], [46.4285043, 30.7549042], [46.4284584, 30.7547407]]], "df_ids": [74956]}