{"polygon": [[[46.4381875, 30.7504391], [46.4375882, 30.7505985], [46.4376114, 30.7507817], [46.4382106, 30.7506223], [46.4381875, 30.7504391]]], "df_ids": [256573]}