{"polygon": [[[46.4509378, 30.7208652], [46.45094, 30.72017], [46.4510455, 30.7201707], [46.4510433, 30.7208659], [46.4509378, 30.7208652]]], "df_ids": [74880]}