{"polygon": [[[46.434386, 30.7505884], [46.4339489, 30.7508151], [46.4339783, 30.7509344], [46.4344154, 30.7507076], [46.434386, 30.7505884]]], "df_ids": [76009]}