{"polygon": [[[46.4382774, 30.7550037], [46.4385336, 30.7555338], [46.4385983, 30.755468], [46.4387017, 30.7556819], [46.4388178, 30.7555637], [46.4386872, 30.7552934], [46.4386201, 30.7553616], [46.4383911, 30.7548879], [46.4382774, 30.7550037]]], "df_ids": [34461]}