{"polygon": [[[46.4752835, 30.7472594], [46.4756335, 30.747312], [46.475623, 30.7474782], [46.4751431, 30.7474117], [46.4751653, 30.7470742], [46.4751766, 30.7468985], [46.4752821, 30.7469139], [46.4753533, 30.7469245], [46.475347, 30.7470177], [46.4752998, 30.7470126], [46.4752942, 30.7470971], [46.4752835, 30.7472594]]], "df_ids": [6601]}