{"polygon": [[[46.4402001, 30.7559931], [46.4402303, 30.7557844], [46.4404998, 30.7558665], [46.4404696, 30.7560752], [46.4402001, 30.7559931]]], "df_ids": [51179]}