{"polygon": [[[46.4378804, 30.7560973], [46.4380994, 30.7565635], [46.4382089, 30.7564552], [46.4381623, 30.756356], [46.4383878, 30.7561329], [46.4386134, 30.7559098], [46.4386677, 30.7560255], [46.4387868, 30.7559078], [46.4386499, 30.7556164], [46.4383817, 30.7558816], [46.4381969, 30.755488], [46.4380454, 30.7556378], [46.4382277, 30.7560261], [46.4380848, 30.7561675], [46.4379974, 30.7559816], [46.4378804, 30.7560973]]], "df_ids": [27681]}