{"polygon": [[[46.4362444, 30.7517319], [46.4363642, 30.7516915], [46.4362648, 30.7510711], [46.435652, 30.7512778], [46.435682, 30.751465], [46.436175, 30.7512987], [46.4362444, 30.7517319]]], "df_ids": [113793]}