{"polygon": [[[46.4336978, 30.7544827], [46.4335454, 30.7545968], [46.4337159, 30.755076], [46.4335318, 30.7552138], [46.433607, 30.755425], [46.4337943, 30.7552847], [46.4339298, 30.7556656], [46.4339568, 30.7556454], [46.4340495, 30.7559059], [46.4337979, 30.7560944], [46.4338538, 30.7562516], [46.4340892, 30.7560753], [46.4342813, 30.7559314], [46.434225, 30.7557734], [46.4341723, 30.7558129], [46.434092, 30.7555873], [46.4345065, 30.7552768], [46.4344336, 30.7550719], [46.4340285, 30.7553753], [46.4337383, 30.7545596], [46.4337279, 30.7545674], [46.4336978, 30.7544827]]], "df_ids": [33149]}