{"polygon": [[[46.4370229, 30.7495338], [46.4369818, 30.7493269], [46.4366221, 30.7494773], [46.4365547, 30.7495055], [46.4365957, 30.7497124], [46.4366678, 30.7496823], [46.4370229, 30.7495338]]], "df_ids": [32846]}