{"polygon": [[[46.4377725, 30.7568319], [46.4376994, 30.7566713], [46.4370991, 30.7572463], [46.4371722, 30.7574069], [46.4377725, 30.7568319]]], "df_ids": [27800]}