{"polygon": [[[46.4360506, 30.7490765], [46.4359315, 30.7491317], [46.4361855, 30.7502838], [46.4363046, 30.7502286], [46.4360506, 30.7490765]]], "df_ids": [51341]}