{"polygon": [[[46.4661702, 30.735651], [46.4659345, 30.735625], [46.4659428, 30.7354675], [46.4661784, 30.7354935], [46.4661702, 30.735651]]], "df_ids": [132]}