{"polygon": [[[46.4334107, 30.7474033], [46.433219, 30.7475072], [46.4330238, 30.747613], [46.4329631, 30.7473771], [46.4331619, 30.7472693], [46.43335, 30.7471673], [46.4333672, 30.747234], [46.4334107, 30.7474033]]], "df_ids": [113674]}