{"polygon": [[[46.4350489, 30.7487803], [46.4351109, 30.7490187], [46.4352444, 30.7489457], [46.4352713, 30.7490491], [46.4354639, 30.7489437], [46.4354186, 30.7487694], [46.4355454, 30.7487], [46.4354899, 30.7484864], [46.4355513, 30.7484527], [46.435476, 30.748163], [46.4353506, 30.7482316], [46.435297, 30.7480254], [46.4353454, 30.747999], [46.435278, 30.7477398], [46.4351272, 30.7478223], [46.4351025, 30.7477118], [46.4350786, 30.7476234], [46.4349283, 30.747709], [46.4349067, 30.7476288], [46.4347733, 30.7477018], [46.4348322, 30.7479287], [46.4349738, 30.7478512], [46.4349899, 30.7479132], [46.4351098, 30.7478476], [46.4351704, 30.7480805], [46.4351398, 30.7480973], [46.4352031, 30.748341], [46.4353322, 30.7482703], [46.4353847, 30.7484725], [46.4353164, 30.7485099], [46.4353754, 30.748737], [46.4352283, 30.7488174], [46.4351975, 30.748699], [46.4350489, 30.7487803]]], "df_ids": [120705]}