{"polygon": [[[46.4615707, 30.7540044], [46.4610169, 30.7539086], [46.460998, 30.7541399], [46.4615517, 30.7542357], [46.4615707, 30.7540044]]], "df_ids": [7920]}