{"polygon": [[[46.5809891, 30.8021859], [46.5809419, 30.8023282], [46.5811465, 30.8024718], [46.5809187, 30.8031593], [46.5810286, 30.8032365], [46.5813037, 30.8024066], [46.5809891, 30.8021859]]], "df_ids": [90668]}