{"polygon": [[[46.5783205, 30.8002893], [46.5785065, 30.7997341], [46.5787398, 30.7998995], [46.5787909, 30.799751], [46.5784423, 30.7995038], [46.5782063, 30.8002082], [46.5783205, 30.8002893]]], "df_ids": [141957]}