{"polygon": [[[46.5795173, 30.8038575], [46.5794248, 30.8037928], [46.5793969, 30.8038772], [46.5789021, 30.8035307], [46.5789421, 30.8034097], [46.5788509, 30.8033459], [46.5787662, 30.803602], [46.5794447, 30.804077], [46.5795173, 30.8038575]]], "df_ids": [90666]}