{"polygon": [[[46.5795968, 30.8011919], [46.5795308, 30.8013922], [46.5796217, 30.8014556], [46.5796419, 30.8013944], [46.5799088, 30.8015806], [46.5801493, 30.8017485], [46.5801108, 30.8018655], [46.5801892, 30.8019202], [46.5802004, 30.801928], [46.5802848, 30.801672], [46.5799565, 30.8014429], [46.5795968, 30.8011919]]], "df_ids": [90663]}