{"polygon": [[[46.5796825, 30.8034026], [46.5795173, 30.8038575], [46.5794248, 30.8037928], [46.5795901, 30.8033378], [46.5796825, 30.8034026]]], "df_ids": [90667]}