{"polygon": [[[46.580454, 30.8048967], [46.5797839, 30.8044203], [46.5798442, 30.8042405], [46.5799426, 30.8043104], [46.5803922, 30.80463], [46.5805144, 30.8047169], [46.580454, 30.8048967]]], "df_ids": [90672]}