{"polygon": [[[46.455283, 30.7603905], [46.4547486, 30.7606723], [46.4548831, 30.7612099], [46.4554176, 30.7609281], [46.455283, 30.7603905]]], "df_ids": [34153]}