{"polygon": [[[46.5785042, 30.8009025], [46.5781895, 30.8006788], [46.5783205, 30.8002893], [46.5782063, 30.8002082], [46.5780199, 30.8007623], [46.5784489, 30.8010672], [46.5785042, 30.8009025]]], "df_ids": [141956]}