{"polygon": [[[46.5794437, 30.8029262], [46.5793987, 30.8030623], [46.5791333, 30.8028765], [46.5789421, 30.8034097], [46.5788509, 30.8033459], [46.5790871, 30.8026766], [46.5794437, 30.8029262]]], "df_ids": [90665]}