{"polygon": [[[46.5804576, 30.8036688], [46.5804036, 30.8038296], [46.5806114, 30.8039773], [46.5803922, 30.80463], [46.5805144, 30.8047169], [46.5807876, 30.8039035], [46.5804576, 30.8036688]]], "df_ids": [90671]}