{"polygon": [[[46.5809807, 30.8033809], [46.5810286, 30.8032365], [46.5809187, 30.8031593], [46.5804647, 30.8028408], [46.5803657, 30.8027714], [46.5803178, 30.8029158], [46.5809807, 30.8033809]]], "df_ids": [90669]}