{"polygon": [[[46.5808091, 30.8020607], [46.5807651, 30.8021936], [46.5806954, 30.8021448], [46.5804647, 30.8028408], [46.5803657, 30.8027714], [46.5806404, 30.8019424], [46.5808091, 30.8020607]]], "df_ids": [90670]}