{"polygon": [[[46.57992, 30.802396], [46.5798815, 30.8025127], [46.5798454, 30.8024875], [46.5797855, 30.8026692], [46.5797354, 30.8026342], [46.5796982, 30.8027469], [46.5797901, 30.802811], [46.5798036, 30.8027701], [46.579815, 30.802778], [46.5798477, 30.802679], [46.5798988, 30.8027146], [46.5799257, 30.802633], [46.5799153, 30.8026258], [46.5799406, 30.8025492], [46.5799843, 30.8025797], [46.5800097, 30.8025026], [46.5799995, 30.8024955], [46.5800113, 30.8024598], [46.57992, 30.802396]]], "df_ids": [90661]}