{"polygon": [[[46.5812039, 30.8058732], [46.5811072, 30.8061594], [46.5810449, 30.8061148], [46.5810824, 30.8060037], [46.580877, 30.8058567], [46.5808356, 30.8059792], [46.5808784, 30.8060098], [46.5808543, 30.8060811], [46.5808082, 30.8060481], [46.5807654, 30.8061747], [46.5810497, 30.8063783], [46.5810237, 30.8064553], [46.5809621, 30.8064112], [46.5808468, 30.8067522], [46.5811012, 30.8069343], [46.5812215, 30.8065786], [46.5811708, 30.8065422], [46.5811936, 30.8064747], [46.5814687, 30.8066716], [46.5815128, 30.806541], [46.5814619, 30.8065045], [46.5814855, 30.8064346], [46.5815324, 30.8064681], [46.5815743, 30.8063443], [46.5813787, 30.8062042], [46.5813375, 30.8063259], [46.5812592, 30.8062699], [46.5813564, 30.8059824], [46.5812039, 30.8058732]]], "df_ids": [64405]}