{"polygon": [[[46.5791607, 30.8000163], [46.5789822, 30.800543], [46.5788518, 30.8004494], [46.5789802, 30.8000707], [46.5787398, 30.7998995], [46.5787909, 30.799751], [46.5791607, 30.8000163]]], "df_ids": [141959]}