{"polygon": [[[46.5787564, 30.8007158], [46.5786572, 30.8010113], [46.5785042, 30.8009025], [46.5784489, 30.8010672], [46.5787345, 30.8012704], [46.5788891, 30.8008102], [46.5787564, 30.8007158]]], "df_ids": [141958]}