{"polygon": [[[46.5755872, 30.7979437], [46.5754282, 30.7978307], [46.5754185, 30.7978596], [46.5752188, 30.7977124], [46.5752295, 30.7976814], [46.5749936, 30.7974677], [46.5751103, 30.7971278], [46.5746143, 30.7967752], [46.5748281, 30.7961391], [46.5759302, 30.7969226], [46.5757915, 30.7973482], [46.5755872, 30.7979437]]], "df_ids": [170079]}