{"polygon": [[[46.5823835, 30.8066025], [46.5823382, 30.8067417], [46.582291, 30.8067091], [46.5822749, 30.8067588], [46.5823747, 30.8068277], [46.5823197, 30.8069966], [46.582218, 30.8069264], [46.5822052, 30.8069656], [46.5822649, 30.8070068], [46.5822214, 30.8071402], [46.5817165, 30.8067917], [46.58176, 30.8066581], [46.5818139, 30.8066953], [46.581833, 30.8066366], [46.5817602, 30.8065864], [46.5818086, 30.8064379], [46.581885, 30.8064906], [46.5819059, 30.8064266], [46.5818576, 30.8063932], [46.5818984, 30.8062678], [46.5823835, 30.8066025]]], "df_ids": [64406]}