{"polygon": [[[46.5810249, 30.8014637], [46.5809953, 30.8015473], [46.581014, 30.8015613], [46.5809561, 30.8017248], [46.581012, 30.8017667], [46.5810313, 30.8017123], [46.5811748, 30.8018199], [46.5812068, 30.8017297], [46.581193, 30.8017194], [46.5812359, 30.8015986], [46.5811697, 30.801549], [46.5811632, 30.8015674], [46.5810249, 30.8014637]]], "df_ids": [79665]}