{"polygon": [[[46.5802809, 30.8035442], [46.5802249, 30.8037108], [46.5801596, 30.8036644], [46.5799426, 30.8043104], [46.5798442, 30.8042405], [46.5801172, 30.8034278], [46.5802809, 30.8035442]]], "df_ids": [90673]}