{"polygon": [[[46.5795308, 30.8013922], [46.5793613, 30.8019065], [46.5792687, 30.8021873], [46.5795976, 30.8024168], [46.5796413, 30.8022843], [46.5794033, 30.8021183], [46.5796217, 30.8014556], [46.5795308, 30.8013922]]], "df_ids": [90662]}