{"polygon": [[[46.5801108, 30.8018655], [46.5800979, 30.8018565], [46.57992, 30.802396], [46.5800113, 30.8024598], [46.5801892, 30.8019202], [46.5801108, 30.8018655]]], "df_ids": [90664]}