{"polygon": [[[46.5796825, 30.8034026], [46.5797208, 30.8032869], [46.579683, 30.8032604], [46.5797068, 30.8031884], [46.5797185, 30.8031966], [46.5797466, 30.8031118], [46.5797028, 30.8030811], [46.5797475, 30.8029458], [46.5796448, 30.8028738], [46.5796073, 30.8029873], [46.5796486, 30.8030162], [46.5795899, 30.8031936], [46.5796288, 30.8032209], [46.5795901, 30.8033378], [46.5796825, 30.8034026]]], "df_ids": [90660]}