{"polygon": [[[46.5775099, 30.8010311], [46.5774512, 30.8011978], [46.5787747, 30.8021852], [46.5788335, 30.8020186], [46.5775099, 30.8010311]]], "df_ids": [15761]}