{"polygon": [[[46.4539208, 30.7535349], [46.4540951, 30.7540512], [46.454232, 30.7539539], [46.4540577, 30.7534376], [46.4539208, 30.7535349]]], "df_ids": [34460]}