{"polygon": [[[46.4227708, 30.7090987], [46.4229773, 30.708689], [46.4228331, 30.7085361], [46.4229185, 30.7083665], [46.4229668, 30.7084177], [46.4231536, 30.7086158], [46.4233117, 30.7087834], [46.423233, 30.7089396], [46.4230545, 30.7087504], [46.4228413, 30.7091735], [46.4227708, 30.7090987]]], "df_ids": [26920]}