{"polygon": [[[46.4235412, 30.7071162], [46.4240363, 30.7076228], [46.4239646, 30.7077702], [46.4234695, 30.7072636], [46.4235412, 30.7071162]]], "df_ids": [12197]}