{"polygon": [[[46.4240233, 30.7150066], [46.4243633, 30.715481], [46.4242867, 30.7155965], [46.4239467, 30.7151221], [46.4240233, 30.7150066]]], "df_ids": [13168]}