{"polygon": [[[46.4240589, 30.706276], [46.4237303, 30.7069553], [46.4236392, 30.7068626], [46.4239679, 30.7061833], [46.4240589, 30.706276]]], "df_ids": [12198]}