{"polygon": [[[46.4275189, 30.7110222], [46.4276182, 30.7111574], [46.4272973, 30.7116537], [46.427198, 30.7115185], [46.4275189, 30.7110222]]], "df_ids": [10907]}