{"polygon": [[[46.4269392, 30.7158797], [46.42652, 30.7165237], [46.4266035, 30.7166382], [46.4270227, 30.7159942], [46.4269392, 30.7158797]]], "df_ids": [12606]}