{"polygon": [[[46.4481151, 30.7597329], [46.4471262, 30.7604224], [46.4470036, 30.760052], [46.4470506, 30.7600196], [46.4479245, 30.7594007], [46.4479954, 30.7593516], [46.4481151, 30.7597329]]], "df_ids": [34466]}