{"polygon": [[[46.4267705, 30.7151222], [46.4272017, 30.7157318], [46.4272809, 30.7156139], [46.4268497, 30.7150043], [46.4267705, 30.7151222]]], "df_ids": [13888]}