{"polygon": [[[46.4213216, 30.7166169], [46.4211564, 30.7168711], [46.4221849, 30.7182776], [46.4223501, 30.7180234], [46.4213216, 30.7166169]]], "df_ids": [51422]}