{"polygon": [[[46.424405, 30.7099371], [46.4245965, 30.7102043], [46.424512, 30.7103318], [46.4244317, 30.7102199], [46.4243687, 30.7103149], [46.4244527, 30.7104321], [46.4243745, 30.7105501], [46.4241732, 30.7102694], [46.4242513, 30.7101516], [46.4243281, 30.7102587], [46.4243984, 30.7101527], [46.4241556, 30.709814], [46.4242311, 30.7097002], [46.4243366, 30.7098475], [46.4244086, 30.7097389], [46.4243097, 30.709601], [46.424367, 30.7095145], [46.4245706, 30.7097986], [46.424513, 30.7098855], [46.4244747, 30.7098321], [46.424405, 30.7099371]]], "df_ids": [63996]}