{"polygon": [[[46.427565, 30.7120559], [46.4276506, 30.712172], [46.427931, 30.7117368], [46.4278455, 30.7116208], [46.427565, 30.7120559]]], "df_ids": [10906]}