{"polygon": [[[46.4255208, 30.7092442], [46.4259618, 30.7098477], [46.4258856, 30.7099649], [46.4254446, 30.7093614], [46.4255208, 30.7092442]]], "df_ids": [10150]}