{"polygon": [[[46.4238327, 30.7118813], [46.4239574, 30.7120473], [46.4239075, 30.7121261], [46.4239925, 30.7122393], [46.4239051, 30.7123775], [46.4237757, 30.7122051], [46.4238277, 30.7121229], [46.4237474, 30.7120161], [46.4238327, 30.7118813]]], "df_ids": [10917]}