{"polygon": [[[46.4234109, 30.7125144], [46.4235322, 30.7126792], [46.4234807, 30.7127589], [46.4235695, 30.7128796], [46.4234809, 30.7130169], [46.4233525, 30.7128424], [46.423405, 30.7127611], [46.4233233, 30.7126501], [46.4234109, 30.7125144]]], "df_ids": [10916]}