{"polygon": [[[46.4604962, 30.7472286], [46.4605078, 30.7470646], [46.4609288, 30.7471274], [46.460927, 30.7471518], [46.4609171, 30.7472914], [46.4604962, 30.7472286]]], "df_ids": [94044]}