{"polygon": [[[46.4609473, 30.7482214], [46.4608164, 30.7482016], [46.460745, 30.7491982], [46.4608759, 30.749218], [46.4609473, 30.7482214]]], "df_ids": [76525]}