{"polygon": [[[46.4691216, 30.7389099], [46.4693744, 30.7389362], [46.4693944, 30.7385304], [46.4691508, 30.7385051], [46.4691428, 30.7386678], [46.4692109, 30.7386749], [46.4692052, 30.7387923], [46.4691278, 30.7387842], [46.4691216, 30.7389099]]], "df_ids": [32723]}