{"polygon": [[[46.46096, 30.7465493], [46.4609953, 30.7459859], [46.4611095, 30.7460006], [46.4610689, 30.7466665], [46.4609549, 30.7466519], [46.46096, 30.7465493]]], "df_ids": [19341]}