{"polygon": [[[46.5741913, 30.7889431], [46.5742848, 30.7885829], [46.5743428, 30.7883595], [46.5741915, 30.7882764], [46.5741563, 30.7884121], [46.5742096, 30.7884414], [46.5740933, 30.7888893], [46.574127, 30.7889078], [46.5741913, 30.7889431]]], "df_ids": [90692]}