{"polygon": [[[46.5755661, 30.7855612], [46.5753733, 30.7854473], [46.5754031, 30.7853404], [46.5753612, 30.7853156], [46.5753353, 30.7854085], [46.5752206, 30.7853408], [46.5752484, 30.7852413], [46.575183, 30.7852027], [46.5751534, 30.7853087], [46.5750028, 30.7852198], [46.5750538, 30.785037], [46.5751184, 30.7850752], [46.5751658, 30.7849055], [46.5752262, 30.7849412], [46.5751999, 30.7850353], [46.5754794, 30.7852003], [46.5755088, 30.785095], [46.5755786, 30.7851362], [46.5755354, 30.7852911], [46.5756265, 30.7853448], [46.5755661, 30.7855612]]], "df_ids": [64334]}