{"polygon": [[[46.3982409, 30.724129], [46.3976622, 30.7242232], [46.3977156, 30.7250259], [46.3986256, 30.7248762], [46.3986183, 30.724765], [46.3986121, 30.7246704], [46.398406, 30.7242352], [46.3984293, 30.724164], [46.3984247, 30.7241552], [46.3984003, 30.7241091], [46.3983513, 30.7240773], [46.3983069, 30.7240484], [46.3982661, 30.724054], [46.3982611, 30.7240577], [46.3982409, 30.724129]]], "df_ids": [27405]}