{"polygon": [[[46.4609385, 30.7532551], [46.4608882, 30.7540579], [46.4607504, 30.7540397], [46.4608006, 30.7532369], [46.4609385, 30.7532551]]], "df_ids": [7922]}