{"polygon": [[[46.398664, 30.7249917], [46.3985568, 30.7250184], [46.3985311, 30.7250759], [46.3983949, 30.7251075], [46.3983753, 30.7250897], [46.3983267, 30.7250962], [46.3983105, 30.7251294], [46.3982888, 30.7251075], [46.3982642, 30.7251537], [46.3982229, 30.7251642], [46.3982033, 30.7251593], [46.3980928, 30.7251844], [46.3981078, 30.7253456], [46.3981955, 30.7253277], [46.3982011, 30.7254006], [46.3982279, 30.7256419], [46.3983613, 30.7256127], [46.398353, 30.725552], [46.3984244, 30.7255423], [46.3984356, 30.7255107], [46.3984753, 30.7255528], [46.3984792, 30.7255026], [46.3985724, 30.7254881], [46.3986098, 30.7255269], [46.3987193, 30.7254978], [46.3987377, 30.725433], [46.3987209, 30.7252767], [46.398772, 30.7252645], [46.3987653, 30.7251941], [46.3987115, 30.725203], [46.3986981, 30.7250508], [46.398664, 30.7249917]]], "df_ids": [26977]}