{"polygon": [[[46.4606294, 30.7455113], [46.460613, 30.7456826], [46.4599847, 30.7455562], [46.460001, 30.7453849], [46.4606294, 30.7455113]]], "df_ids": [11445]}