{"polygon": [[[46.438123, 30.7437452], [46.438175, 30.7439522], [46.4375657, 30.7442745], [46.4375137, 30.7440676], [46.438123, 30.7437452]]], "df_ids": [33631]}