{"polygon": [[[46.4084805, 30.7130687], [46.4083695, 30.7130998], [46.4085738, 30.7146328], [46.4086848, 30.7146017], [46.4084805, 30.7130687]]], "df_ids": [32523]}