{"polygon": [[[46.4748464, 30.7393308], [46.4748496, 30.7392807], [46.474922, 30.7392986], [46.4749309, 30.7392053], [46.4753364, 30.7392708], [46.475376, 30.7387911], [46.4754941, 30.7388067], [46.4754429, 30.7394622], [46.4748391, 30.7393665], [46.4748464, 30.7393308]]], "df_ids": [14993]}