{"polygon": [[[46.410416, 30.7182411], [46.4103942, 30.7180794], [46.4102573, 30.7181183], [46.4101641, 30.7174282], [46.4100355, 30.7174647], [46.4101505, 30.7183165], [46.410416, 30.7182411]]], "df_ids": [150702]}