{"polygon": [[[46.4166282, 30.7165602], [46.4169503, 30.7169009], [46.4170146, 30.7167731], [46.4166924, 30.7164324], [46.4166282, 30.7165602]]], "df_ids": [127936]}