{"polygon": [[[46.3987808, 30.7321582], [46.3988488, 30.732142], [46.3989049, 30.7321287], [46.3988872, 30.7319722], [46.3989679, 30.731953], [46.3989377, 30.7316859], [46.3988065, 30.7317171], [46.3988263, 30.7318918], [46.3987908, 30.7319002], [46.3987526, 30.7319093], [46.3987808, 30.7321582]]], "df_ids": [10927]}