{"polygon": [[[46.3989298, 30.7307977], [46.3984154, 30.730913], [46.3983975, 30.7307452], [46.3989119, 30.7306299], [46.3989298, 30.7307977]]], "df_ids": [73507]}