{"polygon": [[[46.4646637, 30.7465903], [46.464674, 30.7463816], [46.464643, 30.7463773], [46.4646477, 30.7463054], [46.4649177, 30.746348], [46.4649331, 30.7461155], [46.4645703, 30.7460617], [46.4645332, 30.7460991], [46.4645001, 30.7465642], [46.4646637, 30.7465903]]], "df_ids": [46089]}