{"polygon": [[[46.4086736, 30.7130146], [46.409732, 30.7127169], [46.409753, 30.7128739], [46.4086946, 30.7131716], [46.4086736, 30.7130146]]], "df_ids": [32525]}