{"polygon": [[[46.4141314, 30.7210925], [46.4141034, 30.721244], [46.4132794, 30.7209238], [46.4133074, 30.7207722], [46.4141314, 30.7210925]]], "df_ids": [78736]}