{"polygon": [[[46.4511152, 30.7496119], [46.4509982, 30.7498013], [46.4509768, 30.7498361], [46.450963, 30.7498585], [46.4508367, 30.7496943], [46.4509889, 30.7494477], [46.4510342, 30.7494705], [46.4510668, 30.7495083], [46.4510917, 30.7495508], [46.4511152, 30.7496119]]], "df_ids": [27030]}