{"polygon": [[[46.4555893, 30.7512644], [46.4550293, 30.7516595], [46.454979, 30.7515094], [46.455539, 30.7511143], [46.4555893, 30.7512644]]], "df_ids": [11453]}