{"polygon": [[[46.4519374, 30.749559], [46.4518077, 30.7497295], [46.452052, 30.7500817], [46.4522139, 30.7500925], [46.4524506, 30.7498301], [46.4523399, 30.749658], [46.4521841, 30.749831], [46.4521435, 30.7498524], [46.4519374, 30.749559]]], "df_ids": [140086]}