{"polygon": [[[46.4502244, 30.7550308], [46.4509171, 30.7545532], [46.4508551, 30.7543635], [46.4501623, 30.7548411], [46.4502244, 30.7550308]]], "df_ids": [34457]}