{"polygon": [[[46.4552307, 30.7541212], [46.4550922, 30.7542181], [46.4548947, 30.7536225], [46.4550332, 30.7535257], [46.4552307, 30.7541212]]], "df_ids": [34459]}