{"polygon": [[[46.4544406, 30.7516271], [46.4545684, 30.7514931], [46.4542912, 30.7509361], [46.4541634, 30.7510701], [46.4544406, 30.7516271]]], "df_ids": [75649]}