{"polygon": [[[46.4564063, 30.7507954], [46.4561113, 30.7510092], [46.456082, 30.7509221], [46.4560553, 30.7508478], [46.4563493, 30.7506311], [46.4563765, 30.7507088], [46.4564063, 30.7507954]]], "df_ids": [8702]}