{"polygon": [[[46.4579103, 30.7517116], [46.4579634, 30.7518498], [46.4584186, 30.7514814], [46.4583656, 30.7513432], [46.4579103, 30.7517116]]], "df_ids": [27657]}