{"polygon": [[[46.4564023, 30.7500617], [46.4565091, 30.7499786], [46.456748, 30.7506254], [46.4564359, 30.7508683], [46.4564063, 30.7507954], [46.4563765, 30.7507088], [46.4565822, 30.7505487], [46.4564023, 30.7500617]]], "df_ids": [58269]}