{"polygon": [[[46.4509175, 30.7484478], [46.4508281, 30.7485178], [46.4507201, 30.7482271], [46.4506657, 30.7482696], [46.4505603, 30.7479858], [46.4506603, 30.7479076], [46.450765, 30.7481893], [46.4508107, 30.7481534], [46.4508925, 30.7483773], [46.4509175, 30.7484478]]], "df_ids": [74572]}