{"polygon": [[[46.4557934, 30.7506195], [46.4556649, 30.7507107], [46.4558592, 30.7512878], [46.4561384, 30.7510898], [46.4561113, 30.7510092], [46.456082, 30.7509221], [46.4559312, 30.751029], [46.4557934, 30.7506195]]], "df_ids": [58270]}