{"polygon": [[[46.4545583, 30.7532144], [46.4546737, 30.7531312], [46.4545689, 30.7528252], [46.4542981, 30.7530206], [46.4540323, 30.7532124], [46.4541413, 30.7535309], [46.4542608, 30.7534446], [46.4542234, 30.7533354], [46.4545252, 30.7531176], [46.4545583, 30.7532144]]], "df_ids": [51342]}