{"polygon": [[[46.4570911, 30.7555865], [46.4569229, 30.7551049], [46.4567734, 30.7552149], [46.4568286, 30.755373], [46.4568676, 30.7553443], [46.4569111, 30.7554687], [46.4567935, 30.7555553], [46.4568437, 30.7556989], [46.4569307, 30.7556348], [46.4569501, 30.7556903], [46.4570911, 30.7555865]]], "df_ids": [32794]}