{"polygon": [[[46.4500002, 30.7481031], [46.4500874, 30.7483968], [46.4501947, 30.7483296], [46.4501074, 30.748036], [46.4500002, 30.7481031]]], "df_ids": [74553]}