{"polygon": [[[46.4557352, 30.7485969], [46.455273, 30.7489879], [46.4552107, 30.7488327], [46.4556729, 30.7484417], [46.4557352, 30.7485969]]], "df_ids": [24549]}