{"polygon": [[[46.449634, 30.747672], [46.4497374, 30.7476125], [46.449826, 30.7479368], [46.4497124, 30.7480022], [46.4497309, 30.7480698], [46.4491383, 30.7484109], [46.4491193, 30.7483416], [46.4490046, 30.7484076], [46.4489169, 30.7480865], [46.449021, 30.7480265], [46.449086, 30.7482641], [46.4491769, 30.7482118], [46.449553, 30.7479953], [46.4496994, 30.7479111], [46.449634, 30.747672]]], "df_ids": [74554]}