{"polygon": [[[46.4537425, 30.7568853], [46.4536011, 30.7569601], [46.4535583, 30.7567897], [46.4529602, 30.7571062], [46.4530058, 30.7572878], [46.4528079, 30.7573925], [46.452675, 30.7568623], [46.4528724, 30.7567582], [46.4528973, 30.7568495], [46.4530561, 30.7567699], [46.4530495, 30.756737], [46.4531138, 30.7566999], [46.4531195, 30.7567329], [46.4531969, 30.7566917], [46.4531894, 30.7566533], [46.4532602, 30.7566218], [46.4532678, 30.7566574], [46.4534844, 30.7565389], [46.4534487, 30.7563967], [46.4534742, 30.7563284], [46.4535464, 30.75628], [46.4535997, 30.7563167], [46.4537425, 30.7568853]]], "df_ids": [46088]}