{"polygon": [[[46.456974, 30.7578799], [46.456962, 30.757889], [46.4569648, 30.7578968], [46.4569344, 30.7579198], [46.4569428, 30.757943], [46.4568991, 30.757976], [46.4568897, 30.75795], [46.4568554, 30.7579759], [46.4568147, 30.7578623], [46.456805, 30.7578696], [46.4567995, 30.7578704], [46.4567915, 30.7578685], [46.4567852, 30.7578612], [46.4567738, 30.7578369], [46.4567713, 30.7578263], [46.4567716, 30.7578157], [46.4567748, 30.7578077], [46.4567805, 30.7578016], [46.4567726, 30.7578018], [46.456766, 30.7577994], [46.4567619, 30.7577927], [46.4567512, 30.7577626], [46.4567518, 30.7577519], [46.4567554, 30.7577446], [46.4567627, 30.7577393], [46.4567292, 30.7576421], [46.4567217, 30.7576476], [46.4567149, 30.7576485], [46.4567091, 30.7576458], [46.4567044, 30.7576411], [46.4566731, 30.7575497], [46.456672, 30.7575428], [46.4566729, 30.7575358], [46.4566759, 30.7575303], [46.4566883, 30.7575209], [46.4566519, 30.7574199], [46.4566393, 30.7574227], [46.4566342, 30.7574197], [46.4566242, 30.7573921], [46.4566239, 30.7573836], [46.456625, 30.7573755], [46.4566278, 30.7573677], [46.4566218, 30.7573663], [46.4566139, 30.7573614], [46.4566049, 30.7573383], [46.456604, 30.7573229], [46.4566069, 30.7573134], [46.4566122, 30.7573061], [46.4566232, 30.7572982], [46.4565833, 30.7571805], [46.4566332, 30.7571449], [46.4566405, 30.7571666], [46.4567097, 30.7571173], [46.4567158, 30.7571217], [46.4567215, 30.7571296], [46.456733, 30.7571616], [46.4567328, 30.7571768], [46.4567288, 30.7571869], [46.4567206, 30.7571927], [46.4567327, 30.7572282], [46.4567518, 30.7572145], [46.45677, 30.7572678], [46.4567515, 30.7572811], [46.4567674, 30.7573278], [46.4567838, 30.757316], [46.4568115, 30.757397], [46.4568194, 30.7573913], [46.4568384, 30.7574468], [46.4568476, 30.7574402], [46.4568737, 30.7575163], [46.4568646, 30.7575229], [46.4568814, 30.757572], [46.4568721, 30.7575788], [46.4568867, 30.7576212], [46.4568758, 30.7576291], [46.4568889, 30.7576671], [46.4569025, 30.7576572], [46.4569357, 30.7577534], [46.4569199, 30.7577649], [46.4569409, 30.7578257], [46.456948, 30.7578206], [46.4569566, 30.7578211], [46.4569642, 30.757826], [46.4569721, 30.7578381], [46.4569761, 30.7578502], [46.4569775, 30.7578647], [46.456974, 30.7578799]]], "df_ids": [74821]}