{"polygon": [[[46.4331399, 30.7469598], [46.4330763, 30.7467995], [46.432977, 30.7465492], [46.4329315, 30.7464344], [46.4330414, 30.7463426], [46.4332498, 30.746868], [46.4331774, 30.7469284], [46.4331399, 30.7469598]]], "df_ids": [113673]}