{"polygon": [[[46.4401224, 30.7512941], [46.4401532, 30.7514481], [46.4402573, 30.7516034], [46.4402726, 30.7515818], [46.4404237, 30.7518077], [46.4404499, 30.7517936], [46.4404719, 30.7518784], [46.4405818, 30.7518196], [46.4405408, 30.7516591], [46.4404449, 30.7515283], [46.4404328, 30.751547], [46.4402903, 30.7513527], [46.4402825, 30.7513137], [46.4402518, 30.7513267], [46.4402357, 30.7512463], [46.4401224, 30.7512941]]], "df_ids": [74986]}