{"polygon": [[[46.456208, 30.7563672], [46.4563226, 30.7562855], [46.4563277, 30.7562734], [46.4563311, 30.7562533], [46.4563284, 30.7562372], [46.4563226, 30.7562236], [46.4563131, 30.7562165], [46.4563025, 30.7562168], [46.4562558, 30.7560839], [46.4562758, 30.7560691], [46.456254, 30.756007], [46.4562646, 30.7559992], [46.4562451, 30.7559433], [46.4562593, 30.7559328], [46.4562305, 30.75585], [46.4562175, 30.7558595], [46.4561991, 30.7558063], [46.4561878, 30.7558145], [46.4561645, 30.7557471], [46.4561433, 30.7557625], [46.4561298, 30.7557233], [46.4561501, 30.7557085], [46.4561342, 30.7556624], [46.45612, 30.7556727], [46.4561035, 30.7556248], [46.4561072, 30.7556175], [46.4561091, 30.7556076], [46.456108, 30.7555987], [46.4560919, 30.7555693], [46.4560838, 30.7555696], [46.4559671, 30.7556621], [46.4559636, 30.7556704], [46.4559631, 30.7556812], [46.4559707, 30.7557039], [46.4559752, 30.7557102], [46.4559846, 30.7557113], [46.4560044, 30.7557697], [46.4559897, 30.7557801], [46.4560117, 30.7558454], [46.4560283, 30.7558336], [46.4560471, 30.7558892], [46.4560427, 30.7558964], [46.4560453, 30.7559182], [46.4560495, 30.7559274], [46.4560532, 30.7559309], [46.4560614, 30.755931], [46.4560753, 30.755972], [46.4560595, 30.7559833], [46.4560825, 30.7560512], [46.4560983, 30.7560399], [46.4561112, 30.7560781], [46.4561066, 30.7560874], [46.4561058, 30.7561032], [46.4561088, 30.7561168], [46.4561163, 30.7561293], [46.4561294, 30.7561322], [46.4561456, 30.7561786], [46.4561282, 30.7561914], [46.4561527, 30.7562613], [46.4561688, 30.7562495], [46.4561882, 30.7563049], [46.4561831, 30.7563175], [46.4561834, 30.7563344], [46.4561956, 30.7563643], [46.456208, 30.7563672]]], "df_ids": [74822]}