{"polygon": [[[46.4500377, 30.7512961], [46.4501029, 30.7512486], [46.45011, 30.7512685], [46.450336, 30.7510999], [46.4503366, 30.7510899], [46.4503395, 30.7510807], [46.4503442, 30.7510734], [46.4503503, 30.7510687], [46.4503571, 30.7510672], [46.4503639, 30.7510689], [46.45037, 30.7510738], [46.450428, 30.7512369], [46.4504275, 30.7512475], [46.4504246, 30.7512573], [46.4504196, 30.7512651], [46.4504131, 30.75127], [46.4504058, 30.7512714], [46.4503986, 30.7512691], [46.4503924, 30.7512635], [46.4502071, 30.7514023], [46.4504267, 30.75202], [46.4505312, 30.7519414], [46.4505316, 30.7519295], [46.4505347, 30.7519183], [46.45054, 30.7519093], [46.4505472, 30.7519032], [46.4505552, 30.7519009], [46.4505634, 30.7519025], [46.4505708, 30.7519079], [46.4505766, 30.7519164], [46.4505801, 30.7519272], [46.450581, 30.7519391], [46.4505792, 30.7519508], [46.450623, 30.752074], [46.4504261, 30.7522216], [46.4504188, 30.752201], [46.4503734, 30.7520734], [46.450352, 30.7520131], [46.4502838, 30.7520641], [46.4500301, 30.7513504], [46.4500154, 30.7513614], [46.4500088, 30.7513517], [46.4500045, 30.7513395], [46.450003, 30.751326], [46.4500043, 30.7513125], [46.4500085, 30.7513003], [46.450015, 30.7512904], [46.4500232, 30.7512839], [46.4500325, 30.7512813], [46.4500377, 30.7512961]]], "df_ids": [75311]}