{"polygon": [[[46.4555774, 30.7504825], [46.4557006, 30.7503864], [46.4554555, 30.7497244], [46.4553323, 30.7498205], [46.4555774, 30.7504825]]], "df_ids": [15234]}