{"polygon": [[[46.4548291, 30.7516198], [46.4548812, 30.7517705], [46.4546097, 30.7519682], [46.4545576, 30.7518174], [46.4548291, 30.7516198]]], "df_ids": [11452]}