{"polygon": [[[46.4518061, 30.7506397], [46.451703, 30.7508022], [46.451046, 30.7499256], [46.4510674, 30.7498908], [46.4511972, 30.7496867], [46.4513692, 30.7499167], [46.4513351, 30.7499704], [46.4513215, 30.7499918], [46.4518061, 30.7506397]]], "df_ids": [27029]}