{"polygon": [[[46.4495408, 30.753806], [46.4495064, 30.7539822], [46.4494607, 30.7539634], [46.4494566, 30.7539659], [46.4494402, 30.7539775], [46.4494219, 30.7539806], [46.4494038, 30.7539749], [46.4493881, 30.7539609], [46.4493764, 30.7539401], [46.4493726, 30.7539272], [46.4493236, 30.7539066], [46.4493623, 30.7537134], [46.4492498, 30.7536659], [46.44926, 30.7536148], [46.4492542, 30.7536042], [46.4492472, 30.7535804], [46.4492457, 30.7535547], [46.4492499, 30.7535295], [46.44926, 30.7535066], [46.4492748, 30.7534898], [46.4492873, 30.7534835], [46.4493015, 30.7534178], [46.4494123, 30.7534681], [46.449449, 30.7532979], [46.4494878, 30.7533155], [46.4494959, 30.7533054], [46.4495042, 30.7532979], [46.4495132, 30.7532926], [46.4495232, 30.7532895], [46.4495334, 30.753289], [46.4495434, 30.7532912], [46.4495529, 30.7532959], [46.4495609, 30.7533022], [46.4495679, 30.75331], [46.4495749, 30.753321], [46.4495804, 30.7533337], [46.449586, 30.7533588], [46.4496261, 30.7533761], [46.4495936, 30.7535347], [46.4496921, 30.7535772], [46.4496754, 30.7536586], [46.449682, 30.753679], [46.4496849, 30.7537057], [46.4496817, 30.7537318], [46.449673, 30.7537548], [46.4496597, 30.7537724], [46.4496514, 30.753779], [46.4496383, 30.7538461], [46.4495408, 30.753806]]], "df_ids": [63187]}