{"polygon": [[[46.4514914, 30.7521886], [46.4520735, 30.7517689], [46.452018, 30.7516067], [46.4517802, 30.7517782], [46.451653, 30.7514064], [46.4518902, 30.7512354], [46.4518303, 30.7510604], [46.4512297, 30.7514935], [46.45129, 30.7516695], [46.451524, 30.7515008], [46.4516477, 30.751862], [46.4514327, 30.752017], [46.4514914, 30.7521886]]], "df_ids": [34456]}