{"polygon": [[[46.4573744, 30.7575536], [46.4574949, 30.7574609], [46.45722, 30.7567076], [46.4570995, 30.7568003], [46.4573744, 30.7575536]]], "df_ids": [28850]}