{"polygon": [[[46.4502855, 30.7485714], [46.4503711, 30.7488477], [46.4504744, 30.7487802], [46.4503888, 30.748504], [46.4502855, 30.7485714]]], "df_ids": [74552]}