{"polygon": [[[46.454857, 30.7534911], [46.4550002, 30.7533893], [46.454819, 30.7528517], [46.4546758, 30.7529534], [46.454857, 30.7534911]]], "df_ids": [34458]}