{"polygon": [[[46.4507162, 30.7379649], [46.4506721, 30.7381842], [46.4506381, 30.7383599], [46.4506363, 30.7383753], [46.4506572, 30.7384456], [46.450665, 30.7384719], [46.4506051, 30.7385152], [46.4506322, 30.7386202], [46.4506638, 30.7387426], [46.4507156, 30.738717], [46.4507976, 30.7386764], [46.4507631, 30.7385198], [46.4507754, 30.7385154], [46.4507404, 30.7383936], [46.4507324, 30.7383659], [46.4507613, 30.7382322], [46.450796, 30.7382436], [46.4508126, 30.7381678], [46.4508047, 30.7381617], [46.4508361, 30.7380179], [46.4507162, 30.7379649]]], "df_ids": [51300]}