{"polygon": [[[46.4570955, 30.7585337], [46.4571844, 30.7584307], [46.4571552, 30.7583776], [46.4575651, 30.757903], [46.4575979, 30.7579627], [46.4576841, 30.7578628], [46.4575614, 30.7576394], [46.4574672, 30.7577484], [46.4574888, 30.7577877], [46.4570991, 30.7582389], [46.4570699, 30.7581857], [46.4569687, 30.758303], [46.4570955, 30.7585337]]], "df_ids": [372]}