{"polygon": [[[46.4507062, 30.7488389], [46.4505977, 30.7489106], [46.4506866, 30.7491935], [46.4507951, 30.7491218], [46.4507062, 30.7488389]]], "df_ids": [74551]}