{"polygon": [[[46.4552783, 30.7528691], [46.4554116, 30.7532807], [46.4552631, 30.7533821], [46.4551297, 30.7529704], [46.4552783, 30.7528691]]], "df_ids": [1939]}