{"polygon": [[[46.4434291, 30.7493968], [46.4433904, 30.749399], [46.4433355, 30.7494886], [46.4432351, 30.7494925], [46.4431691, 30.7494029], [46.4430864, 30.7494046], [46.4430249, 30.7495213], [46.4429658, 30.7495225], [46.4428831, 30.7494089], [46.4427902, 30.7494109], [46.442731, 30.7495197], [46.4427289, 30.7495202], [46.4426541, 30.7495219], [46.442585, 30.7494152], [46.4425425, 30.7494161], [46.4425411, 30.7492323], [46.4425758, 30.749231], [46.4426465, 30.7491277], [46.4427219, 30.7491246], [46.4427887, 30.7492224], [46.442879, 30.74922], [46.4429562, 30.749115], [46.4430195, 30.7491124], [46.4430846, 30.7492117], [46.4431689, 30.7492083], [46.4432356, 30.7491036], [46.4433336, 30.7490996], [46.4433912, 30.7492004], [46.4434247, 30.7491986], [46.4434291, 30.7493968]]], "df_ids": [49564]}