{"polygon": [[[46.4426666, 30.7459188], [46.4427018, 30.7457001], [46.4431323, 30.7458462], [46.4430409, 30.7464132], [46.442927, 30.7463746], [46.4429831, 30.7460262], [46.4426666, 30.7459188]]], "df_ids": [151055]}