{"polygon": [[[46.4435339, 30.7433647], [46.4435828, 30.7435578], [46.4433764, 30.7436677], [46.4433276, 30.7434745], [46.4435339, 30.7433647]]], "df_ids": [10041]}