{"polygon": [[[46.4334135, 30.7509642], [46.4333928, 30.7508827], [46.4331544, 30.7510356], [46.4332025, 30.7512404], [46.4333851, 30.7511219], [46.4334159, 30.7512216], [46.4335724, 30.7511162], [46.4336046, 30.7512264], [46.4338239, 30.7510915], [46.4337706, 30.7509092], [46.4336137, 30.7510072], [46.4335678, 30.7508636], [46.4334135, 30.7509642]]], "df_ids": [113736]}