{"polygon": [[[46.4459274, 30.7511827], [46.4459872, 30.7514077], [46.446711, 30.7510023], [46.4466512, 30.7507773], [46.4459274, 30.7511827]]], "df_ids": [63161]}