{"polygon": [[[46.4422782, 30.7440858], [46.4422491, 30.7441085], [46.4422362, 30.744138], [46.4422066, 30.7441622], [46.4421803, 30.7441609], [46.4421641, 30.7441487], [46.4421248, 30.744169], [46.4420706, 30.7439685], [46.4421434, 30.7439194], [46.4422228, 30.7438659], [46.4422782, 30.7440858]]], "df_ids": [32803]}