{"polygon": [[[46.447585, 30.7481892], [46.4467709, 30.7486578], [46.4466318, 30.7481487], [46.4467583, 30.7480759], [46.4468493, 30.7484087], [46.4474194, 30.7480806], [46.4473302, 30.7477544], [46.4474477, 30.7476868], [46.447585, 30.7481892]]], "df_ids": [169209]}