{"polygon": [[[46.4375164, 30.742298], [46.4379336, 30.7423755], [46.4379474, 30.7422191], [46.4375302, 30.7421416], [46.4375164, 30.742298]]], "df_ids": [113733]}