{"polygon": [[[46.4536126, 30.7426916], [46.4537816, 30.7431244], [46.4536739, 30.743213], [46.4535049, 30.7427802], [46.4536126, 30.7426916]]], "df_ids": [14619]}