{"polygon": [[[46.4374138, 30.7473433], [46.4373851, 30.7473591], [46.4373803, 30.7473406], [46.4373095, 30.7473796], [46.437216, 30.7474311], [46.4372196, 30.7474449], [46.4371908, 30.7474607], [46.4372102, 30.7475347], [46.4372017, 30.7475394], [46.437262, 30.74777], [46.4372699, 30.7477657], [46.4372858, 30.7478265], [46.4373266, 30.747804], [46.4373306, 30.7478192], [46.4374613, 30.7477473], [46.4374583, 30.747736], [46.4375098, 30.7477076], [46.4374922, 30.7476404], [46.4375037, 30.7476341], [46.437443, 30.747402], [46.4374309, 30.7474087], [46.4374138, 30.7473433]]], "df_ids": [169238]}