{"polygon": [[[46.4429829, 30.7448078], [46.4431419, 30.7453331], [46.4432364, 30.7452728], [46.4432869, 30.7454398], [46.4431321, 30.7455384], [46.4431025, 30.7455277], [46.4430766, 30.7455062], [46.4428843, 30.7448706], [46.4429829, 30.7448078]]], "df_ids": [170298]}