{"polygon": [[[46.4378048, 30.7414983], [46.4378247, 30.7413005], [46.4373642, 30.7412032], [46.4373444, 30.741401], [46.4378048, 30.7414983]]], "df_ids": [13000]}