{"polygon": [[[46.4494577, 30.7419593], [46.4494784, 30.7422623], [46.4493508, 30.7422806], [46.4493302, 30.7419776], [46.4494577, 30.7419593]]], "df_ids": [63890]}