{"polygon": [[[46.4297824, 30.7664554], [46.429494, 30.7662355], [46.4298752, 30.7651382], [46.429934, 30.7650177], [46.4300263, 30.7648906], [46.4301118, 30.7648056], [46.4301996, 30.7647319], [46.430337, 30.7646583], [46.430496, 30.7646369], [46.4312721, 30.7646692], [46.431267, 30.7650327], [46.4312657, 30.7651267], [46.4304295, 30.7651358], [46.4303629, 30.7651465], [46.4303078, 30.7651972], [46.4302409, 30.7652752], [46.4301784, 30.7654064], [46.4297824, 30.7664554]]], "df_ids": [74771]}