{"polygon": [[[46.4383276, 30.7587578], [46.4383494, 30.7589522], [46.4384107, 30.7590033], [46.4385378, 30.7589733], [46.4385801, 30.7589109], [46.4385658, 30.7586975], [46.4385068, 30.7586403], [46.4383683, 30.758666], [46.4383276, 30.7587578]]], "df_ids": [74810]}