{"polygon": [[[46.4323243, 30.754109], [46.4324839, 30.7539752], [46.4321804, 30.753213], [46.4318131, 30.753521], [46.431888, 30.753709], [46.4320957, 30.7535349], [46.4323243, 30.754109]]], "df_ids": [79663]}