{"polygon": [[[46.4412281, 30.748089], [46.4411239, 30.7481915], [46.4411409, 30.7482279], [46.4409499, 30.7484149], [46.4408048, 30.7484069], [46.4407142, 30.7483599], [46.440669, 30.7482982], [46.440644, 30.7482423], [46.4406103, 30.7482739], [46.4405122, 30.7480529], [46.4405302, 30.7479045], [46.4404867, 30.7478931], [46.440519, 30.7476415], [46.4405534, 30.7476512], [46.4405604, 30.7475993], [46.4406212, 30.7475348], [46.440685, 30.7476613], [46.4406514, 30.7478534], [46.440664, 30.7479795], [46.4406951, 30.7480556], [46.4406781, 30.7480702], [46.4406962, 30.7481146], [46.4407207, 30.7481106], [46.4407411, 30.7481268], [46.440753, 30.7481543], [46.4407693, 30.748159], [46.4407718, 30.7481414], [46.4408425, 30.748162], [46.4408372, 30.7482006], [46.4409134, 30.7482227], [46.4409623, 30.7481748], [46.4409468, 30.7481416], [46.4410045, 30.7480851], [46.4410216, 30.748122], [46.4410525, 30.7480918], [46.4410848, 30.748026], [46.4411214, 30.7477926], [46.441267, 30.7478406], [46.4412281, 30.748089]]], "df_ids": [63200]}