{"polygon": [[[46.43125, 30.7666094], [46.4313679, 30.7666844], [46.4315502, 30.7660813], [46.4314323, 30.7660063], [46.43125, 30.7666094]]], "df_ids": [27663]}