{"polygon": [[[46.4321187, 30.7452305], [46.432376, 30.7450096], [46.4328672, 30.7462141], [46.4330212, 30.7460819], [46.4324399, 30.7446567], [46.4320287, 30.7450098], [46.4321187, 30.7452305]]], "df_ids": [74832]}