{"polygon": [[[46.4385377, 30.7469613], [46.4385464, 30.7469413], [46.4385517, 30.7469259], [46.4385536, 30.7469101], [46.4385536, 30.7468939], [46.438552, 30.7468724], [46.4385483, 30.7468523], [46.4385414, 30.7468335], [46.4385293, 30.7468139], [46.438512, 30.7467981], [46.4384919, 30.7467884], [46.4384696, 30.7467857], [46.4384487, 30.7467865], [46.4384239, 30.7467937], [46.4383983, 30.7468058], [46.4383806, 30.7468176], [46.4383647, 30.7468322], [46.4383501, 30.7468485], [46.4383388, 30.7468668], [46.4383297, 30.7468835], [46.4383248, 30.7468983], [46.4383224, 30.7469171], [46.438322, 30.7469369], [46.4383233, 30.7469487], [46.4383248, 30.7469614], [46.4383288, 30.7469888], [46.4383327, 30.7470109], [46.438337, 30.7470255], [46.4383434, 30.7470414], [46.4383519, 30.7470574], [46.4383757, 30.7470901], [46.4384004, 30.747128], [46.4384768, 30.7475498], [46.4386372, 30.7474827], [46.4385377, 30.7469613]]], "df_ids": [79653]}