{"polygon": [[[46.4376794, 30.7525072], [46.438049, 30.7524151], [46.4380231, 30.7521962], [46.4379959, 30.7522029], [46.4379787, 30.7520575], [46.4380903, 30.7520297], [46.438067, 30.751833], [46.4379556, 30.7518607], [46.4379187, 30.7515493], [46.4378059, 30.7515774], [46.437888, 30.7522713], [46.4376582, 30.7523286], [46.4376794, 30.7525072]]], "df_ids": [79720]}