{"polygon": [[[46.451087, 30.7563033], [46.4506635, 30.7565793], [46.4506099, 30.7564061], [46.4510334, 30.75613], [46.451087, 30.7563033]]], "df_ids": [120707]}