{"polygon": [[[46.4864607, 30.7398181], [46.4864694, 30.7396858], [46.4865437, 30.7396961], [46.4865457, 30.7396654], [46.4866602, 30.7396813], [46.4866582, 30.7397114], [46.4867105, 30.7397187], [46.4867018, 30.7398516], [46.4864607, 30.7398181]]], "df_ids": [189318]}