{"polygon": [[[46.397447, 30.7298987], [46.3974725, 30.7301719], [46.3973401, 30.7301978], [46.3973184, 30.7299653], [46.3972587, 30.729977], [46.3972631, 30.7300246], [46.3971333, 30.73005], [46.3971417, 30.7301404], [46.3971636, 30.7301361], [46.397174, 30.730248], [46.3972653, 30.7302301], [46.3972753, 30.7303377], [46.3971872, 30.7303549], [46.3971993, 30.7304853], [46.3971742, 30.7304902], [46.397181, 30.7305625], [46.3973148, 30.7305363], [46.3973181, 30.7305721], [46.3973748, 30.730561], [46.3973523, 30.7303194], [46.3974868, 30.7302931], [46.3975114, 30.7305577], [46.3976194, 30.7305366], [46.3976025, 30.7303549], [46.3976307, 30.7303494], [46.3976215, 30.7302511], [46.3975522, 30.7302647], [46.3975432, 30.7301687], [46.39761, 30.7301556], [46.3976017, 30.7300657], [46.3975705, 30.7300718], [46.3975524, 30.7298781], [46.397447, 30.7298987]]], "df_ids": [64330]}