{"polygon": [[[46.4376459, 30.7463346], [46.4377074, 30.7465671], [46.4376098, 30.7466214], [46.4375483, 30.7463889], [46.4376459, 30.7463346]]], "df_ids": [169161]}