{"polygon": [[[46.3966302, 30.7330814], [46.3966202, 30.733023], [46.3966049, 30.7329333], [46.3972037, 30.7327189], [46.3972183, 30.7328046], [46.3972289, 30.732867], [46.3968597, 30.7329992], [46.3967579, 30.7330357], [46.3966302, 30.7330814]]], "df_ids": [75619]}