{"polygon": [[[46.4334815, 30.7620477], [46.4334007, 30.7622266], [46.4329734, 30.7618199], [46.4327825, 30.7616382], [46.4328634, 30.7614594], [46.4330588, 30.7616454], [46.4334815, 30.7620477]]], "df_ids": [67044]}