{"polygon": [[[46.3966009, 30.7279528], [46.39662, 30.7281499], [46.3967386, 30.7281257], [46.3967482, 30.7282246], [46.3969113, 30.7281913], [46.3968935, 30.7280085], [46.3967862, 30.7280304], [46.3967752, 30.7279172], [46.3966009, 30.7279528]]], "df_ids": [10919]}