{"polygon": [[[46.3965927, 30.7328685], [46.3966049, 30.7329333], [46.3966202, 30.733023], [46.3963362, 30.7331311], [46.3958515, 30.7326939], [46.3958393, 30.7326221], [46.3957826, 30.7322898], [46.3958421, 30.7322688], [46.3958955, 30.7322507], [46.3959538, 30.732602], [46.3963542, 30.7329588], [46.3965927, 30.7328685]]], "df_ids": [161365]}