{"polygon": [[[46.4415803, 30.7446199], [46.4414886, 30.7442663], [46.4414833, 30.7442523], [46.4414812, 30.7442367], [46.4414822, 30.7442223], [46.4414859, 30.7442088], [46.4414918, 30.7441978], [46.4414995, 30.7441894], [46.441509, 30.7441841], [46.4415192, 30.7441829], [46.4415292, 30.7441859], [46.4415366, 30.7441914], [46.441543, 30.7441993], [46.441548, 30.7442091], [46.4416733, 30.7441408], [46.4416729, 30.7441197], [46.4416759, 30.744099], [46.4416829, 30.7440781], [46.4416934, 30.7440605], [46.4417106, 30.7440447], [46.4417304, 30.7440377], [46.4417483, 30.7440396], [46.441765, 30.7440487], [46.4417797, 30.7440651], [46.4417905, 30.744087], [46.4418948, 30.7440318], [46.4418941, 30.7440188], [46.4418955, 30.744006], [46.4418988, 30.743994], [46.4419046, 30.7439825], [46.4419122, 30.7439735], [46.4419211, 30.7439676], [46.441934, 30.7439651], [46.4419467, 30.743969], [46.4419578, 30.7439788], [46.4419646, 30.7439901], [46.4419691, 30.7440035], [46.441971, 30.7440182], [46.4419707, 30.7440282], [46.4419692, 30.7440378], [46.4420477, 30.7443309], [46.4419599, 30.7443829], [46.4419077, 30.7441873], [46.4418176, 30.7442327], [46.441877, 30.7444621], [46.4417624, 30.7445233], [46.441703, 30.7442944], [46.441618, 30.74434], [46.4416781, 30.7445642], [46.4416686, 30.744571], [46.4415928, 30.7446124], [46.4415803, 30.7446199]]], "df_ids": [33668]}