{"polygon": [[[46.4412467, 30.7406017], [46.441328, 30.7409209], [46.4412993, 30.7409353], [46.4415203, 30.7418195], [46.4415018, 30.7418329], [46.4415692, 30.7420886], [46.4421579, 30.7417685], [46.4421754, 30.7418526], [46.4423658, 30.7417507], [46.4423446, 30.7416746], [46.4429379, 30.7413528], [46.4428787, 30.741114], [46.4428603, 30.7411248], [46.4426301, 30.7402486], [46.4424592, 30.7403496], [46.4426754, 30.7412186], [46.4422466, 30.741452], [46.4422245, 30.7413608], [46.4422725, 30.7413286], [46.442107, 30.7406724], [46.4421284, 30.7406607], [46.4421052, 30.7405571], [46.4420737, 30.7405732], [46.4419454, 30.740068], [46.4417799, 30.7401628], [46.4419029, 30.7406688], [46.4419869, 30.7406188], [46.4420064, 30.7406983], [46.4418945, 30.7407663], [46.4420922, 30.7415334], [46.4417022, 30.7417346], [46.4414389, 30.7407224], [46.441462, 30.74071], [46.4414445, 30.7406393], [46.4414231, 30.740651], [46.4413798, 30.7405079], [46.4412467, 30.7406017]]], "df_ids": [6300]}