{"polygon": [[[46.4041922, 30.7108451], [46.40417, 30.711006], [46.4037816, 30.7108719], [46.4038038, 30.7107217], [46.4041922, 30.7108451]]], "df_ids": [89246]}