{"polygon": [[[46.4048811, 30.7125064], [46.4049073, 30.712688], [46.4050156, 30.7126516], [46.4048226, 30.7112367], [46.4047073, 30.7112764], [46.4048811, 30.7125064]]], "df_ids": [89244]}