{"polygon": [[[46.4314933, 30.7447833], [46.4315699, 30.7446462], [46.431375, 30.7444173], [46.4312985, 30.7445544], [46.4314933, 30.7447833]]], "df_ids": [166114]}