{"polygon": [[[46.4037851, 30.7118424], [46.4038426, 30.7122479], [46.4035821, 30.7123255], [46.4035247, 30.71192], [46.4037851, 30.7118424]]], "df_ids": [89550]}