{"polygon": [[[46.5933854, 30.8012539], [46.5933036, 30.8011503], [46.5929961, 30.8016649], [46.5930417, 30.8017226], [46.5928849, 30.8019851], [46.5929619, 30.8020826], [46.5931172, 30.8018226], [46.5930764, 30.8017709], [46.5933854, 30.8012539]]], "df_ids": [90763]}