{"polygon": [[[46.3864952, 30.7255986], [46.3862472, 30.7255514], [46.3862357, 30.7256783], [46.3861701, 30.7256658], [46.3861413, 30.725985], [46.3862607, 30.7260077], [46.3862853, 30.725736], [46.3864794, 30.7257729], [46.3864952, 30.7255986]]], "df_ids": [195479]}