{"polygon": [[[46.4553466, 30.727854], [46.4552492, 30.727882], [46.4552715, 30.7280455], [46.4552266, 30.7280584], [46.4552439, 30.7281848], [46.4552893, 30.7281717], [46.4553033, 30.728274], [46.4554003, 30.7282461], [46.4553466, 30.727854]]], "df_ids": [7970]}