{"polygon": [[[46.4377682, 30.7339196], [46.4378722, 30.7339337], [46.4378516, 30.7342531], [46.4377476, 30.734239], [46.4377682, 30.7339196]]], "df_ids": [63975]}