{"polygon": [[[46.4012721, 30.7254726], [46.4011495, 30.7255058], [46.4013159, 30.7267963], [46.4014385, 30.726763], [46.4012721, 30.7254726]]], "df_ids": [80728]}