{"polygon": [[[46.3850935, 30.7215141], [46.3849197, 30.7214727], [46.38493, 30.7213813], [46.3848274, 30.7213569], [46.3848501, 30.721156], [46.3850274, 30.7211982], [46.3850147, 30.7213103], [46.3851139, 30.7213339], [46.3850935, 30.7215141]]], "df_ids": [11100]}