{"polygon": [[[46.4007075, 30.7274313], [46.4002492, 30.7275535], [46.4002709, 30.7277241], [46.4003044, 30.7279887], [46.4004277, 30.7279558], [46.4003941, 30.7276912], [46.4007291, 30.7276019], [46.4007075, 30.7274313]]], "df_ids": [83649]}