{"polygon": [[[46.3984126, 30.7220684], [46.3983076, 30.7220903], [46.3982925, 30.7219381], [46.3982661, 30.7216717], [46.398238, 30.7213881], [46.3982081, 30.7210866], [46.3981528, 30.7210981], [46.3981358, 30.720927], [46.3982962, 30.7208936], [46.3984126, 30.7220684]]], "df_ids": [74041]}