{"polygon": [[[46.4120681, 30.7329485], [46.4122473, 30.7319292], [46.4123475, 30.7319691], [46.412363, 30.731972], [46.4121838, 30.7329913], [46.4120681, 30.7329485]]], "df_ids": [63135]}