{"polygon": [[[46.4125082, 30.7331117], [46.4123917, 30.7330718], [46.4121766, 30.7343934], [46.4122931, 30.7344333], [46.4125082, 30.7331117]]], "df_ids": [63134]}