{"polygon": [[[46.437417, 30.7401498], [46.4374837, 30.7394421], [46.4381606, 30.7395764], [46.4381147, 30.7400643], [46.4379816, 30.7400379], [46.4380073, 30.7397659], [46.4376484, 30.7396947], [46.4376021, 30.7401865], [46.437417, 30.7401498]]], "df_ids": [74937]}