{"polygon": [[[46.4014971, 30.7271308], [46.4013896, 30.7271619], [46.4015499, 30.7283242], [46.4016574, 30.728293], [46.4014971, 30.7271308]]], "df_ids": [89237]}