{"polygon": [[[46.4393375, 30.7335879], [46.4391434, 30.7335534], [46.4391574, 30.7333878], [46.4393515, 30.7334223], [46.4393375, 30.7335879]]], "df_ids": [151880]}