{"polygon": [[[46.4379076, 30.7324561], [46.4374236, 30.7323526], [46.4374566, 30.7320266], [46.4374199, 30.7320187], [46.4374409, 30.7318123], [46.4374756, 30.7318198], [46.4375071, 30.7315094], [46.4376605, 30.7315422], [46.4379881, 30.7316123], [46.4379705, 30.7317851], [46.4377732, 30.731743], [46.4377765, 30.7317107], [46.4376209, 30.7316775], [46.4376072, 30.7318123], [46.4376594, 30.7318234], [46.4376536, 30.7318807], [46.4376348, 30.7320656], [46.4376333, 30.7320812], [46.4375767, 30.7320691], [46.4375614, 30.7322209], [46.4379236, 30.7322982], [46.4379076, 30.7324561]]], "df_ids": [26966]}