{"polygon": [[[46.4118153, 30.7348749], [46.411613, 30.7348057], [46.411521, 30.7353694], [46.4116387, 30.7354119], [46.4117072, 30.7349887], [46.4117907, 30.7350188], [46.4118153, 30.7348749]]], "df_ids": [63132]}