{"polygon": [[[46.3974267, 30.7215625], [46.3974467, 30.721753], [46.3974763, 30.7220348], [46.3975088, 30.7223437], [46.39754, 30.7226401], [46.3975589, 30.72282], [46.397431, 30.7228483], [46.3972989, 30.7215908], [46.3974267, 30.7215625]]], "df_ids": [76724]}