{"polygon": [[[46.410765, 30.730617], [46.4108579, 30.7300661], [46.410991, 30.7301098], [46.4109703, 30.7302348], [46.4109251, 30.7305068], [46.4108991, 30.7306638], [46.410765, 30.730617]]], "df_ids": [63136]}