{"polygon": [[[46.3981439, 30.7211065], [46.3981258, 30.7209329], [46.3979952, 30.7209614], [46.3977944, 30.7210053], [46.3975826, 30.7210516], [46.3974026, 30.7210909], [46.3973004, 30.7211132], [46.3973184, 30.7212869], [46.3981439, 30.7211065]]], "df_ids": [74042]}