{"polygon": [[[46.4116478, 30.7322439], [46.4116245, 30.7324089], [46.4114193, 30.7323444], [46.4114451, 30.7321729], [46.4116478, 30.7322439]]], "df_ids": [63149]}