{"polygon": [[[46.4384698, 30.7375631], [46.4384879, 30.7373647], [46.4378915, 30.7372327], [46.4378712, 30.7374397], [46.4384698, 30.7375631]]], "df_ids": [74941]}