{"polygon": [[[46.4375891, 30.7386039], [46.4375607, 30.7388989], [46.4381087, 30.7390102], [46.4381371, 30.7387152], [46.4375891, 30.7386039]]], "df_ids": [74939]}