{"polygon": [[[46.4019237, 30.7188315], [46.4020542, 30.7187936], [46.4020271, 30.7185971], [46.4019886, 30.7183183], [46.4019471, 30.7180179], [46.4019091, 30.717743], [46.4018842, 30.7175628], [46.4017536, 30.7176007], [46.4019237, 30.7188315]]], "df_ids": [80381]}