{"polygon": [[[46.3881965, 30.72248], [46.3883311, 30.7213552], [46.3882183, 30.7213269], [46.3880664, 30.7225972], [46.3881249, 30.7226119], [46.3881226, 30.7226307], [46.3881767, 30.7226443], [46.3881965, 30.72248]]], "df_ids": [58267]}