{"polygon": [[[46.3869251, 30.7268598], [46.386941, 30.7266905], [46.3864762, 30.7265988], [46.3864604, 30.7267681], [46.3869251, 30.7268598]]], "df_ids": [90776]}