{"polygon": [[[46.4031728, 30.7276268], [46.4032471, 30.7272002], [46.4029843, 30.7271039], [46.4030125, 30.7269416], [46.4033154, 30.7270525], [46.4036627, 30.7271797], [46.4036335, 30.7273474], [46.4033616, 30.7272479], [46.4032878, 30.7276715], [46.4035659, 30.7277733], [46.4035374, 30.7279366], [46.4029192, 30.7277103], [46.4029481, 30.7275445], [46.4031728, 30.7276268]]], "df_ids": [74062]}