{"polygon": [[[46.3993093, 30.7182323], [46.3991734, 30.7182705], [46.3992183, 30.7186058], [46.3993392, 30.7195094], [46.399475, 30.7194712], [46.3994521, 30.7192999], [46.3994149, 30.7190215], [46.3993749, 30.7187231], [46.3993393, 30.7184567], [46.3993093, 30.7182323]]], "df_ids": [61821]}