{"polygon": [[[46.4003052, 30.7197186], [46.400328, 30.7197125], [46.4011577, 30.7194873], [46.4011343, 30.7193062], [46.4010023, 30.7193421], [46.4008549, 30.7193821], [46.400698, 30.7194246], [46.4004816, 30.7194834], [46.4002804, 30.7195379], [46.4002856, 30.7195758], [46.4003052, 30.7197186]]], "df_ids": [80378]}