{"polygon": [[[46.4037604, 30.7261476], [46.403679, 30.7256629], [46.4035735, 30.7257002], [46.4036549, 30.7261849], [46.4037604, 30.7261476]]], "df_ids": [76999]}