{"polygon": [[[46.4129671, 30.7233672], [46.4129297, 30.723373], [46.4128587, 30.7233847], [46.4128642, 30.7234742], [46.412845, 30.7234766], [46.4128593, 30.7237218], [46.4128808, 30.7237192], [46.4128862, 30.7238122], [46.4128179, 30.7238205], [46.4128232, 30.7239113], [46.4127877, 30.7239156], [46.4127913, 30.7239758], [46.4127963, 30.7240639], [46.4129866, 30.7240407], [46.4129806, 30.7239366], [46.4130025, 30.7239339], [46.4129852, 30.7236362], [46.413013, 30.7236328], [46.4130106, 30.7235919], [46.4129939, 30.7235939], [46.4129907, 30.7235388], [46.4129797, 30.7235402], [46.4129671, 30.7233672]]], "df_ids": [75028]}