{"polygon": [[[46.4407166, 30.7277636], [46.4407636, 30.7273811], [46.4409043, 30.7274175], [46.4408574, 30.7278], [46.4407166, 30.7277636]]], "df_ids": [256728]}