{"polygon": [[[46.4085576, 30.7319112], [46.4085434, 30.7319893], [46.4085273, 30.7320781], [46.4081279, 30.7319258], [46.4081745, 30.7316692], [46.4082839, 30.7317109], [46.4082677, 30.7318006], [46.4083541, 30.7318336], [46.4084843, 30.7318832], [46.4085576, 30.7319112]]], "df_ids": [63140]}