{"polygon": [[[46.4371141, 30.7358817], [46.4370114, 30.7358572], [46.4369824, 30.7361133], [46.4372869, 30.736186], [46.4373048, 30.736028], [46.437103, 30.7359798], [46.4371141, 30.7358817]]], "df_ids": [74501]}