{"polygon": [[[46.3866864, 30.7205966], [46.3864698, 30.7196519], [46.3865933, 30.7195905], [46.3868108, 30.7205365], [46.3866864, 30.7205966]]], "df_ids": [90782]}