{"polygon": [[[46.4054455, 30.7222201], [46.4048275, 30.7223881], [46.4048028, 30.722207], [46.4054189, 30.7220362], [46.4054455, 30.7222201]]], "df_ids": [89275]}