{"polygon": [[[46.4387575, 30.7391905], [46.4386243, 30.7391572], [46.4386578, 30.7388756], [46.4387909, 30.7389088], [46.4387575, 30.7391905]]], "df_ids": [151072]}