{"polygon": [[[46.4032613, 30.7252653], [46.4028426, 30.7255649], [46.4028228, 30.7255067], [46.4027892, 30.725408], [46.4032079, 30.7251084], [46.4032188, 30.7251403], [46.4032613, 30.7252653]]], "df_ids": [45212]}