{"polygon": [[[46.4020033, 30.7288855], [46.4029057, 30.7291492], [46.4029273, 30.7289935], [46.4020249, 30.7287299], [46.4020033, 30.7288855]]], "df_ids": [89238]}