{"polygon": [[[46.434838, 30.73362], [46.4347474, 30.7335238], [46.435024, 30.7329761], [46.4351145, 30.7330724], [46.434838, 30.73362]]], "df_ids": [64033]}