{"polygon": [[[46.4368311, 30.7330959], [46.4365228, 30.7330337], [46.4365388, 30.7328659], [46.4368471, 30.7329281], [46.4368311, 30.7330959]]], "df_ids": [74502]}