{"polygon": [[[46.4316707, 30.7421781], [46.4315236, 30.7424371], [46.4309973, 30.7418081], [46.4312676, 30.741332], [46.4314167, 30.7415102], [46.4313273, 30.7416677], [46.4312785, 30.7416094], [46.4311788, 30.7417851], [46.4315105, 30.7421816], [46.4315765, 30.7420655], [46.4316707, 30.7421781]]], "df_ids": [151045]}