{"polygon": [[[46.3867984, 30.7251127], [46.386816, 30.7249407], [46.3863473, 30.7248396], [46.3863296, 30.7250116], [46.3867984, 30.7251127]]], "df_ids": [90778]}