{"polygon": [[[46.436928, 30.7367228], [46.4370301, 30.7367435], [46.4370381, 30.7366607], [46.4372323, 30.7367002], [46.4372451, 30.7365676], [46.4369488, 30.7365073], [46.436928, 30.7367228]]], "df_ids": [74499]}