{"polygon": [[[46.4027592, 30.7267021], [46.4027369, 30.7265323], [46.4031888, 30.7264076], [46.4031753, 30.726305], [46.4036301, 30.7261795], [46.403652, 30.7263463], [46.4031975, 30.7264717], [46.4032114, 30.7265774], [46.4027592, 30.7267021]]], "df_ids": [89261]}