{"polygon": [[[46.4045849, 30.7300289], [46.4046092, 30.7301968], [46.4042193, 30.7303095], [46.4042295, 30.730136], [46.4045849, 30.7300289]]], "df_ids": [77002]}