{"polygon": [[[46.451612, 30.7340365], [46.4516526, 30.7338222], [46.4517997, 30.7338811], [46.4518331, 30.7337055], [46.4516072, 30.7336206], [46.4515501, 30.7336709], [46.4514879, 30.7339868], [46.451612, 30.7340365]]], "df_ids": [27066]}