{"polygon": [[[46.4126994, 30.7346817], [46.4125602, 30.7346601], [46.4125378, 30.7349631], [46.4126083, 30.7349741], [46.4125875, 30.7352554], [46.412658, 30.7352665], [46.4126354, 30.7355719], [46.4127515, 30.73559], [46.4127778, 30.7352361], [46.4127322, 30.7352289], [46.4127519, 30.734963], [46.4126794, 30.7349517], [46.4126994, 30.7346817]]], "df_ids": [160148]}