{"polygon": [[[46.3869484, 30.7239881], [46.3870639, 30.7240141], [46.3871254, 30.7234406], [46.3870099, 30.7234145], [46.3869484, 30.7239881]]], "df_ids": [127956]}