{"polygon": [[[46.4334009, 30.7271571], [46.4333781, 30.7269979], [46.4339672, 30.7268204], [46.43399, 30.7269796], [46.4334009, 30.7271571]]], "df_ids": [40077]}