{"polygon": [[[46.4114451, 30.7321729], [46.4114193, 30.7323444], [46.4111385, 30.7322573], [46.4109513, 30.732197], [46.4109793, 30.7320277], [46.4111629, 30.7320828], [46.4114451, 30.7321729]]], "df_ids": [63148]}