{"polygon": [[[46.4116712, 30.7295608], [46.4117886, 30.7296041], [46.4117729, 30.7296936], [46.4119392, 30.7297549], [46.4119715, 30.7295708], [46.4118657, 30.7295319], [46.4118826, 30.7294355], [46.4117047, 30.7293698], [46.4116712, 30.7295608]]], "df_ids": [10948]}