{"polygon": [[[46.4007942, 30.7312795], [46.4007713, 30.7311236], [46.4007973, 30.7311155], [46.4007938, 30.7310919], [46.4008413, 30.7310772], [46.4008337, 30.7310251], [46.4008091, 30.7310327], [46.4007896, 30.7309], [46.4008957, 30.7308673], [46.4009011, 30.730904], [46.4009144, 30.7308999], [46.4009274, 30.7309888], [46.4009099, 30.7309942], [46.4009178, 30.7310481], [46.4010434, 30.7310094], [46.4010458, 30.7310255], [46.4010718, 30.7310174], [46.4010734, 30.7310283], [46.4011162, 30.7310151], [46.4011137, 30.7309984], [46.4011472, 30.730988], [46.4011437, 30.7309645], [46.4012024, 30.7309464], [46.4012271, 30.7311149], [46.4012015, 30.7311228], [46.4012045, 30.7311435], [46.401148, 30.7311609], [46.4011577, 30.7312266], [46.4011911, 30.7312163], [46.4012047, 30.7313086], [46.4012007, 30.7313098], [46.4012046, 30.7313364], [46.401096, 30.7313699], [46.4010796, 30.7312583], [46.4010976, 30.7312527], [46.401087, 30.7311801], [46.4009581, 30.7312199], [46.4009557, 30.7312036], [46.4009218, 30.7312141], [46.4009202, 30.7312033], [46.4008821, 30.731215], [46.400884, 30.731228], [46.4008517, 30.731238], [46.400855, 30.7312608], [46.4008318, 30.7312679], [46.4007942, 30.7312795]]], "df_ids": [75452]}