{"polygon": [[[46.3986509, 30.7126519], [46.3986182, 30.7123911], [46.3987512, 30.7123561], [46.3987424, 30.7122857], [46.3988411, 30.7122597], [46.3988222, 30.7121091], [46.3989861, 30.7120658], [46.3989605, 30.7118621], [46.3990416, 30.7118407], [46.399029, 30.7117403], [46.3991605, 30.7117056], [46.3992097, 30.7120974], [46.3989955, 30.7121538], [46.3990156, 30.712314], [46.3990449, 30.712548], [46.3986509, 30.7126519]]], "df_ids": [63197]}