{"polygon": [[[46.4514673, 30.7356235], [46.4513106, 30.7355607], [46.4515292, 30.7344115], [46.4516859, 30.7344743], [46.4514673, 30.7356235]]], "df_ids": [27067]}