{"polygon": [[[46.4018229, 30.7294934], [46.4017155, 30.7295246], [46.4015499, 30.7283242], [46.4016574, 30.728293], [46.4018229, 30.7294934]]], "df_ids": [89236]}