{"polygon": [[[46.397542, 30.7200618], [46.3972166, 30.7201336], [46.3972349, 30.7203077], [46.397387, 30.7202741], [46.3974092, 30.7204857], [46.397255, 30.7205198], [46.3972733, 30.7206939], [46.3974448, 30.7206561], [46.3975994, 30.720622], [46.3975813, 30.7204504], [46.3974781, 30.7204731], [46.3974559, 30.7202622], [46.3975606, 30.7202391], [46.397542, 30.7200618]]], "df_ids": [64025]}