{"polygon": [[[46.3997364, 30.7125021], [46.3995454, 30.7123789], [46.3995949, 30.7122175], [46.3997842, 30.7123395], [46.3997621, 30.7124116], [46.4000563, 30.7126014], [46.4000065, 30.7127636], [46.3997141, 30.712575], [46.3997364, 30.7125021]]], "df_ids": [89265]}