{"polygon": [[[46.3870613, 30.7268901], [46.3870797, 30.7267284], [46.3871545, 30.7267463], [46.3872409, 30.7259885], [46.3871634, 30.7259699], [46.3871826, 30.7258023], [46.3873675, 30.7258466], [46.3872436, 30.7269338], [46.3870613, 30.7268901]]], "df_ids": [90781]}