{"polygon": [[[46.43883, 30.7364987], [46.4386476, 30.7364687], [46.4386629, 30.736272], [46.4388454, 30.736302], [46.43883, 30.7364987]]], "df_ids": [220672]}