{"polygon": [[[46.3864604, 30.7267681], [46.3864762, 30.7265988], [46.3861992, 30.7265441], [46.3862441, 30.7260662], [46.3861245, 30.7260426], [46.3860637, 30.7266899], [46.3864604, 30.7267681]]], "df_ids": [90777]}