{"polygon": [[[46.3862091, 30.7240159], [46.3862691, 30.7235555], [46.3864467, 30.7232444], [46.3866169, 30.7230941], [46.3867945, 30.7230727], [46.3871571, 30.7231585], [46.3871254, 30.7234406], [46.3870099, 30.7234145], [46.3870179, 30.7232957], [46.3867945, 30.7232336], [46.3866613, 30.7232658], [46.3865577, 30.7233624], [46.3864689, 30.7235126], [46.3864023, 30.7237164], [46.3863579, 30.7239525], [46.3863484, 30.7240466], [46.3863025, 30.7240361], [46.3862091, 30.7240159]]], "df_ids": [151041]}