{"polygon": [[[46.4268495, 30.726169], [46.4267242, 30.7259941], [46.4267941, 30.7258889], [46.4269193, 30.7260638], [46.4268495, 30.726169]]], "df_ids": [151043]}