{"polygon": [[[46.40863, 30.7323123], [46.4085271, 30.7322785], [46.4084373, 30.7328523], [46.4084887, 30.7328692], [46.4085402, 30.7328861], [46.40863, 30.7323123]]], "df_ids": [70962]}