{"polygon": [[[46.4008095, 30.7282424], [46.4003493, 30.7283653], [46.4003711, 30.7285376], [46.4004045, 30.7288003], [46.4005292, 30.728767], [46.4004959, 30.7285043], [46.4008314, 30.7284147], [46.4008095, 30.7282424]]], "df_ids": [83648]}