{"polygon": [[[46.3934957, 30.7271092], [46.3936768, 30.7271111], [46.3936778, 30.7269038], [46.3938197, 30.7269054], [46.3938183, 30.7271915], [46.3939213, 30.7271926], [46.3939226, 30.7269267], [46.3938788, 30.7269262], [46.3938794, 30.7267949], [46.3939313, 30.7267955], [46.3939327, 30.726515], [46.3937959, 30.7265136], [46.3937945, 30.7267952], [46.3937033, 30.7267942], [46.3937045, 30.7265676], [46.3934993, 30.7265654], [46.3934979, 30.7268501], [46.3935972, 30.7268511], [46.393597, 30.726888], [46.3934968, 30.726887], [46.3934957, 30.7271092]]], "df_ids": [64328]}