{"polygon": [[[46.4099559, 30.7341498], [46.409991, 30.7339594], [46.4094002, 30.7337457], [46.4093658, 30.7339432], [46.4099559, 30.7341498]]], "df_ids": [70968]}