{"polygon": [[[46.4081204, 30.7310914], [46.4081438, 30.7309515], [46.4081834, 30.7307147], [46.4082372, 30.7303936], [46.4082939, 30.7304136], [46.408302, 30.7303478], [46.4083179, 30.7302568], [46.4081649, 30.730205], [46.4080547, 30.730864], [46.4080225, 30.731057], [46.4081068, 30.7310866], [46.4081204, 30.7310914]]], "df_ids": [63147]}