{"polygon": [[[46.4116387, 30.7354119], [46.411521, 30.7353694], [46.4114611, 30.7357552], [46.4115499, 30.7359269], [46.4118044, 30.7360063], [46.411831, 30.735841], [46.4115833, 30.735761], [46.4116387, 30.7354119]]], "df_ids": [63131]}