{"polygon": [[[46.400045, 30.7178449], [46.4000207, 30.7176719], [46.4001349, 30.7176349], [46.4001405, 30.7176676], [46.4001672, 30.7176591], [46.4001851, 30.7176534], [46.4001807, 30.7176201], [46.4003236, 30.7175738], [46.4003277, 30.7176078], [46.4003503, 30.7176006], [46.4003725, 30.7175935], [46.4003684, 30.7175592], [46.4005216, 30.7175096], [46.400526, 30.7175444], [46.4005524, 30.7175359], [46.4005792, 30.7175274], [46.4005748, 30.7174924], [46.4007163, 30.7174465], [46.4007213, 30.717482], [46.4007454, 30.7174742], [46.4007685, 30.7174668], [46.4007647, 30.7174309], [46.4008761, 30.7173943], [46.4009036, 30.7175923], [46.400045, 30.7178449]]], "df_ids": [80376]}