{"polygon": [[[46.4017447, 30.7173462], [46.4009036, 30.7175923], [46.4008761, 30.7173943], [46.4009758, 30.7173652], [46.4009807, 30.7174006], [46.4010034, 30.717394], [46.4010363, 30.7173843], [46.4010317, 30.7173508], [46.4011687, 30.7173082], [46.4011735, 30.7173426], [46.401202, 30.7173368], [46.4012354, 30.7173256], [46.4012307, 30.7172923], [46.4013607, 30.7172557], [46.4013655, 30.7172903], [46.4013928, 30.7172825], [46.4014201, 30.7172747], [46.4014152, 30.7172397], [46.4015528, 30.7171995], [46.4015577, 30.7172347], [46.4015803, 30.7172281], [46.4016045, 30.717221], [46.4015995, 30.7171851], [46.4017175, 30.7171506], [46.4017447, 30.7173462]]], "df_ids": [80377]}