{"polygon": [[[46.3938148, 30.7336253], [46.3938182, 30.7336876], [46.393823, 30.733784], [46.3935434, 30.7338151], [46.3931267, 30.7332981], [46.3931238, 30.7332354], [46.3931079, 30.7328823], [46.3931536, 30.7328781], [46.3932192, 30.7328743], [46.3932358, 30.7332223], [46.3935776, 30.7336494], [46.3938148, 30.7336253]]], "df_ids": [161366]}