{"polygon": [[[46.4091198, 30.7306416], [46.408302, 30.7303478], [46.4083179, 30.7302568], [46.4083263, 30.7301993], [46.4084457, 30.7302429], [46.4086413, 30.7303102], [46.4088496, 30.7303835], [46.4090641, 30.730459], [46.4091485, 30.7304887], [46.4091198, 30.7306416]]], "df_ids": [63146]}