{"polygon": [[[46.4531125, 30.7479], [46.4533784, 30.7484659], [46.4532463, 30.7485968], [46.4529803, 30.7480308], [46.4531125, 30.7479]]], "df_ids": [140102]}