{"polygon": [[[46.4089017, 30.7359549], [46.4088229, 30.7354072], [46.409021, 30.7353472], [46.4090484, 30.7355375], [46.4091623, 30.735503], [46.4091229, 30.7352291], [46.4092356, 30.735195], [46.4092638, 30.7353905], [46.4092913, 30.7353822], [46.4093048, 30.7354756], [46.4092772, 30.735484], [46.4092922, 30.7355879], [46.4093214, 30.7355791], [46.4093354, 30.7356763], [46.4093062, 30.7356852], [46.4093295, 30.7358475], [46.4092261, 30.7358788], [46.4091877, 30.7356122], [46.4090568, 30.7356519], [46.4090921, 30.7358972], [46.4089017, 30.7359549]]], "df_ids": [64402]}