{"polygon": [[[46.4122329, 30.7319236], [46.4122473, 30.7319292], [46.4123475, 30.7319691], [46.412393, 30.7316893], [46.4123517, 30.731674], [46.4124048, 30.7313719], [46.4123559, 30.7313537], [46.4124044, 30.7310775], [46.4122871, 30.7310341], [46.4122359, 30.7313252], [46.4122856, 30.7313436], [46.4122358, 30.7316268], [46.412282, 30.7316439], [46.4122329, 30.7319236]]], "df_ids": [63130]}