{"polygon": [[[46.3868927, 30.7259051], [46.3868841, 30.725981], [46.3867715, 30.7259541], [46.3867993, 30.7257105], [46.3871826, 30.7258023], [46.3871634, 30.7259699], [46.3868927, 30.7259051]]], "df_ids": [90780]}