{"polygon": [[[46.4546782, 30.7284158], [46.4546932, 30.7282394], [46.4547605, 30.7282514], [46.454871, 30.7282713], [46.45493, 30.7282819], [46.454915, 30.7284584], [46.4546782, 30.7284158]]], "df_ids": [127236]}