{"polygon": [[[46.4537725, 30.7292701], [46.453702, 30.7292583], [46.4536558, 30.7292496], [46.4536413, 30.7294109], [46.4538046, 30.7294418], [46.4538114, 30.7293669], [46.4538193, 30.729279], [46.4537725, 30.7292701]]], "df_ids": [127235]}