{"polygon": [[[46.4005976, 30.7303718], [46.4005638, 30.7301006], [46.4005427, 30.7299311], [46.401004, 30.72981], [46.4010252, 30.7299795], [46.4006831, 30.7300693], [46.4007169, 30.7303405], [46.4005976, 30.7303718]]], "df_ids": [83647]}