{"polygon": [[[46.4085658, 30.731241], [46.408958, 30.7313654], [46.4089802, 30.7312209], [46.4088593, 30.7311824], [46.4086763, 30.7311244], [46.4085876, 30.7310963], [46.4085658, 30.731241]]], "df_ids": [63144, 63145]}