{"polygon": [[[46.4056296, 30.7224336], [46.4055841, 30.7220918], [46.4057229, 30.7220453], [46.4057363, 30.7221193], [46.4057927, 30.7220676], [46.4059158, 30.7220291], [46.4059606, 30.7220493], [46.4059535, 30.7219853], [46.4060636, 30.7219488], [46.4060738, 30.7220007], [46.4061092, 30.7222817], [46.406114, 30.7223148], [46.4060008, 30.7223503], [46.4059851, 30.7222595], [46.4057687, 30.7223192], [46.4057777, 30.7224008], [46.4056296, 30.7224336]]], "df_ids": [74382]}