{"polygon": [[[46.4109957, 30.7313682], [46.4108819, 30.7313283], [46.4107615, 30.7321378], [46.4109513, 30.732197], [46.4109793, 30.7320277], [46.4109051, 30.7320024], [46.4109957, 30.7313682]]], "df_ids": [63150]}