{"polygon": [[[46.454219, 30.7295665], [46.4542168, 30.7295946], [46.4541732, 30.7295875], [46.4541237, 30.7295794], [46.4541415, 30.7293497], [46.4542346, 30.7293649], [46.4542321, 30.7293968], [46.4545221, 30.7294443], [46.4545241, 30.7294183], [46.4546221, 30.7294344], [46.4546065, 30.7296356], [46.4545844, 30.729632], [46.4545766, 30.729733], [46.4545686, 30.7298357], [46.4545601, 30.7299451], [46.4545815, 30.7299486], [46.4545659, 30.7301495], [46.4544709, 30.730134], [46.4544731, 30.7301056], [46.454178, 30.7300573], [46.4541757, 30.7300859], [46.4540838, 30.7300709], [46.4541019, 30.7298379], [46.4541948, 30.729853], [46.4541926, 30.7298817], [46.4544552, 30.7299246], [46.4544797, 30.7296091], [46.454219, 30.7295665]]], "df_ids": [29487]}