{"polygon": [[[46.3853391, 30.721912], [46.3853648, 30.7216855], [46.3852451, 30.721657], [46.3852569, 30.721553], [46.3850935, 30.7215141], [46.3850694, 30.7217266], [46.3851811, 30.7217532], [46.3851677, 30.7218712], [46.3853391, 30.721912]]], "df_ids": [11099]}