{"polygon": [[[46.3873264, 30.7202616], [46.3872554, 30.7202444], [46.3872345, 30.720426], [46.3873505, 30.7204541], [46.3873629, 30.7203467], [46.3874956, 30.7203789], [46.3875105, 30.7202501], [46.3874194, 30.720228], [46.3874622, 30.7198568], [46.3875592, 30.7198803], [46.3875797, 30.7197031], [46.3874489, 30.7196714], [46.3874613, 30.7195636], [46.3872973, 30.7195239], [46.3872599, 30.7198487], [46.3873462, 30.7198697], [46.3873394, 30.7199289], [46.3872703, 30.7199122], [46.3872521, 30.7200704], [46.3873458, 30.7200931], [46.3873264, 30.7202616]]], "df_ids": [64331]}