{"polygon": [[[46.4089291, 30.7321363], [46.4085434, 30.7319893], [46.4085576, 30.7319112], [46.408576, 30.7318094], [46.4086985, 30.7318561], [46.4088765, 30.731924], [46.4089617, 30.7319564], [46.4089291, 30.7321363]]], "df_ids": [63141]}