{"polygon": [[[46.4032707, 30.7241297], [46.4033783, 30.7241049], [46.4033029, 30.7234171], [46.4031953, 30.7234419], [46.4032707, 30.7241297]]], "df_ids": [76759]}