{"polygon": [[[46.4378775, 30.7372227], [46.4377531, 30.7371938], [46.4375983, 30.7385952], [46.4377228, 30.7386242], [46.4378775, 30.7372227]]], "df_ids": [74940]}