{"polygon": [[[46.4119093, 30.7313736], [46.4117965, 30.7313361], [46.4116478, 30.7322439], [46.4116245, 30.7324089], [46.4117354, 30.7324465], [46.4119093, 30.7313736]]], "df_ids": [58261]}