{"polygon": [[[46.4001476, 30.7258813], [46.4000377, 30.7259087], [46.4001772, 30.7270839], [46.400287, 30.7270565], [46.4001476, 30.7258813]]], "df_ids": [42219]}