{"polygon": [[[46.3989671, 30.7268682], [46.3985516, 30.726968], [46.3985323, 30.7267989], [46.3989465, 30.7266995], [46.3989551, 30.7267746], [46.3989719, 30.7267706], [46.3989781, 30.7268242], [46.3989625, 30.7268279], [46.3989671, 30.7268682]]], "df_ids": [42223]}