{"polygon": [[[46.4017744, 30.7273369], [46.4017527, 30.7271759], [46.4022138, 30.7270449], [46.4022008, 30.7269488], [46.4026598, 30.7268185], [46.4026826, 30.726987], [46.4022244, 30.7271171], [46.4022364, 30.7272058], [46.4017744, 30.7273369]]], "df_ids": [89262]}