{"polygon": [[[46.3969449, 30.7092725], [46.3962992, 30.7093852], [46.3961409, 30.7091923], [46.3961874, 30.7088933], [46.3962138, 30.7087162], [46.3962543, 30.708449], [46.3963361, 30.7083312], [46.3965497, 30.7084775], [46.3965827, 30.7085177], [46.3968626, 30.7088588], [46.3970028, 30.7091646], [46.3969449, 30.7092725]]], "df_ids": [26983]}