{"polygon": [[[46.3888319, 30.7205075], [46.388772, 30.7204896], [46.3887476, 30.7206615], [46.3888468, 30.7206911], [46.3888623, 30.7205816], [46.3890095, 30.7206256], [46.3890199, 30.7205529], [46.3889282, 30.7205255], [46.388988, 30.7201041], [46.3891245, 30.7201448], [46.3891471, 30.7199854], [46.3890492, 30.7199561], [46.3890626, 30.7198614], [46.3888437, 30.719796], [46.3887987, 30.7201132], [46.3888749, 30.720136], [46.3888689, 30.7201783], [46.3887889, 30.7201544], [46.3887592, 30.720363], [46.3888487, 30.7203897], [46.3888319, 30.7205075]]], "df_ids": [64332]}