{"polygon": [[[46.3985034, 30.7123762], [46.398527, 30.7123707], [46.3986957, 30.7123315], [46.3986757, 30.71215], [46.398753, 30.7121321], [46.3987288, 30.7119134], [46.3984592, 30.7119761], [46.3984645, 30.712024], [46.3985034, 30.7123762]]], "df_ids": [74540]}