{"polygon": [[[46.4092586, 30.7324907], [46.4092162, 30.7327471], [46.4091556, 30.733113], [46.4090338, 30.733071], [46.4091331, 30.7324518], [46.4092586, 30.7324907]]], "df_ids": [70966]}