{"polygon": [[[46.396818, 30.7191868], [46.396854, 30.7191282], [46.3966886, 30.7189149], [46.3966075, 30.7190471], [46.3967737, 30.7192614], [46.3967344, 30.7193253], [46.396978, 30.7196394], [46.3970623, 30.7195019], [46.396818, 30.7191868]]], "df_ids": [44477]}