{"polygon": [[[46.3890724, 30.7237704], [46.3886185, 30.7236764], [46.3886333, 30.723504], [46.3890909, 30.7236014], [46.3890724, 30.7237704]]], "df_ids": [90769]}