{"polygon": [[[46.4363891, 30.7366667], [46.4364866, 30.7366864], [46.4365105, 30.7364374], [46.4361559, 30.7363658], [46.4361423, 30.7365073], [46.4363994, 30.7365591], [46.4363891, 30.7366667]]], "df_ids": [74498]}