{"polygon": [[[46.4041172, 30.7287631], [46.405024, 30.7290998], [46.4050522, 30.7289398], [46.4041454, 30.7286031], [46.4041172, 30.7287631]]], "df_ids": [76766]}