{"polygon": [[[46.4090821, 30.7335721], [46.40907, 30.7336536], [46.409009, 30.7336321], [46.4089483, 30.7336122], [46.4090338, 30.733071], [46.4091556, 30.733113], [46.4090821, 30.7335721]]], "df_ids": [70965]}