{"polygon": [[[46.4365667, 30.7358259], [46.436295, 30.7357711], [46.4362752, 30.7359779], [46.4365469, 30.7360327], [46.4365667, 30.7358259]]], "df_ids": [74500]}