{"polygon": [[[46.4151381, 30.7217165], [46.4143583, 30.7212132], [46.4143143, 30.7213565], [46.4150941, 30.7218598], [46.4151381, 30.7217165]]], "df_ids": [78737]}