{"polygon": [[[46.4089668, 30.733863], [46.409009, 30.7336321], [46.40907, 30.7336536], [46.4091014, 30.7336643], [46.4090922, 30.7337233], [46.4093772, 30.7338295], [46.4093495, 30.7340034], [46.4089668, 30.733863]]], "df_ids": [70967]}