{"polygon": [[[46.3884728, 30.7257655], [46.3880018, 30.7256691], [46.3880178, 30.7255053], [46.3884888, 30.7256017], [46.3884728, 30.7257655]]], "df_ids": [90772]}