{"polygon": [[[46.4383113, 30.740492], [46.4382849, 30.7408014], [46.4373752, 30.7406377], [46.4374084, 30.7402497], [46.4375241, 30.7402705], [46.4375174, 30.7403491], [46.4383113, 30.740492]]], "df_ids": [74938]}