{"polygon": [[[46.4381479, 30.7387944], [46.4382514, 30.7388123], [46.4382877, 30.7383684], [46.4384299, 30.7383929], [46.438378, 30.739028], [46.4381323, 30.7389857], [46.4381479, 30.7387944]]], "df_ids": [74943]}