{"polygon": [[[46.399323, 30.712761], [46.3992316, 30.7128939], [46.399395, 30.7131301], [46.3993505, 30.7131948], [46.3995783, 30.7135242], [46.3996539, 30.7134143], [46.3994359, 30.7130991], [46.3994962, 30.7130115], [46.399323, 30.712761]]], "df_ids": [89264]}