{"polygon": [[[46.3922353, 30.7231575], [46.3921251, 30.7231366], [46.3918935, 30.7230926], [46.3917207, 30.7230598], [46.3917329, 30.7229244], [46.3917465, 30.722927], [46.3917616, 30.7227596], [46.3917918, 30.7224252], [46.3918075, 30.7222507], [46.3917615, 30.722242], [46.3916947, 30.7222293], [46.3916337, 30.7229052], [46.3916208, 30.7229028], [46.3915939, 30.723201], [46.3922206, 30.72332], [46.3922353, 30.7231575]]], "df_ids": [58266]}