{"polygon": [[[46.3891827, 30.7256813], [46.389148, 30.725893], [46.38909, 30.7258729], [46.3890948, 30.7258437], [46.3889659, 30.7257992], [46.3889797, 30.7257154], [46.3890023, 30.7257232], [46.389022, 30.7256032], [46.3891054, 30.725632], [46.3891216, 30.7255335], [46.3890342, 30.7255034], [46.3890675, 30.7253009], [46.3891805, 30.7253399], [46.3891852, 30.7253111], [46.3892379, 30.7253293], [46.3892019, 30.7255489], [46.3893315, 30.7255936], [46.3893751, 30.725328], [46.3894867, 30.7253665], [46.3894553, 30.7255576], [46.3894784, 30.7255655], [46.3894634, 30.7256568], [46.3894122, 30.7256392], [46.3893961, 30.7257376], [46.3894473, 30.7257552], [46.389433, 30.7258427], [46.3894041, 30.7258327], [46.3893729, 30.7260233], [46.3892636, 30.7259856], [46.3893066, 30.725724], [46.3891827, 30.7256813]]], "df_ids": [64333]}