{"polygon": [[[46.4345887, 30.728089], [46.4344823, 30.7281243], [46.4345892, 30.7288027], [46.4346957, 30.7287674], [46.4345887, 30.728089]]], "df_ids": [258097]}