{"polygon": [[[46.4060597, 30.7287752], [46.4056065, 30.7286078], [46.4056343, 30.7284494], [46.4060875, 30.7286168], [46.4060597, 30.7287752]]], "df_ids": [76763]}