{"polygon": [[[46.4020087, 30.7192564], [46.4019853, 30.7190753], [46.4018573, 30.7191101], [46.4017147, 30.7191488], [46.4015535, 30.7191925], [46.4013449, 30.7192491], [46.4011343, 30.7193062], [46.4011577, 30.7194873], [46.4020087, 30.7192564]]], "df_ids": [80379]}