{"polygon": [[[46.4014515, 30.7217496], [46.4006992, 30.7203904], [46.4006081, 30.7204964], [46.4013604, 30.7218556], [46.4014515, 30.7217496]]], "df_ids": [32549]}