{"polygon": [[[46.3991615, 30.7179602], [46.3992709, 30.7179317], [46.3992837, 30.7180352], [46.3994596, 30.7179892], [46.3994349, 30.7177899], [46.3993159, 30.7178209], [46.3993044, 30.717728], [46.399138, 30.7177715], [46.3991615, 30.7179602]]], "df_ids": [10938]}