{"polygon": [[[46.4083634, 30.7336704], [46.4083857, 30.7335282], [46.4084834, 30.7335604], [46.4087712, 30.733655], [46.408749, 30.7337972], [46.4083634, 30.7336704]]], "df_ids": [70964]}