{"polygon": [[[46.3933289, 30.7254038], [46.3933851, 30.7248587], [46.3935118, 30.7248862], [46.3934555, 30.7254313], [46.3933289, 30.7254038]]], "df_ids": [162254]}