{"polygon": [[[46.3981003, 30.7222825], [46.3980039, 30.7223043], [46.3979852, 30.7223084], [46.397995, 30.7224032], [46.3980086, 30.7224003], [46.3980113, 30.7224263], [46.3980141, 30.7224538], [46.3980258, 30.7224512], [46.3980312, 30.7225033], [46.3980246, 30.7225047], [46.39803, 30.7225569], [46.3980135, 30.7225605], [46.3980221, 30.7226429], [46.3980385, 30.7226393], [46.3980413, 30.7226658], [46.3980246, 30.7226694], [46.3980273, 30.7226962], [46.3980337, 30.7227582], [46.3980505, 30.7227545], [46.3980628, 30.722752], [46.3980697, 30.7228189], [46.3979861, 30.722836], [46.3980037, 30.7230182], [46.3980667, 30.7230054], [46.3980638, 30.7229755], [46.3980989, 30.7229684], [46.3980979, 30.7229578], [46.3981268, 30.7229519], [46.3981279, 30.7229625], [46.3981687, 30.7229543], [46.398171, 30.7229789], [46.3982352, 30.7229659], [46.3982245, 30.7228556], [46.3981439, 30.722872], [46.3981398, 30.722829], [46.3981288, 30.722718], [46.3981544, 30.7227128], [46.398136, 30.7225028], [46.3981644, 30.7224978], [46.3981658, 30.7225124], [46.3982615, 30.7224938], [46.3982465, 30.7223312], [46.3981477, 30.7223503], [46.3981512, 30.7223837], [46.3981119, 30.7223924], [46.3981003, 30.7222825]]], "df_ids": [73453]}