{"polygon": [[[46.4321228, 30.7428242], [46.4318532, 30.7425108], [46.4319347, 30.7423632], [46.4320058, 30.7424458], [46.4321338, 30.7425946], [46.4322043, 30.7426766], [46.4321228, 30.7428242]]], "df_ids": [28476]}