{"polygon": [[[46.4073043, 30.7219814], [46.4072603, 30.721648], [46.4073492, 30.7216233], [46.4073939, 30.721547], [46.4074511, 30.7215312], [46.4074467, 30.7214974], [46.4074666, 30.721463], [46.4077644, 30.7213803], [46.4078247, 30.721837], [46.4073043, 30.7219814]]], "df_ids": [35867]}