{"polygon": [[[46.4367149, 30.7229235], [46.4366328, 30.7230417], [46.4368622, 30.723377], [46.4370605, 30.7236669], [46.4371426, 30.7235487], [46.4367149, 30.7229235]]], "df_ids": [10141]}