{"polygon": [[[46.4363709, 30.7198938], [46.4364154, 30.7202691], [46.436526, 30.7202416], [46.4365065, 30.720077], [46.4365947, 30.720055], [46.4366104, 30.7201879], [46.4367203, 30.7201604], [46.4366721, 30.719754], [46.4368222, 30.7197166], [46.4368346, 30.7198206], [46.4369094, 30.7198019], [46.4368801, 30.7195552], [46.4368199, 30.7195703], [46.4368289, 30.7196464], [46.4366988, 30.7196789], [46.4366784, 30.7195068], [46.436538, 30.7195418], [46.4365873, 30.7199573], [46.4365229, 30.7199734], [46.4365094, 30.7198593], [46.4363709, 30.7198938]]], "df_ids": [63964]}