{"polygon": [[[46.4006933, 30.725322], [46.4005199, 30.7240107], [46.4004316, 30.7240353], [46.400605, 30.7253465], [46.4006933, 30.725322]]], "df_ids": [80729]}