{"polygon": [[[46.4094877, 30.7347914], [46.4093495, 30.7347456], [46.4093644, 30.7346505], [46.4093903, 30.7346591], [46.4094025, 30.7345819], [46.4094589, 30.7346006], [46.4094553, 30.7346237], [46.4095182, 30.7346446], [46.40953, 30.7345693], [46.4096102, 30.7345958], [46.4095877, 30.7347356], [46.4095832, 30.7347669], [46.4094961, 30.7347381], [46.4094877, 30.7347914]]], "df_ids": [232554]}