{"polygon": [[[46.4683261, 30.7133099], [46.4684891, 30.7133071], [46.468487, 30.7130563], [46.4684848, 30.712791], [46.4683218, 30.7127939], [46.4683261, 30.7133099]]], "df_ids": [51354]}