{"polygon": [[[46.4860322, 30.7140514], [46.4859703, 30.7141903], [46.4859851, 30.7142041], [46.485967, 30.7142448], [46.4859895, 30.714266], [46.485972, 30.7143054], [46.4858576, 30.714198], [46.4858539, 30.7142063], [46.4857519, 30.7141104], [46.4858112, 30.7139773], [46.4857873, 30.7139549], [46.4858212, 30.7138788], [46.4859738, 30.7140222], [46.4859819, 30.7140042], [46.4860322, 30.7140514]]], "df_ids": [74966]}