{"polygon": [[[46.4851943, 30.7244264], [46.4853489, 30.7242285], [46.4852727, 30.7240975], [46.4852126, 30.7240018], [46.4851624, 30.7240654], [46.4852098, 30.7241441], [46.4851423, 30.7242297], [46.4851022, 30.724163], [46.4850642, 30.7242112], [46.485081, 30.724239], [46.4851943, 30.7244264]]], "df_ids": [30404]}