{"polygon": [[[46.4933398, 30.7200094], [46.4932256, 30.7201536], [46.4931145, 30.7202937], [46.4929773, 30.7202375], [46.4930784, 30.7198485], [46.4930037, 30.7198012], [46.4929963, 30.7198295], [46.4929529, 30.7199942], [46.4929076, 30.7201904], [46.4928689, 30.720358], [46.4930885, 30.720459], [46.4931256, 30.7204761], [46.4932925, 30.7202619], [46.4934064, 30.7201156], [46.4933398, 30.7200094]]], "df_ids": [8772]}