{"polygon": [[[46.4809684, 30.7296647], [46.480961, 30.7297369], [46.480855, 30.7298697], [46.4808448, 30.7298836], [46.4807545, 30.7297308], [46.4807739, 30.72971], [46.4808177, 30.7296643], [46.4809101, 30.7295588], [46.4809684, 30.7296647]]], "df_ids": [1306]}