{"polygon": [[[46.489097, 30.7260205], [46.489352, 30.7256985], [46.4894706, 30.7258975], [46.489379, 30.7260093], [46.4893558, 30.7259753], [46.4891894, 30.7261816], [46.489097, 30.7260205]]], "df_ids": [45041]}