{"polygon": [[[46.4830295, 30.7248929], [46.483142, 30.7250815], [46.4831021, 30.7251318], [46.4832093, 30.7253391], [46.4830583, 30.7255183], [46.4830329, 30.725463], [46.4830825, 30.7254021], [46.4829856, 30.7252398], [46.4829351, 30.7253034], [46.4828357, 30.7251368], [46.4828807, 30.7250802], [46.4830295, 30.7248929]]], "df_ids": [6761]}