{"polygon": [[[46.4871268, 30.72095], [46.4875475, 30.7206806], [46.4876196, 30.7208167], [46.4876583, 30.7208898], [46.4875881, 30.7209864], [46.4875438, 30.7209006], [46.4873776, 30.7209864], [46.4874219, 30.7210561], [46.4873591, 30.7211152], [46.4873185, 30.72104], [46.4872631, 30.7210937], [46.4872834, 30.7211473], [46.4872273, 30.721196], [46.4872215, 30.7212023], [46.4871268, 30.72095]]], "df_ids": [29042]}