{"polygon": [[[46.4862743, 30.7362534], [46.4863207, 30.7362587], [46.4863812, 30.7362656], [46.4863672, 30.736524], [46.4862602, 30.7365117], [46.4862743, 30.7362534]]], "df_ids": [5647]}