{"polygon": [[[46.4661524, 30.7066928], [46.4659522, 30.7066925], [46.4659341, 30.7074779], [46.4660029, 30.7074812], [46.4660174, 30.706849], [46.4660642, 30.7068513], [46.4660489, 30.707516], [46.4661321, 30.70752], [46.4661482, 30.7068639], [46.4661524, 30.7066928]]], "df_ids": [243114]}