{"polygon": [[[46.4895295, 30.7226244], [46.4897208, 30.7223858], [46.489632, 30.7222325], [46.4894428, 30.7224711], [46.4895295, 30.7226244]]], "df_ids": [29020]}