{"polygon": [[[46.4754207, 30.7365799], [46.4752911, 30.7365616], [46.4751696, 30.7365444], [46.4751597, 30.7366915], [46.4751518, 30.7368104], [46.4752056, 30.736818], [46.4752135, 30.7366987], [46.4752798, 30.7367081], [46.4754109, 30.7367266], [46.4754207, 30.7365799]]], "df_ids": [88214]}