{"polygon": [[[46.4814675, 30.7126855], [46.4813375, 30.7127298], [46.4812311, 30.712766], [46.4812294, 30.7126115], [46.4812274, 30.7124388], [46.481324, 30.7124154], [46.481398, 30.7123974], [46.4814376, 30.7123879], [46.4814453, 30.7124817], [46.4813899, 30.7125085], [46.4813862, 30.7124549], [46.4813419, 30.7124709], [46.4813477, 30.7125752], [46.481353, 30.7126694], [46.4813973, 30.712648], [46.4813973, 30.7126051], [46.4814675, 30.712589], [46.4814675, 30.7126855]]], "df_ids": [734]}