{"polygon": [[[46.4113038, 30.7230995], [46.410859, 30.7232022], [46.4108356, 30.7229893], [46.4112804, 30.7228866], [46.4113038, 30.7230995]]], "df_ids": [75036]}