{"polygon": [[[46.4753547, 30.7377726], [46.4753418, 30.7379797], [46.4752902, 30.7379729], [46.4752509, 30.7379678], [46.4751578, 30.7379555], [46.4751606, 30.7379109], [46.4751707, 30.7377484], [46.4752603, 30.7377602], [46.4753547, 30.7377726]]], "df_ids": [28312]}