{"polygon": [[[46.4886464, 30.7172831], [46.4890016, 30.7171605], [46.4889129, 30.7166176], [46.4888938, 30.7165667], [46.4888263, 30.71659], [46.4889096, 30.7170334], [46.4887208, 30.7170985], [46.4886937, 30.716933], [46.4885947, 30.7169671], [46.4886464, 30.7172831]]], "df_ids": [2124]}