{"polygon": [[[46.4756395, 30.7445169], [46.4758773, 30.7445575], [46.4758902, 30.7443984], [46.4758943, 30.7443433], [46.4756172, 30.7443001], [46.4756063, 30.7444473], [46.4755113, 30.7444325], [46.475532, 30.744164], [46.4753909, 30.7441409], [46.4753651, 30.744492], [46.4754087, 30.7445475], [46.4756339, 30.7445859], [46.4756395, 30.7445169]]], "df_ids": [51239]}