{"polygon": [[[46.4852382, 30.7378022], [46.485616, 30.7378597], [46.485667, 30.7378677], [46.4856482, 30.7381274], [46.4855274, 30.7381089], [46.4855352, 30.7380012], [46.4854058, 30.7379814], [46.4853983, 30.7380847], [46.485351, 30.7380775], [46.4852194, 30.7380573], [46.4852382, 30.7378022]]], "df_ids": [28297]}