{"polygon": [[[46.4699765, 30.7509922], [46.469971, 30.7510728], [46.4697572, 30.7510418], [46.4697583, 30.7510254], [46.4697315, 30.7510215], [46.4697222, 30.751156], [46.4697427, 30.751159], [46.4697435, 30.7511479], [46.4699643, 30.7511799], [46.4699576, 30.7512776], [46.4697339, 30.7512452], [46.4695936, 30.7512249], [46.4695981, 30.7511596], [46.4696182, 30.7511626], [46.4696301, 30.7509887], [46.4696104, 30.7509859], [46.4696136, 30.7509396], [46.4699765, 30.7509922]]], "df_ids": [175805]}