{"polygon": [[[46.4711533, 30.7242495], [46.4710346, 30.7243836], [46.4709616, 30.7242473], [46.4710803, 30.7241132], [46.4711533, 30.7242495]]], "df_ids": [142602]}