{"polygon": [[[46.484748, 30.7227723], [46.4845908, 30.7229717], [46.484667, 30.7230985], [46.4847066, 30.7230483], [46.484769, 30.7229692], [46.4848243, 30.7228991], [46.484748, 30.7227723]]], "df_ids": [180893]}