{"polygon": [[[46.4730371, 30.7441951], [46.4730557, 30.7438922], [46.4729884, 30.7438829], [46.4729817, 30.7439787], [46.4729088, 30.7439687], [46.4729116, 30.7439261], [46.4728624, 30.7439193], [46.4728565, 30.7440169], [46.4728456, 30.7441698], [46.4730371, 30.7441951]]], "df_ids": [30775]}