{"polygon": [[[46.4730556, 30.7299007], [46.4729888, 30.729892], [46.4729937, 30.7298133], [46.4729617, 30.729809], [46.4728684, 30.7297969], [46.4728522, 30.7297947], [46.4727552, 30.7297821], [46.472663, 30.72977], [46.4726547, 30.7299029], [46.4730523, 30.7299549], [46.4730556, 30.7299007]]], "df_ids": [173602, 228551]}