{"polygon": [[[46.4823437, 30.7451568], [46.4823409, 30.7450794], [46.4823299, 30.7450641], [46.4823254, 30.7450443], [46.4823249, 30.7450324], [46.4823262, 30.7450214], [46.4823294, 30.7450097], [46.4823342, 30.7450019], [46.4823446, 30.7449925], [46.4823471, 30.7449922], [46.4823543, 30.7448912], [46.4824249, 30.7449018], [46.4824955, 30.7449123], [46.4824943, 30.7449298], [46.4825913, 30.7449444], [46.4825925, 30.7449273], [46.4826417, 30.7449347], [46.4827409, 30.7449495], [46.4827404, 30.7449559], [46.4827313, 30.7450838], [46.4827297, 30.745106], [46.4827198, 30.7452458], [46.4823437, 30.7451568]]], "df_ids": [67445]}