{"polygon": [[[46.4812974, 30.7091031], [46.4812062, 30.7090698], [46.4812329, 30.7089587], [46.4812385, 30.7089351], [46.4813209, 30.7089659], [46.4812974, 30.7091031]]], "df_ids": [228681]}