{"polygon": [[[46.4865985, 30.7352674], [46.4864087, 30.7352397], [46.4864132, 30.7351412], [46.4865443, 30.7351602], [46.4865467, 30.7351257], [46.4865489, 30.7350927], [46.4864174, 30.7350708], [46.4864234, 30.7349708], [46.4865054, 30.7349827], [46.4867265, 30.735017], [46.4867171, 30.7351535], [46.4867081, 30.7352834], [46.4865985, 30.7352674]]], "df_ids": [1214]}