{"polygon": [[[46.4836385, 30.724343], [46.4837521, 30.7245321], [46.4837732, 30.7245055], [46.4838247, 30.7244403], [46.4837111, 30.7242511], [46.4836397, 30.7241323], [46.4833652, 30.72448], [46.4833616, 30.7245208], [46.4834861, 30.7247281], [46.4835342, 30.7248082], [46.4836152, 30.7247056], [46.4835371, 30.7245756], [46.483566, 30.724539], [46.4835305, 30.7244798], [46.4836385, 30.724343]]], "df_ids": [30478, 193882]}