{"polygon": [[[46.4847316, 30.728593], [46.4846415, 30.7284249], [46.4848781, 30.7281636], [46.4849688, 30.7283254], [46.4847316, 30.728593]]], "df_ids": [45060]}