{"polygon": [[[46.4822182, 30.7399768], [46.4822532, 30.7399808], [46.4822608, 30.739838], [46.4822651, 30.7397584], [46.4822728, 30.7396146], [46.482397, 30.7396286], [46.482385, 30.7398521], [46.4823751, 30.7400366], [46.4822185, 30.740019], [46.482216, 30.7400187], [46.4822182, 30.7399768]]], "df_ids": [27896]}