{"polygon": [[[46.4841534, 30.7449868], [46.4841508, 30.7450195], [46.4845727, 30.7450852], [46.4845915, 30.7448294], [46.4841712, 30.7447643], [46.4841534, 30.7449868]]], "df_ids": [29117]}