{"polygon": [[[46.4725723, 30.7107462], [46.473371, 30.710715], [46.4733606, 30.7105783], [46.4733223, 30.7105834], [46.4729987, 30.7105899], [46.4726414, 30.7105938], [46.4725629, 30.7105961], [46.4725723, 30.7107462]]], "df_ids": [193165]}