{"polygon": [[[46.4703742, 30.7225933], [46.4704469, 30.7227208], [46.4706595, 30.7224676], [46.4704706, 30.7221445], [46.4704637, 30.7221327], [46.4704022, 30.7222099], [46.4703711, 30.7222479], [46.4703771, 30.7222581], [46.4704889, 30.7224492], [46.4704224, 30.7225336], [46.4703742, 30.7225933]]], "df_ids": [121291]}