{"polygon": [[[46.4772464, 30.7290516], [46.4771307, 30.7288589], [46.4771565, 30.7288263], [46.4771656, 30.7288415], [46.4773983, 30.7285466], [46.4773872, 30.7285281], [46.4774107, 30.7284983], [46.4774439, 30.7285535], [46.4775284, 30.7286943], [46.4772464, 30.7290516]]], "df_ids": [45071]}