{"polygon": [[[46.4682023, 30.7223446], [46.4683644, 30.7226099], [46.4684615, 30.7224883], [46.468303, 30.7222172], [46.4682023, 30.7223446]]], "df_ids": [157066]}