{"polygon": [[[46.4822232, 30.7220925], [46.4821983, 30.7219452], [46.4821796, 30.7217724], [46.4822964, 30.7217331], [46.482289, 30.7216741], [46.4822557, 30.7216849], [46.482241, 30.7215829], [46.4822964, 30.7215561], [46.4822853, 30.7214971], [46.4822058, 30.7215237], [46.4821708, 30.7215252], [46.4821409, 30.7213424], [46.4821714, 30.7213305], [46.4824113, 30.7212664], [46.4824884, 30.7218994], [46.4822536, 30.7219845], [46.4822702, 30.7220744], [46.4822232, 30.7220925]]], "df_ids": [7041]}