{"polygon": [[[46.4824984, 30.7289404], [46.4823869, 30.7290751], [46.4824957, 30.7292755], [46.4825002, 30.7292701], [46.4825138, 30.7292937], [46.4824305, 30.7293948], [46.4823856, 30.7293168], [46.4823361, 30.7293768], [46.4824231, 30.729528], [46.4825433, 30.7293821], [46.4826666, 30.7292324], [46.4824984, 30.7289404]]], "df_ids": [133941]}