{"polygon": [[[46.478383, 30.7185283], [46.4784847, 30.7185009], [46.4784639, 30.7183009], [46.4784459, 30.7183042], [46.4784355, 30.7181819], [46.4783612, 30.7181951], [46.478383, 30.7185283]]], "df_ids": [6769]}