{"polygon": [[[46.4803367, 30.7248057], [46.4804166, 30.7247011], [46.4804442, 30.724665], [46.4804375, 30.7246543], [46.4803951, 30.724586], [46.4804244, 30.7245434], [46.4803293, 30.7243701], [46.4801882, 30.7245665], [46.4803284, 30.7247924], [46.4803367, 30.7248057]]], "df_ids": [29313]}