{"polygon": [[[46.4705304, 30.7465502], [46.4704309, 30.7465359], [46.4704662, 30.7461157], [46.4705621, 30.7461327], [46.4705304, 30.7465502]]], "df_ids": [162430]}