{"polygon": [[[46.4124118, 30.7236798], [46.4124167, 30.7237625], [46.4123681, 30.7237686], [46.4123807, 30.7239792], [46.412488, 30.7239657], [46.4124866, 30.7239425], [46.4125875, 30.7239298], [46.4125918, 30.724001], [46.4127913, 30.7239758], [46.4127877, 30.7239156], [46.4127811, 30.7238049], [46.4125883, 30.7238293], [46.4125861, 30.7237924], [46.4125284, 30.7237997], [46.4125204, 30.7236661], [46.4124118, 30.7236798]]], "df_ids": [75029]}