{"polygon": [[[46.4882623, 30.7127758], [46.4882917, 30.712802], [46.4882832, 30.7128221], [46.488318, 30.7128531], [46.4883307, 30.7128231], [46.4883894, 30.7128753], [46.4884668, 30.7126921], [46.4885354, 30.7125294], [46.4885736, 30.712439], [46.4883158, 30.7122094], [46.4882444, 30.7123787], [46.4883792, 30.7124988], [46.4882623, 30.7127758]]], "df_ids": [51172]}