{"polygon": [[[46.4773166, 30.7360656], [46.4773082, 30.7362404], [46.4772216, 30.7362315], [46.4772152, 30.7363646], [46.477301, 30.7363734], [46.4772971, 30.7364538], [46.4772167, 30.7364423], [46.4770902, 30.7364279], [46.477112, 30.7360447], [46.4773166, 30.7360656]]], "df_ids": [148]}