{"polygon": [[[46.4863946, 30.7241925], [46.4865504, 30.7244588], [46.4864326, 30.7246041], [46.486407, 30.7245602], [46.4863054, 30.7243865], [46.4862768, 30.7243377], [46.4863946, 30.7241925]]], "df_ids": [1884]}