{"polygon": [[[46.4809326, 30.7302883], [46.4810816, 30.7305092], [46.4810384, 30.7305479], [46.4809988, 30.7304898], [46.4809527, 30.7305427], [46.4809118, 30.7305897], [46.4809448, 30.7306802], [46.4808952, 30.7307465], [46.4808814, 30.7307115], [46.4807903, 30.7304805], [46.4808603, 30.730386], [46.4809326, 30.7302883]]], "df_ids": [46373]}