{"polygon": [[[46.4807492, 30.7409492], [46.4807542, 30.74087], [46.4804417, 30.7408273], [46.4804546, 30.7406177], [46.4808666, 30.7406701], [46.4808847, 30.7407201], [46.4808664, 30.7409649], [46.4807492, 30.7409492]]], "df_ids": [21725]}