{"polygon": [[[46.4862494, 30.7239442], [46.4863488, 30.7241142], [46.4862311, 30.7242595], [46.4861316, 30.7240895], [46.4862494, 30.7239442]]], "df_ids": [33244]}