{"polygon": [[[46.4707246, 30.7508501], [46.4707377, 30.7508515], [46.4709077, 30.7508696], [46.4709162, 30.7507022], [46.4708554, 30.7506957], [46.4708592, 30.750619], [46.4707803, 30.7506106], [46.4707762, 30.7506905], [46.4707467, 30.7506873], [46.4707329, 30.7506859], [46.4707246, 30.7508501]]], "df_ids": [175913]}