{"polygon": [[[46.482573, 30.7413545], [46.4825747, 30.7413189], [46.4825886, 30.741138], [46.4825976, 30.7409695], [46.4826285, 30.7409538], [46.4828499, 30.7409807], [46.4828399, 30.7411711], [46.4828399, 30.7412022], [46.4827458, 30.7411898], [46.4827389, 30.7413321], [46.4827373, 30.7413649], [46.482573, 30.7413545]]], "df_ids": [27904]}