{"polygon": [[[46.4748274, 30.7317451], [46.474961, 30.7317651], [46.4750705, 30.7317815], [46.4750899, 30.7315074], [46.4748468, 30.731471], [46.4748274, 30.7317451]]], "df_ids": [45447]}