{"polygon": [[[46.4819613, 30.7200336], [46.4819829, 30.7201832], [46.4820067, 30.7203488], [46.4819252, 30.7203735], [46.48191, 30.7203781], [46.4818646, 30.720063], [46.4819613, 30.7200336]]], "df_ids": [137520]}