{"polygon": [[[46.4883125, 30.7381021], [46.4881429, 30.7380966], [46.4881476, 30.7377886], [46.4884513, 30.7377984], [46.4884508, 30.7378316], [46.4884432, 30.7383204], [46.4883119, 30.7383092], [46.4883125, 30.7381021]]], "df_ids": [32730]}