{"polygon": [[[46.4913248, 30.7328995], [46.4914018, 30.7327336], [46.4912834, 30.732618], [46.4912106, 30.7327876], [46.4913248, 30.7328995]]], "df_ids": [62700]}