{"polygon": [[[46.4833522, 30.7500477], [46.4834746, 30.7500693], [46.483489, 30.7498969], [46.4834653, 30.7498928], [46.4834695, 30.7498424], [46.4833708, 30.749825], [46.4833522, 30.7500477]]], "df_ids": [76449]}