{"polygon": [[[46.487192, 30.7192611], [46.4871664, 30.7191148], [46.4871427, 30.7189798], [46.4872532, 30.718939], [46.4872552, 30.7189506], [46.4873025, 30.7192203], [46.4872894, 30.7192251], [46.4872027, 30.7192571], [46.487192, 30.7192611]]], "df_ids": [171579]}