{"polygon": [[[46.471404, 30.7430651], [46.4713855, 30.7430624], [46.4713802, 30.7431397], [46.4713021, 30.7431284], [46.4713077, 30.7430469], [46.4712931, 30.7430448], [46.4712742, 30.7433217], [46.4712454, 30.7433175], [46.4712719, 30.7429306], [46.4714743, 30.7429598], [46.4714467, 30.7433611], [46.4713843, 30.7433521], [46.471404, 30.7430651]]], "df_ids": [29227]}