{"polygon": [[[46.472287, 30.7512175], [46.4720576, 30.7511887], [46.4720139, 30.751924], [46.4721939, 30.7519466], [46.4722013, 30.7518223], [46.4721304, 30.7518134], [46.472159, 30.7513314], [46.4722793, 30.7513465], [46.472287, 30.7512175]]], "df_ids": [27365]}