{"polygon": [[[46.488535, 30.7202853], [46.4884532, 30.7201581], [46.4882807, 30.7203921], [46.4882983, 30.7204196], [46.4883624, 30.7205193], [46.488535, 30.7202853]]], "df_ids": [140923]}