{"polygon": [[[46.4737011, 30.7389906], [46.4737162, 30.7387284], [46.4736277, 30.7387153], [46.4735964, 30.7391552], [46.4737762, 30.7391818], [46.473786, 30.7390032], [46.4737011, 30.7389906]]], "df_ids": [9214]}