{"polygon": [[[46.4901562, 30.7148143], [46.4906211, 30.7146734], [46.4905925, 30.7144745], [46.4901276, 30.7146154], [46.4901562, 30.7148143]]], "df_ids": [152045]}