{"polygon": [[[46.4885106, 30.7370518], [46.4883244, 30.7370151], [46.4883259, 30.7369991], [46.4883397, 30.7368512], [46.488526, 30.7368879], [46.4885106, 30.7370518]]], "df_ids": [140]}