{"polygon": [[[46.4873422, 30.7334674], [46.487251, 30.7334556], [46.4872452, 30.7335444], [46.4872297, 30.7337729], [46.4870768, 30.7337584], [46.4870887, 30.7335556], [46.4870905, 30.7335257], [46.4871074, 30.7332377], [46.4873565, 30.7332624], [46.4873422, 30.7334674]]], "df_ids": [29749]}