{"polygon": [[[46.4799194, 30.7405415], [46.4799047, 30.7407544], [46.4798141, 30.7407444], [46.4798139, 30.7407641], [46.4798102, 30.7408236], [46.4798766, 30.7408345], [46.4798725, 30.7408902], [46.4798494, 30.7408878], [46.4796459, 30.7408652], [46.4796528, 30.7407458], [46.4796648, 30.7405385], [46.4796852, 30.7405154], [46.4798456, 30.7405333], [46.4799194, 30.7405415]]], "df_ids": [1641]}