{"polygon": [[[46.4846024, 30.728572], [46.4847918, 30.7288914], [46.4846128, 30.7291152], [46.4844234, 30.7287958], [46.4846024, 30.728572]]], "df_ids": [29024]}