{"polygon": [[[46.4814307, 30.7392921], [46.4816656, 30.7393219], [46.4816524, 30.7395415], [46.4815527, 30.7395289], [46.4812634, 30.7394922], [46.4812896, 30.7390563], [46.4813135, 30.738659], [46.4817025, 30.7387083], [46.4816906, 30.7389065], [46.4814556, 30.7388767], [46.4814436, 30.7390766], [46.4814307, 30.7392921]]], "df_ids": [27435]}