{"polygon": [[[46.4795936, 30.7321776], [46.4799357, 30.7322208], [46.4799875, 30.7322273], [46.4799728, 30.7324729], [46.4799645, 30.7326122], [46.4798617, 30.7325992], [46.4798699, 30.7324607], [46.479873, 30.7324104], [46.4796337, 30.7323802], [46.4795819, 30.7323737], [46.4795936, 30.7321776]]], "df_ids": [6292]}