{"polygon": [[[46.4882838, 30.7199311], [46.4882314, 30.7197603], [46.4882235, 30.7197345], [46.4881282, 30.7197962], [46.4881022, 30.7198132], [46.4880752, 30.7198308], [46.4880056, 30.7198766], [46.4880165, 30.7199117], [46.4880657, 30.720072], [46.4881673, 30.7200024], [46.4882838, 30.7199311]]], "df_ids": [154363]}