{"polygon": [[[46.4864403, 30.7234574], [46.4865187, 30.7235876], [46.4865414, 30.723629], [46.4864435, 30.723749], [46.4863552, 30.7235977], [46.486358, 30.7235571], [46.4864338, 30.7234653], [46.4864403, 30.7234574]]], "df_ids": [136566]}