{"polygon": [[[46.473433, 30.7113983], [46.4734319, 30.7112939], [46.4734448, 30.7112421], [46.4735056, 30.7112398], [46.4735057, 30.7113879], [46.473433, 30.7113983]]], "df_ids": [29060]}