{"polygon": [[[46.4935319, 30.7191568], [46.4928102, 30.7189358], [46.49283, 30.7188012], [46.4935502, 30.7190355], [46.4935319, 30.7191568]]], "df_ids": [45871]}