{"polygon": [[[46.4690396, 30.7494008], [46.4692161, 30.7494319], [46.4691921, 30.7497193], [46.4691747, 30.7497162], [46.4690155, 30.7496881], [46.4690396, 30.7494008]]], "df_ids": [166138]}