{"polygon": [[[46.4816241, 30.7307614], [46.481401, 30.7303773], [46.4813019, 30.7305037], [46.4812306, 30.730588], [46.4812834, 30.7306956], [46.4813416, 30.7306245], [46.4813767, 30.7306812], [46.4813564, 30.7307134], [46.4814007, 30.7307697], [46.4814265, 30.7307241], [46.4814403, 30.7307467], [46.4813928, 30.7308486], [46.4813627, 30.7309132], [46.4813235, 30.7309974], [46.4814221, 30.7312042], [46.4815105, 30.7310104], [46.4816241, 30.7307614]]], "df_ids": [9738]}