{"polygon": [[[46.481002, 30.7172634], [46.4809055, 30.7172821], [46.4808901, 30.7172859], [46.4808956, 30.717518], [46.4809021, 30.7175206], [46.4809016, 30.717585], [46.4809242, 30.7176105], [46.4809443, 30.7176081], [46.480944, 30.7176256], [46.4809436, 30.7176467], [46.4810034, 30.7176369], [46.4810028, 30.7176155], [46.4810021, 30.717293], [46.481002, 30.7172634]]], "df_ids": [1944]}