{"polygon": [[[46.4696519, 30.740005], [46.4699822, 30.7400502], [46.4702078, 30.740067], [46.4702148, 30.7399583], [46.4702244, 30.739744], [46.4700453, 30.7397183], [46.4700334, 30.7399441], [46.4698941, 30.7399285], [46.4699099, 30.7396302], [46.4699996, 30.7396402], [46.4700062, 30.739503], [46.469826, 30.7394794], [46.469693, 30.7394596], [46.4696721, 30.7397372], [46.4696519, 30.740005]]], "df_ids": [2272]}