{"polygon": [[[46.4716596, 30.7243665], [46.4720512, 30.7250264], [46.4721578, 30.724893], [46.4717666, 30.7242327], [46.4716596, 30.7243665]]], "df_ids": [32167]}