{"polygon": [[[46.485161, 30.7391117], [46.4851499, 30.7392493], [46.4852374, 30.7392641], [46.4852485, 30.7391266], [46.485161, 30.7391117]]], "df_ids": [26786]}