{"polygon": [[[46.4829341, 30.718156], [46.4828273, 30.7181906], [46.4828102, 30.7180794], [46.482917, 30.7180448], [46.4829341, 30.718156]]], "df_ids": [181108]}