{"polygon": [[[46.4906513, 30.7243371], [46.4905054, 30.7245284], [46.4905435, 30.7245896], [46.4904351, 30.7247317], [46.4902849, 30.72449], [46.4905391, 30.7241566], [46.4906513, 30.7243371]]], "df_ids": [2450, 216819]}