{"polygon": [[[46.4711931, 30.743901], [46.4712053, 30.7437402], [46.4711903, 30.7437375], [46.4711656, 30.7437321], [46.47118, 30.743549], [46.4711887, 30.74342], [46.4710321, 30.7433947], [46.4709995, 30.7438164], [46.4710262, 30.7438727], [46.4711757, 30.7438984], [46.4711931, 30.743901]]], "df_ids": [30777]}