{"polygon": [[[46.4963331, 30.7257239], [46.4964788, 30.7253792], [46.4963666, 30.7252918], [46.4963423, 30.7253419], [46.4963225, 30.7253232], [46.4962906, 30.7253969], [46.49631, 30.725415], [46.4962675, 30.725517], [46.496261, 30.7255136], [46.4962375, 30.7255673], [46.4962417, 30.725576], [46.4962314, 30.7255991], [46.4963331, 30.7257239]]], "df_ids": [175557]}