{"polygon": [[[46.4892434, 30.7298113], [46.4892488, 30.7298045], [46.4893997, 30.7296139], [46.4893219, 30.729484], [46.489257, 30.7293755], [46.4892011, 30.7292822], [46.4890448, 30.7294796], [46.4891064, 30.7295824], [46.4891909, 30.7294757], [46.4892343, 30.7295482], [46.4891555, 30.7296477], [46.4891498, 30.7296549], [46.4892434, 30.7298113]]], "df_ids": [34530]}