{"polygon": [[[46.4092952, 30.7069761], [46.4091894, 30.7069435], [46.4092137, 30.706778], [46.4090469, 30.7067267], [46.4090227, 30.7068921], [46.4089169, 30.7068595], [46.4089411, 30.7066942], [46.4087741, 30.7066427], [46.4087499, 30.706808], [46.4086442, 30.7067755], [46.4086816, 30.7065201], [46.408818, 30.7065621], [46.4088405, 30.706409], [46.408946, 30.7064415], [46.4089236, 30.7065946], [46.4090909, 30.7066462], [46.4091132, 30.7064937], [46.4092184, 30.7065261], [46.4091961, 30.7066786], [46.4093326, 30.7067207], [46.4092952, 30.7069761]]], "df_ids": [64037]}