{"polygon": [[[46.4847838, 30.7333454], [46.4847896, 30.733249], [46.4847384, 30.7332425], [46.4847405, 30.7332079], [46.4846218, 30.7331927], [46.4846091, 30.7334022], [46.4847548, 30.7334208], [46.4847599, 30.7333422], [46.4847838, 30.7333454]]], "df_ids": [28190]}