{"polygon": [[[46.4126824, 30.7219676], [46.4126834, 30.7219961], [46.4126157, 30.7220011], [46.4126042, 30.7220163], [46.4125949, 30.7220403], [46.4125912, 30.7220628], [46.4125977, 30.7221564], [46.4126031, 30.7221761], [46.4126162, 30.7221919], [46.4126344, 30.7222002], [46.4126724, 30.7221944], [46.4126753, 30.7222066], [46.4127753, 30.7221979], [46.4127771, 30.7222391], [46.4127609, 30.7222405], [46.4127634, 30.7222988], [46.4127501, 30.7223], [46.4127521, 30.7223486], [46.4127412, 30.7223496], [46.4127438, 30.7224113], [46.4127514, 30.7224506], [46.4127596, 30.7224657], [46.4127734, 30.7224641], [46.4127758, 30.7225087], [46.4127834, 30.7225078], [46.4127863, 30.7225612], [46.4127989, 30.7225598], [46.4128012, 30.7226029], [46.4128854, 30.7225934], [46.4129225, 30.7225897], [46.4129199, 30.7225349], [46.412906, 30.7225363], [46.4129035, 30.7224841], [46.4129139, 30.722479], [46.4129076, 30.7223339], [46.4128958, 30.7222952], [46.4128669, 30.7222975], [46.4128641, 30.7222228], [46.4128515, 30.7222238], [46.4128492, 30.7221604], [46.4128577, 30.7221597], [46.4128549, 30.722086], [46.4128633, 30.7220895], [46.4128459, 30.7220413], [46.4128284, 30.722032], [46.4128093, 30.722035], [46.4128081, 30.7220189], [46.4128116, 30.7220013], [46.412804, 30.7219796], [46.4127858, 30.72196], [46.4126824, 30.7219676]]], "df_ids": [75027]}