{"polygon": [[[46.4820774, 30.7327162], [46.4819483, 30.7327036], [46.4819495, 30.7326578], [46.4819279, 30.7326555], [46.4819033, 30.7326531], [46.4819028, 30.732699], [46.4818212, 30.7326925], [46.4817919, 30.7331937], [46.482062, 30.7332182], [46.4820555, 30.7333372], [46.4819048, 30.7333206], [46.4816573, 30.7332919], [46.4817202, 30.7324944], [46.4817521, 30.7324694], [46.4819337, 30.732488], [46.482154, 30.7325119], [46.4821468, 30.7327314], [46.4820774, 30.7327162]]], "df_ids": [4916]}