{"polygon": [[[46.4915985, 30.7317233], [46.4914868, 30.7316191], [46.491382, 30.7315214], [46.4914472, 30.7313606], [46.4915497, 30.7314481], [46.4915881, 30.7314808], [46.4917349, 30.7311581], [46.491764, 30.7311743], [46.4917827, 30.7311256], [46.4916564, 30.7310023], [46.4916765, 30.7309693], [46.4917452, 30.7308662], [46.4917748, 30.7309178], [46.4917551, 30.7309686], [46.4918153, 30.7310324], [46.4918221, 30.7310125], [46.4918557, 30.731031], [46.4918735, 30.7310526], [46.4915985, 30.7317233]]], "df_ids": [33222]}