{"polygon": [[[46.4879639, 30.7335411], [46.4879221, 30.7335357], [46.4877136, 30.7334944], [46.4876826, 30.7334893], [46.4876964, 30.7333117], [46.4877272, 30.7333167], [46.4879796, 30.7333552], [46.4879639, 30.7335411]]], "df_ids": [31007]}