{"polygon": [[[46.4794891, 30.7138159], [46.4792099, 30.7138398], [46.4792169, 30.714007], [46.479224, 30.7141852], [46.4792844, 30.71418], [46.4792765, 30.7139837], [46.4793899, 30.713974], [46.4794031, 30.7141573], [46.4795033, 30.7141499], [46.4794891, 30.7138159]]], "df_ids": [153255]}