{"polygon": [[[46.4847476, 30.7241621], [46.484793, 30.7241041], [46.4847793, 30.7240815], [46.4848074, 30.7240457], [46.4848375, 30.7240073], [46.4848565, 30.7240389], [46.4849149, 30.7239644], [46.4848179, 30.7238039], [46.4848055, 30.7237835], [46.484765, 30.7238352], [46.484775, 30.7238518], [46.4846883, 30.7239625], [46.4846767, 30.7239434], [46.4846414, 30.7239878], [46.4847476, 30.7241621]]], "df_ids": [180094]}