{"polygon": [[[46.4770331, 30.7391597], [46.4770532, 30.7391622], [46.4770562, 30.7391138], [46.4771519, 30.7391259], [46.4771439, 30.7392591], [46.4770312, 30.7392449], [46.4768833, 30.7392287], [46.4769079, 30.7389876], [46.4770424, 30.7390047], [46.4770331, 30.7391597]]], "df_ids": [198633]}