{"polygon": [[[46.4912357, 30.7265014], [46.4912114, 30.7264652], [46.4912247, 30.7264473], [46.491074, 30.7262028], [46.4910067, 30.7262901], [46.4910043, 30.7262932], [46.4910731, 30.7264079], [46.4909906, 30.7265121], [46.4909292, 30.7264133], [46.4908748, 30.7263244], [46.4908626, 30.7263059], [46.4909035, 30.7262527], [46.4909465, 30.7261968], [46.4909487, 30.7261939], [46.4909012, 30.7261169], [46.4909538, 30.7260485], [46.4909738, 30.7260225], [46.4909617, 30.7260031], [46.4910278, 30.725917], [46.4910968, 30.7258271], [46.4911139, 30.7258547], [46.4911288, 30.7258353], [46.4911823, 30.7257656], [46.4912391, 30.7258574], [46.4913263, 30.7257435], [46.4914443, 30.7259341], [46.491438, 30.7259423], [46.4914869, 30.726021], [46.4914093, 30.7261228], [46.4913612, 30.7260455], [46.4913522, 30.7260574], [46.4912787, 30.7259396], [46.4912066, 30.7260344], [46.4913812, 30.7263141], [46.4913608, 30.7263409], [46.4913621, 30.7264063], [46.4913384, 30.7264602], [46.4913049, 30.7264772], [46.4912633, 30.7264662], [46.4912357, 30.7265014]]], "df_ids": [30877]}