{"polygon": [[[46.4692556, 30.7241015], [46.4691848, 30.7239751], [46.4692809, 30.7238592], [46.4693105, 30.7238235], [46.4693442, 30.7237828], [46.4694157, 30.7236966], [46.4694981, 30.7238434], [46.4693929, 30.7239722], [46.4692912, 30.7240967], [46.4692556, 30.7241015]]], "df_ids": [1298]}