{"polygon": [[[46.4788757, 30.7364697], [46.4788681, 30.7365825], [46.4787223, 30.736562], [46.4787152, 30.7366673], [46.478739, 30.7366705], [46.4788965, 30.7366928], [46.4788993, 30.7366499], [46.4789343, 30.7366548], [46.4789466, 30.7364638], [46.4789148, 30.7364594], [46.4789207, 30.7363711], [46.4789532, 30.7363757], [46.4789598, 30.7362777], [46.4787683, 30.7362481], [46.4787546, 30.7364527], [46.4788757, 30.7364697]]], "df_ids": [1580]}