{"polygon": [[[46.4763624, 30.7194057], [46.4765315, 30.7193747], [46.4765418, 30.7195008], [46.4765444, 30.7195303], [46.4765101, 30.7195364], [46.4763573, 30.7195638], [46.4763624, 30.7194057]]], "df_ids": [10552]}