{"polygon": [[[46.4837133, 30.7420035], [46.4837357, 30.7416992], [46.4837376, 30.7416731], [46.4837568, 30.7413981], [46.4835812, 30.7413721], [46.483562, 30.741646], [46.4835599, 30.7416757], [46.4833902, 30.7416507], [46.483404, 30.7414547], [46.4833839, 30.7414517], [46.483301, 30.7414395], [46.4832669, 30.7419277], [46.4833766, 30.7419439], [46.483386, 30.7418104], [46.4835687, 30.7418374], [46.4835599, 30.741982], [46.4837133, 30.7420035]]], "df_ids": [4978, 198891]}