{"polygon": [[[46.4886604, 30.7191833], [46.48855, 30.7192252], [46.4884527, 30.7192557], [46.4884712, 30.7195427], [46.4885275, 30.7195266], [46.4885275, 30.719414], [46.4885597, 30.7194041], [46.4885977, 30.7193925], [46.488605, 30.7194944], [46.4886641, 30.7194783], [46.4886628, 30.7193711], [46.4886604, 30.7191833]]], "df_ids": [45882]}