{"polygon": [[[46.471408, 30.7495178], [46.4714317, 30.7491309], [46.471306, 30.7491147], [46.4711976, 30.7491007], [46.4711875, 30.749266], [46.4711831, 30.7493382], [46.4712213, 30.7493431], [46.471225, 30.749283], [46.4712551, 30.7492869], [46.4712538, 30.7493088], [46.4712938, 30.7493139], [46.4713372, 30.7493196], [46.4713257, 30.7495072], [46.471408, 30.7495178]]], "df_ids": [186051]}