{"polygon": [[[46.4786946, 30.7465104], [46.4785501, 30.7464756], [46.4783956, 30.7464383], [46.4784171, 30.7462319], [46.4785673, 30.7462649], [46.4787141, 30.7462971], [46.4787071, 30.7463571], [46.4786946, 30.7465104]]], "df_ids": [5999]}