{"polygon": [[[46.471411, 30.7294367], [46.4711922, 30.7297036], [46.471134, 30.7297844], [46.4711095, 30.7297721], [46.471085, 30.7297599], [46.4711257, 30.7292744], [46.4712254, 30.7292999], [46.4712167, 30.729377], [46.4712078, 30.7294568], [46.4712291, 30.7294716], [46.4712725, 30.72932], [46.4713566, 30.7293539], [46.471411, 30.7294367]]], "df_ids": [28980]}