{"polygon": [[[46.4795797, 30.7441482], [46.4796698, 30.7441588], [46.4796603, 30.7443285], [46.4794365, 30.7443021], [46.4794574, 30.7438961], [46.4795894, 30.7439151], [46.4795797, 30.7441482]]], "df_ids": [30995]}