{"polygon": [[[46.479726, 30.7487577], [46.4795597, 30.7487332], [46.4795139, 30.7493775], [46.4795104, 30.7494285], [46.4796774, 30.7494531], [46.4796808, 30.7494042], [46.479726, 30.7487577]]], "df_ids": [64649]}