{"polygon": [[[46.4877531, 30.7401388], [46.4876047, 30.7398641], [46.4877255, 30.7396976], [46.4877967, 30.7398065], [46.4879819, 30.7395533], [46.4880897, 30.7397099], [46.4878033, 30.7401495], [46.4877531, 30.7401388]]], "df_ids": [28291]}