{"polygon": [[[46.4920164, 30.721077], [46.4920871, 30.7211919], [46.4922035, 30.721381], [46.4923031, 30.7212517], [46.4921823, 30.7210555], [46.4920418, 30.7208273], [46.4919422, 30.7209566], [46.4920164, 30.721077]]], "df_ids": [7907]}