{"polygon": [[[46.486852, 30.7263347], [46.4869085, 30.7262639], [46.4869646, 30.7263654], [46.4868166, 30.726555], [46.4867337, 30.7264182], [46.4867769, 30.726363], [46.486798, 30.7263978], [46.486852, 30.7263347]]], "df_ids": [255097]}