{"polygon": [[[46.4726252, 30.7124551], [46.4728728, 30.7124194], [46.4728457, 30.7120219], [46.472598, 30.7120576], [46.4726252, 30.7124551]]], "df_ids": [63248]}