{"polygon": [[[46.4835426, 30.7297502], [46.4837293, 30.7295255], [46.4839457, 30.7299048], [46.4839583, 30.7299269], [46.484005, 30.7300085], [46.4839519, 30.7300725], [46.4837568, 30.7297317], [46.4836507, 30.7298598], [46.4836643, 30.7298837], [46.483635, 30.7299219], [46.4835426, 30.7297502]]], "df_ids": [1059]}