{"polygon": [[[46.4921023, 30.7267288], [46.4922015, 30.726608], [46.4922716, 30.7267295], [46.4923402, 30.7268485], [46.4922411, 30.7269692], [46.4921765, 30.7268573], [46.4921023, 30.7267288]]], "df_ids": [1187]}