{"polygon": [[[46.4892243, 30.7244693], [46.4892069, 30.7244904], [46.489111, 30.7246067], [46.4889646, 30.7243601], [46.4888141, 30.7241135], [46.4889325, 30.7239693], [46.489016, 30.7241124], [46.4890777, 30.7242182], [46.4892243, 30.7244693]]], "df_ids": [51402]}