{"polygon": [[[46.469531, 30.741597], [46.4695165, 30.741786], [46.4696218, 30.7418034], [46.4696327, 30.7416127], [46.4696171, 30.7416145], [46.469531, 30.741597]]], "df_ids": [87959]}