{"polygon": [[[46.4799612, 30.7137972], [46.47993, 30.7137979], [46.4798226, 30.7138001], [46.47982, 30.7135333], [46.4799585, 30.7135304], [46.4799612, 30.7137972]]], "df_ids": [30831]}