{"polygon": [[[46.4806114, 30.7192623], [46.4808367, 30.7191939], [46.4808164, 30.7190276], [46.4806114, 30.7190973], [46.4806114, 30.7192623]]], "df_ids": [235808]}