{"polygon": [[[46.4713478, 30.7392581], [46.4717327, 30.7393184], [46.4717171, 30.7395517], [46.4714664, 30.7395124], [46.471437, 30.7399083], [46.471302, 30.7398871], [46.4713031, 30.7398724], [46.4712884, 30.7398702], [46.471334, 30.7392559], [46.4713478, 30.7392581]]], "df_ids": [32718]}