{"polygon": [[[46.470438, 30.7478011], [46.4703163, 30.7477849], [46.4703341, 30.7475168], [46.4704559, 30.7475339], [46.470438, 30.7478011]]], "df_ids": [1192]}