{"polygon": [[[46.4929943, 30.7298914], [46.4926668, 30.729321], [46.4927603, 30.7292076], [46.4930641, 30.7297365], [46.4930879, 30.729778], [46.4930723, 30.7297969], [46.4929943, 30.7298914]]], "df_ids": [32858]}