{"polygon": [[[46.4931491, 30.7277261], [46.4930817, 30.727808], [46.4930107, 30.7278942], [46.4929207, 30.7277379], [46.4930229, 30.7276137], [46.4930113, 30.7275936], [46.4929649, 30.7276499], [46.4928276, 30.7274115], [46.4928523, 30.7273815], [46.4929101, 30.7273112], [46.4931491, 30.7277261]]], "df_ids": [97749, 188583]}