{"polygon": [[[46.4885102, 30.7307212], [46.4887643, 30.7304186], [46.4887825, 30.730397], [46.4886698, 30.7302238], [46.488403, 30.7305453], [46.4885102, 30.7307212]]], "df_ids": [9336]}