{"polygon": [[[46.4943642, 30.7293845], [46.4944397, 30.729521], [46.4943923, 30.7295954], [46.4943048, 30.7294777], [46.4943642, 30.7293845]]], "df_ids": [58259]}