{"polygon": [[[46.3914824, 30.729987], [46.3915749, 30.7300209], [46.3915416, 30.7302195], [46.3915901, 30.7304545], [46.391675, 30.7307264], [46.3917044, 30.7308204], [46.3918687, 30.7309771], [46.3918123, 30.7311273], [46.3916493, 30.7309802], [46.3915771, 30.7308309], [46.3915564, 30.7307882], [46.3914791, 30.7305189], [46.3914386, 30.7303084], [46.3914519, 30.7301471], [46.3914824, 30.729987]]], "df_ids": [75494]}