{"polygon": [[[46.4745787, 30.7376787], [46.4744324, 30.7376594], [46.4743973, 30.737692], [46.4743645, 30.7381346], [46.4743617, 30.7381791], [46.4744997, 30.7381973], [46.4745025, 30.7381515], [46.4745206, 30.7378629], [46.4745702, 30.7378694], [46.4745787, 30.7376787]]], "df_ids": [44659]}