{"polygon": [[[46.4838163, 30.750882], [46.4836694, 30.7508566], [46.4836506, 30.7510847], [46.4836341, 30.751286], [46.4837811, 30.7513115], [46.4838163, 30.750882]]], "df_ids": [8985]}