{"polygon": [[[46.4737436, 30.7406967], [46.4737394, 30.740753], [46.4737348, 30.7408152], [46.4736222, 30.7407976], [46.4736171, 30.7408661], [46.4737562, 30.7408878], [46.4738656, 30.740905], [46.4738752, 30.7407753], [46.4738871, 30.7406145], [46.4737605, 30.7405947], [46.4737512, 30.7405933], [46.4737436, 30.7406967]]], "df_ids": [44646]}