{"polygon": [[[46.4725503, 30.7495807], [46.4723754, 30.7495544], [46.4722535, 30.7495394], [46.472258, 30.7494668], [46.4722061, 30.749461], [46.4721535, 30.7494523], [46.4721582, 30.7493859], [46.4721628, 30.7493007], [46.4722146, 30.7493081], [46.4722415, 30.7489486], [46.4721944, 30.7489409], [46.4722008, 30.7487987], [46.4722755, 30.7488098], [46.47228, 30.7487512], [46.4723499, 30.7487626], [46.4724898, 30.7487855], [46.4724733, 30.7489988], [46.4723603, 30.7489803], [46.4723341, 30.7493182], [46.4725677, 30.7493565], [46.4725503, 30.7495807]]], "df_ids": [27367]}