{"polygon": [[[46.3994555, 30.7172281], [46.3994349, 30.717075], [46.3995637, 30.7170386], [46.399756, 30.7169842], [46.399962, 30.7169259], [46.4001517, 30.7168722], [46.4002751, 30.7168373], [46.4002957, 30.7169904], [46.3994555, 30.7172281]]], "df_ids": [80406]}