{"polygon": [[[46.4689405, 30.7519738], [46.4690551, 30.7519831], [46.4690694, 30.7517108], [46.468958, 30.7516954], [46.4689405, 30.7519738]]], "df_ids": [112242]}