{"polygon": [[[46.4706226, 30.7512637], [46.4708656, 30.7512981], [46.4708774, 30.7511209], [46.4706345, 30.7510866], [46.4706262, 30.7512107], [46.4706226, 30.7512637]]], "df_ids": [29566]}