{"polygon": [[[46.490123, 30.7270199], [46.490397, 30.7274803], [46.4902978, 30.7276123], [46.4902654, 30.7275595], [46.4901137, 30.7273038], [46.4897336, 30.7277809], [46.4896409, 30.7276251], [46.490123, 30.7270199]]], "df_ids": [1573]}