{"polygon": [[[46.4738623, 30.7375291], [46.4738532, 30.7375279], [46.473708, 30.7375048], [46.473692, 30.7377374], [46.4736734, 30.7379792], [46.4737418, 30.7379873], [46.4737591, 30.7377567], [46.4738363, 30.7377689], [46.4738442, 30.7377701], [46.4738471, 30.7377318], [46.4738623, 30.7375291]]], "df_ids": [823]}