{"polygon": [[[46.4719682, 30.7197537], [46.4717229, 30.7194098], [46.4717983, 30.7192965], [46.4720435, 30.7196404], [46.4719682, 30.7197537]]], "df_ids": [49531]}