{"polygon": [[[46.4841498, 30.7209257], [46.4838186, 30.7210454], [46.4837811, 30.7208264], [46.4841123, 30.7207067], [46.4841498, 30.7209257]]], "df_ids": [137516]}