{"polygon": [[[46.4760856, 30.7117494], [46.4761001, 30.7117916], [46.4760975, 30.7118724], [46.4760044, 30.7118585], [46.4760142, 30.7117355], [46.4760856, 30.7117494]]], "df_ids": [6288]}