{"polygon": [[[46.4779988, 30.708626], [46.4780093, 30.7084242], [46.4781076, 30.7084393], [46.4781168, 30.7083522], [46.4780074, 30.7083227], [46.4778996, 30.7082931], [46.4778682, 30.708681], [46.4780325, 30.7087528], [46.4781696, 30.7088177], [46.4781899, 30.7087122], [46.4779988, 30.708626]]], "df_ids": [212731]}