{"polygon": [[[46.4785538, 30.7441835], [46.4785705, 30.7439346], [46.4789927, 30.7440088], [46.4790392, 30.7433889], [46.4792206, 30.743417], [46.4791987, 30.7437082], [46.4791878, 30.7438521], [46.4791551, 30.744286], [46.4785538, 30.7441835]]], "df_ids": [6787]}