{"polygon": [[[46.4743026, 30.7405538], [46.4741911, 30.7405396], [46.4741699, 30.7409453], [46.4742504, 30.740958], [46.4742778, 30.7409623], [46.4743026, 30.7405538]]], "df_ids": [147935]}