{"polygon": [[[46.49352, 30.7192858], [46.4927873, 30.7190411], [46.4927523, 30.7192786], [46.4934818, 30.7195241], [46.49352, 30.7192858]]], "df_ids": [5818]}