{"polygon": [[[46.4752253, 30.727672], [46.4752398, 30.7274629], [46.4752827, 30.7274692], [46.4754089, 30.7274876], [46.4754215, 30.7273057], [46.4752939, 30.7272871], [46.475153, 30.7272665], [46.4751119, 30.727315], [46.4750885, 30.727652], [46.4752253, 30.727672]]], "df_ids": [460]}