{"polygon": [[[46.472171, 30.7182816], [46.472182, 30.7180839], [46.4725427, 30.718126], [46.4725331, 30.7182998], [46.4726709, 30.7183159], [46.4726899, 30.7179717], [46.4720488, 30.7178969], [46.4720284, 30.7182649], [46.472171, 30.7182816]]], "df_ids": [58246]}