{"polygon": [[[46.4699635, 30.7518282], [46.469697, 30.7517915], [46.4697022, 30.7517122], [46.4699686, 30.7517489], [46.4699635, 30.7518282]]], "df_ids": [255089]}