{"polygon": [[[46.4884297, 30.7167217], [46.4885196, 30.7173311], [46.4883703, 30.7173776], [46.4882399, 30.7174182], [46.4882166, 30.7172607], [46.488109, 30.7165317], [46.4881943, 30.7165052], [46.4882987, 30.7172127], [46.4883466, 30.7171977], [46.488392, 30.7171836], [46.4883284, 30.7167533], [46.4884297, 30.7167217]]], "df_ids": [126610]}