{"polygon": [[[46.4791614, 30.7199289], [46.4791409, 30.7199336], [46.4790396, 30.7199569], [46.4790472, 30.7201265], [46.4790496, 30.7201806], [46.4790562, 30.7203284], [46.4790361, 30.7203403], [46.4790462, 30.7203957], [46.4790564, 30.7204516], [46.4791485, 30.7204218], [46.4791637, 30.7204147], [46.4791359, 30.7202517], [46.4791002, 30.7202618], [46.4790896, 30.7202648], [46.479089, 30.72023], [46.4791123, 30.7202223], [46.4791088, 30.7201284], [46.4790888, 30.7201345], [46.4790872, 30.7201052], [46.4790984, 30.7201017], [46.4791736, 30.7200783], [46.4791647, 30.7199689], [46.4791614, 30.7199289]]], "df_ids": [44632]}