{"polygon": [[[46.4849537, 30.7313971], [46.4849845, 30.7314397], [46.485026, 30.731641], [46.4849476, 30.731751], [46.4849185, 30.7317532], [46.4849062, 30.7317907], [46.4849031, 30.7318173], [46.4849152, 30.7318234], [46.4848897, 30.732106], [46.4850284, 30.7321289], [46.4850283, 30.7321865], [46.4847336, 30.7321435], [46.48476, 30.7318019], [46.4847768, 30.7317531], [46.484797, 30.7316946], [46.4848787, 30.7315456], [46.4849537, 30.7313971]]], "df_ids": [32754]}