{"polygon": [[[46.4719984, 30.7300665], [46.472127, 30.730082], [46.4721318, 30.7299969], [46.4721631, 30.7300007], [46.4721663, 30.7299452], [46.4721388, 30.7299418], [46.4720064, 30.7299259], [46.4719984, 30.7300665]]], "df_ids": [29584]}