{"polygon": [[[46.4843027, 30.7393345], [46.4843088, 30.7392467], [46.4843788, 30.7392571], [46.4843911, 30.739082], [46.4842212, 30.7390568], [46.4841873, 30.7390843], [46.4841689, 30.7393132], [46.4843027, 30.7393345]]], "df_ids": [16009]}