{"polygon": [[[46.4744463, 30.7310737], [46.4745561, 30.7310867], [46.4745676, 30.7308824], [46.4745071, 30.7308752], [46.4744653, 30.7308702], [46.474463, 30.7309119], [46.4744011, 30.7309045], [46.4743947, 30.7310172], [46.4744492, 30.7310237], [46.4744463, 30.7310737]]], "df_ids": [31612]}