{"polygon": [[[46.4889042, 30.7387592], [46.4890772, 30.738609], [46.4892174, 30.7384872], [46.4892126, 30.7384539], [46.4892867, 30.7381521], [46.4891716, 30.7381084], [46.4891408, 30.738308], [46.4890522, 30.7383752], [46.4889778, 30.7384316], [46.4889624, 30.7383988], [46.4889614, 30.7383631], [46.4889665, 30.7383228], [46.488986, 30.7382916], [46.4890085, 30.7382744], [46.4890383, 30.7382618], [46.489066, 30.7380622], [46.4889426, 30.7380266], [46.4889245, 30.7383177], [46.4889092, 30.7385257], [46.4889106, 30.7385718], [46.4889062, 30.7387018], [46.4889042, 30.7387592]]], "df_ids": [8607]}