{"polygon": [[[46.4823182, 30.7485429], [46.4823318, 30.7483525], [46.4823062, 30.7483486], [46.4822282, 30.7483368], [46.4822411, 30.7481565], [46.4822131, 30.7481523], [46.4821206, 30.7481383], [46.4820941, 30.7485091], [46.4822926, 30.748539], [46.4823182, 30.7485429]]], "df_ids": [6029]}