{"polygon": [[[46.4766361, 30.7264755], [46.4767153, 30.7263791], [46.476798, 30.7262784], [46.4767032, 30.7261143], [46.4765879, 30.7259147], [46.4764248, 30.7261133], [46.4764721, 30.7261951], [46.4765279, 30.7261272], [46.476594, 30.7262415], [46.4766509, 30.7263399], [46.4765962, 30.7264065], [46.4766361, 30.7264755]]], "df_ids": [6514]}