{"polygon": [[[46.4709634, 30.7457096], [46.4708718, 30.7456987], [46.470839, 30.746326], [46.4710168, 30.7463518], [46.4710327, 30.7460683], [46.4710522, 30.7457189], [46.4710157, 30.7457145], [46.4709854, 30.7462496], [46.4709332, 30.7462434], [46.4709634, 30.7457096]]], "df_ids": [174246]}