{"polygon": [[[46.482627, 30.7496227], [46.4826775, 30.7496299], [46.4827029, 30.7492517], [46.4825513, 30.7492302], [46.4825259, 30.7496084], [46.482627, 30.7496227]]], "df_ids": [74838]}