{"polygon": [[[46.4839092, 30.7371166], [46.4839028, 30.73725], [46.4838831, 30.7372463], [46.4838756, 30.7373572], [46.484043, 30.7373808], [46.4840495, 30.7372899], [46.4840603, 30.7371375], [46.4840656, 30.7370637], [46.4839508, 30.7370519], [46.4839092, 30.7371166]]], "df_ids": [28191]}