{"polygon": [[[46.47989, 30.726922], [46.4796854, 30.7265887], [46.4796992, 30.7265664], [46.4797181, 30.7265946], [46.4797238, 30.7265835], [46.4798186, 30.7264479], [46.4797308, 30.7262974], [46.4796329, 30.7264239], [46.479543, 30.7265492], [46.4795388, 30.7266069], [46.4797941, 30.7270429], [46.47989, 30.726922]]], "df_ids": [29088]}