{"polygon": [[[46.4850754, 30.728306], [46.4851589, 30.7282072], [46.4850322, 30.7279813], [46.4848952, 30.7281433], [46.4848781, 30.7281636], [46.4849688, 30.7283254], [46.4849856, 30.7283055], [46.4850145, 30.7282713], [46.4850505, 30.7283355], [46.4850754, 30.728306]]], "df_ids": [27947]}