{"polygon": [[[46.4744147, 30.713288], [46.4744352, 30.7131037], [46.4743699, 30.7130992], [46.474376, 30.7129561], [46.4745358, 30.7129508], [46.4745703, 30.7129932], [46.4745348, 30.7133108], [46.4744147, 30.713288]]], "df_ids": [124264]}