{"polygon": [[[46.4728672, 30.7411671], [46.4730275, 30.7411882], [46.4730422, 30.7411907], [46.4730579, 30.7409859], [46.4730436, 30.7409848], [46.4729456, 30.740977], [46.4729192, 30.7409249], [46.4729206, 30.7408632], [46.4729263, 30.7407533], [46.4728937, 30.7407489], [46.4728841, 30.7409005], [46.4728672, 30.7411671]]], "df_ids": [32510]}