{"polygon": [[[46.4866437, 30.7226365], [46.4869196, 30.7222999], [46.4868223, 30.7221363], [46.4867667, 30.7222056], [46.4865483, 30.7224714], [46.4866437, 30.7226365]]], "df_ids": [30401]}