{"polygon": [[[46.4782978, 30.7447261], [46.4783747, 30.7447384], [46.4785178, 30.7447614], [46.4785309, 30.7445895], [46.4784053, 30.7445694], [46.4783834, 30.7445659], [46.4782269, 30.7445408], [46.4782138, 30.7447126], [46.4782978, 30.7447261]]], "df_ids": [5457]}