{"polygon": [[[46.4798485, 30.7384731], [46.479816, 30.7388945], [46.4799254, 30.7389122], [46.4799317, 30.73883], [46.4799419, 30.7386831], [46.4799575, 30.7386855], [46.4800643, 30.7387009], [46.4801381, 30.7387144], [46.4801513, 30.7385223], [46.4799699, 30.7384934], [46.4798485, 30.7384731]]], "df_ids": [28306]}