{"polygon": [[[46.4801605, 30.723212], [46.4800929, 30.7232543], [46.4800825, 30.7232608], [46.4801728, 30.7234293], [46.480183, 30.7234192], [46.4802453, 30.7233574], [46.4801605, 30.723212]]], "df_ids": [160723]}