{"polygon": [[[46.4795097, 30.7216158], [46.4791688, 30.7217305], [46.478684, 30.7218811], [46.4787079, 30.722073], [46.4795381, 30.7218065], [46.4795097, 30.7216158]]], "df_ids": [33023]}