{"polygon": [[[46.4926177, 30.7188759], [46.4926365, 30.718741], [46.4924711, 30.7186896], [46.4924352, 30.7186785], [46.4924153, 30.718813], [46.4924504, 30.7188239], [46.4926177, 30.7188759]]], "df_ids": [187692]}