{"polygon": [[[46.4839984, 30.7295352], [46.4840906, 30.7296961], [46.484172, 30.7295978], [46.4840832, 30.7294454], [46.4839547, 30.7292383], [46.4838431, 30.7293805], [46.4837293, 30.7295255], [46.4839457, 30.7299048], [46.4840343, 30.7297978], [46.4839307, 30.729617], [46.4839645, 30.7295762], [46.4839984, 30.7295352]]], "df_ids": [1049]}