{"polygon": [[[46.4904992, 30.7218689], [46.4904693, 30.7218217], [46.490456, 30.7218079], [46.4904031, 30.7218789], [46.4903664, 30.7218212], [46.4903391, 30.7217783], [46.4903886, 30.7217118], [46.4903452, 30.7216254], [46.4904436, 30.7214886], [46.4905444, 30.7213538], [46.4904665, 30.7212207], [46.4901764, 30.7216301], [46.4901785, 30.7216737], [46.4903119, 30.7218942], [46.4903897, 30.7220153], [46.4904992, 30.7218689]]], "df_ids": [29017]}