{"polygon": [[[46.4909004, 30.715146], [46.4912468, 30.7153297], [46.4912754, 30.715216], [46.4911402, 30.7151484], [46.4909995, 30.7150655], [46.490929, 30.7150322], [46.4909004, 30.715146]]], "df_ids": [2558]}