{"polygon": [[[46.4797339, 30.7246539], [46.4799404, 30.7249765], [46.4800355, 30.7248601], [46.4798234, 30.7245275], [46.4797339, 30.7246539]]], "df_ids": [29311]}