{"polygon": [[[46.4728607, 30.7344184], [46.4727182, 30.7344006], [46.4727084, 30.7345659], [46.4727334, 30.734569], [46.4727271, 30.7346755], [46.4727266, 30.7346837], [46.4728441, 30.7346984], [46.4728448, 30.7346873], [46.4728511, 30.7345809], [46.4728607, 30.7344184]]], "df_ids": [3543]}