{"polygon": [[[46.4697276, 30.7413083], [46.4697414, 30.7411353], [46.4695762, 30.7411076], [46.4695624, 30.7412806], [46.4697276, 30.7413083]]], "df_ids": [30803]}