{"polygon": [[[46.4742559, 30.7161598], [46.4740785, 30.716131], [46.4740725, 30.7162093], [46.4741159, 30.7162163], [46.4740962, 30.7164712], [46.4741078, 30.7164733], [46.4742298, 30.7164935], [46.4742559, 30.7161598]]], "df_ids": [45573]}