{"polygon": [[[46.4729926, 30.7120129], [46.4730494, 30.7120036], [46.4730981, 30.7120243], [46.4731609, 30.7120333], [46.4732253, 30.7120077], [46.473263, 30.711974], [46.4733307, 30.7119576], [46.4733177, 30.7117541], [46.4729808, 30.7118217], [46.4729926, 30.7120129]]], "df_ids": [63243]}