{"polygon": [[[46.4927107, 30.7154016], [46.4930183, 30.7158289], [46.4931266, 30.7156643], [46.492819, 30.7152371], [46.4927107, 30.7154016]]], "df_ids": [27194]}