{"polygon": [[[46.4707737, 30.7296468], [46.4706835, 30.7296338], [46.4704398, 30.7295986], [46.4704259, 30.7298021], [46.4705439, 30.7298192], [46.4707185, 30.7298444], [46.4707245, 30.7297573], [46.4705493, 30.7297321], [46.4705527, 30.729683], [46.4707691, 30.7297143], [46.4707737, 30.7296468]]], "df_ids": [178903]}