{"polygon": [[[46.4938959, 30.7209486], [46.4942328, 30.7211253], [46.4943093, 30.7210733], [46.4942354, 30.7209507], [46.4939348, 30.7207924], [46.4938959, 30.7209486]]], "df_ids": [30872]}