{"polygon": [[[46.4879559, 30.720448], [46.4880252, 30.720562], [46.4880726, 30.7206555], [46.4881208, 30.7206126], [46.488066, 30.7204815], [46.4880779, 30.7204739], [46.4880937, 30.7204637], [46.4880593, 30.7203746], [46.4880439, 30.7203854], [46.4879559, 30.720448]]], "df_ids": [9003]}