{"polygon": [[[46.4709865, 30.7488322], [46.47111, 30.7488514], [46.4712233, 30.7488721], [46.4712361, 30.7486643], [46.4711269, 30.7486474], [46.4710796, 30.74864], [46.4710015, 30.7486279], [46.4709912, 30.7487677], [46.4709865, 30.7488322]]], "df_ids": [6305]}