{"polygon": [[[46.4757137, 30.7273467], [46.4756438, 30.7273367], [46.4755231, 30.7273193], [46.4754835, 30.7279129], [46.475548, 30.7279243], [46.475577, 30.7274656], [46.4756354, 30.7274734], [46.4757051, 30.7274827], [46.4757137, 30.7273467]]], "df_ids": [187686]}