{"polygon": [[[46.4767886, 30.7137686], [46.4762846, 30.7137138], [46.4762731, 30.7139364], [46.4763765, 30.7139476], [46.4766966, 30.7139824], [46.4767867, 30.7139932], [46.4767938, 30.7138895], [46.4763984, 30.7138446], [46.4764014, 30.7137871], [46.4767855, 30.7138289], [46.4767886, 30.7137686]]], "df_ids": [26473]}