{"polygon": [[[46.4781441, 30.7305325], [46.478157, 30.7305165], [46.4782375, 30.7304168], [46.4781246, 30.7302149], [46.4780718, 30.7302766], [46.4780849, 30.7303001], [46.4780547, 30.7303353], [46.478042, 30.7303502], [46.4781441, 30.7305325]]], "df_ids": [35347]}