{"polygon": [[[46.4736565, 30.7218667], [46.4736505, 30.7219179], [46.4736367, 30.7220352], [46.4737617, 30.722044], [46.4737708, 30.721929], [46.4737825, 30.7217822], [46.4736382, 30.7217676], [46.473276, 30.7217326], [46.4732834, 30.7216575], [46.4732021, 30.7216467], [46.4732021, 30.7218184], [46.4736565, 30.7218667]]], "df_ids": [53241]}