{"polygon": [[[46.4748541, 30.7310919], [46.4748707, 30.7311262], [46.4750401, 30.7311521], [46.4750542, 30.7309609], [46.4749813, 30.7309491], [46.4749835, 30.7309194], [46.4750064, 30.730617], [46.4750777, 30.7306283], [46.475087, 30.7305056], [46.4750281, 30.7304963], [46.4749056, 30.7304768], [46.4748699, 30.7309029], [46.4748541, 30.7310919]]], "df_ids": [190495]}