{"polygon": [[[46.4737617, 30.722044], [46.4736367, 30.7220352], [46.4736225, 30.7221743], [46.4736086, 30.7223096], [46.4737372, 30.7223283], [46.473749, 30.7221908], [46.4737617, 30.722044]]], "df_ids": [207572]}