{"polygon": [[[46.4832527, 30.748242], [46.4831108, 30.7482198], [46.4830726, 30.7482182], [46.4830654, 30.7483314], [46.4831056, 30.7483383], [46.4830963, 30.7484512], [46.4829788, 30.7484309], [46.4829847, 30.7483586], [46.4829016, 30.7483444], [46.4828964, 30.7484179], [46.4827846, 30.7484011], [46.4827868, 30.7483702], [46.4827354, 30.7483625], [46.4827331, 30.748394], [46.4826604, 30.7483831], [46.482645, 30.7485979], [46.4831975, 30.7486837], [46.4832262, 30.7486549], [46.4832527, 30.748242]]], "df_ids": [5852]}