{"polygon": [[[46.4755379, 30.7420164], [46.4754855, 30.7428392], [46.4755909, 30.7428534], [46.4756325, 30.7421998], [46.4759386, 30.7422409], [46.4759494, 30.7420716], [46.4755379, 30.7420164]]], "df_ids": [32483]}