{"polygon": [[[46.4857734, 30.7231626], [46.4858752, 30.723341], [46.4857957, 30.7234437], [46.4856898, 30.7232685], [46.4857734, 30.7231626]]], "df_ids": [1887]}