{"polygon": [[[46.4775056, 30.7377167], [46.4775235, 30.7374829], [46.4775402, 30.73726], [46.477438, 30.7372497], [46.4774327, 30.7373604], [46.4774608, 30.7373762], [46.4774557, 30.7374976], [46.4774268, 30.7374929], [46.4772047, 30.7374753], [46.4771938, 30.7376672], [46.4774143, 30.7377017], [46.4775056, 30.7377167]]], "df_ids": [28309]}