{"polygon": [[[46.4687298, 30.7229147], [46.4690632, 30.7224992], [46.4690054, 30.7224011], [46.4689654, 30.7224538], [46.4686695, 30.7228126], [46.4687157, 30.7228907], [46.4687298, 30.7229147]]], "df_ids": [157064]}