{"polygon": [[[46.4764368, 30.730128], [46.47639, 30.730086], [46.4764366, 30.7294897], [46.4764414, 30.7294293], [46.4765493, 30.7294551], [46.476547, 30.7295123], [46.4765338, 30.7297565], [46.4765593, 30.7297712], [46.4765956, 30.729686], [46.4765981, 30.7296258], [46.4766243, 30.7295884], [46.4767205, 30.7297758], [46.4764368, 30.730128]]], "df_ids": [29097]}