{"polygon": [[[46.4856042, 30.7134684], [46.4858442, 30.7137039], [46.4859523, 30.7134716], [46.4857123, 30.7132361], [46.485681, 30.7133032], [46.4856042, 30.7134684]]], "df_ids": [74967]}