{"polygon": [[[46.4762958, 30.7134961], [46.4764252, 30.7135101], [46.4764475, 30.7131077], [46.4764178, 30.7131042], [46.4763218, 30.713093], [46.4762958, 30.7134961]]], "df_ids": [153491]}