{"polygon": [[[46.4825325, 30.7096089], [46.4827024, 30.7094894], [46.4827039, 30.7094937], [46.4827187, 30.7094832], [46.4827341, 30.7094724], [46.4827316, 30.7094651], [46.4828815, 30.7093597], [46.4828216, 30.7091802], [46.4824717, 30.7094263], [46.482485, 30.7094662], [46.4825325, 30.7096089]]], "df_ids": [736]}