{"polygon": [[[46.4919807, 30.724594], [46.4921317, 30.7244022], [46.4922959, 30.7241936], [46.4923998, 30.7243662], [46.4923494, 30.7244303], [46.4924132, 30.7245363], [46.4924463, 30.7244942], [46.4925815, 30.7247188], [46.4925394, 30.7247723], [46.4926298, 30.7249224], [46.4926812, 30.7248571], [46.4927491, 30.7249699], [46.4924526, 30.7253466], [46.4923622, 30.7251965], [46.4925178, 30.7249988], [46.4922537, 30.7245601], [46.4920875, 30.7247713], [46.4919807, 30.724594]]], "df_ids": [5244]}