{"polygon": [[[46.4721755, 30.7127294], [46.4721622, 30.7126011], [46.4718867, 30.7126615], [46.4718964, 30.712755], [46.471965, 30.71274], [46.4719793, 30.7128767], [46.472072, 30.7128563], [46.4720614, 30.7127544], [46.4721755, 30.7127294]]], "df_ids": [175413]}