{"polygon": [[[46.4834938, 30.7198491], [46.483328, 30.7199302], [46.4832855, 30.7197278], [46.4833008, 30.7197173], [46.4832171, 30.7195739], [46.4832441, 30.7195275], [46.4833059, 30.7194598], [46.4833261, 30.7195269], [46.4833864, 30.7196487], [46.4834963, 30.7198044], [46.4834938, 30.7198491]]], "df_ids": [161370]}