{"polygon": [[[46.4782877, 30.7079888], [46.47794, 30.707818], [46.4779567, 30.7077106], [46.4783127, 30.7078784], [46.4782877, 30.7079888]]], "df_ids": [30935]}