{"polygon": [[[46.4882953, 30.7318639], [46.4881851, 30.7316796], [46.4880839, 30.7318144], [46.4879844, 30.7319362], [46.4879651, 30.7319598], [46.4880589, 30.7321182], [46.4880781, 30.7320947], [46.4881455, 30.7320111], [46.4881575, 30.7320315], [46.4882308, 30.7319405], [46.4882953, 30.7318639]]], "df_ids": [61845]}