{"polygon": [[[46.4833318, 30.7455494], [46.4831606, 30.7454511], [46.4830128, 30.7453642], [46.4829937, 30.7453553], [46.483, 30.7452978], [46.4833438, 30.745381], [46.4833318, 30.7455494]]], "df_ids": [192598]}