{"polygon": [[[46.4745054, 30.7178152], [46.4744125, 30.7177997], [46.474426, 30.7176371], [46.474692, 30.7176837], [46.4746828, 30.7177946], [46.4746566, 30.7181092], [46.4746462, 30.7182351], [46.4745803, 30.7182235], [46.4746126, 30.7178348], [46.4745054, 30.7178152]]], "df_ids": [189439]}