{"polygon": [[[46.4839756, 30.7301903], [46.4840071, 30.7302164], [46.4842501, 30.7304173], [46.4844207, 30.7301008], [46.48421, 30.7298759], [46.4842616, 30.7297677], [46.4845312, 30.7300906], [46.4843198, 30.7304777], [46.4842392, 30.7306451], [46.4839389, 30.730406], [46.4838372, 30.7303167], [46.4839307, 30.730137], [46.4841077, 30.7298966], [46.484274, 30.7301048], [46.4842396, 30.7301735], [46.4840905, 30.7299945], [46.4839756, 30.7301903]]], "df_ids": [44733]}