{"polygon": [[[46.4892859, 30.7371256], [46.4890227, 30.737103], [46.4890304, 30.7368819], [46.4892922, 30.7368922], [46.489287, 30.7370864], [46.4892859, 30.7371256]]], "df_ids": [74752]}