{"polygon": [[[46.478355, 30.7242323], [46.4783613, 30.7242432], [46.4785124, 30.7245053], [46.4786448, 30.724343], [46.4787226, 30.7244768], [46.4785186, 30.7247126], [46.4784638, 30.724718], [46.4782668, 30.7243606], [46.47826, 30.7243488], [46.478355, 30.7242323]]], "df_ids": [32951]}