{"polygon": [[[46.3907398, 30.7223707], [46.3908083, 30.7223856], [46.3908341, 30.7221356], [46.3907052, 30.7221076], [46.3906876, 30.722278], [46.3906173, 30.7222627], [46.3905918, 30.7225095], [46.3907225, 30.7225379], [46.3907398, 30.7223707]]], "df_ids": [10929]}