{"polygon": [[[46.4722479, 30.75336], [46.4723298, 30.7533804], [46.4723234, 30.7534346], [46.472419, 30.7534584], [46.4724288, 30.7533761], [46.4724619, 30.7533844], [46.4724734, 30.7532876], [46.4725217, 30.7532996], [46.4725381, 30.7531604], [46.4725002, 30.7531509], [46.4725055, 30.7531065], [46.4722843, 30.7530514], [46.4722479, 30.75336]]], "df_ids": [74575]}