{"polygon": [[[46.4759624, 30.7119231], [46.4757686, 30.7118907], [46.4757184, 30.7118823], [46.4757237, 30.7118151], [46.4757337, 30.7116886], [46.4759778, 30.7117294], [46.4759624, 30.7119231]]], "df_ids": [250604]}