{"polygon": [[[46.474074, 30.7420005], [46.4741991, 30.7420216], [46.474305, 30.7420394], [46.4742975, 30.7421342], [46.4743101, 30.7421363], [46.4744337, 30.7421571], [46.474434, 30.7421529], [46.474448, 30.7419768], [46.4744571, 30.7418542], [46.4740889, 30.74179], [46.474074, 30.7420005]]], "df_ids": [32501]}