{"polygon": [[[46.4747862, 30.7532129], [46.4747554, 30.7537239], [46.4750055, 30.7537557], [46.4750175, 30.7535563], [46.4749279, 30.7535449], [46.4749467, 30.7532333], [46.4747862, 30.7532129]]], "df_ids": [75041]}