{"polygon": [[[46.4772261, 30.7231102], [46.4772572, 30.7232637], [46.4771637, 30.7232942], [46.4771653, 30.7233264], [46.4771669, 30.7233769], [46.4773327, 30.7233224], [46.4772981, 30.7230966], [46.4772948, 30.7230758], [46.4772261, 30.7231102]]], "df_ids": [180965]}