{"polygon": [[[46.4703582, 30.7244019], [46.4703785, 30.724378], [46.4704155, 30.7243344], [46.470398, 30.7243031], [46.4703189, 30.7241613], [46.4702837, 30.7240982], [46.4702263, 30.7241657], [46.4703582, 30.7244019]]], "df_ids": [189282]}