{"polygon": [[[46.4692585, 30.7464303], [46.4693408, 30.7464441], [46.4693475, 30.7463599], [46.4693504, 30.7463243], [46.4693876, 30.7463306], [46.469401, 30.746164], [46.469369, 30.7461587], [46.4693807, 30.7460125], [46.469607, 30.7460506], [46.4697112, 30.7460682], [46.4697399, 30.7457088], [46.4697061, 30.7457031], [46.4696571, 30.7456949], [46.4696433, 30.7458667], [46.4694013, 30.7458259], [46.4694057, 30.7457708], [46.469437, 30.7457761], [46.4694447, 30.7456795], [46.4693202, 30.7456585], [46.4692585, 30.7464303]]], "df_ids": [37033]}