{"polygon": [[[46.4722244, 30.747355], [46.4723291, 30.7473703], [46.4723593, 30.7473763], [46.4723555, 30.7474241], [46.4723951, 30.7474306], [46.4723844, 30.7475676], [46.472433, 30.7475757], [46.4724396, 30.7474912], [46.4724565, 30.7472752], [46.4722345, 30.7472385], [46.4722244, 30.747355]]], "df_ids": [208401]}