{"polygon": [[[46.4794704, 30.7083647], [46.4794699, 30.7082477], [46.4792751, 30.7081418], [46.4792667, 30.708174], [46.4791772, 30.7081218], [46.4791596, 30.7082129], [46.4793757, 30.7083202], [46.4794704, 30.7083647]]], "df_ids": [181452]}