{"polygon": [[[46.4919903, 30.7169308], [46.4919979, 30.7168806], [46.4918818, 30.7168396], [46.4917707, 30.7168025], [46.4917387, 30.7170271], [46.4917797, 30.7170394], [46.4917879, 30.7169859], [46.4918027, 30.7169686], [46.4918597, 30.7169839], [46.491882, 30.7169899], [46.4918966, 30.7170107], [46.4918896, 30.717076], [46.4919607, 30.717099], [46.4919903, 30.7169308]]], "df_ids": [1264]}