{"polygon": [[[46.4796281, 30.7367706], [46.4796478, 30.7363927], [46.4796061, 30.7363881], [46.4796134, 30.7362476], [46.4796203, 30.7361072], [46.479497, 30.7360927], [46.4794903, 30.7362303], [46.4794835, 30.736347], [46.4792305, 30.7363158], [46.479219, 30.736512], [46.4793183, 30.7365242], [46.4793061, 30.7367329], [46.4793903, 30.7367433], [46.4795123, 30.7367579], [46.4796281, 30.7367706]]], "df_ids": [74836]}