{"polygon": [[[46.4792917, 30.7226455], [46.4792328, 30.7226605], [46.4791635, 30.722685], [46.4791926, 30.7228903], [46.4792433, 30.7232485], [46.4792719, 30.7232706], [46.4795776, 30.7231976], [46.4795996, 30.7231422], [46.4795465, 30.7227923], [46.4795349, 30.7227155], [46.4794673, 30.7227335], [46.4794041, 30.7227561], [46.4794154, 30.7228273], [46.479451, 30.7230529], [46.4793644, 30.7230789], [46.4793263, 30.722852], [46.4792917, 30.7226455]]], "df_ids": [6291]}