{"polygon": [[[46.4887616, 30.7370837], [46.4890227, 30.737103], [46.4890304, 30.7368819], [46.4887693, 30.7368626], [46.4887616, 30.7370837]]], "df_ids": [191680]}