{"polygon": [[[46.4727223, 30.7365408], [46.472616, 30.7365258], [46.4726119, 30.736587], [46.4726081, 30.7366451], [46.4726075, 30.736654], [46.4727137, 30.736669], [46.4727142, 30.7366609], [46.4727223, 30.7365408]]], "df_ids": [89137]}