{"polygon": [[[46.4809017, 30.734648], [46.4807942, 30.7346361], [46.4807957, 30.734607], [46.4807156, 30.7345981], [46.4806252, 30.7345881], [46.480624, 30.7346117], [46.4805418, 30.7346026], [46.4805293, 30.7348401], [46.4807041, 30.7348571], [46.4808897, 30.7348752], [46.4809017, 30.734648]]], "df_ids": [5013]}