{"polygon": [[[46.4703655, 30.7092066], [46.4704152, 30.7086235], [46.4705476, 30.7086507], [46.470494, 30.7092351], [46.4703655, 30.7092066]]], "df_ids": [64003]}