{"polygon": [[[46.472781, 30.7207562], [46.4728216, 30.7207026], [46.472877, 30.7206919], [46.4728918, 30.7207509], [46.4729694, 30.720606], [46.4729103, 30.7205417], [46.4728332, 30.7205296], [46.4727852, 30.7205511], [46.4727071, 30.7206436], [46.472781, 30.7207562]]], "df_ids": [30335]}