{"polygon": [[[46.4031839, 30.7125302], [46.402964, 30.7121735], [46.4030094, 30.7121147], [46.4028837, 30.7119107], [46.4029808, 30.7117848], [46.4031179, 30.7120071], [46.4030724, 30.712066], [46.403281, 30.7124043], [46.4031839, 30.7125302]]], "df_ids": [89267]}