{"polygon": [[[46.4903027, 30.7352139], [46.4903016, 30.7353506], [46.4903003, 30.7354133], [46.4900131, 30.7354335], [46.4897494, 30.7354316], [46.4897574, 30.7352251], [46.4898409, 30.735219], [46.4900141, 30.7352251], [46.490272, 30.7352138], [46.4903027, 30.7352139]]], "df_ids": [6012]}