{"polygon": [[[46.4732807, 30.7526243], [46.4734081, 30.7526389], [46.4734374, 30.7520947], [46.4733254, 30.7520791], [46.4732807, 30.7526243]]], "df_ids": [7525]}