{"polygon": [[[46.4825567, 30.7254879], [46.482096, 30.7260745], [46.4821561, 30.7261714], [46.4821923, 30.7262299], [46.4822609, 30.7263404], [46.4823908, 30.7261706], [46.4823335, 30.7260782], [46.4825125, 30.7258441], [46.4826196, 30.7260169], [46.4825828, 30.726065], [46.4826958, 30.7262473], [46.4828318, 30.7260377], [46.4827369, 30.7258873], [46.4827222, 30.7259076], [46.4825986, 30.7257083], [46.4826485, 30.7256418], [46.4825567, 30.7254879]]], "df_ids": [74929]}