{"polygon": [[[46.4743911, 30.7477752], [46.4743412, 30.747769], [46.4743015, 30.747764], [46.4742699, 30.7482951], [46.4742248, 30.7482895], [46.4742578, 30.7477329], [46.474268, 30.7475619], [46.4743529, 30.7475725], [46.4744637, 30.7475864], [46.4744526, 30.7477733], [46.4744468, 30.7478721], [46.4744409, 30.7479702], [46.4744154, 30.747967], [46.4743799, 30.7479626], [46.4743911, 30.7477752]]], "df_ids": [2440]}