{"polygon": [[[46.4733544, 30.7315153], [46.4733361, 30.731731], [46.4735282, 30.7317658], [46.4735402, 30.7316256], [46.4734619, 30.7316114], [46.4734686, 30.731533], [46.4733544, 30.7315153]]], "df_ids": [86509]}