{"polygon": [[[46.3915057, 30.7281183], [46.3915307, 30.7279447], [46.3914716, 30.7279143], [46.3915466, 30.7275658], [46.3917299, 30.7276307], [46.3916488, 30.7279716], [46.391713, 30.7280014], [46.3916862, 30.7281638], [46.3915057, 30.7281183]]], "df_ids": [171842]}