{"polygon": [[[46.4904101, 30.722981], [46.4906414, 30.7233571], [46.4905475, 30.7234789], [46.49039, 30.7232228], [46.4904292, 30.7231719], [46.490346, 30.7230367], [46.4902576, 30.7231515], [46.4903625, 30.723322], [46.4906011, 30.7237099], [46.4908602, 30.7233736], [46.490526, 30.7228305], [46.4904101, 30.722981]]], "df_ids": [5291]}