{"polygon": [[[46.4765524, 30.7251928], [46.4766164, 30.7253052], [46.4767181, 30.7251853], [46.4766714, 30.7251019], [46.4766497, 30.7251274], [46.4766343, 30.7250996], [46.4765524, 30.7251928]]], "df_ids": [27087]}