{"polygon": [[[46.3992984, 30.7157798], [46.3992747, 30.7156037], [46.3994523, 30.7155535], [46.3996717, 30.7154914], [46.3998136, 30.7154513], [46.3999615, 30.7154094], [46.4001091, 30.7153677], [46.4001328, 30.7155438], [46.3992984, 30.7157798]]], "df_ids": [80404]}