{"polygon": [[[46.4763065, 30.7313201], [46.4766626, 30.7313703], [46.4766718, 30.7311742], [46.4764572, 30.7311341], [46.4764942, 30.7307022], [46.4763745, 30.7306807], [46.4763614, 30.7306783], [46.4763065, 30.7313201]]], "df_ids": [31611]}