{"polygon": [[[46.411745, 30.7074835], [46.4116376, 30.7075012], [46.4115543, 30.7064402], [46.4116617, 30.7064224], [46.411745, 30.7074835]]], "df_ids": [77480]}