{"polygon": [[[46.4703294, 30.7529946], [46.4705903, 30.7530549], [46.4706658, 30.7530724], [46.4706688, 30.7530469], [46.4706865, 30.7528826], [46.4704834, 30.7528373], [46.4704913, 30.7527645], [46.4703581, 30.7527336], [46.4703294, 30.7529946]]], "df_ids": [27234]}