{"polygon": [[[46.4809383, 30.7185662], [46.481038, 30.7185448], [46.4810306, 30.7182444], [46.4806551, 30.7183332], [46.4806311, 30.7183389], [46.4806391, 30.7185037], [46.4806709, 30.7184954], [46.4809346, 30.7184268], [46.4809383, 30.7185662]]], "df_ids": [157088]}