{"polygon": [[[46.473409, 30.7509096], [46.473496, 30.7509226], [46.4736134, 30.750939], [46.4736079, 30.7510221], [46.4735262, 30.7510107], [46.4735204, 30.7510984], [46.4736195, 30.7511122], [46.4736114, 30.7512337], [46.4736024, 30.7512324], [46.4733836, 30.7512018], [46.473409, 30.7509096]]], "df_ids": [448]}