{"polygon": [[[46.395962, 30.7188611], [46.3958704, 30.7188953], [46.3957585, 30.7183307], [46.3955527, 30.7178197], [46.395273, 30.7173917], [46.395343, 30.7172945], [46.3953612, 30.7173252], [46.3953769, 30.7173037], [46.3954174, 30.7173666], [46.3953961, 30.7173936], [46.3954186, 30.7174247], [46.3954336, 30.7174483], [46.3954519, 30.7174215], [46.3955553, 30.717578], [46.3955347, 30.7176058], [46.3955531, 30.7176309], [46.3955716, 30.7176582], [46.3955924, 30.7176276], [46.3956232, 30.7176741], [46.3956054, 30.7176987], [46.395622, 30.7177255], [46.3956359, 30.7177483], [46.3956502, 30.7177832], [46.3956674, 30.7177718], [46.3956979, 30.7178435], [46.3956738, 30.7178636], [46.3956868, 30.7178968], [46.3957007, 30.71793], [46.3957233, 30.7179119], [46.3957987, 30.7180976], [46.395777, 30.7181164], [46.3957872, 30.7181469], [46.3958005, 30.7181795], [46.3958278, 30.7181573], [46.39585, 30.7182123], [46.3958292, 30.7182291], [46.3958422, 30.7182593], [46.3958519, 30.7182908], [46.3958584, 30.718331], [46.3958778, 30.7183216], [46.3958935, 30.7184057], [46.3958681, 30.7184175], [46.3958753, 30.718451], [46.3958838, 30.7184886], [46.3959088, 30.7184792], [46.395949, 30.7186861], [46.3959249, 30.7186978], [46.3959322, 30.7187338], [46.3959384, 30.7187648], [46.3959675, 30.7187555], [46.3959791, 30.7188151], [46.3959555, 30.7188245], [46.395962, 30.7188611]]], "df_ids": [42214]}