{"polygon": [[[46.4806772, 30.7475707], [46.4808478, 30.7475897], [46.4808502, 30.7475439], [46.4808559, 30.7474363], [46.4808601, 30.7473563], [46.4808655, 30.7472546], [46.4808057, 30.7472479], [46.4806949, 30.7472356], [46.4806853, 30.7474171], [46.4806794, 30.747528], [46.4806772, 30.7475707]]], "df_ids": [10005]}