{"polygon": [[[46.4923746, 30.7149252], [46.4922429, 30.7147255], [46.4921912, 30.7147255], [46.491791, 30.7152264], [46.4916678, 30.7151279], [46.4920989, 30.7145806], [46.4921986, 30.7145002], [46.4922872, 30.7145323], [46.4924714, 30.7147601], [46.4923746, 30.7149252]]], "df_ids": [27195]}