{"polygon": [[[46.4761761, 30.725811], [46.4763556, 30.7261243], [46.4764685, 30.725988], [46.4762891, 30.7256746], [46.4761761, 30.725811]]], "df_ids": [75014]}