{"polygon": [[[46.4831286, 30.7261967], [46.4833536, 30.7265775], [46.4832564, 30.72671], [46.4833138, 30.7268008], [46.4836133, 30.7264376], [46.4835533, 30.7263426], [46.4834641, 30.726454], [46.4832342, 30.726065], [46.4831286, 30.7261967]]], "df_ids": [244478]}