{"polygon": [[[46.4906156, 30.733717], [46.4904011, 30.7336973], [46.4903901, 30.7339519], [46.4905602, 30.7339675], [46.490558, 30.7340168], [46.4906024, 30.7340209], [46.4906156, 30.733717]]], "df_ids": [26457]}