{"polygon": [[[46.4744491, 30.7255128], [46.474378, 30.7255864], [46.4743036, 30.7256635], [46.474223, 30.7254996], [46.4741726, 30.7255518], [46.4743281, 30.7258683], [46.4745311, 30.7256551], [46.4745391, 30.7255585], [46.4743989, 30.7252769], [46.4743575, 30.7253232], [46.4744491, 30.7255128]]], "df_ids": [153316]}