{"polygon": [[[46.4863948, 30.7365932], [46.486393, 30.7366452], [46.4863685, 30.7366424], [46.4862223, 30.7366257], [46.486193, 30.7366223], [46.486179, 30.7368791], [46.486268, 30.7368893], [46.4862703, 30.7368485], [46.4864377, 30.7368677], [46.4865126, 30.7368762], [46.4865093, 30.7369375], [46.486562, 30.7369436], [46.4865786, 30.7366182], [46.4865257, 30.7366128], [46.4865216, 30.7366883], [46.4864862, 30.7366842], [46.4864516, 30.7366803], [46.4864353, 30.7366784], [46.4864387, 30.7365982], [46.4863948, 30.7365932]]], "df_ids": [166360]}