{"polygon": [[[46.493582, 30.723661], [46.4935906, 30.7236736], [46.4937195, 30.7238825], [46.4938225, 30.7237481], [46.4937832, 30.7236851], [46.4936919, 30.7235379], [46.4936848, 30.7235264], [46.493582, 30.723661]]], "df_ids": [27447]}