{"polygon": [[[46.4925448, 30.7233684], [46.4922418, 30.7237349], [46.4921519, 30.7235884], [46.4921205, 30.7235392], [46.492022, 30.7233812], [46.4919839, 30.7233028], [46.4921634, 30.7230735], [46.4922303, 30.7231823], [46.4921915, 30.7232325], [46.4922661, 30.7233537], [46.4923543, 30.7232393], [46.4922078, 30.7230008], [46.4922705, 30.7229191], [46.4923344, 30.7230179], [46.4924471, 30.7232047], [46.4925448, 30.7233684]]], "df_ids": [30878]}