{"polygon": [[[46.4711843, 30.7529956], [46.4713794, 30.7530462], [46.4713854, 30.7529957], [46.4714967, 30.7530236], [46.4714686, 30.75326], [46.4711638, 30.7531862], [46.4711843, 30.7529956]]], "df_ids": [27232]}