{"polygon": [[[46.4725622, 30.7335605], [46.472523, 30.7335529], [46.4721015, 30.7334931], [46.4721144, 30.7333137], [46.4725727, 30.7333834], [46.4725622, 30.7335605]]], "df_ids": [27000]}