{"polygon": [[[46.4835414, 30.7348451], [46.4833414, 30.734816], [46.4833312, 30.734961], [46.4839392, 30.7350461], [46.4839628, 30.7346912], [46.4835562, 30.7346343], [46.4835457, 30.7347831], [46.4835414, 30.7348451]]], "df_ids": [17422]}