{"polygon": [[[46.4719055, 30.743801], [46.4718731, 30.7437951], [46.4718837, 30.7436271], [46.4718305, 30.74362], [46.471837, 30.743518], [46.4719227, 30.7435294], [46.4719137, 30.7436711], [46.4719055, 30.743801]]], "df_ids": [236103]}