{"polygon": [[[46.4872942, 30.7266079], [46.4872347, 30.7265363], [46.4873984, 30.7262496], [46.4874166, 30.7262178], [46.4874761, 30.7262894], [46.4872942, 30.7266079]]], "df_ids": [32735]}