{"polygon": [[[46.4865552, 30.7205855], [46.4866357, 30.7208542], [46.4868496, 30.720719], [46.4867691, 30.7204504], [46.4865552, 30.7205855]]], "df_ids": [74928]}