{"polygon": [[[46.4696061, 30.7498105], [46.4696903, 30.7498227], [46.4696853, 30.7498949], [46.4696775, 30.7500083], [46.4696719, 30.7500899], [46.4696303, 30.7500839], [46.4695878, 30.7500777], [46.4696061, 30.7498105]]], "df_ids": [179460]}