{"polygon": [[[46.4862743, 30.7228775], [46.4860893, 30.7225615], [46.4860337, 30.7224665], [46.4861096, 30.7223728], [46.4862458, 30.7226116], [46.4864289, 30.7229117], [46.4862642, 30.7230987], [46.4862119, 30.7230094], [46.4861933, 30.7229775], [46.4862743, 30.7228775]]], "df_ids": [33245]}