{"polygon": [[[46.4748324, 30.7259495], [46.4748118, 30.7262285], [46.4747916, 30.7265012], [46.4747819, 30.7266321], [46.4748937, 30.7266485], [46.4749555, 30.7257606], [46.4748437, 30.7257442], [46.4748324, 30.7259495]]], "df_ids": [123378]}