{"polygon": [[[46.4712956, 30.7361319], [46.4712886, 30.7362219], [46.4711596, 30.7362041], [46.4711622, 30.7361676], [46.4710865, 30.7361565], [46.4710857, 30.7361025], [46.4710965, 30.736104], [46.4711795, 30.7361205], [46.4712956, 30.7361319]]], "df_ids": [5692]}