{"polygon": [[[46.4766438, 30.7326933], [46.4766491, 30.7325976], [46.4766704, 30.7322079], [46.4767765, 30.7322201], [46.4768457, 30.7322281], [46.4769738, 30.7322429], [46.4771065, 30.7322582], [46.477086, 30.7326224], [46.4770835, 30.7326684], [46.4770746, 30.7328406], [46.4769108, 30.7328217], [46.4769161, 30.7327247], [46.4769477, 30.7327284], [46.4769514, 30.7326508], [46.4769616, 30.7324752], [46.4766958, 30.7324445], [46.4766944, 30.7324694], [46.4767258, 30.7324731], [46.4767148, 30.7326727], [46.4766777, 30.7326684], [46.4766761, 30.732697], [46.4766438, 30.7326933]]], "df_ids": [52461, 255103]}