{"polygon": [[[46.4702316, 30.7412019], [46.4702013, 30.7415882], [46.4704012, 30.7416212], [46.4704315, 30.7412349], [46.4703362, 30.7412192], [46.4702316, 30.7412019]]], "df_ids": [3524]}