{"polygon": [[[46.4950433, 30.7193591], [46.4951624, 30.7195849], [46.4952472, 30.7194906], [46.4952727, 30.719539], [46.4953634, 30.719711], [46.4954969, 30.7195624], [46.4954251, 30.7194263], [46.4953836, 30.7194726], [46.4952201, 30.7191624], [46.4950433, 30.7193591]]], "df_ids": [5448]}