{"polygon": [[[46.4755719, 30.7221966], [46.4754028, 30.7222986], [46.4754142, 30.7223565], [46.4754825, 30.7223276], [46.4754807, 30.7223726], [46.4755583, 30.7223887], [46.4755719, 30.7221966]]], "df_ids": [29025]}