{"polygon": [[[46.4750281, 30.7304963], [46.4750295, 30.7304777], [46.475039, 30.7303523], [46.4749165, 30.7303328], [46.4749069, 30.7304595], [46.4749056, 30.7304768], [46.4750281, 30.7304963]]], "df_ids": [137369]}