{"polygon": [[[46.488847, 30.7252736], [46.4889118, 30.725385], [46.4889763, 30.7253059], [46.489081, 30.7254859], [46.4890127, 30.7255698], [46.4890552, 30.7256429], [46.4890701, 30.7256684], [46.4892384, 30.7254618], [46.4890115, 30.7250718], [46.488847, 30.7252736]]], "df_ids": [29010]}