{"polygon": [[[46.4749559, 30.7457528], [46.4748563, 30.7457401], [46.4748585, 30.7457083], [46.4747886, 30.7456991], [46.474799, 30.745533], [46.4748261, 30.7455366], [46.4749678, 30.7455553], [46.4749559, 30.7457528]]], "df_ids": [33386]}