{"polygon": [[[46.4740428, 30.7476752], [46.4741089, 30.7476836], [46.4741368, 30.7476871], [46.4741455, 30.7475416], [46.4740996, 30.7475349], [46.4740531, 30.7475282], [46.4740428, 30.7476752]]], "df_ids": [28682]}