{"polygon": [[[46.4898907, 30.7249545], [46.4897779, 30.7250965], [46.4898083, 30.7251533], [46.489891, 30.7252948], [46.4899353, 30.7252408], [46.489909, 30.7251985], [46.4899185, 30.7251662], [46.4899413, 30.7251784], [46.4899657, 30.7251461], [46.4899554, 30.7251057], [46.4899686, 30.7250873], [46.4898907, 30.7249545]]], "df_ids": [915]}