{"polygon": [[[46.4733389, 30.7395605], [46.4733279, 30.7397279], [46.4732642, 30.7397188], [46.4732474, 30.7399673], [46.4731577, 30.7399549], [46.4731226, 30.7399497], [46.4731283, 30.7398661], [46.4731369, 30.7397409], [46.4731515, 30.7395283], [46.4733389, 30.7395605]]], "df_ids": [6076, 229039]}