{"polygon": [[[46.4841799, 30.7157961], [46.4840153, 30.7158459], [46.484058, 30.7161443], [46.4840331, 30.7161518], [46.4840547, 30.7163031], [46.4840745, 30.716441], [46.4841179, 30.7164278], [46.4841619, 30.7167347], [46.4842591, 30.7167053], [46.4843096, 30.7166901], [46.4842584, 30.7163328], [46.4845676, 30.7162394], [46.4845391, 30.7160406], [46.4842283, 30.7161345], [46.4841799, 30.7157961]]], "df_ids": [28193]}