{"polygon": [[[46.4889935, 30.737503], [46.4890724, 30.7375082], [46.489148, 30.7375131], [46.489224, 30.7375181], [46.4892969, 30.7375228], [46.4893764, 30.737528], [46.4894528, 30.7375322], [46.4894493, 30.7375662], [46.4894351, 30.7377044], [46.4894177, 30.7377043], [46.4893982, 30.737868], [46.4893124, 30.7378412], [46.4893201, 30.7377091], [46.4892886, 30.7377088], [46.4892547, 30.7377084], [46.4892505, 30.7378184], [46.4891553, 30.7377881], [46.4891653, 30.7376906], [46.4891397, 30.7376877], [46.4891147, 30.7376849], [46.4891055, 30.737772], [46.4889624, 30.7377432], [46.4889935, 30.737503]]], "df_ids": [27562]}