{"polygon": [[[46.4904352, 30.7376696], [46.4898816, 30.7376875], [46.4898792, 30.7375312], [46.4904328, 30.7375133], [46.4904352, 30.7376696]]], "df_ids": [175634]}