{"polygon": [[[46.4880831, 30.7228615], [46.4880317, 30.7227744], [46.4881257, 30.7226573], [46.4881439, 30.7226346], [46.4881531, 30.7226501], [46.4881851, 30.7226092], [46.4882269, 30.7226822], [46.4881845, 30.7227352], [46.4880831, 30.7228615]]], "df_ids": [89174]}