{"polygon": [[[46.4848352, 30.7125634], [46.4848943, 30.7128799], [46.4850421, 30.712778], [46.4849756, 30.7125259], [46.4849608, 30.7123596], [46.484392, 30.7124562], [46.4844178, 30.7126707], [46.4848352, 30.7125634]]], "df_ids": [63213]}