{"polygon": [[[46.494045, 30.7264642], [46.4939487, 30.7262949], [46.4938281, 30.7264397], [46.4940007, 30.7267428], [46.4943802, 30.7262868], [46.4943242, 30.7261885], [46.4942772, 30.7261059], [46.4942369, 30.7260352], [46.4942038, 30.725977], [46.4940809, 30.7261246], [46.4941812, 30.7263007], [46.494045, 30.7264642]]], "df_ids": [5241]}