{"polygon": [[[46.4948257, 30.7210686], [46.4949981, 30.7213468], [46.4950592, 30.7212669], [46.4949557, 30.7211], [46.4950027, 30.7210386], [46.495035, 30.7210907], [46.4951083, 30.7209948], [46.4950761, 30.7209428], [46.4951165, 30.7208899], [46.49526, 30.7211214], [46.4953308, 30.7210288], [46.4951183, 30.7206859], [46.4949701, 30.7208797], [46.4948257, 30.7210686]]], "df_ids": [181529]}