{"polygon": [[[46.4893341, 30.7166467], [46.4893958, 30.7170246], [46.4897332, 30.7169082], [46.4896794, 30.7165791], [46.4895912, 30.7166095], [46.4896218, 30.7167966], [46.4894522, 30.7168551], [46.4894136, 30.7166193], [46.4893341, 30.7166467]]], "df_ids": [4497]}