{"polygon": [[[46.4834981, 30.7273536], [46.4833968, 30.7271844], [46.4831814, 30.7274551], [46.4832817, 30.727625], [46.4833451, 30.7275474], [46.4834372, 30.7274303], [46.4834981, 30.7273536]]], "df_ids": [153682]}