{"polygon": [[[46.4831668, 30.7250503], [46.483142, 30.7250815], [46.4830295, 30.7248929], [46.483133, 30.7247626], [46.4833625, 30.7251535], [46.4832846, 30.7252479], [46.4831668, 30.7250503]]], "df_ids": [27950]}