{"polygon": [[[46.4813235, 30.7309974], [46.4814092, 30.7312404], [46.4813454, 30.7313948], [46.4812519, 30.7316098], [46.4811908, 30.7314354], [46.4811749, 30.7313901], [46.4812552, 30.731213], [46.4812981, 30.7311155], [46.4812822, 30.7310653], [46.4813235, 30.7309974]]], "df_ids": [27483]}