{"polygon": [[[46.4728916, 30.7380604], [46.4730728, 30.7380895], [46.4730779, 30.7380144], [46.4730232, 30.7380076], [46.4730256, 30.7379668], [46.4730292, 30.7379059], [46.4730713, 30.7379087], [46.4730763, 30.7378397], [46.4730108, 30.7378332], [46.4729037, 30.7378204], [46.4728972, 30.7379488], [46.4728916, 30.7380604]]], "df_ids": [27383]}