{"polygon": [[[46.4691351, 30.7236121], [46.4690943, 30.723541], [46.4690696, 30.7235739], [46.4689945, 30.7236677], [46.4691848, 30.7239751], [46.4692809, 30.7238592], [46.4691351, 30.7236121]]], "df_ids": [180787]}