{"polygon": [[[46.3980754, 30.7259213], [46.3979628, 30.7259473], [46.3980683, 30.7269073], [46.3982366, 30.7268684], [46.3982202, 30.726719], [46.3981644, 30.7267319], [46.3980754, 30.7259213]]], "df_ids": [77475]}