{"polygon": [[[46.4885728, 30.7292685], [46.4882872, 30.7296364], [46.4881869, 30.7294722], [46.4884725, 30.7291043], [46.4885728, 30.7292685]]], "df_ids": [30881]}