{"polygon": [[[46.4805698, 30.7153891], [46.4807714, 30.7153268], [46.4807743, 30.7154441], [46.480777, 30.7155512], [46.4807166, 30.7155635], [46.4807169, 30.7155485], [46.4805763, 30.7155742], [46.4805698, 30.7153891]]], "df_ids": [255080]}