{"polygon": [[[46.4103393, 30.7223981], [46.4103617, 30.722577], [46.4100133, 30.7226687], [46.4100275, 30.7227821], [46.4099162, 30.7228114], [46.4098796, 30.722519], [46.4103393, 30.7223981]]], "df_ids": [75033]}