{"polygon": [[[46.4931699, 30.7166084], [46.4937682, 30.7171555], [46.4938309, 30.717], [46.4932401, 30.7164635], [46.4931699, 30.7166084]]], "df_ids": [63158]}