{"polygon": [[[46.4827935, 30.7384317], [46.4828193, 30.7380584], [46.4829846, 30.7380824], [46.4831553, 30.7381072], [46.4832301, 30.7381181], [46.4832536, 30.7381216], [46.4832469, 30.7382209], [46.4829241, 30.738174], [46.4829131, 30.7383336], [46.4830988, 30.7383606], [46.4832361, 30.7383806], [46.4832251, 30.7385251], [46.4830883, 30.7385059], [46.4828137, 30.7384674], [46.4827935, 30.7384317]]], "df_ids": [28299]}