{"polygon": [[[46.4024091, 30.7173925], [46.4022862, 30.7174247], [46.4024416, 30.7186733], [46.4025645, 30.7186412], [46.4024091, 30.7173925]]], "df_ids": [80382]}