{"polygon": [[[46.4847947, 30.7178713], [46.4847627, 30.7176655], [46.4846165, 30.7177134], [46.4845932, 30.71772], [46.4846235, 30.7179314], [46.4843322, 30.7180229], [46.4843156, 30.717988], [46.4842944, 30.71798], [46.4842694, 30.7179826], [46.4842482, 30.7180041], [46.4842362, 30.7180256], [46.4842353, 30.7180577], [46.4840008, 30.7181353], [46.4839645, 30.7179016], [46.4838223, 30.7179482], [46.4838802, 30.7183213], [46.4838963, 30.7184248], [46.4839162, 30.7185528], [46.4840622, 30.7185049], [46.4840502, 30.7184279], [46.4843587, 30.7183268], [46.4847113, 30.7182113], [46.4847237, 30.718291], [46.4848533, 30.7182486], [46.4847947, 30.7178713]]], "df_ids": [9341]}