{"polygon": [[[46.4835776, 30.739315], [46.4835701, 30.7393126], [46.483558, 30.7393086], [46.4835653, 30.7391988], [46.4835762, 30.739191], [46.483581, 30.7391875], [46.4837199, 30.7392091], [46.4837313, 30.7392108], [46.4837293, 30.7392391], [46.483741, 30.7392409], [46.4837534, 30.7392428], [46.4837598, 30.7391527], [46.4837701, 30.7390075], [46.4837361, 30.7390031], [46.4835157, 30.7389693], [46.4834996, 30.7391942], [46.4834875, 30.7393648], [46.4835126, 30.7393686], [46.4835107, 30.7393946], [46.4835713, 30.7394028], [46.4835776, 30.739315]]], "df_ids": [7863]}