{"polygon": [[[46.4910077, 30.733263], [46.4910874, 30.7333374], [46.4911369, 30.7333835], [46.4912128, 30.733212], [46.491082, 30.73309], [46.4910077, 30.733263]]], "df_ids": [62654]}