{"polygon": [[[46.4855196, 30.7354942], [46.4855042, 30.7357073], [46.4859666, 30.7357758], [46.4860749, 30.7357918], [46.4860895, 30.7355837], [46.485976, 30.7355669], [46.485947, 30.7355626], [46.4859486, 30.7355388], [46.4857257, 30.7355058], [46.4857231, 30.735542], [46.4856583, 30.7355324], [46.48566, 30.735514], [46.4855196, 30.7354942]]], "df_ids": [44783]}