{"polygon": [[[46.4744943, 30.7500205], [46.4746661, 30.7500452], [46.4746792, 30.7498533], [46.474692, 30.7496652], [46.4745201, 30.7496406], [46.4744943, 30.7500205]]], "df_ids": [5650]}