{"polygon": [[[46.3838708, 30.7156389], [46.3845887, 30.7153015], [46.3846167, 30.7154113], [46.3847317, 30.7153503], [46.3846616, 30.7150698], [46.383831, 30.7154701], [46.3838708, 30.7156389]]], "df_ids": [73472]}