{"polygon": [[[46.4906011, 30.7237099], [46.4903645, 30.7240092], [46.4902606, 30.7238289], [46.4904817, 30.7235343], [46.49047, 30.7235109], [46.490425, 30.7235601], [46.4903211, 30.7233745], [46.4903625, 30.723322], [46.4906011, 30.7237099]]], "df_ids": [201791]}