{"polygon": [[[46.4813395, 30.7119478], [46.4813412, 30.7120057], [46.4813436, 30.7120847], [46.4813478, 30.7122194], [46.4813236, 30.7122254], [46.4812294, 30.712249], [46.481228, 30.712114], [46.4812265, 30.7119636], [46.4812981, 30.7119535], [46.4813395, 30.7119478]]], "df_ids": [181077]}