{"polygon": [[[46.4785657, 30.7239097], [46.4783927, 30.7239644], [46.478313, 30.7238277], [46.478624, 30.7237533], [46.4786832, 30.7238726], [46.4785657, 30.7239097]]], "df_ids": [27109]}