{"polygon": [[[46.4848504, 30.7226425], [46.484748, 30.7227723], [46.4848243, 30.7228991], [46.4848918, 30.7228134], [46.4849168, 30.7227817], [46.4849806, 30.7227008], [46.4849041, 30.7225716], [46.4848504, 30.7226425]]], "df_ids": [30471]}