{"polygon": [[[46.4732533, 30.7492182], [46.4731139, 30.7491991], [46.4731336, 30.7488862], [46.4732794, 30.7489142], [46.4732533, 30.7492182]]], "df_ids": [6659]}