{"polygon": [[[46.4926533, 30.7210861], [46.4926709, 30.7210665], [46.4927481, 30.7209801], [46.4928486, 30.7208677], [46.4928301, 30.7207658], [46.4926159, 30.7206639], [46.4925457, 30.7207765], [46.4924597, 30.7209176], [46.4925071, 30.7209767], [46.4926087, 30.7208157], [46.4926611, 30.720865], [46.4925961, 30.7209518], [46.4925824, 30.7209701], [46.4926533, 30.7210861]]], "df_ids": [898]}