{"polygon": [[[46.4781509, 30.7231236], [46.4781773, 30.7231147], [46.4782094, 30.7231035], [46.4782477, 30.7230912], [46.4783096, 30.7230713], [46.4783875, 30.7230462], [46.478398, 30.723042], [46.4783555, 30.7227692], [46.4781526, 30.722836], [46.4781596, 30.7228805], [46.478253, 30.7228498], [46.4782625, 30.7229111], [46.4781239, 30.7229567], [46.4781509, 30.7231236]]], "df_ids": [443]}