{"polygon": [[[46.4732172, 30.7471515], [46.4730295, 30.7471261], [46.4730519, 30.7467782], [46.4730746, 30.7464256], [46.4731307, 30.7464332], [46.473095, 30.7469882], [46.473174, 30.7469989], [46.4732093, 30.7464505], [46.4732618, 30.7464576], [46.4732281, 30.746982], [46.4732172, 30.7471515]]], "df_ids": [43059]}