{"polygon": [[[46.4702923, 30.7390993], [46.470101, 30.7390735], [46.4700912, 30.7392853], [46.470174, 30.7392934], [46.4701756, 30.7392576], [46.4702233, 30.7392623], [46.4702216, 30.7392991], [46.4702797, 30.739313], [46.4702923, 30.7390993]]], "df_ids": [45687]}