{"polygon": [[[46.4878552, 30.7363793], [46.4875842, 30.736329], [46.4876035, 30.7361101], [46.4876895, 30.7361261], [46.4877528, 30.7361378], [46.4878745, 30.7361604], [46.4878552, 30.7363793]]], "df_ids": [32734]}