{"polygon": [[[46.4837363, 30.7395256], [46.4837355, 30.7395379], [46.483557, 30.7395139], [46.4835579, 30.7395004], [46.4835431, 30.7394984], [46.4835311, 30.739686], [46.4835603, 30.7396899], [46.4835612, 30.7396763], [46.4836581, 30.7396893], [46.4836588, 30.7396776], [46.4837189, 30.7396857], [46.4837158, 30.7397339], [46.483711, 30.7398099], [46.4836149, 30.739797], [46.483476, 30.7397782], [46.483478, 30.7397475], [46.4834557, 30.7397445], [46.4834817, 30.739418], [46.483509, 30.7394217], [46.4835107, 30.7393946], [46.4835713, 30.7394028], [46.483713, 30.7394218], [46.4837427, 30.7394258], [46.4837363, 30.7395256]]], "df_ids": [136335, 250819]}