{"polygon": [[[46.4823433, 30.7447534], [46.4826227, 30.7447961], [46.4826358, 30.7446153], [46.4824828, 30.7445918], [46.4824949, 30.7444244], [46.482367, 30.7444048], [46.4823433, 30.7447534]]], "df_ids": [27874]}