{"polygon": [[[46.4868294, 30.7165528], [46.4870526, 30.7164872], [46.4873043, 30.7164133], [46.4872748, 30.7162018], [46.4868, 30.7163414], [46.4868294, 30.7165528]]], "df_ids": [29606]}