{"polygon": [[[46.4696566, 30.7247706], [46.4697625, 30.7249537], [46.4698571, 30.7251173], [46.4698864, 30.7251165], [46.4699706, 30.7250219], [46.4699062, 30.7249083], [46.4698652, 30.7248353], [46.4697606, 30.724649], [46.4696566, 30.7247706]]], "df_ids": [44688]}