{"polygon": [[[46.4730422, 30.7411907], [46.4732478, 30.741224], [46.4734435, 30.7412557], [46.4734662, 30.7409596], [46.4733955, 30.7409482], [46.4733885, 30.741039], [46.4732628, 30.7410186], [46.4731237, 30.7409961], [46.4731295, 30.7409214], [46.4730637, 30.7409108], [46.4730579, 30.7409859], [46.4730422, 30.7411907]]], "df_ids": [2694]}