{"polygon": [[[46.4055147, 30.7191199], [46.4048272, 30.7193157], [46.4046441, 30.7195363], [46.4045789, 30.719423], [46.404793, 30.7191628], [46.4054967, 30.7189603], [46.4055147, 30.7191199]]], "df_ids": [77473]}