{"polygon": [[[46.4690155, 30.7496881], [46.4691747, 30.7497162], [46.4691526, 30.750005], [46.4691249, 30.7500005], [46.4689932, 30.7499793], [46.4690155, 30.7496881]]], "df_ids": [1569]}