{"polygon": [[[46.4796556, 30.7208099], [46.4795549, 30.7208286], [46.4795457, 30.7207388], [46.4794755, 30.7207656], [46.4794727, 30.720736], [46.4794607, 30.7206101], [46.4796085, 30.7205578], [46.4796364, 30.7205723], [46.4796556, 30.7208099]]], "df_ids": [5646]}