{"polygon": [[[46.4705439, 30.7298192], [46.4704259, 30.7298021], [46.4704128, 30.7299928], [46.4705123, 30.7300072], [46.4707122, 30.730036], [46.4707182, 30.7299475], [46.4705369, 30.7299213], [46.4705439, 30.7298192]]], "df_ids": [7560]}