{"polygon": [[[46.4818464, 30.7246205], [46.481859, 30.724604], [46.4818289, 30.7245556], [46.4820027, 30.7243277], [46.481957, 30.7242542], [46.4817839, 30.7244812], [46.4817103, 30.7243629], [46.4817654, 30.7242907], [46.4820005, 30.7239823], [46.4821849, 30.7242787], [46.4819201, 30.7246261], [46.4818814, 30.7246768], [46.4818464, 30.7246205]]], "df_ids": [45143]}