{"polygon": [[[46.4754782, 30.7340355], [46.4758504, 30.7340832], [46.475855, 30.7340069], [46.4758598, 30.7339277], [46.4756471, 30.7339005], [46.4754876, 30.73388], [46.4754782, 30.7340355]]], "df_ids": [33435]}