{"polygon": [[[46.4808456, 30.7229998], [46.4807715, 30.7230555], [46.4807012, 30.7231083], [46.4806664, 30.7230672], [46.4806234, 30.7229682], [46.4806959, 30.7229175], [46.4807663, 30.7228684], [46.4808456, 30.7229998]]], "df_ids": [160724]}