{"polygon": [[[46.4697062, 30.7470484], [46.4698999, 30.7470808], [46.4699148, 30.7468922], [46.4697212, 30.7468598], [46.4697062, 30.7470484]]], "df_ids": [852]}