{"polygon": [[[46.3847626, 30.7160536], [46.3848916, 30.7160048], [46.3847317, 30.7153503], [46.3846167, 30.7154113], [46.3847626, 30.7160536]]], "df_ids": [162256]}