{"polygon": [[[46.4807801, 30.747905], [46.4806978, 30.7478942], [46.4807, 30.7478591], [46.4807016, 30.7478332], [46.4807234, 30.7478361], [46.4807285, 30.7477548], [46.4806651, 30.7477465], [46.4806585, 30.7478529], [46.4806424, 30.748111], [46.4807662, 30.7481272], [46.4807756, 30.7479768], [46.4807801, 30.747905]]], "df_ids": [45014]}