{"polygon": [[[46.4903895, 30.7226099], [46.4902792, 30.7227427], [46.4902176, 30.7226348], [46.4901967, 30.7225983], [46.4900331, 30.7227953], [46.4901277, 30.7229611], [46.4900828, 30.7230151], [46.4899485, 30.7227798], [46.4901507, 30.7225362], [46.4902673, 30.7223959], [46.4903274, 30.7225012], [46.4903895, 30.7226099]]], "df_ids": [180891]}