{"polygon": [[[46.481116, 30.7358941], [46.4812265, 30.7359086], [46.4812374, 30.735733], [46.4812352, 30.7357278], [46.481233, 30.7357235], [46.4809336, 30.7356842], [46.4809236, 30.7358442], [46.4811175, 30.7358697], [46.481116, 30.7358941]]], "df_ids": [133865]}