{"polygon": [[[46.4776007, 30.7404171], [46.477724, 30.74043], [46.477735, 30.740205], [46.4776145, 30.7401904], [46.4776007, 30.7404171]]], "df_ids": [86219]}