{"polygon": [[[46.487443, 30.7201815], [46.4870545, 30.7204175], [46.4871043, 30.7205907], [46.4874929, 30.7203547], [46.487443, 30.7201815]]], "df_ids": [53086]}