{"polygon": [[[46.4806759, 30.7259211], [46.4805699, 30.7260508], [46.4804225, 30.7262312], [46.4803782, 30.7262855], [46.4802969, 30.726385], [46.4803411, 30.7264612], [46.4804125, 30.7265842], [46.4804508, 30.7266501], [46.480486, 30.7267107], [46.4806148, 30.7265515], [46.4805833, 30.7264972], [46.4805663, 30.7265181], [46.4805229, 30.7264433], [46.4804532, 30.7263233], [46.4804677, 30.7263056], [46.480481, 30.7262894], [46.480495, 30.7263136], [46.4805968, 30.726189], [46.4805722, 30.7261466], [46.4805819, 30.7261347], [46.4805918, 30.7261225], [46.4806485, 30.7262201], [46.4806754, 30.7262664], [46.4806841, 30.7262815], [46.4808016, 30.7261376], [46.4807921, 30.7261213], [46.4807832, 30.726106], [46.4806759, 30.7259211]]], "df_ids": [29306]}