{"polygon": [[[46.4862144, 30.726813], [46.4861772, 30.7268611], [46.4863042, 30.7270204], [46.486182, 30.7272177], [46.4862325, 30.7272924], [46.4863886, 30.7270503], [46.4863732, 30.727036], [46.4863967, 30.726987], [46.486331, 30.7269279], [46.4863059, 30.7269066], [46.4862144, 30.726813]]], "df_ids": [197109]}