{"polygon": [[[46.483092, 30.7343329], [46.4835211, 30.7343976], [46.4835478, 30.7340032], [46.4833517, 30.733975], [46.4833087, 30.7339688], [46.4831196, 30.7339415], [46.4831061, 30.7341328], [46.483092, 30.7343329]]], "df_ids": [27931]}