{"polygon": [[[46.4779779, 30.7498418], [46.4781835, 30.7498722], [46.4781921, 30.749749], [46.4782031, 30.7497506], [46.4782137, 30.7497521], [46.4782253, 30.7495868], [46.4782121, 30.7495849], [46.4780486, 30.7495608], [46.4780568, 30.7494438], [46.4780063, 30.7494363], [46.4779926, 30.7496325], [46.4779779, 30.7498418]]], "df_ids": [1211]}