{"polygon": [[[46.4739148, 30.7518718], [46.4737217, 30.7518448], [46.4737159, 30.7519311], [46.4737784, 30.7519399], [46.4737699, 30.7520684], [46.4737302, 30.7520628], [46.4737328, 30.7520243], [46.4735806, 30.752003], [46.473578, 30.7520422], [46.4735509, 30.7520384], [46.4735493, 30.7520629], [46.4735122, 30.7520577], [46.4735184, 30.7519651], [46.4734886, 30.7519609], [46.4734936, 30.7518846], [46.4735469, 30.7518921], [46.473552, 30.7518145], [46.473435, 30.7517982], [46.4734332, 30.7518254], [46.4734002, 30.7518208], [46.4734024, 30.7517877], [46.4733453, 30.7517797], [46.4733254, 30.7520791], [46.4734374, 30.7520947], [46.4737198, 30.7521342], [46.4738947, 30.7521587], [46.4738993, 30.7520891], [46.4738643, 30.7520842], [46.4738674, 30.7520364], [46.4739019, 30.7520412], [46.4739057, 30.7519835], [46.4738741, 30.7519791], [46.4738766, 30.751941], [46.4739099, 30.7519456], [46.4739148, 30.7518718]]], "df_ids": [161152]}