{"polygon": [[[46.3909198, 30.724654], [46.390885, 30.7246474], [46.3908782, 30.7247354], [46.3906618, 30.7246957], [46.3907084, 30.7241949], [46.3907017, 30.7241597], [46.3907119, 30.7240282], [46.3907236, 30.7239989], [46.3907389, 30.723985], [46.3907635, 30.7239795], [46.3909685, 30.7240118], [46.3909922, 30.7240236], [46.3910113, 30.7240518], [46.3910267, 30.7240934], [46.3910307, 30.7241436], [46.3909825, 30.7245887], [46.3909728, 30.7246285], [46.3909592, 30.7246446], [46.39094, 30.7246534], [46.3909198, 30.724654]]], "df_ids": [79732]}