{"polygon": [[[46.4779218, 30.7252285], [46.4780168, 30.7253777], [46.478128, 30.7252273], [46.4782414, 30.7250691], [46.4782411, 30.72498], [46.4781641, 30.7248457], [46.4780871, 30.724953], [46.4781046, 30.7249887], [46.4780361, 30.7250725], [46.4779865, 30.7251331], [46.4779867, 30.7251453], [46.4779758, 30.7251596], [46.4779218, 30.7252285]]], "df_ids": [32952]}