{"polygon": [[[46.479945, 30.749729], [46.4798343, 30.7497103], [46.4797221, 30.7496913], [46.4797326, 30.7495611], [46.4799555, 30.7495988], [46.479945, 30.749729]]], "df_ids": [45009]}