{"polygon": [[[46.4884647, 30.7374562], [46.4889935, 30.737503], [46.4889624, 30.7377432], [46.4889583, 30.7377702], [46.4889494, 30.7378284], [46.4884979, 30.7377781], [46.488509, 30.7376708], [46.4884573, 30.7376655], [46.4884647, 30.7374562]]], "df_ids": [74751]}