{"polygon": [[[46.4699153, 30.7526606], [46.469894, 30.7528771], [46.4700291, 30.7529041], [46.4700595, 30.7528662], [46.4700839, 30.7525136], [46.4700079, 30.7525076], [46.4699527, 30.7525033], [46.4699365, 30.7526628], [46.4699153, 30.7526606]]], "df_ids": [29546]}