{"polygon": [[[46.4696273, 30.7429304], [46.4696337, 30.7428456], [46.4696371, 30.7428014], [46.4697315, 30.7428166], [46.4698021, 30.7428279], [46.469816, 30.7426464], [46.4695229, 30.7425993], [46.4695057, 30.7428244], [46.469493, 30.7429989], [46.4696225, 30.743018], [46.4696273, 30.7429304]]], "df_ids": [1570]}