{"polygon": [[[46.4708025, 30.7238113], [46.4707414, 30.7238837], [46.4706844, 30.7237823], [46.4706423, 30.7238321], [46.4707285, 30.7239856], [46.4707909, 30.7240967], [46.470958, 30.7238988], [46.4708971, 30.7237903], [46.4708664, 30.7237356], [46.4708025, 30.7238113]]], "df_ids": [175510]}