{"polygon": [[[46.4846432, 30.7134325], [46.4845324, 30.7138241], [46.4845324, 30.7139045], [46.4845582, 30.7139528], [46.4846764, 30.7140279], [46.4846321, 30.714221], [46.4844363, 30.7140923], [46.4843957, 30.7140387], [46.4843735, 30.7139421], [46.4843883, 30.7138187], [46.4845324, 30.7133466], [46.4846432, 30.7134325]]], "df_ids": [63186]}