{"polygon": [[[46.4878003, 30.7198766], [46.4878476, 30.7200038], [46.4878938, 30.7201689], [46.4878333, 30.7202154], [46.4877543, 30.7202761], [46.4876322, 30.7199597], [46.4876993, 30.719914], [46.4877582, 30.7200821], [46.4877771, 30.7200659], [46.4878007, 30.7200458], [46.4877529, 30.719909], [46.4878003, 30.7198766]]], "df_ids": [236178]}