{"polygon": [[[46.4831387, 30.7265237], [46.4832564, 30.72671], [46.4833138, 30.7268008], [46.4830975, 30.7270803], [46.482857, 30.7266693], [46.4829139, 30.726599], [46.4830579, 30.7268449], [46.4831834, 30.72669], [46.4831087, 30.7265625], [46.4831387, 30.7265237]]], "df_ids": [6376, 236143]}