{"polygon": [[[46.4824038, 30.7302633], [46.4823355, 30.7300743], [46.4826048, 30.7299671], [46.4826986, 30.7298516], [46.4827417, 30.729944], [46.4826779, 30.7300344], [46.482669, 30.7301175], [46.4824038, 30.7302633]]], "df_ids": [141334]}