{"polygon": [[[46.4747923, 30.7101898], [46.4746707, 30.7101701], [46.4746658, 30.7102334], [46.4746981, 30.7102386], [46.474688, 30.7103699], [46.4747774, 30.7103844], [46.4747923, 30.7101898]]], "df_ids": [202199]}