{"polygon": [[[46.4805577, 30.7240857], [46.4806817, 30.7242849], [46.4807455, 30.7243876], [46.4807849, 30.7244509], [46.4808191, 30.724406], [46.480798, 30.7243721], [46.4806648, 30.7241579], [46.4806966, 30.7241162], [46.4808461, 30.7243565], [46.4808822, 30.7243092], [46.4808571, 30.7242699], [46.4808233, 30.7242168], [46.4807919, 30.7241589], [46.4806951, 30.7240135], [46.4806597, 30.7239519], [46.4806074, 30.7240206], [46.4805577, 30.7240857]]], "df_ids": [47477]}