{"polygon": [[[46.4869596, 30.7272273], [46.4869726, 30.7272052], [46.4870449, 30.7270823], [46.4871367, 30.7269263], [46.4870487, 30.7268172], [46.4868878, 30.7270907], [46.4868717, 30.7271182], [46.4869596, 30.7272273]]], "df_ids": [32736]}