{"polygon": [[[46.4703725, 30.7249091], [46.4702581, 30.7250293], [46.4702455, 30.7250427], [46.4703054, 30.725147], [46.4703149, 30.7251364], [46.4704265, 30.7250114], [46.4703725, 30.7249091]]], "df_ids": [174301]}