{"polygon": [[[46.4832744, 30.7191085], [46.4829888, 30.7191781], [46.4829712, 30.7190166], [46.4832573, 30.7189509], [46.4832744, 30.7191085]]], "df_ids": [51731]}