{"polygon": [[[46.4727186, 30.7348484], [46.4727113, 30.7349718], [46.4727051, 30.7350767], [46.4727022, 30.7351262], [46.4728179, 30.7351407], [46.472827, 30.7349878], [46.4728344, 30.7348628], [46.4727186, 30.7348484]]], "df_ids": [2876]}