{"polygon": [[[46.4709077, 30.7508696], [46.4710087, 30.7508803], [46.4710967, 30.7508922], [46.4711192, 30.7505039], [46.4710541, 30.7504963], [46.4710436, 30.750706], [46.471021, 30.7507036], [46.4709871, 30.7507], [46.4709967, 30.7505108], [46.470933, 30.7505041], [46.4709262, 30.7505033], [46.4709162, 30.7507022], [46.4709077, 30.7508696]]], "df_ids": [154091]}