{"polygon": [[[46.4696482, 30.7455952], [46.4696605, 30.7454625], [46.4696288, 30.7454563], [46.4696325, 30.7454156], [46.4696445, 30.7452869], [46.4697374, 30.745305], [46.4697094, 30.7456072], [46.4696482, 30.7455952]]], "df_ids": [191036]}