{"polygon": [[[46.4802872, 30.7364298], [46.4799907, 30.736384], [46.4800044, 30.7361865], [46.4800198, 30.7359664], [46.4800286, 30.7358427], [46.4800466, 30.735578], [46.4801563, 30.7355937], [46.4802257, 30.7356028], [46.4802143, 30.7357859], [46.4802104, 30.7358439], [46.4802573, 30.7358505], [46.4802501, 30.7359577], [46.4801964, 30.7359501], [46.4801936, 30.7359921], [46.4801753, 30.7362708], [46.4802966, 30.7362875], [46.4802872, 30.7364298]]], "df_ids": [7014]}