{"polygon": [[[46.4664877, 30.7155944], [46.4665087, 30.7155586], [46.4664604, 30.7154989], [46.4664394, 30.7155347], [46.4663538, 30.7154289], [46.4663755, 30.7153918], [46.4663252, 30.7153295], [46.4663034, 30.7153667], [46.4662395, 30.7152851], [46.4662297, 30.7152726], [46.4661545, 30.7153831], [46.4661681, 30.7154002], [46.4664914, 30.7158059], [46.4665567, 30.7156942], [46.4664877, 30.7155944]]], "df_ids": [32267]}