{"polygon": [[[46.4782179, 30.7275218], [46.4781797, 30.7275682], [46.4781725, 30.7275556], [46.4781322, 30.7276042], [46.4781448, 30.7276263], [46.4781176, 30.7276591], [46.4781055, 30.7276379], [46.4779887, 30.7277788], [46.4780668, 30.7279196], [46.4780721, 30.7279308], [46.4780786, 30.7279345], [46.4780879, 30.7279351], [46.4780968, 30.7279272], [46.4781058, 30.7279168], [46.4783603, 30.727607], [46.4782975, 30.7274939], [46.478252, 30.7274153], [46.4781994, 30.7274871], [46.4782179, 30.7275218]]], "df_ids": [2195]}