{"polygon": [[[46.4742068, 30.7155124], [46.4743276, 30.7155392], [46.4742967, 30.7158331], [46.4742212, 30.7158164], [46.4741759, 30.7158063], [46.4742068, 30.7155124]]], "df_ids": [4397]}