{"polygon": [[[46.4856087, 30.7321831], [46.4855197, 30.7320294], [46.4855121, 30.7320388], [46.4854901, 30.732066], [46.4854286, 30.7319329], [46.4853863, 30.7319628], [46.4854638, 30.7321229], [46.4854501, 30.7321381], [46.4853289, 30.7322813], [46.4853079, 30.7323815], [46.4851995, 30.7325186], [46.4853542, 30.7325285], [46.4855325, 30.7322855], [46.4855982, 30.7321959], [46.4856087, 30.7321831]]], "df_ids": [30906]}