{"polygon": [[[46.4769161, 30.7408103], [46.476932, 30.7405332], [46.4768089, 30.7405231], [46.47677, 30.7411529], [46.4768955, 30.7411713], [46.4769161, 30.7408103]]], "df_ids": [33258]}