{"polygon": [[[46.4875205, 30.7266751], [46.4876474, 30.7268247], [46.4875176, 30.7270571], [46.4874591, 30.7271618], [46.4872427, 30.7275494], [46.4871157, 30.7273998], [46.4873199, 30.7270343], [46.4875205, 30.7266751]]], "df_ids": [5421]}