{"polygon": [[[46.4659522, 30.7066925], [46.4659341, 30.7074779], [46.4658494, 30.7074791], [46.4658624, 30.706824], [46.4658214, 30.7068222], [46.4658243, 30.7066787], [46.4659522, 30.7066925]]], "df_ids": [112064]}