{"polygon": [[[46.4746582, 30.7241468], [46.4746136, 30.7241986], [46.4745722, 30.7241233], [46.4745226, 30.7241808], [46.4746296, 30.7243754], [46.4747706, 30.7242118], [46.4746617, 30.7240137], [46.4746149, 30.724068], [46.4746582, 30.7241468]]], "df_ids": [52493]}