{"polygon": [[[46.3840776, 30.7165733], [46.3847334, 30.7163043], [46.384697, 30.7161177], [46.3840412, 30.7163868], [46.3840776, 30.7165733]]], "df_ids": [162255]}