{"polygon": [[[46.4900364, 30.7244514], [46.4898849, 30.724645], [46.4898388, 30.7245689], [46.4897694, 30.7244542], [46.4897469, 30.7244169], [46.4897103, 30.7243565], [46.4898229, 30.7242126], [46.4899322, 30.7243931], [46.4899711, 30.7243434], [46.489998, 30.7243879], [46.4900364, 30.7244514]]], "df_ids": [3604, 189482]}