{"polygon": [[[46.4879041, 30.740165], [46.4880289, 30.7404309], [46.4880629, 30.7404108], [46.4881016, 30.7404018], [46.4881402, 30.7404067], [46.488167, 30.7404145], [46.4881955, 30.740434], [46.4882964, 30.7403156], [46.4883931, 30.7405096], [46.4882312, 30.7406868], [46.4881996, 30.7406445], [46.4881626, 30.7406093], [46.4881238, 30.7405959], [46.4880869, 30.7405959], [46.4880463, 30.7406093], [46.4879927, 30.7406495], [46.4878117, 30.7402982], [46.4879041, 30.740165]]], "df_ids": [5400]}