{"polygon": [[[46.4812782, 30.7180473], [46.481392, 30.7180207], [46.4813834, 30.7178456], [46.4813795, 30.7177667], [46.4812674, 30.7177705], [46.4812782, 30.7180473]]], "df_ids": [161083]}