{"polygon": [[[46.4727004, 30.7176135], [46.4725883, 30.7176332], [46.472599, 30.7177984], [46.4726468, 30.7178119], [46.472719, 30.7178323], [46.4727004, 30.7176135]]], "df_ids": [26560]}