{"polygon": [[[46.4733159, 30.7126275], [46.4736498, 30.712589], [46.4736402, 30.7124431], [46.4736361, 30.7123814], [46.4735657, 30.712374], [46.4735133, 30.7123576], [46.4734483, 30.712356], [46.4733967, 30.7123818], [46.4733601, 30.7124076], [46.4733053, 30.712439], [46.4733074, 30.7125371], [46.4733159, 30.7126275]]], "df_ids": [63245]}