{"polygon": [[[46.476212, 30.7444525], [46.4760798, 30.74443], [46.4758902, 30.7443984], [46.4758773, 30.7445575], [46.4758736, 30.7446083], [46.4761967, 30.7446658], [46.476212, 30.7444525]]], "df_ids": [1895]}