{"polygon": [[[46.4718293, 30.7485486], [46.4714745, 30.7484995], [46.4714993, 30.7481218], [46.4715652, 30.7481309], [46.4715846, 30.7478353], [46.4717748, 30.7478616], [46.4717559, 30.7481502], [46.4718546, 30.7481638], [46.4718293, 30.7485486]]], "df_ids": [169402]}