{"polygon": [[[46.4797216, 30.7223511], [46.4800634, 30.7222313], [46.4800295, 30.7220276], [46.4796878, 30.7221474], [46.4797216, 30.7223511]]], "df_ids": [20580]}