{"polygon": [[[46.4853872, 30.729562], [46.4854163, 30.7295937], [46.4852738, 30.7298694], [46.4851374, 30.7301334], [46.4850813, 30.7300723], [46.4850474, 30.730138], [46.4851058, 30.7302015], [46.485238, 30.7303458], [46.4853129, 30.730201], [46.4854052, 30.7300223], [46.4854974, 30.729851], [46.4855976, 30.7296756], [46.4854966, 30.7295567], [46.4854744, 30.7295325], [46.4854284, 30.7294824], [46.4853872, 30.729562]]], "df_ids": [6379]}