{"polygon": [[[46.472521, 30.7428334], [46.4726872, 30.7428593], [46.4726773, 30.7429923], [46.4726735, 30.7430449], [46.4727469, 30.7430563], [46.4727407, 30.7431404], [46.4725011, 30.7431031], [46.4725117, 30.7429597], [46.472521, 30.7428334]]], "df_ids": [603]}