{"polygon": [[[46.4694641, 30.7528002], [46.4695412, 30.7528102], [46.4695659, 30.7528133], [46.4696651, 30.7528261], [46.4696784, 30.7526085], [46.4696286, 30.7526021], [46.4696271, 30.752627], [46.4695958, 30.752623], [46.4695979, 30.7525892], [46.4695785, 30.7525867], [46.4695507, 30.7525835], [46.4694784, 30.7525735], [46.4694641, 30.7528002]]], "df_ids": [163097]}