{"polygon": [[[46.491771, 30.7251575], [46.4915785, 30.725403], [46.4914816, 30.7252426], [46.4917837, 30.7248572], [46.4921021, 30.7253748], [46.4920472, 30.7254412], [46.4919887, 30.7255177], [46.491771, 30.7251575]]], "df_ids": [30710]}