{"polygon": [[[46.4947653, 30.7189445], [46.4947954, 30.7187256], [46.4948287, 30.7186626], [46.4949127, 30.7185982], [46.4948859, 30.7185325], [46.4950078, 30.7184292], [46.4950507, 30.7184232], [46.4951167, 30.7184447], [46.4951255, 30.7183803], [46.4952741, 30.7184084], [46.4952718, 30.718438], [46.4953254, 30.7184587], [46.4953641, 30.7185566], [46.4954075, 30.7185137], [46.4954394, 30.7185895], [46.4954555, 30.7185768], [46.4955063, 30.7186954], [46.4954934, 30.7187095], [46.4955045, 30.7187337], [46.4955109, 30.7187793], [46.4954934, 30.7188772], [46.495542, 30.7188926], [46.4955035, 30.7191326], [46.495486, 30.7191689], [46.4954209, 30.7192339], [46.4953729, 30.7191266], [46.4953517, 30.7191199], [46.4953567, 30.7190596], [46.4953429, 30.7190575], [46.4953544, 30.7189503], [46.4953854, 30.7189536], [46.4953697, 30.7188101], [46.4953387, 30.7188356], [46.4953, 30.7187585], [46.4953291, 30.7187243], [46.4952607, 30.7186089], [46.4952233, 30.7186002], [46.4952192, 30.71867], [46.4951606, 30.7186612], [46.4951661, 30.7185888], [46.495143, 30.7185821], [46.495101, 30.7185929], [46.4950401, 30.7186472], [46.4950549, 30.7186787], [46.4950078, 30.7187216], [46.494993, 30.7186901], [46.4949533, 30.7187806], [46.4949194, 30.7189931], [46.4947653, 30.7189445]]], "df_ids": [63195]}