{"polygon": [[[46.4878341, 30.7189632], [46.4877846, 30.718682], [46.4881496, 30.7185631], [46.4881639, 30.7186498], [46.4881963, 30.7188286], [46.4880276, 30.7188913], [46.4878341, 30.7189632]]], "df_ids": [8835]}