{"polygon": [[[46.4699148, 30.7468922], [46.4698999, 30.7470808], [46.4698892, 30.7473213], [46.4698709, 30.7476264], [46.4699341, 30.7476375], [46.4699687, 30.7470753], [46.470022, 30.7470822], [46.4699971, 30.7474864], [46.4700293, 30.7474906], [46.4700511, 30.7474934], [46.4700622, 30.7473122], [46.4700678, 30.7472205], [46.4700865, 30.746916], [46.4699148, 30.7468922]]], "df_ids": [851, 193189, 193190]}