{"polygon": [[[46.4722765, 30.7466033], [46.4723709, 30.7466179], [46.4724003, 30.7463093], [46.4723087, 30.7462981], [46.4722765, 30.7466033]]], "df_ids": [27368]}