{"polygon": [[[46.4812422, 30.7457699], [46.4815775, 30.7458469], [46.4816226, 30.7458573], [46.4816467, 30.745636], [46.4816017, 30.7456257], [46.481498, 30.7456019], [46.48154, 30.745216], [46.4814096, 30.745186], [46.4813712, 30.7455388], [46.4812699, 30.7455155], [46.4812422, 30.7457699]]], "df_ids": [30998]}