{"polygon": [[[46.4760365, 30.7350581], [46.4764749, 30.7351221], [46.4764632, 30.7352884], [46.4764605, 30.7353275], [46.4763612, 30.7353127], [46.4761801, 30.7352867], [46.4761689, 30.7354505], [46.4761643, 30.7355158], [46.4761437, 30.7355127], [46.4760067, 30.7354924], [46.4760365, 30.7350581]]], "df_ids": [33434]}