{"polygon": [[[46.4728404, 30.7159751], [46.4728591, 30.7162089], [46.4730542, 30.7161776], [46.4730804, 30.7161717], [46.4732258, 30.7161463], [46.4732189, 30.7160629], [46.4729543, 30.7161091], [46.4729417, 30.7159574], [46.4728404, 30.7159751]]], "df_ids": [33005]}