{"polygon": [[[46.4926183, 30.7224119], [46.4927508, 30.7226375], [46.4928115, 30.7225605], [46.4927136, 30.7223977], [46.4927661, 30.7223311], [46.4927304, 30.7222716], [46.4926183, 30.7224119]]], "df_ids": [26332]}