{"polygon": [[[46.3875802, 30.729772], [46.3880475, 30.7299332], [46.3879943, 30.7302574], [46.388109, 30.730297], [46.3881562, 30.7300099], [46.3881364, 30.730003], [46.3881683, 30.7298081], [46.3877127, 30.7296509], [46.3877912, 30.7291727], [46.3876846, 30.729136], [46.3875802, 30.729772]]], "df_ids": [75453]}