{"polygon": [[[46.4700508, 30.7466639], [46.4700631, 30.7464831], [46.4700733, 30.7463337], [46.4700848, 30.7461643], [46.4699699, 30.7461478], [46.4699502, 30.7464375], [46.4699359, 30.7466474], [46.4700508, 30.7466639]]], "df_ids": [28812]}