{"polygon": [[[46.4807081, 30.7469864], [46.4807979, 30.746996], [46.4808588, 30.7470024], [46.4809204, 30.747009], [46.4809144, 30.7471103], [46.4808534, 30.7471035], [46.4808136, 30.7470991], [46.4808057, 30.7472479], [46.4806949, 30.7472356], [46.4807081, 30.7469864]]], "df_ids": [727]}