{"polygon": [[[46.4871305, 30.7358989], [46.4873765, 30.7359039], [46.4875561, 30.7359059], [46.4875329, 30.736101], [46.4876035, 30.7361101], [46.4876448, 30.7356967], [46.4873857, 30.7357053], [46.4871355, 30.7357251], [46.4871305, 30.7358989]]], "df_ids": [5266]}