{"polygon": [[[46.4766164, 30.7253052], [46.4766257, 30.7253232], [46.4767348, 30.7255345], [46.4768826, 30.7253552], [46.4768389, 30.7252771], [46.4768133, 30.7252312], [46.4767714, 30.7252806], [46.4767276, 30.7252023], [46.4767181, 30.7251853], [46.4766164, 30.7253052]]], "df_ids": [39695]}