{"polygon": [[[46.4771482, 30.7186574], [46.476958, 30.7187083], [46.4769672, 30.7189069], [46.4771445, 30.7188626], [46.4771482, 30.7186574]]], "df_ids": [34569]}