{"polygon": [[[46.4706393, 30.7395695], [46.4705787, 30.739561], [46.4705927, 30.7393497], [46.4705267, 30.7393404], [46.4705087, 30.7396118], [46.4704488, 30.7396034], [46.4704697, 30.7393408], [46.4704824, 30.7391279], [46.4706661, 30.7391536], [46.4706528, 30.7393563], [46.4706393, 30.7395695]]], "df_ids": [1694]}