{"polygon": [[[46.4892605, 30.7210354], [46.4893431, 30.7209255], [46.4895337, 30.7212276], [46.4894511, 30.7213376], [46.4892605, 30.7210354]]], "df_ids": [26182]}