{"polygon": [[[46.4768584, 30.7483861], [46.4766753, 30.7483602], [46.4766561, 30.7486468], [46.4768392, 30.7486726], [46.4768584, 30.7483861]]], "df_ids": [160631]}