{"polygon": [[[46.4713054, 30.7359499], [46.4712967, 30.7361108], [46.4712956, 30.7361319], [46.4711795, 30.7361205], [46.4711809, 30.7360956], [46.4711899, 30.7359328], [46.4712216, 30.7359375], [46.4713054, 30.7359499]]], "df_ids": [26462]}