{"polygon": [[[46.4673102, 30.7089561], [46.467195, 30.709105], [46.4674545, 30.7095278], [46.4675696, 30.7093789], [46.4673102, 30.7089561]]], "df_ids": [30087]}