{"polygon": [[[46.4819921, 30.7433878], [46.4821784, 30.7434205], [46.482191, 30.7432504], [46.4822064, 30.7430417], [46.4817678, 30.7429645], [46.4817399, 30.7432998], [46.4817363, 30.7433428], [46.4818029, 30.7433546], [46.4818115, 30.7432516], [46.4818208, 30.7431403], [46.48201, 30.7431736], [46.4820065, 30.7432156], [46.4820005, 30.7432876], [46.4819921, 30.7433878]]], "df_ids": [32309]}