{"polygon": [[[46.4730107, 30.730223], [46.4730055, 30.7303089], [46.4730573, 30.7303161], [46.4730557, 30.7303421], [46.4730548, 30.7303562], [46.4731702, 30.730371], [46.473171, 30.7303573], [46.4731779, 30.7302448], [46.4730474, 30.7302281], [46.4730107, 30.730223]]], "df_ids": [27393]}