{"polygon": [[[46.4812058, 30.7275248], [46.4811687, 30.7274657], [46.4811949, 30.7274311], [46.4811011, 30.7272816], [46.4809879, 30.7274314], [46.4810771, 30.7275736], [46.4810883, 30.7275588], [46.4811299, 30.7276252], [46.4812058, 30.7275248]]], "df_ids": [5794]}