{"polygon": [[[46.48737, 30.721464], [46.4872273, 30.721196], [46.4872215, 30.7212023], [46.4871513, 30.7212686], [46.4873242, 30.7215634], [46.4873843, 30.7214883], [46.48737, 30.721464]]], "df_ids": [255187]}