{"polygon": [[[46.4867771, 30.7341827], [46.4866535, 30.734167], [46.4866617, 30.7340313], [46.4866715, 30.733867], [46.4867951, 30.7338827], [46.486785, 30.7340506], [46.4867771, 30.7341827]]], "df_ids": [45222]}