{"polygon": [[[46.4710116, 30.7464276], [46.4710168, 30.7463518], [46.4710327, 30.7460683], [46.4710792, 30.7460739], [46.4710766, 30.7461186], [46.4711734, 30.7461303], [46.471176, 30.7460851], [46.4712233, 30.7460908], [46.4711947, 30.7465916], [46.4711304, 30.7465838], [46.4711458, 30.7463146], [46.4710821, 30.7463069], [46.4710648, 30.74661], [46.4710021, 30.7466025], [46.4710116, 30.7464276]]], "df_ids": [162661, 162662]}