{"polygon": [[[46.4650403, 30.7086659], [46.464799, 30.7086728], [46.4647638, 30.7092656], [46.4649131, 30.7092732], [46.4649126, 30.7092014], [46.4648874, 30.7092001], [46.4649009, 30.7088766], [46.4650405, 30.7088633], [46.4650403, 30.7086659]]], "df_ids": [193180]}