{"polygon": [[[46.4762822, 30.7194241], [46.4763624, 30.7194057], [46.4763573, 30.7195638], [46.4763568, 30.719702], [46.476353, 30.719938], [46.4763526, 30.719975], [46.4762826, 30.7199733], [46.4762822, 30.7194241]]], "df_ids": [162466]}