{"polygon": [[[46.4853889, 30.7392934], [46.4855777, 30.7393221], [46.485588, 30.739179], [46.4854985, 30.7391655], [46.48548, 30.7391626], [46.4854686, 30.7391609], [46.4853992, 30.7391504], [46.4853889, 30.7392934]]], "df_ids": [28295]}