{"polygon": [[[46.4880923, 30.7219648], [46.4880366, 30.7218692], [46.4879953, 30.7217983], [46.4879408, 30.7218652], [46.4878924, 30.7219247], [46.4879188, 30.7219701], [46.4879392, 30.7219451], [46.4879527, 30.7219682], [46.4879682, 30.7219948], [46.4879141, 30.7220612], [46.4879557, 30.7221326], [46.4879986, 30.7220798], [46.4880923, 30.7219648]]], "df_ids": [6915]}