{"polygon": [[[46.4860955, 30.7131276], [46.4863304, 30.7133538], [46.4863639, 30.7132803], [46.4864416, 30.7131101], [46.4862067, 30.7128839], [46.4860955, 30.7131276]]], "df_ids": [74964]}