{"polygon": [[[46.4682132, 30.7179403], [46.46851, 30.7183315], [46.4685543, 30.7182779], [46.4684472, 30.717484], [46.468372, 30.7175236], [46.468348, 30.7175363], [46.4684145, 30.718003], [46.4682921, 30.7178072], [46.4682132, 30.7179403]]], "df_ids": [1588]}