{"polygon": [[[46.4748426, 30.7459683], [46.4749422, 30.7459809], [46.4749559, 30.7457528], [46.4748563, 30.7457401], [46.4748426, 30.7459683]]], "df_ids": [33384]}