{"polygon": [[[46.4714596, 30.7427513], [46.4713119, 30.7427286], [46.4713463, 30.7422566], [46.4714259, 30.7422688], [46.471494, 30.7422793], [46.4714596, 30.7427513]]], "df_ids": [29571]}