{"polygon": [[[46.4871277, 30.7299622], [46.4869967, 30.7301377], [46.4869356, 30.7302196], [46.4868368, 30.7300573], [46.4867352, 30.7301834], [46.48692, 30.7304864], [46.4869661, 30.7304946], [46.4871074, 30.7303227], [46.4872444, 30.7301424], [46.487156, 30.7299985], [46.4871277, 30.7299622]]], "df_ids": [6921]}