{"polygon": [[[46.4905912, 30.7196569], [46.4908056, 30.7197149], [46.4908165, 30.719516], [46.4907287, 30.7195032], [46.4907357, 30.7194015], [46.4906027, 30.7193883], [46.4905912, 30.7196569]]], "df_ids": [53633]}