{"polygon": [[[46.4724252, 30.7476845], [46.4724312, 30.7476049], [46.472284, 30.7475835], [46.4722936, 30.7474453], [46.4723237, 30.7474497], [46.4723291, 30.7473703], [46.4722244, 30.747355], [46.4722049, 30.7476561], [46.4724252, 30.7476845]]], "df_ids": [208400]}