{"polygon": [[[46.4720002, 30.73888], [46.472008, 30.7387425], [46.4719437, 30.7387348], [46.4719052, 30.7387295], [46.4719034, 30.7387081], [46.4718812, 30.7387041], [46.4718748, 30.7387282], [46.4718316, 30.7387186], [46.4717606, 30.7387085], [46.4717502, 30.7388503], [46.4720002, 30.73888]]], "df_ids": [1689]}