{"polygon": [[[46.4857352, 30.7207336], [46.4858201, 30.7210126], [46.4857426, 30.7210501], [46.485702, 30.7209053], [46.4856497, 30.720911], [46.4856096, 30.7207658], [46.4857352, 30.7207336]]], "df_ids": [155264]}