{"polygon": [[[46.4764688, 30.7102845], [46.4764571, 30.7104739], [46.4766069, 30.710488], [46.4766103, 30.7104165], [46.4766118, 30.7103848], [46.4765875, 30.7103823], [46.4765915, 30.7102988], [46.4764688, 30.7102845]]], "df_ids": [198737]}