{"polygon": [[[46.4930037, 30.7198012], [46.4930784, 30.7198485], [46.4932948, 30.7199326], [46.4933276, 30.7197636], [46.4930324, 30.7196485], [46.4930037, 30.7198012]]], "df_ids": [45035]}