{"polygon": [[[46.4821737, 30.7099161], [46.4824938, 30.7096697], [46.4824313, 30.7095018], [46.4824188, 30.7094641], [46.4820986, 30.7097106], [46.4821737, 30.7099161]]], "df_ids": [737]}