{"polygon": [[[46.4751334, 30.7362937], [46.475198, 30.7363065], [46.4752162, 30.736309], [46.4752929, 30.7363198], [46.4753447, 30.7363271], [46.4753655, 30.7360727], [46.4753451, 30.7360826], [46.4753417, 30.7361332], [46.4753176, 30.7361299], [46.4753199, 30.7360965], [46.4752338, 30.7360844], [46.4752247, 30.7360831], [46.4752282, 30.7360307], [46.4751518, 30.7360199], [46.4751408, 30.7361832], [46.4751334, 30.7362937]]], "df_ids": [1524]}