{"polygon": [[[46.4798754, 30.7197075], [46.4801386, 30.7196309], [46.4801431, 30.7199363], [46.4801438, 30.7199832], [46.4800801, 30.7199924], [46.4800679, 30.7198026], [46.4799868, 30.7198234], [46.4799972, 30.7200274], [46.4800027, 30.7201566], [46.4798853, 30.7201923], [46.4798754, 30.7197075]]], "df_ids": [32585]}