{"polygon": [[[46.4799049, 30.7310704], [46.4801781, 30.7307297], [46.4800789, 30.7305683], [46.480009, 30.7306701], [46.4799804, 30.7306214], [46.4799047, 30.7307069], [46.4797881, 30.7308462], [46.4799049, 30.7310704]]], "df_ids": [1704]}