{"polygon": [[[46.4886008, 30.7201961], [46.488535, 30.7202853], [46.4884532, 30.7201581], [46.488519, 30.7200689], [46.4886008, 30.7201961]]], "df_ids": [160699]}