{"polygon": [[[46.4812674, 30.7177705], [46.4813795, 30.7177667], [46.4814116, 30.71776], [46.4814043, 30.7176703], [46.4813979, 30.7175759], [46.4813908, 30.7175029], [46.4812627, 30.7175254], [46.4812674, 30.7177705]]], "df_ids": [161082]}