{"polygon": [[[46.491034, 30.7341746], [46.4909398, 30.7341655], [46.4908229, 30.7341543], [46.4908395, 30.7337918], [46.4909403, 30.7338015], [46.4910506, 30.7338121], [46.491034, 30.7341746]]], "df_ids": [31002]}