{"polygon": [[[46.4780649, 30.7449361], [46.4780737, 30.7448274], [46.4781337, 30.7448365], [46.4781277, 30.7449188], [46.4781812, 30.744927], [46.4781904, 30.7447986], [46.4780747, 30.7447814], [46.4779652, 30.7447638], [46.477952, 30.7449168], [46.4780649, 30.7449361]]], "df_ids": [44869]}