{"polygon": [[[46.4883114, 30.7197197], [46.4882314, 30.7197603], [46.4882838, 30.7199311], [46.4883608, 30.7198834], [46.4883238, 30.7197586], [46.4883114, 30.7197197]]], "df_ids": [46374]}