{"polygon": [[[46.4788879, 30.7421236], [46.4786963, 30.7420932], [46.4785858, 30.7420756], [46.4785998, 30.7418889], [46.4786173, 30.7416568], [46.478631, 30.7414749], [46.478723, 30.7414895], [46.4787079, 30.74169], [46.4786912, 30.7419117], [46.4787094, 30.7419146], [46.4787753, 30.741925], [46.4789013, 30.7419451], [46.4788879, 30.7421236]]], "df_ids": [32347]}