{"polygon": [[[46.3864094, 30.7172443], [46.3863763, 30.7170942], [46.3864641, 30.7170536], [46.3862582, 30.716118], [46.3863553, 30.7160731], [46.3865942, 30.7171589], [46.3864094, 30.7172443]]], "df_ids": [193602]}