{"polygon": [[[46.4775462, 30.7167292], [46.4774535, 30.7167357], [46.4774207, 30.716741], [46.4774378, 30.7170589], [46.4772907, 30.7170848], [46.4773052, 30.7172613], [46.4775546, 30.717209], [46.4775462, 30.7167292]]], "df_ids": [45101]}