{"polygon": [[[46.3867149, 30.7300798], [46.3862929, 30.7298988], [46.3862972, 30.7298778], [46.3863333, 30.7297008], [46.3864298, 30.7297422], [46.3864377, 30.7297037], [46.386512, 30.7297356], [46.3865041, 30.729774], [46.3866177, 30.7298227], [46.3866255, 30.7297843], [46.386702, 30.7298171], [46.3866942, 30.7298555], [46.3867553, 30.7298818], [46.3867149, 30.7300798]]], "df_ids": [186101]}