{"polygon": [[[46.4745178, 30.7467512], [46.474547, 30.7463025], [46.4743871, 30.7462805], [46.4743579, 30.7467292], [46.4745178, 30.7467512]]], "df_ids": [75053]}