{"polygon": [[[46.4756668, 30.7521522], [46.4756898, 30.7521944], [46.4757497, 30.7522034], [46.4757974, 30.7522071], [46.4757974, 30.752329], [46.4756977, 30.7523198], [46.4756522, 30.7523166], [46.4756108, 30.7522855], [46.4755624, 30.7521929], [46.4755481, 30.7520715], [46.4755587, 30.7519414], [46.4755882, 30.7518637], [46.4756326, 30.7518092], [46.475687, 30.7517687], [46.4757427, 30.7517545], [46.4757631, 30.7517161], [46.4759334, 30.751729], [46.4759839, 30.7517718], [46.4760537, 30.7518818], [46.4760759, 30.7520052], [46.4760759, 30.7520695], [46.4762865, 30.752091], [46.4762791, 30.7522358], [46.4760648, 30.752209], [46.4760298, 30.7522547], [46.4759909, 30.7522895], [46.475954, 30.7523056], [46.4759244, 30.7521983], [46.4759762, 30.75215], [46.4759886, 30.7520735], [46.4759835, 30.7519944], [46.4759651, 30.7519354], [46.4759281, 30.7519014], [46.4757309, 30.7518819], [46.4756954, 30.7519031], [46.4756706, 30.751981], [46.475662, 30.7520841], [46.4756668, 30.7521522]]], "df_ids": [33304]}