{"polygon": [[[46.4790842, 30.7446752], [46.4785309, 30.7445895], [46.4785178, 30.7447614], [46.4791162, 30.7448463], [46.4791202, 30.7447189], [46.4790842, 30.7446752]]], "df_ids": [30994]}