{"polygon": [[[46.4724216, 30.7139129], [46.4722719, 30.7139467], [46.4718435, 30.7140436], [46.4717686, 30.7140607], [46.471586, 30.7141025], [46.4715964, 30.7142161], [46.4723051, 30.7140797], [46.4723202, 30.7142443], [46.4724491, 30.7142195], [46.4724216, 30.7139129]]], "df_ids": [173644]}