{"polygon": [[[46.4835457, 30.7347831], [46.4834446, 30.7347688], [46.4833456, 30.7347548], [46.4833562, 30.7346059], [46.4834545, 30.7346199], [46.4835562, 30.7346343], [46.4835457, 30.7347831]]], "df_ids": [133844]}