{"polygon": [[[46.4754607, 30.7329765], [46.4754524, 30.7330952], [46.4755104, 30.7331037], [46.4755204, 30.7329595], [46.475533, 30.7327785], [46.4754199, 30.7327619], [46.4754055, 30.7329684], [46.4754607, 30.7329765]]], "df_ids": [45544, 236276]}