{"polygon": [[[46.4817842, 30.7239657], [46.4818307, 30.7239055], [46.4818597, 30.7239528], [46.4819473, 30.7238393], [46.4818309, 30.7236497], [46.4816968, 30.7238234], [46.4817842, 30.7239657]]], "df_ids": [5638]}