{"polygon": [[[46.4748244, 30.7419145], [46.4746387, 30.7418827], [46.4746146, 30.7422565], [46.4746108, 30.7423065], [46.4746348, 30.7423087], [46.474793, 30.7423338], [46.4748244, 30.7419145]]], "df_ids": [153353]}