{"polygon": [[[46.4803645, 30.7228489], [46.4800759, 30.7230069], [46.4798547, 30.7231279], [46.479766, 30.722629], [46.4799027, 30.72257], [46.4799544, 30.7228489], [46.4803201, 30.7226612], [46.4803645, 30.7228489]]], "df_ids": [1841]}