{"polygon": [[[46.4884979, 30.7208625], [46.4885854, 30.721019], [46.4883319, 30.7213182], [46.4882444, 30.7211616], [46.4884979, 30.7208625]]], "df_ids": [45288]}