{"polygon": [[[46.4700212, 30.7371874], [46.4702227, 30.7372154], [46.4702371, 30.7369971], [46.4699011, 30.7369506], [46.4698682, 30.737452], [46.4700026, 30.7374706], [46.4700212, 30.7371874]]], "df_ids": [53240]}