{"polygon": [[[46.4823726, 30.7111892], [46.4824809, 30.7111606], [46.4825306, 30.7117708], [46.4823048, 30.7118096], [46.4823129, 30.7119095], [46.4823217, 30.7120177], [46.4824565, 30.7119946], [46.4826864, 30.7119552], [46.4826032, 30.7109322], [46.4823611, 30.7110038], [46.4823726, 30.7111892]]], "df_ids": [74829]}