{"polygon": [[[46.4883593, 30.7275199], [46.4883047, 30.7275906], [46.4882448, 30.7276681], [46.4883127, 30.7277788], [46.4882422, 30.7278702], [46.4881733, 30.727758], [46.488087, 30.7278698], [46.4882618, 30.7281546], [46.4884334, 30.7279325], [46.4883855, 30.7278545], [46.488488, 30.7277371], [46.4883593, 30.7275199]]], "df_ids": [7261]}