{"polygon": [[[46.4716584, 30.7429883], [46.4715985, 30.742979], [46.4715883, 30.7431185], [46.4716259, 30.7431243], [46.4716043, 30.7434198], [46.471515, 30.743406], [46.4715105, 30.7434677], [46.471622, 30.7434849], [46.4716325, 30.7433411], [46.4716584, 30.7429883]]], "df_ids": [1171]}