{"polygon": [[[46.4872506, 30.7227513], [46.4873596, 30.7226177], [46.4874432, 30.7227616], [46.4872051, 30.7230533], [46.4871215, 30.7229094], [46.4871699, 30.7228501], [46.4872506, 30.7227513]]], "df_ids": [201728]}