{"polygon": [[[46.4735605, 30.7452715], [46.4734161, 30.7452471], [46.4733897, 30.7454685], [46.4733604, 30.7454301], [46.4733429, 30.7454191], [46.473321, 30.7454146], [46.4733136, 30.7455195], [46.4735391, 30.7455699], [46.4735605, 30.7452715]]], "df_ids": [44639]}