{"polygon": [[[46.4768118, 30.7313914], [46.4766626, 30.7313703], [46.4766718, 30.7311742], [46.4766933, 30.7307377], [46.4767585, 30.7307668], [46.4767387, 30.7311851], [46.4768213, 30.7311933], [46.4768118, 30.7313914]]], "df_ids": [7299]}