{"polygon": [[[46.4908179, 30.7200086], [46.4905367, 30.7200315], [46.4905946, 30.7201292], [46.4906328, 30.7201222], [46.4907296, 30.7201046], [46.4906496, 30.7202008], [46.4906746, 30.7202404], [46.4907271, 30.7203234], [46.4908804, 30.7201306], [46.4909203, 30.7200804], [46.490934, 30.7200525], [46.4909277, 30.7200178], [46.4909026, 30.720008], [46.4908179, 30.7200086]]], "df_ids": [29013]}