{"polygon": [[[46.4841612, 30.724568], [46.4841535, 30.7245523], [46.4840946, 30.7244541], [46.4839014, 30.7241154], [46.4839414, 30.724067], [46.4841058, 30.7243533], [46.4841731, 30.7242718], [46.4841594, 30.7242479], [46.484153, 30.7242557], [46.4841167, 30.7241926], [46.4841089, 30.724202], [46.4839895, 30.7239939], [46.4840204, 30.7239559], [46.4840468, 30.7239249], [46.4840612, 30.7239541], [46.4842598, 30.7242944], [46.4842729, 30.7243185], [46.4843119, 30.7243882], [46.4841612, 30.724568]]], "df_ids": [1323, 255129]}