{"polygon": [[[46.4792724, 30.7500482], [46.4792956, 30.7496949], [46.4792593, 30.7496899], [46.4792748, 30.7494583], [46.4792855, 30.7492985], [46.4792888, 30.7492411], [46.47929, 30.7491952], [46.4791339, 30.7491824], [46.4791281, 30.749279], [46.4791285, 30.7493115], [46.4791059, 30.7493088], [46.4790943, 30.7493209], [46.4790823, 30.7496562], [46.4790898, 30.7496723], [46.4791243, 30.7496783], [46.4791206, 30.7497212], [46.479026, 30.749706], [46.4790048, 30.750011], [46.4791441, 30.7500294], [46.4792724, 30.7500482]]], "df_ids": [7670]}