{"polygon": [[[46.4721024, 30.7451626], [46.4721198, 30.744921], [46.4719837, 30.7449003], [46.4719663, 30.7451419], [46.4721024, 30.7451626]]], "df_ids": [74936]}