{"polygon": [[[46.4803953, 30.7156225], [46.480387, 30.7154226], [46.4805698, 30.7153891], [46.4805763, 30.7155742], [46.4805228, 30.7155885], [46.4803953, 30.7156225]]], "df_ids": [235804]}