{"polygon": [[[46.473849, 30.7450836], [46.4739684, 30.7450914], [46.4739741, 30.7449127], [46.474237, 30.7449335], [46.4742406, 30.7447362], [46.4738735, 30.7446956], [46.473849, 30.7450836]]], "df_ids": [44644]}