{"polygon": [[[46.4741991, 30.7420216], [46.474074, 30.7420005], [46.4740592, 30.7422101], [46.4741824, 30.7422308], [46.4741991, 30.7420216]]], "df_ids": [127117]}