{"polygon": [[[46.4739108, 30.7403453], [46.4737786, 30.7403269], [46.4737699, 30.7404608], [46.4737662, 30.7405184], [46.4737605, 30.7405947], [46.4738871, 30.7406145], [46.4738988, 30.7404819], [46.4739108, 30.7403453]]], "df_ids": [7581]}