{"polygon": [[[46.4826486, 30.736125], [46.4826106, 30.7361219], [46.4826072, 30.7361216], [46.4825256, 30.7361148], [46.4825105, 30.7365001], [46.4826335, 30.7365102], [46.4826462, 30.7361855], [46.4826465, 30.7361796], [46.4826486, 30.736125]]], "df_ids": [86589]}