{"polygon": [[[46.4903681, 30.737166], [46.4903687, 30.7371172], [46.4903697, 30.7370341], [46.4903711, 30.7368976], [46.4903005, 30.7368947], [46.4902994, 30.7369926], [46.4902297, 30.7369908], [46.4901611, 30.7369891], [46.4901623, 30.7368892], [46.4900878, 30.7368873], [46.4900844, 30.7371582], [46.490227, 30.7371625], [46.4903681, 30.737166]]], "df_ids": [138]}