{"polygon": [[[46.4817567, 30.7284575], [46.4818562, 30.7286246], [46.4819715, 30.728482], [46.4821129, 30.7282995], [46.4820719, 30.7282318], [46.4820152, 30.7281383], [46.4820055, 30.7281235], [46.4819959, 30.728109], [46.4818169, 30.7278108], [46.4817131, 30.7279492], [46.481907, 30.7282755], [46.4818734, 30.7283183], [46.4817739, 30.7284455], [46.4817688, 30.7284371], [46.4817987, 30.728399], [46.4817497, 30.7283182], [46.4817056, 30.7283746], [46.4817567, 30.7284575]]], "df_ids": [7566]}