{"polygon": [[[46.4782269, 30.7445408], [46.4782138, 30.7447126], [46.4780815, 30.7446914], [46.4780747, 30.7447814], [46.4779652, 30.7447638], [46.4779851, 30.744502], [46.4782269, 30.7445408]]], "df_ids": [44868]}