{"polygon": [[[46.4842591, 30.7167053], [46.4841619, 30.7167347], [46.4836176, 30.7169093], [46.4836752, 30.7172991], [46.4838084, 30.7172412], [46.4837825, 30.7171125], [46.4838675, 30.7171017], [46.4838749, 30.7171876], [46.4839141, 30.7171768], [46.4839227, 30.7172068], [46.4839363, 30.7172378], [46.4839656, 30.7172524], [46.4839866, 30.7172506], [46.4840109, 30.7172437], [46.4840342, 30.7172258], [46.4840501, 30.7171987], [46.4840605, 30.7171447], [46.4841039, 30.7171178], [46.4841002, 30.7170374], [46.4840928, 30.7169569], [46.4842073, 30.7169354], [46.4842406, 30.7171983], [46.4843377, 30.7171524], [46.4842591, 30.7167053]]], "df_ids": [28192]}