{"polygon": [[[46.4889906, 30.7255337], [46.4890127, 30.7255698], [46.4890552, 30.7256429], [46.4888735, 30.7258863], [46.4888524, 30.7258536], [46.4888033, 30.7257743], [46.4889906, 30.7255337]]], "df_ids": [53625]}