{"polygon": [[[46.4869508, 30.7118576], [46.4870336, 30.7119354], [46.487056, 30.7118851], [46.4871005, 30.711927], [46.4871244, 30.7118733], [46.4871329, 30.7118813], [46.4871099, 30.711933], [46.4872162, 30.7120329], [46.4872647, 30.7119239], [46.4872164, 30.7118785], [46.4873049, 30.7116799], [46.4872673, 30.7116445], [46.4872396, 30.7117067], [46.4871926, 30.7116626], [46.4871672, 30.7117198], [46.4870964, 30.7116533], [46.4871175, 30.7116061], [46.487079, 30.7115699], [46.4869508, 30.7118576]]], "df_ids": [77801]}