{"polygon": [[[46.4803059, 30.7231277], [46.4801843, 30.7231982], [46.4801605, 30.723212], [46.4802453, 30.7233574], [46.4802661, 30.7233433], [46.4803897, 30.7232599], [46.4803059, 30.7231277]]], "df_ids": [133842]}