{"polygon": [[[46.4758632, 30.725963], [46.4757819, 30.7260595], [46.4757745, 30.7261346], [46.4758004, 30.7261856], [46.4758466, 30.726191], [46.4759371, 30.7260837], [46.4760239, 30.7262366], [46.4759075, 30.7263921], [46.475865, 30.7263921], [46.4758078, 30.7263894], [46.4757598, 30.726368], [46.4757191, 30.7263439], [46.4756933, 30.7263787], [46.4756268, 30.726258], [46.4756471, 30.7262258], [46.4756582, 30.7259737], [46.4756619, 30.7259201], [46.4757302, 30.7258503], [46.4757819, 30.7258101], [46.4758632, 30.725963]]], "df_ids": [75651]}