{"polygon": [[[46.477868, 30.7100953], [46.4777475, 30.7100855], [46.4777376, 30.7103411], [46.4778581, 30.7103509], [46.4778622, 30.7102442], [46.477868, 30.7100953]]], "df_ids": [212722]}