{"polygon": [[[46.473594, 30.7485825], [46.4737465, 30.7486055], [46.4737532, 30.7485124], [46.4736958, 30.7485038], [46.4736995, 30.7484529], [46.4737043, 30.7483847], [46.4737564, 30.7483925], [46.4737608, 30.7483308], [46.4737321, 30.7483265], [46.4736135, 30.7483087], [46.4736041, 30.7484404], [46.473594, 30.7485825]]], "df_ids": [43078]}