{"polygon": [[[46.4829639, 30.7277315], [46.4831523, 30.7280445], [46.4830831, 30.7281265], [46.4830109, 30.7280136], [46.4829762, 30.7280572], [46.4829377, 30.7281057], [46.4830308, 30.7282656], [46.4829979, 30.7283206], [46.4829695, 30.7283491], [46.4829291, 30.7282807], [46.482865, 30.7281662], [46.4827643, 30.727996], [46.4828625, 30.7278659], [46.4829639, 30.7277315]]], "df_ids": [6589]}