{"polygon": [[[46.4927328, 30.7281609], [46.4925619, 30.7278833], [46.492471, 30.7279908], [46.4925931, 30.7282079], [46.4925395, 30.7282807], [46.4925908, 30.7283706], [46.4927273, 30.7281983], [46.4927301, 30.7282049], [46.4927362, 30.7282116], [46.4927435, 30.7282146], [46.4927518, 30.7282134], [46.4927592, 30.7282076], [46.4927644, 30.728198], [46.4927666, 30.7281862], [46.4927654, 30.7281741], [46.492761, 30.7281637], [46.4927541, 30.7281565], [46.4927458, 30.7281539], [46.4927375, 30.7281563], [46.4927328, 30.7281609]]], "df_ids": [1772]}