{"polygon": [[[46.4897398, 30.7338302], [46.4897083, 30.7342658], [46.4894933, 30.734233], [46.4894806, 30.7344085], [46.4898073, 30.7344623], [46.4899488, 30.7344817], [46.4901023, 30.7345029], [46.490109, 30.734411], [46.4901122, 30.7343674], [46.4901158, 30.7343171], [46.489869, 30.7342793], [46.4899013, 30.7338346], [46.490149, 30.7338724], [46.4901635, 30.7336729], [46.4895419, 30.7335779], [46.4895312, 30.7337246], [46.4895259, 30.7337975], [46.4897398, 30.7338302]]], "df_ids": [5210]}