{"polygon": [[[46.4754876, 30.7457331], [46.4755368, 30.7457402], [46.4756825, 30.7457616], [46.4756876, 30.7456835], [46.4756361, 30.745677], [46.4756379, 30.7456471], [46.4756631, 30.7456504], [46.475671, 30.7455213], [46.475648, 30.7455183], [46.4756517, 30.7454577], [46.4757018, 30.7454645], [46.4757056, 30.7454063], [46.4755373, 30.7453833], [46.4755023, 30.7453792], [46.4754973, 30.7454603], [46.4755298, 30.7454645], [46.4755238, 30.7455627], [46.4755175, 30.7456655], [46.4754919, 30.7456621], [46.4754876, 30.7457331]]], "df_ids": [1903]}