{"polygon": [[[46.4718608, 30.7318905], [46.4719749, 30.7319068], [46.4720013, 30.7319106], [46.4719937, 30.7320119], [46.4719598, 30.732465], [46.4719104, 30.7324572], [46.4718956, 30.7326541], [46.4718899, 30.7327307], [46.4717953, 30.7327159], [46.4718014, 30.7326401], [46.4718526, 30.7319856], [46.4718608, 30.7318905]]], "df_ids": [82376]}