{"polygon": [[[46.4690396, 30.7494008], [46.4692161, 30.7494319], [46.4693177, 30.7494499], [46.4693272, 30.7493361], [46.4690491, 30.749287], [46.4690396, 30.7494008]]], "df_ids": [166137]}