{"polygon": [[[46.4728125, 30.7531979], [46.4728859, 30.752265], [46.4730355, 30.7522898], [46.4729621, 30.7532227], [46.4728125, 30.7531979]]], "df_ids": [152671]}