{"polygon": [[[46.4755424, 30.7354197], [46.4755477, 30.7353404], [46.475638, 30.7353531], [46.4756327, 30.7354324], [46.4757352, 30.7354469], [46.4757465, 30.7352735], [46.475573, 30.7352492], [46.4754178, 30.7352275], [46.4754067, 30.7354006], [46.4755424, 30.7354197]]], "df_ids": [225230]}