{"polygon": [[[46.4805222, 30.722751], [46.4809631, 30.7224814], [46.4809124, 30.7223067], [46.4804715, 30.7225763], [46.4805222, 30.722751]]], "df_ids": [51167]}