{"polygon": [[[46.4777951, 30.7404373], [46.477724, 30.74043], [46.477735, 30.740205], [46.4779692, 30.740229], [46.4779392, 30.740847], [46.477776, 30.7408303], [46.4777951, 30.7404373]]], "df_ids": [6293]}