{"polygon": [[[46.4911196, 30.7367377], [46.4914088, 30.7358155], [46.4912997, 30.7357433], [46.4910602, 30.7365071], [46.4909887, 30.7364598], [46.490939, 30.7366183], [46.4911196, 30.7367377]]], "df_ids": [31940]}