{"polygon": [[[46.4922348, 30.7274132], [46.4921116, 30.7271947], [46.4920542, 30.7272635], [46.4920059, 30.7273212], [46.4919952, 30.7273335], [46.4920728, 30.7274636], [46.4921062, 30.7274233], [46.4921552, 30.727509], [46.4921997, 30.7274555], [46.4922348, 30.7274132]]], "df_ids": [3580]}