{"polygon": [[[46.4765341, 30.7402791], [46.4763835, 30.7402615], [46.476386, 30.7402166], [46.4761501, 30.7401886], [46.4761462, 30.7402642], [46.476083, 30.7402567], [46.4761033, 30.7399554], [46.4765486, 30.7400173], [46.4765341, 30.7402791]]], "df_ids": [33260]}