{"polygon": [[[46.4752207, 30.7258622], [46.4753999, 30.7258745], [46.4754206, 30.7258811], [46.4754094, 30.7259652], [46.4753529, 30.7259615], [46.4753555, 30.7259164], [46.4753327, 30.7259139], [46.4753258, 30.7260601], [46.4753215, 30.7261499], [46.4754499, 30.7261624], [46.4754603, 30.7261361], [46.4753939, 30.7260072], [46.4754249, 30.7259433], [46.4755389, 30.7261298], [46.4754734, 30.7262929], [46.475191, 30.7262535], [46.4752064, 30.7260453], [46.4752207, 30.7258622]]], "df_ids": [46186]}