{"polygon": [[[46.4815822, 30.7368279], [46.4815941, 30.7366353], [46.4814633, 30.7366182], [46.4814131, 30.7374292], [46.4815435, 30.7374462], [46.4815548, 30.7372631], [46.4814933, 30.7372551], [46.4814973, 30.7371894], [46.4815508, 30.7371964], [46.4815608, 30.7370341], [46.4815709, 30.7368709], [46.4815211, 30.7368644], [46.4815238, 30.7368203], [46.4815822, 30.7368279]]], "df_ids": [9721]}