{"polygon": [[[46.483153, 30.7146244], [46.4834272, 30.7145711], [46.483464, 30.7149698], [46.4834013, 30.714982], [46.4834102, 30.7150782], [46.4832931, 30.7151009], [46.4832837, 30.7149992], [46.4831893, 30.7150176], [46.4831574, 30.7146719], [46.483153, 30.7146244]]], "df_ids": [28211]}