{"polygon": [[[46.472821, 30.733591], [46.4725622, 30.7335605], [46.472523, 30.7335529], [46.4725112, 30.7337478], [46.4729248, 30.7338006], [46.472963, 30.7331516], [46.4728435, 30.7331389], [46.472821, 30.733591]]], "df_ids": [26999]}