{"polygon": [[[46.4728601, 30.738153], [46.4730616, 30.7381929], [46.4730377, 30.7384953], [46.47298, 30.7384884], [46.4729772, 30.7384664], [46.4729289, 30.7384651], [46.4729264, 30.7385281], [46.4728451, 30.738515], [46.4728601, 30.738153]]], "df_ids": [152720]}