{"polygon": [[[46.4805293, 30.7348401], [46.4803927, 30.7348232], [46.4802996, 30.7348117], [46.48015, 30.7347932], [46.4801091, 30.7347061], [46.4801207, 30.734535], [46.4801349, 30.7343238], [46.4801557, 30.7339821], [46.4803008, 30.7340043], [46.4802629, 30.7345608], [46.4803163, 30.7345662], [46.480509, 30.7345858], [46.4805048, 30.7345707], [46.4805408, 30.7345767], [46.4805418, 30.7346026], [46.4805293, 30.7348401]]], "df_ids": [51642]}