{"polygon": [[[46.4744876, 30.7289741], [46.4745074, 30.7287381], [46.474349, 30.7287104], [46.4741086, 30.7286682], [46.4738896, 30.7286299], [46.4739047, 30.7284568], [46.4739201, 30.7282799], [46.4737906, 30.7282561], [46.4737496, 30.7282486], [46.4737449, 30.7283073], [46.4736986, 30.7288307], [46.4737628, 30.7288427], [46.4737955, 30.7288486], [46.4744876, 30.7289741]]], "df_ids": [78695]}