{"polygon": [[[46.4859668, 30.7392389], [46.4858665, 30.7392225], [46.4858548, 30.7393737], [46.4858486, 30.7394536], [46.485946, 30.7394687], [46.4859668, 30.7392389]]], "df_ids": [45019]}