{"polygon": [[[46.4891835, 30.7169273], [46.4892099, 30.7170887], [46.4893958, 30.7170246], [46.4893341, 30.7166467], [46.4892642, 30.7166708], [46.4892996, 30.7168872], [46.4891835, 30.7169273]]], "df_ids": [1207, 2633]}