{"polygon": [[[46.4770141, 30.7244462], [46.4770871, 30.7245724], [46.4771596, 30.7246977], [46.4771849, 30.724666], [46.477112, 30.724541], [46.4771373, 30.7245062], [46.4771778, 30.7244565], [46.4771789, 30.7244971], [46.4772889, 30.7246987], [46.4772127, 30.7247865], [46.4772233, 30.7248059], [46.4772819, 30.724913], [46.4774276, 30.7247451], [46.477389, 30.7246745], [46.4773037, 30.7245184], [46.4772145, 30.7243553], [46.4771679, 30.7242701], [46.4770711, 30.7243817], [46.4770141, 30.7244462]]], "df_ids": [162952]}