{"polygon": [[[46.4939768, 30.7201764], [46.4937752, 30.7204303], [46.4936362, 30.7201976], [46.4938378, 30.7199436], [46.4939768, 30.7201764]]], "df_ids": [6763]}