{"polygon": [[[46.4827336, 30.7286878], [46.4828284, 30.7285696], [46.482866, 30.7286346], [46.4828787, 30.7286192], [46.4829229, 30.7286955], [46.482991, 30.7288132], [46.4828773, 30.728952], [46.4828077, 30.7288318], [46.4827336, 30.7286878]]], "df_ids": [29280]}