{"polygon": [[[46.4775098, 30.7197795], [46.4775908, 30.71978], [46.4775921, 30.7197545], [46.4776842, 30.71975], [46.4776836, 30.719682], [46.4778343, 30.7196766], [46.4778426, 30.7196766], [46.4778491, 30.7197404], [46.4779208, 30.7197344], [46.4779504, 30.7197335], [46.4779508, 30.7197556], [46.4780175, 30.7197536], [46.4780283, 30.7197535], [46.4780205, 30.719467], [46.4779454, 30.7194734], [46.4775722, 30.7195055], [46.4775002, 30.7195003], [46.4775098, 30.7197795]]], "df_ids": [44849]}