{"polygon": [[[46.47012, 30.7413938], [46.469926, 30.741365], [46.4699314, 30.7412881], [46.4699403, 30.7411612], [46.4701343, 30.74119], [46.47012, 30.7413938]]], "df_ids": [3523]}