{"polygon": [[[46.4766104, 30.7295616], [46.4766688, 30.729491], [46.4766701, 30.7295221], [46.4767067, 30.7294722], [46.4767551, 30.7294142], [46.4767384, 30.7294102], [46.4767252, 30.7293851], [46.4767642, 30.729339], [46.4767919, 30.7293924], [46.4768863, 30.7295654], [46.4768092, 30.7296674], [46.4767905, 30.7296902], [46.4767205, 30.7297758], [46.4766243, 30.7295884], [46.4766104, 30.7295616]]], "df_ids": [1167]}