{"polygon": [[[46.4794341, 30.7463665], [46.4792971, 30.7463427], [46.4793405, 30.745816], [46.4796828, 30.7458755], [46.4796662, 30.7460764], [46.479461, 30.7460407], [46.4794341, 30.7463665]]], "df_ids": [51289]}