{"polygon": [[[46.4863047, 30.7310282], [46.4862087, 30.7308751], [46.486174, 30.7309209], [46.486257, 30.7310534], [46.4861842, 30.7311496], [46.486005, 30.7308636], [46.4861635, 30.7306542], [46.4862604, 30.7308089], [46.4864536, 30.7311196], [46.486382, 30.731218], [46.4862896, 30.7313221], [46.486198, 30.7311714], [46.4862837, 30.731056], [46.4863047, 30.7310282]]], "df_ids": [250822]}