{"polygon": [[[46.4771541, 30.7158961], [46.4770184, 30.7159283], [46.4770036, 30.7157258], [46.4771099, 30.7157108], [46.4771589, 30.715699], [46.4771541, 30.7158961]]], "df_ids": [173573]}