{"polygon": [[[46.4831677, 30.7212999], [46.4829159, 30.7213862], [46.4829141, 30.721351], [46.4828846, 30.7213725], [46.4828513, 30.7214476], [46.4828513, 30.7215281], [46.4828956, 30.7218231], [46.4828329, 30.7218446], [46.4827587, 30.7218639], [46.482674, 30.7213725], [46.4826814, 30.7212974], [46.4827257, 30.721233], [46.4828107, 30.7211901], [46.4831579, 30.7210882], [46.4831447, 30.7209934], [46.4832664, 30.720949], [46.4832981, 30.7211315], [46.4831464, 30.7211842], [46.4831677, 30.7212999]]], "df_ids": [33056]}