{"polygon": [[[46.4919583, 30.7219629], [46.4918272, 30.722123], [46.491738, 30.7222319], [46.4915955, 30.722008], [46.4915755, 30.7219766], [46.4914263, 30.721742], [46.4916049, 30.7215108], [46.4917165, 30.7216939], [46.4916089, 30.7218323], [46.4916994, 30.7219807], [46.4918128, 30.7218257], [46.4918439, 30.7217831], [46.4919583, 30.7219629]]], "df_ids": [45037]}