{"polygon": [[[46.4670493, 30.7204977], [46.4672434, 30.7208026], [46.4673361, 30.7206783], [46.4672131, 30.7204851], [46.4673643, 30.7202821], [46.4672931, 30.7201704], [46.4670493, 30.7204977]]], "df_ids": [4820]}