{"polygon": [[[46.4762781, 30.7387607], [46.4762822, 30.7386992], [46.4763243, 30.7387052], [46.4763292, 30.738633], [46.476404, 30.7386437], [46.4764161, 30.7384642], [46.4763415, 30.7384535], [46.4763463, 30.738383], [46.4763042, 30.738377], [46.4763276, 30.7380313], [46.4762636, 30.7380222], [46.4762031, 30.7380135], [46.4761797, 30.7383593], [46.4761379, 30.7383533], [46.4761331, 30.7384236], [46.4760578, 30.7384128], [46.4760456, 30.7385926], [46.476121, 30.7386033], [46.4761161, 30.7386755], [46.4761578, 30.7386815], [46.4761536, 30.738743], [46.4762781, 30.7387607]]], "df_ids": [8694]}