{"polygon": [[[46.4906812, 30.7273485], [46.4908099, 30.727183], [46.4909185, 30.7273611], [46.4909613, 30.727306], [46.4910065, 30.7273801], [46.4908265, 30.7275985], [46.4906812, 30.7273485]]], "df_ids": [10557]}