{"polygon": [[[46.4818755, 30.7344086], [46.4818533, 30.7347583], [46.4821307, 30.7347946], [46.4821529, 30.7344457], [46.4818755, 30.7344086]]], "df_ids": [27513]}