{"polygon": [[[46.473446, 30.7442419], [46.473228, 30.7442143], [46.4732411, 30.7439849], [46.4732907, 30.7439905], [46.4732882, 30.7440361], [46.4733798, 30.7440465], [46.4733826, 30.7439947], [46.4733486, 30.7439909], [46.4733544, 30.7438834], [46.4734666, 30.7438961], [46.473446, 30.7442419]]], "df_ids": [194158]}