{"polygon": [[[46.4828329, 30.7218446], [46.4827587, 30.7218639], [46.482699, 30.7218887], [46.4828098, 30.7225539], [46.4829549, 30.7227949], [46.4830494, 30.7226809], [46.4831852, 30.7224836], [46.4830835, 30.7223301], [46.4829693, 30.7224892], [46.482949, 30.7224688], [46.4828991, 30.7225166], [46.4828861, 30.7224858], [46.4828342, 30.7222047], [46.4828865, 30.7221722], [46.4828329, 30.7218446]]], "df_ids": [33062]}