{"polygon": [[[46.4843412, 30.7199341], [46.4843973, 30.7202437], [46.4850569, 30.7199919], [46.4850528, 30.7199695], [46.4850282, 30.7198338], [46.4850231, 30.7198054], [46.4849564, 30.7198309], [46.4849623, 30.7198635], [46.4848076, 30.7199225], [46.4847926, 30.71984], [46.4848364, 30.7198233], [46.4848047, 30.7196482], [46.484748, 30.7196698], [46.4845812, 30.7197335], [46.4846112, 30.7198993], [46.4846555, 30.7198823], [46.4846752, 30.7199909], [46.4844808, 30.7200651], [46.4844496, 30.7198927], [46.4843412, 30.7199341]]], "df_ids": [6751]}