{"polygon": [[[46.4726446, 30.7202448], [46.4721599, 30.7207974], [46.472082, 30.7206543], [46.4725657, 30.7200997], [46.4726446, 30.7202448]]], "df_ids": [40413]}