{"polygon": [[[46.4755289, 30.7494573], [46.4755304, 30.7494378], [46.4755374, 30.7493465], [46.4755564, 30.7491011], [46.4754907, 30.7490903], [46.4754814, 30.7492103], [46.475433, 30.7492024], [46.4754026, 30.7491974], [46.4754118, 30.749079], [46.4753306, 30.7490658], [46.4753252, 30.7491361], [46.4753154, 30.7492619], [46.4753031, 30.7494204], [46.475413, 30.7494384], [46.4755289, 30.7494573]]], "df_ids": [5798]}