{"polygon": [[[46.4738585, 30.7328588], [46.4737747, 30.7328478], [46.4737835, 30.7327081], [46.4734404, 30.7326623], [46.4734523, 30.7324741], [46.4738779, 30.7325309], [46.4738585, 30.7328588]]], "df_ids": [3872]}