{"polygon": [[[46.489814, 30.7304548], [46.4898677, 30.7303855], [46.4897056, 30.7301208], [46.4896498, 30.7301929], [46.4895281, 30.729994], [46.4897168, 30.7297502], [46.4898265, 30.7299293], [46.4897971, 30.7299672], [46.4899823, 30.7302698], [46.4900082, 30.7302364], [46.490103, 30.7303912], [46.4900393, 30.7304722], [46.4899199, 30.7306277], [46.489814, 30.7304548]]], "df_ids": [34526]}