{"polygon": [[[46.4649213, 30.7074923], [46.4650377, 30.7075132], [46.46508, 30.7070176], [46.4649636, 30.7069967], [46.4649213, 30.7074923]]], "df_ids": [21415]}