{"polygon": [[[46.4737477, 30.7364766], [46.4737272, 30.7367677], [46.473673, 30.7367596], [46.4736928, 30.7364787], [46.4737035, 30.7363259], [46.4737577, 30.736334], [46.4737477, 30.7364766]]], "df_ids": [255088]}