{"polygon": [[[46.4791712, 30.7478416], [46.4791719, 30.7478301], [46.4791914, 30.7475361], [46.4791989, 30.7474224], [46.479365, 30.7474438], [46.4794134, 30.7474497], [46.479405, 30.7475739], [46.4793846, 30.747571], [46.4793365, 30.747563], [46.4793305, 30.7476482], [46.479284, 30.7476402], [46.4792745, 30.7478425], [46.4792739, 30.7478551], [46.4791712, 30.7478416]]], "df_ids": [198757]}