{"polygon": [[[46.4819035, 30.7134473], [46.4819271, 30.7139847], [46.4820795, 30.7139706], [46.4820559, 30.7134332], [46.4819035, 30.7134473]]], "df_ids": [76487]}