{"polygon": [[[46.4736131, 30.7535776], [46.4741459, 30.753707], [46.4741675, 30.7535406], [46.4742617, 30.7535663], [46.4743712, 30.7535963], [46.4743509, 30.7537525], [46.474263, 30.7537284], [46.4742471, 30.7538513], [46.4741407, 30.7538222], [46.4741317, 30.7538912], [46.4738002, 30.7538072], [46.4737932, 30.7538652], [46.4735959, 30.75382], [46.4736131, 30.7535776]]], "df_ids": [7185]}