{"polygon": [[[46.4700652, 30.7237195], [46.4701355, 30.72384], [46.4701597, 30.7238815], [46.4701497, 30.7238931], [46.4700133, 30.7240504], [46.4699912, 30.7240139], [46.4699197, 30.7238854], [46.4700538, 30.7237325], [46.4700652, 30.7237195]]], "df_ids": [64081]}