{"polygon": [[[46.4801973, 30.7114031], [46.4800283, 30.7114], [46.4800295, 30.7113191], [46.48003, 30.7112828], [46.4800305, 30.7112478], [46.4802012, 30.7112552], [46.4801973, 30.7114031]]], "df_ids": [29049]}