{"polygon": [[[46.4921336, 30.7263534], [46.492251, 30.726545], [46.492319, 30.7264571], [46.4923867, 30.7263696], [46.4924418, 30.7262974], [46.4925725, 30.7261306], [46.4924078, 30.7258672], [46.4923126, 30.7259902], [46.4923577, 30.7260637], [46.4921336, 30.7263534]]], "df_ids": [1517]}