{"polygon": [[[46.4822655, 30.7458557], [46.4825937, 30.7459259], [46.4826669, 30.7459415], [46.482661, 30.7459996], [46.4826447, 30.7461603], [46.4822433, 30.7460745], [46.4822655, 30.7458557]]], "df_ids": [141022]}