{"polygon": [[[46.4726146, 30.7373367], [46.4722646, 30.7372721], [46.4722518, 30.7372697], [46.4722358, 30.7374877], [46.4722505, 30.73749], [46.4725187, 30.7375312], [46.4725093, 30.7376732], [46.4725474, 30.7376779], [46.4726322, 30.7376889], [46.4726412, 30.7373942], [46.4726146, 30.7373367]]], "df_ids": [11080]}