{"polygon": [[[46.4832864, 30.7229187], [46.4833264, 30.722989], [46.4833007, 30.7230198], [46.4832936, 30.7230074], [46.4832785, 30.7230254], [46.483402, 30.7232426], [46.4834698, 30.7231613], [46.4835435, 30.7232909], [46.4834857, 30.7233602], [46.4835708, 30.7235099], [46.4835873, 30.7234901], [46.4835451, 30.7234159], [46.4837671, 30.7231498], [46.4837506, 30.7231208], [46.4838402, 30.7230134], [46.4839485, 30.7232041], [46.4835329, 30.7237024], [46.4834842, 30.7237042], [46.4831397, 30.7230945], [46.4832864, 30.7229187]]], "df_ids": [7575]}