{"polygon": [[[46.4850662, 30.7273284], [46.4850297, 30.7273237], [46.4849244, 30.7271357], [46.484831, 30.7269689], [46.484978, 30.7267775], [46.4850175, 30.7268467], [46.4849881, 30.7268865], [46.4850408, 30.7269848], [46.4850773, 30.7270528], [46.4852423, 30.72685], [46.4852344, 30.7268337], [46.4852779, 30.7267832], [46.4853731, 30.7269469], [46.4850662, 30.7273284]]], "df_ids": [12469]}