{"polygon": [[[46.4735161, 30.7339415], [46.4732567, 30.7339015], [46.4732973, 30.7333461], [46.4735567, 30.7333861], [46.4735161, 30.7339415]]], "df_ids": [27390]}