{"polygon": [[[46.4912533, 30.7283406], [46.4914843, 30.7280604], [46.4915247, 30.7280113], [46.4914656, 30.7279086], [46.4914112, 30.7279747], [46.4914363, 30.7280184], [46.4913432, 30.7281314], [46.4912704, 30.7280047], [46.4911466, 30.728155], [46.4912533, 30.7283406]]], "df_ids": [1092]}