{"polygon": [[[46.4868691, 30.7203527], [46.4867952, 30.7198163], [46.4874305, 30.7196071], [46.487497, 30.7198324], [46.4873899, 30.7199129], [46.4873456, 30.719827], [46.4869393, 30.7199504], [46.4869578, 30.7201382], [46.4870021, 30.7201221], [46.4870279, 30.7202937], [46.4868691, 30.7203527]]], "df_ids": [53085]}