{"polygon": [[[46.4717399, 30.7346392], [46.4716325, 30.7346257], [46.471621, 30.7348177], [46.4716199, 30.7348368], [46.4717273, 30.7348504], [46.4717285, 30.7348293], [46.4717399, 30.7346392]]], "df_ids": [161930]}