{"polygon": [[[46.4756589, 30.733495], [46.4757745, 30.733512], [46.4758765, 30.7335269], [46.4758996, 30.7331952], [46.4759246, 30.7328359], [46.475533, 30.7327785], [46.4755204, 30.7329595], [46.4755104, 30.7331037], [46.4755255, 30.7331059], [46.475522, 30.7331553], [46.4755901, 30.7331653], [46.4756037, 30.7329697], [46.4758023, 30.7329989], [46.4757898, 30.7331776], [46.4757768, 30.7333654], [46.4756694, 30.7333497], [46.4756589, 30.733495]]], "df_ids": [33604]}