{"polygon": [[[46.4836083, 30.7269175], [46.483714, 30.7270943], [46.483859, 30.7273365], [46.4837768, 30.7274401], [46.4836323, 30.7271986], [46.4835699, 30.7272772], [46.4837324, 30.7275488], [46.4836655, 30.7276333], [46.483589, 30.7275055], [46.4834981, 30.7273536], [46.4833968, 30.7271844], [46.4836083, 30.7269175]]], "df_ids": [6775]}