{"polygon": [[[46.4701489, 30.7450878], [46.4701547, 30.744998], [46.4701164, 30.7449933], [46.4701367, 30.7446449], [46.4701912, 30.7446516], [46.4701963, 30.7445642], [46.4700851, 30.7445506], [46.4700724, 30.7447681], [46.4700546, 30.745075], [46.4701489, 30.7450878]]], "df_ids": [163092]}