{"polygon": [[[46.4745651, 30.7158835], [46.4745275, 30.7163358], [46.4746397, 30.7163555], [46.4746559, 30.7163583], [46.4746606, 30.7163011], [46.4746438, 30.7162982], [46.4746504, 30.7162189], [46.4746523, 30.7161963], [46.4746676, 30.7161989], [46.4746783, 30.7160701], [46.4746665, 30.716068], [46.4746747, 30.7159702], [46.4746999, 30.7159746], [46.4747054, 30.7159081], [46.4745651, 30.7158835]]], "df_ids": [1618]}