{"polygon": [[[46.4812331, 30.7332084], [46.4814101, 30.7332316], [46.4814339, 30.7328532], [46.4812559, 30.7328305], [46.4812331, 30.7332084]]], "df_ids": [179949]}