{"polygon": [[[46.4753596, 30.7327531], [46.4754199, 30.7327619], [46.4754055, 30.7329684], [46.4753452, 30.7329595], [46.4753596, 30.7327531]]], "df_ids": [93184]}