{"polygon": [[[46.4709291, 30.7449154], [46.4710266, 30.7449311], [46.4710337, 30.744838], [46.4710372, 30.7447928], [46.4710415, 30.7447367], [46.470944, 30.7447209], [46.4709363, 30.7448209], [46.4709291, 30.7449154]]], "df_ids": [699]}