{"polygon": [[[46.4717679, 30.7469328], [46.4717783, 30.7467784], [46.4717886, 30.7466158], [46.4717824, 30.7466151], [46.4717152, 30.7466059], [46.4717055, 30.7467542], [46.4716537, 30.746747], [46.4716644, 30.7465846], [46.471603, 30.7465762], [46.4715813, 30.7469071], [46.4717679, 30.7469328]]], "df_ids": [43062]}