{"polygon": [[[46.4744277, 30.743136], [46.4745439, 30.743153], [46.4745651, 30.7431571], [46.4745595, 30.7432134], [46.4745455, 30.7432047], [46.4745328, 30.7433736], [46.4745468, 30.7433756], [46.4745438, 30.7434398], [46.4743575, 30.7434116], [46.4743195, 30.7433885], [46.4740888, 30.7433491], [46.4740942, 30.7432862], [46.4741136, 30.7432912], [46.4741166, 30.7432589], [46.4743776, 30.7433124], [46.4744121, 30.7433501], [46.4744235, 30.7431908], [46.4743896, 30.7432148], [46.4741217, 30.7431537], [46.4741205, 30.7431235], [46.4741082, 30.7431228], [46.474112, 30.7430785], [46.4744277, 30.743136]]], "df_ids": [102888]}