{"polygon": [[[46.4707448, 30.7412867], [46.4705609, 30.7412563], [46.4705289, 30.7416634], [46.4705247, 30.7417173], [46.4705681, 30.7417244], [46.4705916, 30.7414236], [46.4706531, 30.7414338], [46.4706324, 30.7416966], [46.4707117, 30.7417097], [46.4707151, 30.7416665], [46.4707222, 30.741575], [46.4707282, 30.7414984], [46.4707378, 30.7413759], [46.4707448, 30.7412867]]], "df_ids": [32562]}