{"polygon": [[[46.4691574, 30.7478746], [46.4693078, 30.7478962], [46.4694492, 30.7479164], [46.4694413, 30.7480306], [46.4692913, 30.7480087], [46.4692883, 30.7480523], [46.4692851, 30.7480976], [46.4694287, 30.7481186], [46.4694208, 30.7482316], [46.4693645, 30.7482234], [46.4692032, 30.7481998], [46.4691354, 30.7481899], [46.4691462, 30.7480346], [46.4691574, 30.7478746]]], "df_ids": [45407]}