{"polygon": [[[46.4736976, 30.7469082], [46.4736779, 30.7471766], [46.4736652, 30.747191], [46.4736604, 30.7472123], [46.4736684, 30.7472351], [46.4736836, 30.7472431], [46.4737011, 30.7472383], [46.4737077, 30.7472287], [46.474046, 30.7472747], [46.4740718, 30.7470308], [46.4738247, 30.746993], [46.4738313, 30.7469249], [46.4736976, 30.7469082]]], "df_ids": [2464]}