{"polygon": [[[46.4732327, 30.7153928], [46.4730799, 30.7153653], [46.4729514, 30.715334], [46.4729204, 30.715647], [46.4729896, 30.7156615], [46.4730021, 30.7155355], [46.4732141, 30.7155798], [46.4732327, 30.7153928]]], "df_ids": [33003]}