{"polygon": [[[46.4821307, 30.7347946], [46.4824624, 30.734838], [46.4824875, 30.734498], [46.4821529, 30.7344457], [46.4821307, 30.7347946]]], "df_ids": [27512]}