{"polygon": [[[46.4173586, 30.715551], [46.4172035, 30.7155789], [46.4172086, 30.7156584], [46.4171935, 30.7156721], [46.4172118, 30.7158779], [46.4172255, 30.7158996], [46.4172484, 30.7158947], [46.4172467, 30.7158778], [46.4172796, 30.7158708], [46.4172813, 30.7158882], [46.4173096, 30.7158821], [46.417308, 30.7158662], [46.4173452, 30.7158582], [46.4173467, 30.7158729], [46.4173853, 30.7158646], [46.4173984, 30.7158506], [46.4174042, 30.7158304], [46.4173995, 30.7157798], [46.4174099, 30.7157778], [46.4173959, 30.7156262], [46.4173666, 30.7156319], [46.4173586, 30.715551]]], "df_ids": [74388]}