{"polygon": [[[46.4759224, 30.7463473], [46.4760964, 30.7463726], [46.4761221, 30.74594], [46.4760078, 30.7459252], [46.4759477, 30.7459174], [46.4759436, 30.7459769], [46.4759224, 30.7463473]]], "df_ids": [33251]}