{"polygon": [[[46.4783001, 30.7111969], [46.4781693, 30.7111957], [46.4781701, 30.7110115], [46.4783016, 30.7110127], [46.4783001, 30.7111969]]], "df_ids": [181665]}