{"polygon": [[[46.4716479, 30.7343694], [46.4717064, 30.7343768], [46.4717019, 30.734452], [46.4717508, 30.7344582], [46.4717467, 30.7345261], [46.4717399, 30.7346392], [46.4716325, 30.7346257], [46.4716396, 30.7345073], [46.4716479, 30.7343694]]], "df_ids": [29576]}