{"polygon": [[[46.4878036, 30.7265692], [46.4880178, 30.7269259], [46.48763, 30.7274409], [46.4874591, 30.7271618], [46.4875176, 30.7270571], [46.4876337, 30.7272692], [46.4878516, 30.7269688], [46.4877168, 30.726714], [46.4878036, 30.7265692]]], "df_ids": [33240]}