{"polygon": [[[46.4860749, 30.7357918], [46.4862168, 30.7358091], [46.4862315, 30.7358109], [46.4863396, 30.735824], [46.486368, 30.735829], [46.4863795, 30.735531], [46.4863557, 30.735527], [46.4863192, 30.7355209], [46.4863069, 30.7354789], [46.4862762, 30.7354837], [46.4862681, 30.7355039], [46.486177, 30.7354929], [46.4860956, 30.735483], [46.4860929, 30.7355374], [46.4860895, 30.7355837], [46.4860749, 30.7357918]]], "df_ids": [6055]}