{"polygon": [[[46.411567, 30.7056112], [46.4108534, 30.7057375], [46.4108403, 30.7055826], [46.411554, 30.7054563], [46.411567, 30.7056112]]], "df_ids": [77507]}