{"polygon": [[[46.4753887, 30.7291761], [46.4753974, 30.7290064], [46.4755114, 30.7290188], [46.4755026, 30.7291885], [46.4753887, 30.7291761]]], "df_ids": [174264]}