{"polygon": [[[46.4892489, 30.7221704], [46.4891625, 30.7220173], [46.489391, 30.7217312], [46.4894166, 30.721699], [46.4894681, 30.7216341], [46.4895596, 30.7215097], [46.4896423, 30.7213997], [46.4897478, 30.7215595], [46.489478, 30.7218896], [46.4892489, 30.7221704]]], "df_ids": [15546]}