{"polygon": [[[46.3865568, 30.7149511], [46.3864247, 30.7143576], [46.3858793, 30.7146128], [46.3858997, 30.7147044], [46.3859269, 30.7148264], [46.3863622, 30.7146228], [46.3864467, 30.7150026], [46.3865568, 30.7149511]]], "df_ids": [122773]}