{"polygon": [[[46.4822596, 30.750489], [46.4822413, 30.7504865], [46.4821526, 30.750474], [46.4820505, 30.7504597], [46.4820794, 30.7500253], [46.4822617, 30.7500492], [46.4822415, 30.7503261], [46.4822537, 30.7503276], [46.4822702, 30.7503297], [46.4822596, 30.750489]]], "df_ids": [5272]}