{"polygon": [[[46.4887303, 30.739085], [46.4889699, 30.7395836], [46.4889128, 30.7396513], [46.4887185, 30.7392739], [46.4886925, 30.7392999], [46.4886632, 30.7393291], [46.4888692, 30.739703], [46.488812, 30.7397708], [46.4886165, 30.7393895], [46.4885436, 30.739243], [46.4886327, 30.7391676], [46.4887303, 30.739085]]], "df_ids": [4099]}