{"polygon": [[[46.492354, 30.7316082], [46.4920277, 30.7313273], [46.4920878, 30.7311797], [46.4924142, 30.7314606], [46.492354, 30.7316082]]], "df_ids": [74322]}