{"polygon": [[[46.4830776, 30.7471292], [46.4827942, 30.7470804], [46.4828146, 30.7468304], [46.483098, 30.7468792], [46.4830776, 30.7471292]]], "df_ids": [75655]}