{"polygon": [[[46.4924078, 30.7258672], [46.4921787, 30.7254993], [46.4921207, 30.7255697], [46.4920513, 30.7256593], [46.492079, 30.7257054], [46.4920925, 30.7256883], [46.4922628, 30.7259718], [46.4922345, 30.7260076], [46.492262, 30.7260533], [46.4923126, 30.7259902], [46.4924078, 30.7258672]]], "df_ids": [89762]}