{"polygon": [[[46.4833107, 30.7161104], [46.4831999, 30.716129], [46.4831554, 30.7155685], [46.4832662, 30.7155499], [46.4833107, 30.7161104]]], "df_ids": [28194]}