{"polygon": [[[46.4694447, 30.7456795], [46.4694544, 30.7455124], [46.4695274, 30.7455217], [46.4695345, 30.7454032], [46.4696009, 30.7454116], [46.4696325, 30.7454156], [46.4696445, 30.7452869], [46.469611, 30.7452819], [46.4693501, 30.7452426], [46.4693202, 30.7456585], [46.4694447, 30.7456795]]], "df_ids": [74816]}