{"polygon": [[[46.4694858, 30.724398], [46.4694792, 30.7244615], [46.4696566, 30.7247706], [46.4697606, 30.724649], [46.4698167, 30.7245835], [46.4697842, 30.724525], [46.4697141, 30.724607], [46.4696234, 30.7244434], [46.4696814, 30.7243761], [46.4696884, 30.7243693], [46.4696169, 30.7242408], [46.4696099, 30.7242501], [46.4694858, 30.724398]]], "df_ids": [147936]}