{"polygon": [[[46.4746387, 30.7418827], [46.4745447, 30.7418679], [46.4744571, 30.7418542], [46.474448, 30.7419768], [46.4745153, 30.7419874], [46.4745374, 30.7419909], [46.4745411, 30.7419915], [46.4745279, 30.742168], [46.4745376, 30.7421695], [46.474567, 30.7421744], [46.4745615, 30.7422487], [46.4746146, 30.7422565], [46.4746387, 30.7418827]]], "df_ids": [208527]}