{"polygon": [[[46.4881577, 30.7356825], [46.4882616, 30.7356826], [46.488387, 30.7356828], [46.4883885, 30.7359604], [46.4881759, 30.7359661], [46.4880851, 30.7359695], [46.4881011, 30.7357482], [46.4881041, 30.7357184], [46.4881195, 30.7356946], [46.4881577, 30.7356825]]], "df_ids": [6021]}