{"polygon": [[[46.4867282, 30.7331484], [46.4864769, 30.7331134], [46.4864624, 30.7333074], [46.486701, 30.7333396], [46.4866958, 30.733421], [46.4866945, 30.7334414], [46.4866066, 30.7334296], [46.4865954, 30.7336055], [46.4866872, 30.7336179], [46.4866765, 30.7337864], [46.4866599, 30.7337842], [46.486662, 30.7337527], [46.4865665, 30.7337399], [46.4865594, 30.7338515], [46.4866387, 30.7338622], [46.4866715, 30.733867], [46.4867951, 30.7338827], [46.486796, 30.7338217], [46.4868313, 30.7338265], [46.4868409, 30.7336754], [46.4867923, 30.7336689], [46.4868069, 30.7334408], [46.4868086, 30.7334148], [46.4868493, 30.7334203], [46.4868572, 30.7332967], [46.4868275, 30.7332927], [46.4868293, 30.7332645], [46.4868311, 30.7332376], [46.4868112, 30.733235], [46.48679, 30.7332321], [46.4867947, 30.7331573], [46.4867282, 30.7331484]]], "df_ids": [29747]}