{"polygon": [[[46.4749708, 30.7377891], [46.4747822, 30.7377645], [46.4747695, 30.7379699], [46.4747676, 30.7380002], [46.4749563, 30.7380248], [46.4749649, 30.7378851], [46.4749708, 30.7377891]]], "df_ids": [88210]}