{"polygon": [[[46.4801256, 30.7151115], [46.4799819, 30.7151415], [46.479843, 30.7151705], [46.4798193, 30.7151542], [46.4798194, 30.7150056], [46.4799178, 30.7149869], [46.4799687, 30.7149763], [46.4800618, 30.714957], [46.4801156, 30.7149503], [46.4801256, 30.7151115]]], "df_ids": [175803]}