{"polygon": [[[46.4769445, 30.7224532], [46.4769199, 30.722461], [46.4765769, 30.7225699], [46.4766169, 30.7228218], [46.4769884, 30.7227122], [46.4769554, 30.7225173], [46.4769445, 30.7224532]]], "df_ids": [8910]}