{"polygon": [[[46.4700255, 30.7455768], [46.4701681, 30.7456022], [46.4703185, 30.745629], [46.4703373, 30.745404], [46.4701903, 30.7453805], [46.4700466, 30.7453575], [46.4700255, 30.7455768]]], "df_ids": [7196]}