{"polygon": [[[46.4870597, 30.7229851], [46.4870946, 30.7229424], [46.4871215, 30.7229094], [46.4872051, 30.7230533], [46.4871433, 30.723129], [46.4870597, 30.7229851]]], "df_ids": [225271]}