{"polygon": [[[46.4699744, 30.7431431], [46.4700102, 30.7426783], [46.4702319, 30.7427147], [46.4702196, 30.7428835], [46.470198, 30.7431768], [46.4701365, 30.7431673], [46.470156, 30.7429016], [46.4700495, 30.7428851], [46.4700299, 30.7431517], [46.4699744, 30.7431431]]], "df_ids": [29230]}