{"polygon": [[[46.4746794, 30.7399524], [46.475258, 30.7400192], [46.4752425, 30.7403027], [46.4753695, 30.7403173], [46.475395, 30.7398516], [46.4746413, 30.7397665], [46.4746371, 30.7398451], [46.4746849, 30.7398507], [46.4746794, 30.7399524]]], "df_ids": [14990]}