{"polygon": [[[46.4863903, 30.7387273], [46.4863737, 30.7389934], [46.4861633, 30.7389644], [46.4859386, 30.7389334], [46.485955, 30.7386703], [46.4861765, 30.7386993], [46.4863903, 30.7387273]]], "df_ids": [6189]}