{"polygon": [[[46.4713728, 30.738577], [46.4714686, 30.7385912], [46.4715398, 30.7386018], [46.4715348, 30.7386734], [46.4715248, 30.7388149], [46.4713578, 30.73879], [46.4713728, 30.738577]]], "df_ids": [32721]}