{"polygon": [[[46.4721024, 30.7451626], [46.4719663, 30.7451419], [46.471966, 30.7451986], [46.4718775, 30.7451828], [46.4718636, 30.7453684], [46.4720507, 30.7453956], [46.4720813, 30.7453527], [46.4721024, 30.7451626]]], "df_ids": [74935]}