{"polygon": [[[46.4702227, 30.7372154], [46.4702848, 30.737224], [46.470288, 30.7371755], [46.47029, 30.7371455], [46.4702992, 30.7370057], [46.4702371, 30.7369971], [46.4702227, 30.7372154]]], "df_ids": [160556]}