{"polygon": [[[46.4767277, 30.7357706], [46.4767538, 30.7353274], [46.4766558, 30.7353168], [46.4766674, 30.7351505], [46.4768864, 30.7351751], [46.4768431, 30.7358825], [46.4766134, 30.7358516], [46.4766221, 30.7357576], [46.4767277, 30.7357706]]], "df_ids": [33267]}