{"polygon": [[[46.4709247, 30.7294837], [46.4707382, 30.7294533], [46.4706944, 30.7294466], [46.4706886, 30.7295211], [46.4708049, 30.7295401], [46.470802, 30.7295781], [46.4706893, 30.7295597], [46.4706835, 30.7296338], [46.4707737, 30.7296468], [46.470895, 30.7296677], [46.4709102, 30.7296713], [46.4709247, 30.7294837]]], "df_ids": [3341]}