{"polygon": [[[46.483986, 30.7231712], [46.4840991, 30.723027], [46.4839944, 30.7228482], [46.4837478, 30.7224122], [46.4836328, 30.7225501], [46.483986, 30.7231712]]], "df_ids": [30503]}