{"polygon": [[[46.4766814, 30.7275825], [46.4767583, 30.7277037], [46.4767777, 30.7277341], [46.4768024, 30.7277729], [46.4768391, 30.7277238], [46.4768081, 30.7276751], [46.4768627, 30.727602], [46.4769209, 30.727524], [46.4769572, 30.7275812], [46.4769986, 30.7275257], [46.4769625, 30.7274724], [46.476872, 30.7273375], [46.4767727, 30.7274651], [46.4766814, 30.7275825]]], "df_ids": [28082]}