{"polygon": [[[46.4759406, 30.7267167], [46.4761364, 30.7264592], [46.4760772, 30.726368], [46.4758741, 30.7266148], [46.4759406, 30.7267167]]], "df_ids": [127081]}