{"polygon": [[[46.4765229, 30.7243055], [46.4765924, 30.7244281], [46.4766886, 30.7243092], [46.4766191, 30.7241892], [46.4765229, 30.7243055]]], "df_ids": [174259]}