{"polygon": [[[46.4871522, 30.7157043], [46.4870035, 30.7157608], [46.4870219, 30.7158626], [46.4868787, 30.715917], [46.4869189, 30.7161402], [46.487065, 30.7160847], [46.4870472, 30.7159855], [46.4871928, 30.7159301], [46.4871522, 30.7157043]]], "df_ids": [79683]}