{"polygon": [[[46.4720971, 30.7302093], [46.4723073, 30.7302347], [46.4723007, 30.7303507], [46.4723607, 30.730358], [46.4723748, 30.7301119], [46.472127, 30.730082], [46.4719984, 30.7300665], [46.4719803, 30.7303814], [46.4720865, 30.7303942], [46.4720904, 30.7303254], [46.4720971, 30.7302093]]], "df_ids": [8750]}