{"polygon": [[[46.4719464, 30.7472152], [46.4719295, 30.7471855], [46.4715513, 30.7471343], [46.4715449, 30.7472668], [46.4719354, 30.7473233], [46.4719464, 30.7472152]]], "df_ids": [3261]}