{"polygon": [[[46.4815741, 30.7286869], [46.4816492, 30.7285924], [46.4817567, 30.7284575], [46.4818562, 30.7286246], [46.4817488, 30.7287596], [46.481635, 30.7289027], [46.4814728, 30.7286305], [46.4814888, 30.7286103], [46.4814333, 30.728517], [46.4814189, 30.7285351], [46.4813942, 30.7284936], [46.4814605, 30.7284102], [46.4814775, 30.7284387], [46.4815025, 30.7284073], [46.4815704, 30.7285213], [46.4815414, 30.7285577], [46.4815606, 30.7285901], [46.4815354, 30.7286219], [46.4815509, 30.7286479], [46.4815741, 30.7286869]]], "df_ids": [30406]}