{"polygon": [[[46.4846799, 30.7223096], [46.4848605, 30.7220865], [46.4847431, 30.7218862], [46.484466, 30.7214129], [46.4843806, 30.7215184], [46.4842854, 30.7216361], [46.4843415, 30.7217318], [46.4844131, 30.7216433], [46.4844683, 30.7215751], [46.484702, 30.7219741], [46.4846468, 30.7220423], [46.4845751, 30.7221308], [46.4846799, 30.7223096]]], "df_ids": [4579]}