{"polygon": [[[46.4819463, 30.7442393], [46.4821131, 30.7442693], [46.4820832, 30.7447074], [46.4816264, 30.7446534], [46.4816555, 30.7442006], [46.481766, 30.744208], [46.4819463, 30.7442393]]], "df_ids": [64779]}