{"polygon": [[[46.4770023, 30.7206905], [46.476997, 30.7207655], [46.477009, 30.7207662], [46.4770018, 30.7209655], [46.4769877, 30.720966], [46.476984, 30.7210371], [46.4768984, 30.7211633], [46.4768566, 30.7211799], [46.476858, 30.721198], [46.4767476, 30.7212295], [46.4767444, 30.7212074], [46.4766693, 30.7212276], [46.4766477, 30.7210821], [46.4768767, 30.7210124], [46.4768878, 30.7206744], [46.4770023, 30.7206905]]], "df_ids": [76476]}