{"polygon": [[[46.4831274, 30.7176124], [46.4831184, 30.7175257], [46.4831012, 30.7175295], [46.4830899, 30.7174201], [46.4830797, 30.7173212], [46.483077, 30.7172951], [46.4831027, 30.7172895], [46.4830963, 30.7172266], [46.4829658, 30.717255], [46.4829287, 30.7172631], [46.4829382, 30.7173548], [46.4829591, 30.7175566], [46.4828652, 30.717577], [46.4828746, 30.7176674], [46.4831274, 30.7176124]]], "df_ids": [758]}