{"polygon": [[[46.4748088, 30.7099752], [46.4746899, 30.7099559], [46.4746754, 30.7101445], [46.4747943, 30.7101638], [46.4748088, 30.7099752]]], "df_ids": [3569]}