{"polygon": [[[46.4829532, 30.7427446], [46.4829841, 30.742281], [46.4829199, 30.7422709], [46.4828675, 30.7422639], [46.4828552, 30.7424203], [46.4828252, 30.7424153], [46.4826457, 30.7423856], [46.4826587, 30.7422353], [46.4825162, 30.7422051], [46.482485, 30.7426645], [46.4825967, 30.7426821], [46.482803, 30.7427183], [46.4829532, 30.7427446]]], "df_ids": [5238]}