{"polygon": [[[46.4694539, 30.7206763], [46.4695206, 30.7205884], [46.4694412, 30.7204622], [46.4693512, 30.7205803], [46.4693986, 30.7206561], [46.4694344, 30.7206501], [46.4694539, 30.7206763]]], "df_ids": [162129]}