{"polygon": [[[46.4870138, 30.7390816], [46.4870223, 30.7390691], [46.4871075, 30.7389433], [46.4870038, 30.7387794], [46.4869021, 30.7385958], [46.4868703, 30.738591], [46.4868642, 30.7386682], [46.4869596, 30.7388374], [46.4868944, 30.7388184], [46.4868806, 30.7388144], [46.4868712, 30.7387736], [46.4868132, 30.7387557], [46.4868179, 30.7388254], [46.4868037, 30.7390526], [46.4868792, 30.739063], [46.4869362, 30.7390709], [46.4870138, 30.7390816]]], "df_ids": [9257]}