{"polygon": [[[46.4797969, 30.7304342], [46.4797693, 30.7304681], [46.479652, 30.7306121], [46.4795416, 30.7304225], [46.4794392, 30.7302466], [46.4794302, 30.7302311], [46.4795752, 30.7300531], [46.4795844, 30.7300702], [46.4796571, 30.7301937], [46.4796672, 30.7301813], [46.4797143, 30.7302623], [46.4797041, 30.7302748], [46.4797969, 30.7304342]]], "df_ids": [128]}