{"polygon": [[[46.4711638, 30.7531862], [46.4711843, 30.7529956], [46.4708121, 30.7529111], [46.4707944, 30.7530754], [46.4707916, 30.7531017], [46.4711638, 30.7531862]]], "df_ids": [27235]}