{"polygon": [[[46.4804888, 30.72754], [46.480586, 30.7274233], [46.4807066, 30.7272705], [46.4806051, 30.7270974], [46.4805195, 30.7269504], [46.4804692, 30.7270176], [46.4805541, 30.727181], [46.4805373, 30.7271968], [46.4805217, 30.7271815], [46.4805056, 30.7271906], [46.4805001, 30.7272134], [46.4805056, 30.7272266], [46.4804867, 30.7272487], [46.4804366, 30.7273071], [46.4803635, 30.7271759], [46.480312, 30.7272402], [46.4804096, 30.7274056], [46.4804888, 30.72754]]], "df_ids": [45349]}