{"polygon": [[[46.4735391, 30.7455699], [46.4733136, 30.7455195], [46.4732871, 30.7455155], [46.4732852, 30.7456107], [46.4733762, 30.7456324], [46.4733713, 30.7456993], [46.4732975, 30.745688], [46.4732877, 30.7458234], [46.473358, 30.7458286], [46.4735186, 30.7458406], [46.4735391, 30.7455699]]], "df_ids": [44640]}