{"polygon": [[[46.4830543, 30.7349222], [46.4830654, 30.7347505], [46.4830773, 30.7345668], [46.4832211, 30.7345864], [46.483211, 30.7347417], [46.4831508, 30.7347335], [46.4831474, 30.7347851], [46.4832078, 30.7347934], [46.4831981, 30.7349418], [46.4830543, 30.7349222]]], "df_ids": [27929]}