{"polygon": [[[46.4789684, 30.7272343], [46.4790793, 30.7274215], [46.4791334, 30.7273539], [46.4792631, 30.7275729], [46.4792153, 30.7276326], [46.4792813, 30.7277443], [46.4793645, 30.727643], [46.4792471, 30.7274447], [46.479157, 30.7272926], [46.4790569, 30.7271237], [46.4789684, 30.7272343]]], "df_ids": [6022, 193881]}