{"polygon": [[[46.4757272, 30.7311698], [46.4754696, 30.7311297], [46.4752011, 30.7310879], [46.4752087, 30.7309849], [46.4752156, 30.730891], [46.4754856, 30.730933], [46.4757418, 30.7309728], [46.4757349, 30.7310659], [46.4757272, 30.7311698]]], "df_ids": [33606]}