{"polygon": [[[46.4727486, 30.7525146], [46.4727242, 30.752511], [46.4727269, 30.7524722], [46.4726506, 30.7524609], [46.4726479, 30.7524997], [46.4724095, 30.7524645], [46.4724075, 30.7524929], [46.4723266, 30.7524809], [46.4723144, 30.7526551], [46.4723298, 30.7526574], [46.4723259, 30.7527141], [46.4723463, 30.7527171], [46.4723417, 30.7527821], [46.4724098, 30.7527922], [46.4724158, 30.7527072], [46.4727318, 30.7527539], [46.4727486, 30.7525146]]], "df_ids": [76462]}