{"polygon": [[[46.4728874, 30.7308454], [46.4725012, 30.7307805], [46.4725155, 30.730594], [46.4729006, 30.7306514], [46.4728874, 30.7308454]]], "df_ids": [31622]}