{"polygon": [[[46.4731628, 30.7304866], [46.4731358, 30.7308809], [46.4730074, 30.7308626], [46.4728874, 30.7308454], [46.4729006, 30.7306514], [46.4730337, 30.7306704], [46.4730476, 30.7304713], [46.4731628, 30.7304866]]], "df_ids": [31616]}