{"polygon": [[[46.4861171, 30.7291843], [46.4863081, 30.7288248], [46.4865018, 30.7291301], [46.4864717, 30.7291866], [46.4863902, 30.729061], [46.4863199, 30.7291728], [46.4864439, 30.7293888], [46.4865635, 30.7295867], [46.4866246, 30.7295067], [46.4866875, 30.7294245], [46.4867871, 30.7295825], [46.4866773, 30.7297748], [46.4865773, 30.7299031], [46.4863405, 30.7295332], [46.4861171, 30.7291843]]], "df_ids": [6310]}