{"polygon": [[[46.4751038, 30.7197631], [46.4753264, 30.7197048], [46.4753254, 30.7198455], [46.4751083, 30.7199011], [46.4751038, 30.7197631]]], "df_ids": [6299]}