{"polygon": [[[46.4830229, 30.7372638], [46.4829934, 30.737258], [46.4828703, 30.7372398], [46.482857, 30.737428], [46.482844, 30.7376118], [46.4830006, 30.7376273], [46.4830092, 30.7374899], [46.483012, 30.7374405], [46.4830169, 30.7373521], [46.4830229, 30.7372638]]], "df_ids": [27922]}