{"polygon": [[[46.4758324, 30.7161923], [46.47584, 30.7160822], [46.4758862, 30.716089], [46.4758785, 30.716199], [46.4758324, 30.7161923]]], "df_ids": [139400]}