{"polygon": [[[46.4168665, 30.7157115], [46.4166439, 30.715756], [46.4166304, 30.7156134], [46.4166957, 30.7156004], [46.4166582, 30.7152057], [46.4165856, 30.7152206], [46.4165705, 30.7150667], [46.4168449, 30.71501], [46.4168275, 30.7148261], [46.4169226, 30.7148071], [46.41694, 30.7149898], [46.4170124, 30.7149748], [46.4170275, 30.7151286], [46.4167538, 30.7151853], [46.4167914, 30.7155808], [46.4168529, 30.7155685], [46.4168665, 30.7157115]]], "df_ids": [74383]}