{"polygon": [[[46.4810922, 30.7319738], [46.4808777, 30.7319462], [46.4806754, 30.7319141], [46.4806038, 30.731705], [46.4808126, 30.7317244], [46.480992, 30.7317436], [46.4810473, 30.7318543], [46.4810922, 30.7319738]]], "df_ids": [31008]}