{"polygon": [[[46.4747186, 30.7470949], [46.4746671, 30.747145], [46.4740718, 30.7470308], [46.474046, 30.7472747], [46.4747847, 30.7473753], [46.4748442, 30.7472903], [46.4748757, 30.7468561], [46.4748775, 30.7468312], [46.4747368, 30.7468099], [46.4747351, 30.746836], [46.4747186, 30.7470949]]], "df_ids": [33368]}