{"polygon": [[[46.4854508, 30.7215115], [46.48534, 30.7210447], [46.4853742, 30.7210303], [46.4853818, 30.7210496], [46.4854811, 30.7214414], [46.4854911, 30.7214758], [46.4855508, 30.7216761], [46.4854763, 30.7217277], [46.4854323, 30.7217582], [46.4853732, 30.7215705], [46.485416, 30.7215381], [46.4854508, 30.7215115]]], "df_ids": [30472, 229049]}