{"polygon": [[[46.4864652, 30.7138944], [46.4866254, 30.7140275], [46.486637, 30.7139981], [46.4866927, 30.7140444], [46.4866374, 30.7141847], [46.4866546, 30.714199], [46.4866375, 30.7142423], [46.4866607, 30.7142615], [46.4866441, 30.7143037], [46.4865266, 30.7142061], [46.4865195, 30.7142241], [46.4864359, 30.7141547], [46.4864235, 30.7141861], [46.4863958, 30.7141631], [46.4864288, 30.7140791], [46.4864182, 30.7140703], [46.4864479, 30.7139948], [46.4864546, 30.7140004], [46.4864619, 30.7139818], [46.4864492, 30.7139712], [46.4864608, 30.7139417], [46.4864501, 30.7139328], [46.4864652, 30.7138944]]], "df_ids": [74962]}