{"polygon": [[[46.4675043, 30.7096081], [46.4672131, 30.7099876], [46.4673083, 30.7101415], [46.4675994, 30.709762], [46.4675043, 30.7096081]]], "df_ids": [30085]}