{"polygon": [[[46.4756604, 30.7279604], [46.475725, 30.7279711], [46.4757616, 30.7275462], [46.4756933, 30.7275409], [46.4756604, 30.7279604]]], "df_ids": [187766]}