{"polygon": [[[46.4717753, 30.7480156], [46.4718817, 30.7480289], [46.471892, 30.7478563], [46.4717855, 30.7478429], [46.4717753, 30.7480156]]], "df_ids": [27378]}