{"polygon": [[[46.4817701, 30.7258574], [46.4820681, 30.7254579], [46.4819797, 30.7253165], [46.4819582, 30.7252832], [46.4818365, 30.725448], [46.4816776, 30.7251852], [46.4815636, 30.7253306], [46.4817458, 30.7256319], [46.4816825, 30.7257126], [46.4817701, 30.7258574]]], "df_ids": [51220]}