{"polygon": [[[46.4744912, 30.7305244], [46.4744892, 30.7305601], [46.4744866, 30.7306057], [46.474325, 30.7305865], [46.4743191, 30.7306908], [46.4744473, 30.730706], [46.4745162, 30.7307142], [46.4745961, 30.7307237], [46.4746046, 30.7305737], [46.4746126, 30.7304305], [46.4744197, 30.7304053], [46.4743463, 30.7303957], [46.4743401, 30.7305065], [46.4744912, 30.7305244]]], "df_ids": [135724]}