{"polygon": [[[46.4827899, 30.7133609], [46.4826497, 30.7133867], [46.4826855, 30.7137972], [46.4828257, 30.7137714], [46.4827899, 30.7133609]]], "df_ids": [76490]}