{"polygon": [[[46.487513, 30.7195273], [46.4875742, 30.7197574], [46.4876356, 30.7197267], [46.4876178, 30.7196416], [46.4876447, 30.719626], [46.4876813, 30.7196048], [46.4877243, 30.7197586], [46.4877542, 30.7197391], [46.4877248, 30.7196404], [46.4876765, 30.7194785], [46.4876056, 30.7194997], [46.487513, 30.7195273]]], "df_ids": [33025]}