{"polygon": [[[46.4861877, 30.7304014], [46.4863636, 30.7301642], [46.4862267, 30.72995], [46.4862084, 30.7299214], [46.486118, 30.7300416], [46.4860947, 30.7300808], [46.4861106, 30.7301058], [46.4861963, 30.7302404], [46.4861364, 30.7303211], [46.4861877, 30.7304014]]], "df_ids": [6912]}