{"polygon": [[[46.4648812, 30.7109793], [46.4650144, 30.7109819], [46.4651401, 30.7109844], [46.4651449, 30.7108371], [46.4651456, 30.7108172], [46.4650992, 30.7108232], [46.4651001, 30.7108382], [46.4650162, 30.7108308], [46.4649359, 30.7108238], [46.4649341, 30.7107997], [46.4648976, 30.7107963], [46.4648812, 30.7109793]]], "df_ids": [182058]}