{"polygon": [[[46.4151475, 30.7221374], [46.4146463, 30.7231386], [46.4147334, 30.7232303], [46.4152346, 30.7222291], [46.4151475, 30.7221374]]], "df_ids": [79531]}