{"polygon": [[[46.3869748, 30.7170141], [46.3868006, 30.7162336], [46.3868818, 30.7161955], [46.3868985, 30.7162705], [46.3869643, 30.7162397], [46.3869336, 30.7161022], [46.3870426, 30.716051], [46.3870752, 30.7161973], [46.3871232, 30.7161748], [46.3871033, 30.7160856], [46.3872021, 30.7160392], [46.3873785, 30.7168292], [46.3872847, 30.7168732], [46.3872591, 30.7167588], [46.3871874, 30.7167925], [46.3872174, 30.7169272], [46.3871338, 30.7169664], [46.3871084, 30.7168526], [46.3870602, 30.7168752], [46.3870801, 30.7169647], [46.3869748, 30.7170141]]], "df_ids": [64408]}