{"polygon": [[[46.4760537, 30.7290956], [46.475885, 30.7290673], [46.4758703, 30.7292524], [46.4761486, 30.7292991], [46.4762043, 30.728599], [46.4760947, 30.7285806], [46.4760537, 30.7290956]]], "df_ids": [63338]}