{"polygon": [[[46.4757226, 30.7325679], [46.4755183, 30.7325353], [46.4755351, 30.7322861], [46.4756042, 30.7322972], [46.4756179, 30.7320369], [46.4757447, 30.7320619], [46.4757378, 30.7321908], [46.4756869, 30.7321846], [46.4756817, 30.7323661], [46.4757343, 30.7323673], [46.4757226, 30.7325679]]], "df_ids": [7601]}