{"polygon": [[[46.4794894, 30.7354974], [46.4789911, 30.7354432], [46.4789612, 30.7360214], [46.4790422, 30.7360303], [46.4790501, 30.7358775], [46.4790344, 30.7358758], [46.4790448, 30.7356781], [46.4791256, 30.735687], [46.4791308, 30.7355885], [46.4793198, 30.7356095], [46.4793148, 30.7357054], [46.4794209, 30.7357172], [46.4794187, 30.7357584], [46.4794754, 30.7357647], [46.4794796, 30.7356854], [46.4794868, 30.7355464], [46.4794894, 30.7354974]]], "df_ids": [26991]}