{"polygon": [[[46.4865723, 30.7356647], [46.4865737, 30.7356352], [46.4866736, 30.7356449], [46.4866656, 30.735839], [46.4866534, 30.7358534], [46.486368, 30.735829], [46.4863795, 30.735531], [46.4863813, 30.7354906], [46.4864673, 30.7354989], [46.4864602, 30.7356538], [46.4865723, 30.7356647]]], "df_ids": [6924]}