{"polygon": [[[46.4712521, 30.751365], [46.4712648, 30.7511757], [46.4713826, 30.7511923], [46.4716355, 30.7512281], [46.4716196, 30.7514658], [46.4716044, 30.7516932], [46.4714967, 30.751678], [46.471462, 30.7516731], [46.4714741, 30.7514918], [46.4714389, 30.7514868], [46.4714453, 30.7513923], [46.4713653, 30.751381], [46.4713483, 30.7513786], [46.4712521, 30.751365]]], "df_ids": [28842]}