{"polygon": [[[46.4802634, 30.7316535], [46.4803673, 30.7315177], [46.4803821, 30.7315081], [46.4803946, 30.7314913], [46.4803378, 30.7314018], [46.4802974, 30.7313383], [46.4802144, 30.7312096], [46.4802001, 30.7312291], [46.4800827, 30.7313887], [46.4802634, 30.7316535]]], "df_ids": [240125]}