{"polygon": [[[46.4139265, 30.724515], [46.4140462, 30.7246475], [46.413756, 30.725242], [46.4135974, 30.725268], [46.41362, 30.725543], [46.4135637, 30.7255513], [46.4134732, 30.7255647], [46.4134521, 30.7252557], [46.4134918, 30.7252517], [46.4134631, 30.7249169], [46.413419, 30.7249248], [46.4133541, 30.7240776], [46.4133362, 30.7240781], [46.4133294, 30.7239464], [46.413313, 30.7239478], [46.4132829, 30.7235683], [46.4133437, 30.7235632], [46.4133458, 30.7236032], [46.4134038, 30.7237993], [46.413426, 30.7238035], [46.413446, 30.7240558], [46.4134952, 30.7240542], [46.4135763, 30.7250266], [46.4136871, 30.7250043], [46.4139265, 30.724515]]], "df_ids": [79530]}