{"polygon": [[[46.4725005, 30.7103804], [46.4727688, 30.7103715], [46.4727673, 30.7102803], [46.4724991, 30.7102892], [46.4725005, 30.7103804]]], "df_ids": [175436]}