{"polygon": [[[46.4830729, 30.7179923], [46.4830474, 30.7179982], [46.4829404, 30.7180227], [46.4829067, 30.7177127], [46.4830392, 30.7176823], [46.4830729, 30.7179923]]], "df_ids": [757]}