{"polygon": [[[46.4759513, 30.7378575], [46.4758131, 30.7378397], [46.4757965, 30.738111], [46.4759348, 30.7381288], [46.4759513, 30.7378575]]], "df_ids": [10004]}