{"polygon": [[[46.4646548, 30.7104738], [46.4646612, 30.7103304], [46.4646676, 30.7101867], [46.4647808, 30.7101876], [46.4647747, 30.7102804], [46.4647729, 30.7103371], [46.4647633, 30.7104774], [46.4646548, 30.7104738]]], "df_ids": [163212]}