{"polygon": [[[46.4714466, 30.7226291], [46.4715388, 30.7227781], [46.4716662, 30.7229839], [46.4717691, 30.7228497], [46.4716583, 30.7226709], [46.471568, 30.7225249], [46.4715485, 30.7225503], [46.4715137, 30.7224942], [46.471488, 30.7225278], [46.4715212, 30.7225815], [46.4715037, 30.7226043], [46.4714867, 30.7225767], [46.4714466, 30.7226291]]], "df_ids": [30387]}