{"polygon": [[[46.4762644, 30.7165465], [46.4762635, 30.7166525], [46.4764046, 30.7166207], [46.4764978, 30.7165997], [46.4764884, 30.7164818], [46.4762644, 30.7165465]]], "df_ids": [194026]}