{"polygon": [[[46.4912827, 30.7371434], [46.49146, 30.7371326], [46.4915375, 30.7369824], [46.4914563, 30.7368966], [46.491423, 30.7369502], [46.4913824, 30.7369127], [46.4914195, 30.7368049], [46.4913492, 30.7367583], [46.4912458, 30.7370736], [46.4912827, 30.7371434]]], "df_ids": [14963]}