{"polygon": [[[46.4722187, 30.742142], [46.4721755, 30.7421356], [46.4721114, 30.7421276], [46.4721072, 30.7421848], [46.472129, 30.7421881], [46.4723132, 30.7422148], [46.4723268, 30.7420492], [46.4723515, 30.7416946], [46.4722714, 30.7416828], [46.4722508, 30.7416798], [46.4722342, 30.7419197], [46.4722275, 30.7420155], [46.4722264, 30.7420314], [46.4722187, 30.742142]]], "df_ids": [694]}