{"polygon": [[[46.4852374, 30.7392641], [46.4852782, 30.7392713], [46.4853889, 30.7392934], [46.4853992, 30.7391504], [46.4852876, 30.7391333], [46.4852485, 30.7391266], [46.4852374, 30.7392641]]], "df_ids": [28296]}