{"polygon": [[[46.4128854, 30.7225934], [46.4128893, 30.7226443], [46.4128722, 30.7226465], [46.4128755, 30.7226995], [46.4129076, 30.7226953], [46.4129135, 30.7227902], [46.4128868, 30.7227937], [46.4128901, 30.7228466], [46.4129104, 30.7228439], [46.4129147, 30.7229124], [46.4128983, 30.7229145], [46.4129011, 30.7229591], [46.412749, 30.7229801], [46.4127392, 30.7228243], [46.4127083, 30.7228284], [46.4127028, 30.722741], [46.4127231, 30.7227383], [46.4127193, 30.7226765], [46.4127315, 30.7226748], [46.4127277, 30.7226135], [46.4128012, 30.7226029], [46.4128854, 30.7225934]]], "df_ids": [75031]}