{"polygon": [[[46.4814321, 30.7238303], [46.4812666, 30.7240422], [46.4811975, 30.7241285], [46.4811039, 30.7239819], [46.4811746, 30.7238917], [46.4813392, 30.7236815], [46.481371, 30.7237289], [46.4814321, 30.7238303]]], "df_ids": [5002]}