{"polygon": [[[46.4683363, 30.7082625], [46.4688979, 30.7082572], [46.4689016, 30.708107], [46.4684472, 30.7081123], [46.4684398, 30.7080265], [46.4683216, 30.7080265], [46.4683179, 30.7081981], [46.4683363, 30.7082625]]], "df_ids": [147200]}