{"polygon": [[[46.3924507, 30.7312116], [46.3923301, 30.7315085], [46.3918385, 30.7310887], [46.3919084, 30.7309165], [46.3923046, 30.7312549], [46.3923553, 30.7311301], [46.3924507, 30.7312116]]], "df_ids": [75493]}