{"polygon": [[[46.4743575, 30.7253232], [46.4743989, 30.7252769], [46.4747368, 30.7248984], [46.4746631, 30.7247596], [46.4742838, 30.7251844], [46.4743575, 30.7253232]]], "df_ids": [33082]}