{"polygon": [[[46.4903388, 30.7200396], [46.4900307, 30.7201167], [46.4900641, 30.7202193], [46.4901283, 30.7203212], [46.4904765, 30.7202169], [46.4903388, 30.7200396]]], "df_ids": [74927]}