{"polygon": [[[46.4885421, 30.736336], [46.4885288, 30.7365452], [46.488636, 30.7365611], [46.488639, 30.7365745], [46.4886435, 30.7365945], [46.4886493, 30.7366103], [46.4886824, 30.7366077], [46.4886921, 30.7365896], [46.4886942, 30.7365727], [46.4887751, 30.7365893], [46.488782, 30.736383], [46.4887414, 30.7363719], [46.4887312, 30.7364014], [46.4886149, 30.7363746], [46.4886149, 30.7363451], [46.4885421, 30.736336]]], "df_ids": [3549]}