{"polygon": [[[46.4828193, 30.7380584], [46.4828217, 30.7380153], [46.4828225, 30.7380003], [46.48283, 30.7378635], [46.4829858, 30.7378792], [46.4832443, 30.7379132], [46.4832301, 30.7381181], [46.4831553, 30.7381072], [46.4831622, 30.7380142], [46.4830326, 30.7379953], [46.4830259, 30.737985], [46.4830235, 30.7379623], [46.4830114, 30.7379606], [46.4830041, 30.7379818], [46.4829977, 30.7379903], [46.4829911, 30.7379893], [46.4829892, 30.7380159], [46.4829846, 30.7380824], [46.4828193, 30.7380584]]], "df_ids": [6980]}