{"polygon": [[[46.469816, 30.7426464], [46.4700102, 30.7426783], [46.4699744, 30.7431431], [46.4699567, 30.7433733], [46.4698365, 30.7433538], [46.4698759, 30.7428421], [46.4698021, 30.7428279], [46.469816, 30.7426464]]], "df_ids": [151069]}