{"polygon": [[[46.4755023, 30.7453792], [46.4755071, 30.7453014], [46.4754371, 30.7452923], [46.4754487, 30.7451037], [46.4754953, 30.7451097], [46.475485, 30.7452782], [46.4755436, 30.7452858], [46.4755658, 30.7449429], [46.4753014, 30.7449086], [46.4752743, 30.7453497], [46.4755023, 30.7453792]]], "df_ids": [35402]}