{"polygon": [[[46.474894, 30.7120294], [46.4749942, 30.7120517], [46.4750196, 30.7118096], [46.4749194, 30.7117874], [46.474894, 30.7120294]]], "df_ids": [229042]}