{"polygon": [[[46.4716886, 30.7453515], [46.4717085, 30.7451598], [46.471505, 30.7451224], [46.4714903, 30.745322], [46.4716886, 30.7453515]]], "df_ids": [44786]}