{"polygon": [[[46.4860929, 30.7415629], [46.4859378, 30.7415415], [46.4859528, 30.7413124], [46.485954, 30.7412926], [46.4861088, 30.7413176], [46.4861077, 30.7413344], [46.4860929, 30.7415629]]], "df_ids": [5644]}