{"polygon": [[[46.4698621, 30.7450515], [46.4698738, 30.7448494], [46.469894, 30.7444965], [46.4698224, 30.7444879], [46.4698018, 30.7448472], [46.4697606, 30.7448423], [46.4697187, 30.7448372], [46.4697332, 30.7445852], [46.4696799, 30.7445787], [46.4696713, 30.7447279], [46.4696541, 30.7450273], [46.4697467, 30.7450381], [46.4698621, 30.7450515]]], "df_ids": [5674, 5676]}