{"polygon": [[[46.4850579, 30.7315298], [46.4849845, 30.7314397], [46.4849537, 30.7313971], [46.4851572, 30.7310359], [46.4851751, 30.7310049], [46.4852558, 30.7311236], [46.4852444, 30.731148], [46.4850579, 30.7315298]]], "df_ids": [32748]}