{"polygon": [[[46.4700331, 30.7216383], [46.4698018, 30.7219447], [46.46975, 30.7218622], [46.4698314, 30.7217544], [46.4698019, 30.7217075], [46.469888, 30.7215934], [46.4698498, 30.7215326], [46.4696767, 30.7217619], [46.4696411, 30.721809], [46.4696114, 30.7218494], [46.4697832, 30.7221455], [46.4698462, 30.7220617], [46.4700068, 30.7218491], [46.4700723, 30.7217623], [46.4701661, 30.721638], [46.4700178, 30.7214019], [46.4699451, 30.7214982], [46.4700331, 30.7216383]]], "df_ids": [196948]}