{"polygon": [[[46.482971, 30.7500387], [46.4831581, 30.7500731], [46.4831096, 30.7506299], [46.4829434, 30.7505987], [46.4829206, 30.7505944], [46.4829358, 30.7503802], [46.4829381, 30.7503473], [46.4829651, 30.7503513], [46.4830447, 30.7503632], [46.4830536, 30.7502372], [46.4829837, 30.7502282], [46.4829609, 30.7502253], [46.482971, 30.7500387]]], "df_ids": [1209]}