{"polygon": [[[46.490713, 30.7212408], [46.4907813, 30.7213526], [46.4908858, 30.7212177], [46.4908023, 30.7210812], [46.4907917, 30.7210949], [46.4907788, 30.7210739], [46.4908171, 30.7210246], [46.4908501, 30.7209819], [46.4909512, 30.7211472], [46.4910021, 30.7210815], [46.4909151, 30.7209393], [46.4908059, 30.7207606], [46.4907281, 30.7208609], [46.4905898, 30.7210393], [46.4905965, 30.7210504], [46.490713, 30.7212408]]], "df_ids": [45045, 175894]}