{"polygon": [[[46.4749844, 30.7429036], [46.4751905, 30.742947], [46.4751786, 30.7431031], [46.4750559, 30.7430777], [46.4749687, 30.7430591], [46.4749844, 30.7429036]]], "df_ids": [95590]}