{"polygon": [[[46.4809363, 30.7377932], [46.4809668, 30.7377957], [46.4811106, 30.7378143], [46.481134, 30.7373978], [46.4807922, 30.7373508], [46.4807884, 30.7374434], [46.4809571, 30.7374618], [46.4809363, 30.7377932]]], "df_ids": [6492]}