{"polygon": [[[46.474964, 30.729529], [46.4749786, 30.7295308], [46.4751102, 30.7295467], [46.4751359, 30.7295502], [46.4751452, 30.729389], [46.4749734, 30.7293679], [46.474964, 30.729529]]], "df_ids": [27190]}