{"polygon": [[[46.4712233, 30.7488721], [46.4713201, 30.7488846], [46.4714096, 30.7488961], [46.4714231, 30.7486759], [46.4714303, 30.7485763], [46.4713825, 30.7485697], [46.4713742, 30.7487049], [46.4713303, 30.7486981], [46.4712962, 30.7486948], [46.4713046, 30.748559], [46.4712448, 30.7485508], [46.4712361, 30.7486643], [46.4712233, 30.7488721]]], "df_ids": [4146]}