{"polygon": [[[46.4707666, 30.7417757], [46.4707734, 30.7416948], [46.4707749, 30.7416772], [46.4709149, 30.7417021], [46.4709131, 30.7417237], [46.4708901, 30.7419958], [46.4707691, 30.7419743], [46.4707449, 30.74197], [46.4707548, 30.7418525], [46.4706643, 30.7418364], [46.4706709, 30.7417587], [46.4707666, 30.7417757]]], "df_ids": [6311]}