{"polygon": [[[46.4787198, 30.739922], [46.478824, 30.7399381], [46.4788668, 30.7393531], [46.4787786, 30.7393379], [46.4787627, 30.7393354], [46.4787198, 30.739922]]], "df_ids": [135569]}