{"polygon": [[[46.4692562, 30.7118329], [46.4695675, 30.7117968], [46.46958, 30.712023], [46.4692687, 30.7120591], [46.4692562, 30.7118329]]], "df_ids": [374]}