{"polygon": [[[46.4754891, 30.7177512], [46.475138, 30.7177219], [46.4751426, 30.7176059], [46.4751686, 30.7176101], [46.4755473, 30.7176344], [46.4755456, 30.7177529], [46.4754891, 30.7177512]]], "df_ids": [136841]}