{"polygon": [[[46.4771021, 30.7382199], [46.4772458, 30.7382424], [46.4772583, 30.7380749], [46.4769732, 30.7380302], [46.4769332, 30.7385688], [46.4769317, 30.7385893], [46.4770555, 30.7386087], [46.4770832, 30.7386131], [46.477091, 30.7386143], [46.4770924, 30.7385946], [46.4770988, 30.7385089], [46.4770808, 30.7385061], [46.4771021, 30.7382199]]], "df_ids": [33263]}