{"polygon": [[[46.4883816, 30.7394765], [46.4884345, 30.739576], [46.4885137, 30.7394845], [46.4885578, 30.7394336], [46.4887652, 30.7398238], [46.488812, 30.7397708], [46.4886165, 30.7393895], [46.4885436, 30.739243], [46.4884578, 30.7393666], [46.4883816, 30.7394765]]], "df_ids": [44776]}