{"polygon": [[[46.4711714, 30.7445146], [46.4712451, 30.7445283], [46.4711958, 30.7451023], [46.4712458, 30.7451092], [46.4712531, 30.7449415], [46.4712658, 30.7449456], [46.4713251, 30.7449555], [46.4713127, 30.7451117], [46.4712984, 30.745278], [46.4711144, 30.7452447], [46.4711271, 30.7450793], [46.471138, 30.7449491], [46.4711529, 30.7447546], [46.4711644, 30.7446156], [46.4711705, 30.7445369], [46.4711714, 30.7445146]]], "df_ids": [27820]}