{"polygon": [[[46.4670198, 30.7107287], [46.4670884, 30.7104778], [46.467218, 30.7104913], [46.4671382, 30.7107606], [46.4670198, 30.7107287]]], "df_ids": [191724]}