{"polygon": [[[46.4007057, 30.7153122], [46.4005938, 30.7153455], [46.4007298, 30.7163059], [46.400837, 30.7162741], [46.4008129, 30.7161038], [46.4007838, 30.7158977], [46.4010298, 30.7158244], [46.4010593, 30.7160322], [46.4010865, 30.7162249], [46.4012061, 30.7161894], [46.4011545, 30.7158249], [46.4011397, 30.7157202], [46.4011239, 30.7156085], [46.4010689, 30.7152201], [46.4009618, 30.7152519], [46.4010185, 30.7156525], [46.4008893, 30.715691], [46.4007646, 30.7157281], [46.4007057, 30.7153122]]], "df_ids": [74073]}