{"polygon": [[[46.4699359, 30.7466474], [46.4699502, 30.7464375], [46.4698923, 30.7464297], [46.4698953, 30.7463818], [46.4697707, 30.746365], [46.4697678, 30.74641], [46.469682, 30.7463984], [46.4696686, 30.746608], [46.4699359, 30.7466474]]], "df_ids": [2919]}