{"polygon": [[[46.4691068, 30.7201693], [46.4691863, 30.7202915], [46.4692667, 30.7201811], [46.4691897, 30.7200629], [46.4691068, 30.7201693]]], "df_ids": [250639]}