{"polygon": [[[46.4821968, 30.7202897], [46.4821632, 30.7203], [46.4820892, 30.7203229], [46.4820067, 30.7203488], [46.4819829, 30.7201832], [46.4820791, 30.7201534], [46.4821725, 30.7201245], [46.4821968, 30.7202897]]], "df_ids": [29764]}