{"polygon": [[[46.4933961, 30.7315023], [46.4935042, 30.7316071], [46.493612, 30.7313526], [46.4935014, 30.7312538], [46.4933961, 30.7315023]]], "df_ids": [158627]}