{"polygon": [[[46.4789589, 30.7323169], [46.4790543, 30.7323299], [46.4790701, 30.7321058], [46.4788506, 30.7320774], [46.4788399, 30.7322233], [46.4788288, 30.732375], [46.478823, 30.732454], [46.4788121, 30.7326024], [46.478987, 30.7326185], [46.47899, 30.7325511], [46.4789429, 30.7325457], [46.4789523, 30.7323881], [46.4789589, 30.7323169]]], "df_ids": [28290]}