{"polygon": [[[46.4794271, 30.7314186], [46.4795202, 30.7315648], [46.4796985, 30.7313386], [46.4796024, 30.7311583], [46.4794116, 30.7308077], [46.4793032, 30.7309301], [46.4792822, 30.7309493], [46.4794362, 30.7312201], [46.4794648, 30.7311814], [46.4795023, 30.7312416], [46.4795516, 30.7311908], [46.4795609, 30.7312052], [46.4795724, 30.731223], [46.4794271, 30.7314186]]], "df_ids": [45897, 219372]}