{"polygon": [[[46.4754229, 30.7183066], [46.4754235, 30.718273], [46.4755804, 30.718192], [46.4755869, 30.7183876], [46.4755515, 30.7183976], [46.4755347, 30.7184024], [46.4755301, 30.7183541], [46.4755043, 30.7183608], [46.4755061, 30.7183796], [46.4754258, 30.7183997], [46.4754229, 30.7183066]]], "df_ids": [1750]}