{"polygon": [[[46.4925911, 30.72302], [46.4926894, 30.7231875], [46.4925448, 30.7233684], [46.4924471, 30.7232047], [46.4925911, 30.72302]]], "df_ids": [135398]}