{"polygon": [[[46.4892301, 30.7264849], [46.4892836, 30.7264143], [46.4894738, 30.7261702], [46.489564, 30.726059], [46.4897408, 30.726339], [46.4896553, 30.7264468], [46.4895321, 30.7265812], [46.4894108, 30.7267251], [46.4893562, 30.7266383], [46.4895416, 30.7264248], [46.4894848, 30.7263291], [46.4892858, 30.7265786], [46.4892301, 30.7264849]]], "df_ids": [5793]}