{"polygon": [[[46.4880252, 30.720562], [46.4879447, 30.720627], [46.4879315, 30.7206377], [46.4878989, 30.7205876], [46.4878553, 30.720519], [46.4878729, 30.7205105], [46.4879559, 30.720448], [46.4880252, 30.720562]]], "df_ids": [160698]}