{"polygon": [[[46.4750001, 30.7490801], [46.4751778, 30.7491081], [46.4752314, 30.7491165], [46.4752375, 30.7490356], [46.4751149, 30.7490162], [46.4751193, 30.7489578], [46.4751286, 30.7488331], [46.4750199, 30.748816], [46.4750104, 30.748943], [46.4750001, 30.7490801]]], "df_ids": [33320]}