{"polygon": [[[46.4766421, 30.7208837], [46.4767788, 30.7208461], [46.4767751, 30.7206583], [46.476631, 30.7206959], [46.4766421, 30.7208837]]], "df_ids": [5303]}