{"polygon": [[[46.4807646, 30.7481739], [46.4807417, 30.7481712], [46.4807253, 30.7481693], [46.4807173, 30.7483167], [46.4807336, 30.7483186], [46.4809162, 30.7483394], [46.4809256, 30.7481929], [46.4808861, 30.7481883], [46.4808902, 30.7481137], [46.480922, 30.7481173], [46.4809287, 30.7479945], [46.4807756, 30.7479768], [46.4807662, 30.7481272], [46.4807653, 30.7481532], [46.4807646, 30.7481739]]], "df_ids": [10628]}