{"polygon": [[[46.3993868, 30.7165124], [46.3993594, 30.7163091], [46.3994974, 30.71627], [46.3997036, 30.7162117], [46.3998729, 30.7161638], [46.4000456, 30.716115], [46.400217, 30.7160665], [46.4002444, 30.7162699], [46.3993868, 30.7165124]]], "df_ids": [80405]}