{"polygon": [[[46.4782846, 30.7397702], [46.4782813, 30.7398095], [46.4782834, 30.7397846], [46.4786676, 30.7398528], [46.4786901, 30.7395855], [46.4784049, 30.7395349], [46.4784235, 30.7393148], [46.4783142, 30.7392954], [46.4782744, 30.7397684], [46.4782846, 30.7397702]]], "df_ids": [27357]}