{"polygon": [[[46.4789226, 30.7132285], [46.4786641, 30.713237], [46.478668, 30.7134875], [46.4787469, 30.7134849], [46.4787452, 30.7133716], [46.4789247, 30.7133657], [46.4789226, 30.7132285]]], "df_ids": [157089]}