{"polygon": [[[46.471558, 30.7304394], [46.4711417, 30.7303756], [46.4711596, 30.7301298], [46.4712956, 30.7301507], [46.4712902, 30.730226], [46.471467, 30.7302531], [46.4714791, 30.7300761], [46.4715798, 30.7300929], [46.471575, 30.730153], [46.471639, 30.7301637], [46.471622, 30.7303777], [46.4715637, 30.7303679], [46.471558, 30.7304394]]], "df_ids": [27361]}