{"polygon": [[[46.4775929, 30.7417853], [46.4776069, 30.7416082], [46.4774524, 30.7415824], [46.4774615, 30.7414671], [46.4775392, 30.74148], [46.4776413, 30.741497], [46.4776732, 30.7415023], [46.4776659, 30.7415944], [46.477653, 30.7417581], [46.4776407, 30.741914], [46.4774285, 30.7418787], [46.4774379, 30.7417595], [46.4775929, 30.7417853]]], "df_ids": [6088]}