{"polygon": [[[46.4913233, 30.7166137], [46.4911453, 30.7165454], [46.4911276, 30.7165386], [46.4910183, 30.7168002], [46.4911627, 30.7168578], [46.491168, 30.7168324], [46.4911811, 30.7167706], [46.4912938, 30.7168176], [46.4913233, 30.7166137]]], "df_ids": [89684]}