{"polygon": [[[46.4786902, 30.7259829], [46.4787898, 30.7258657], [46.4784875, 30.72534], [46.4784475, 30.7253382], [46.4783195, 30.7254964], [46.4783068, 30.7255122], [46.4783757, 30.7256297], [46.4783861, 30.7256167], [46.4784395, 30.7255528], [46.4786902, 30.7259829]]], "df_ids": [32950]}