{"polygon": [[[46.4747541, 30.7137262], [46.4753123, 30.7137958], [46.4753173, 30.7136996], [46.4748954, 30.7136543], [46.4749001, 30.713563], [46.4753248, 30.7136085], [46.4753287, 30.7135315], [46.4752872, 30.7135271], [46.4750944, 30.7135064], [46.4748134, 30.7134762], [46.4747738, 30.713472], [46.4747541, 30.7137262]]], "df_ids": [189979]}