{"polygon": [[[46.4823308, 30.7360987], [46.4822746, 30.736094], [46.4822594, 30.7364792], [46.4823157, 30.7364839], [46.4823308, 30.7360987]]], "df_ids": [4072]}