{"polygon": [[[46.4753445, 30.740813], [46.475038, 30.7408091], [46.4750247, 30.7409227], [46.4752391, 30.7409494], [46.4752314, 30.7411056], [46.4753135, 30.7411147], [46.4753445, 30.740813]]], "df_ids": [51568]}