{"polygon": [[[46.3873255, 30.7146952], [46.387219, 30.7142146], [46.3868381, 30.7143919], [46.386725, 30.7144445], [46.3868314, 30.7149252], [46.3873255, 30.7146952]]], "df_ids": [169303]}