{"polygon": [[[46.4761888, 30.7209603], [46.4766421, 30.7208837], [46.476631, 30.7206959], [46.4761859, 30.7207957], [46.4761888, 30.7209603]]], "df_ids": [74983]}