{"polygon": [[[46.485817, 30.718741], [46.4858746, 30.7190688], [46.4857466, 30.7191162], [46.4856584, 30.7186137], [46.4859558, 30.7185035], [46.4859865, 30.7186782], [46.485817, 30.718741]]], "df_ids": [63334]}