{"polygon": [[[46.4781456, 30.7257259], [46.4782247, 30.7258606], [46.4783926, 30.7256585], [46.4783757, 30.7256297], [46.4783068, 30.7255122], [46.4781456, 30.7257259]]], "df_ids": [2563]}