{"polygon": [[[46.4797881, 30.7308462], [46.4799047, 30.7307069], [46.4798954, 30.7306905], [46.4797693, 30.7304681], [46.479652, 30.7306121], [46.4797782, 30.7308291], [46.4797881, 30.7308462]]], "df_ids": [51301]}