{"polygon": [[[46.4752177, 30.7407565], [46.4753447, 30.7407711], [46.4753695, 30.7403173], [46.4752425, 30.7403027], [46.4752177, 30.7407565]]], "df_ids": [76445]}