{"polygon": [[[46.4826123, 30.7474757], [46.4823341, 30.7474296], [46.4823492, 30.7472366], [46.4826274, 30.7472827], [46.4826123, 30.7474757]]], "df_ids": [7943]}