{"polygon": [[[46.4792712, 30.7427412], [46.4790894, 30.742713], [46.4789721, 30.7426948], [46.4789536, 30.7429464], [46.4788753, 30.7429342], [46.4787915, 30.7429212], [46.4788222, 30.7425031], [46.4792834, 30.7425746], [46.4792712, 30.7427412]]], "df_ids": [233465]}