{"polygon": [[[46.4726701, 30.7512243], [46.4726694, 30.7511974], [46.4726641, 30.7511717], [46.4726545, 30.7511486], [46.4726391, 30.7511274], [46.4726202, 30.7511135], [46.4725993, 30.7511079], [46.4725844, 30.7511093], [46.4725701, 30.751115], [46.4725537, 30.7511277], [46.4725401, 30.751146], [46.4725284, 30.7511741], [46.472523, 30.751206], [46.4724702, 30.7520104], [46.4724707, 30.7520386], [46.4724762, 30.7520656], [46.4724839, 30.7520847], [46.4724942, 30.7521011], [46.4725117, 30.7521179], [46.4725318, 30.7521268], [46.472551, 30.7521274], [46.4725696, 30.7521207], [46.4725861, 30.7521075], [46.4725997, 30.7520887], [46.4726101, 30.7520636], [46.4726154, 30.7520352], [46.4726701, 30.7512243]]], "df_ids": [152670]}