{"polygon": [[[46.4702031, 30.7441892], [46.4705785, 30.7442453], [46.4705813, 30.7442054], [46.4705846, 30.7441586], [46.4702063, 30.7441021], [46.4702136, 30.7439985], [46.470563, 30.7440507], [46.4706024, 30.7440566], [46.4707182, 30.7440739], [46.4707073, 30.7442272], [46.4706968, 30.7443751], [46.4705643, 30.7443545], [46.470358, 30.7443245], [46.4702493, 30.7443088], [46.4701952, 30.7443], [46.4702031, 30.7441892]]], "df_ids": [45198, 127313, 127314]}