{"polygon": [[[46.4886933, 30.7341737], [46.488684, 30.7343145], [46.4888276, 30.7343345], [46.4888458, 30.7340925], [46.4884122, 30.734032], [46.4884115, 30.7341344], [46.4886933, 30.7341737]]], "df_ids": [45286]}