{"polygon": [[[46.4819912, 30.7452909], [46.4820187, 30.745297], [46.4820366, 30.7453158], [46.4820491, 30.7453426], [46.482053, 30.7453699], [46.482051, 30.7454006], [46.4820302, 30.7454801], [46.4819973, 30.7456373], [46.4820084, 30.7457226], [46.4819842, 30.7457164], [46.4819772, 30.7457744], [46.4819893, 30.7457775], [46.4819675, 30.7459576], [46.4816317, 30.745872], [46.4816691, 30.7455622], [46.4815732, 30.7455378], [46.4816, 30.7453354], [46.4815944, 30.7453021], [46.4815947, 30.7452677], [46.4816018, 30.7452324], [46.4816197, 30.7451941], [46.4816442, 30.7451679], [46.4816711, 30.7451553], [46.4816965, 30.7451545], [46.4817214, 30.7451641], [46.4817435, 30.7451833], [46.4817609, 30.7452103], [46.4817727, 30.745244], [46.4817765, 30.7452671], [46.4819319, 30.7453063], [46.4819912, 30.7452909]]], "df_ids": [64780]}