{"polygon": [[[46.4812298, 30.7142539], [46.4813519, 30.7142523], [46.4813484, 30.7136886], [46.4813451, 30.7134665], [46.4812267, 30.7134686], [46.4812256, 30.7135758], [46.4812298, 30.7142539]]], "df_ids": [27844]}