{"polygon": [[[46.4721968, 30.7477891], [46.4724171, 30.7478175], [46.4724252, 30.7476845], [46.4722049, 30.7476561], [46.4721968, 30.7477891]]], "df_ids": [136489]}