{"polygon": [[[46.4860242, 30.7425527], [46.4858726, 30.742535], [46.4858705, 30.7425612], [46.4858671, 30.7426037], [46.4858645, 30.7426361], [46.4858462, 30.7428643], [46.4859543, 30.7428887], [46.4860196, 30.7428982], [46.4860267, 30.742796], [46.4860362, 30.7426574], [46.4860544, 30.74266], [46.4860595, 30.7425873], [46.4860615, 30.7425581], [46.4860242, 30.7425527]]], "df_ids": [127073]}