{"polygon": [[[46.4755624, 30.741606], [46.475695, 30.7416252], [46.4757071, 30.7414488], [46.47568, 30.7414449], [46.4756551, 30.7414413], [46.475652, 30.7414863], [46.4755714, 30.7414746], [46.4755624, 30.741606]]], "df_ids": [127045]}