{"polygon": [[[46.4116451, 30.724176], [46.411677, 30.724426], [46.4116791, 30.7244521], [46.4116737, 30.7244723], [46.4116648, 30.7244839], [46.411649, 30.7244926], [46.411251, 30.7245925], [46.4112277, 30.724593], [46.4112154, 30.7245901], [46.4112059, 30.7245832], [46.4112004, 30.7245755], [46.4111961, 30.7245593], [46.4111926, 30.724518], [46.4111801, 30.7245204], [46.411169, 30.7244267], [46.4115491, 30.7243416], [46.4115325, 30.7242022], [46.4116451, 30.724176]]], "df_ids": [75023]}