{"polygon": [[[46.4749851, 30.7528411], [46.4748119, 30.7528052], [46.4748352, 30.7525687], [46.4750084, 30.7526046], [46.4749851, 30.7528411]]], "df_ids": [75038]}