{"polygon": [[[46.4708084, 30.746773], [46.4709863, 30.7467987], [46.4709984, 30.7466222], [46.4709123, 30.7466097], [46.4709158, 30.7465589], [46.4709256, 30.7464151], [46.470979, 30.7464228], [46.4710116, 30.7464276], [46.4710168, 30.7463518], [46.470839, 30.746326], [46.4708241, 30.7465436], [46.4708084, 30.746773]]], "df_ids": [174245]}