{"polygon": [[[46.4918485, 30.7224611], [46.4919355, 30.7226052], [46.4919467, 30.7226238], [46.4918856, 30.7227055], [46.4917779, 30.7228393], [46.4917317, 30.7228978], [46.4917282, 30.7228921], [46.491715, 30.72287], [46.4916357, 30.7227377], [46.4918485, 30.7224611]]], "df_ids": [909]}