{"polygon": [[[46.4770143, 30.7376456], [46.4771938, 30.7376672], [46.4772047, 30.7374753], [46.477207, 30.7374342], [46.4771643, 30.7374291], [46.4771691, 30.7373436], [46.4770325, 30.7373272], [46.4770143, 30.7376456]]], "df_ids": [160575]}