{"polygon": [[[46.4805284, 30.711442], [46.4805279, 30.7113008], [46.4807931, 30.7113076], [46.4807978, 30.711243], [46.4809131, 30.7112446], [46.4809127, 30.711447], [46.4808955, 30.7114763], [46.4805284, 30.711442]]], "df_ids": [4921]}