{"polygon": [[[46.4857734, 30.7231626], [46.4855765, 30.7228228], [46.4854812, 30.7229436], [46.4854674, 30.7229611], [46.4856274, 30.7232273], [46.4854351, 30.7234711], [46.4854762, 30.7235394], [46.4856529, 30.7233153], [46.4856898, 30.7232685], [46.4857734, 30.7231626]]], "df_ids": [216781]}