{"polygon": [[[46.4750414, 30.7485273], [46.4752179, 30.7485551], [46.4752228, 30.7484892], [46.4751916, 30.7484842], [46.4751975, 30.7484057], [46.4752029, 30.748333], [46.4752348, 30.748338], [46.4752397, 30.7482725], [46.4750626, 30.7482446], [46.4750521, 30.7483849], [46.4750414, 30.7485273]]], "df_ids": [2087]}