{"polygon": [[[46.4693475, 30.7463599], [46.4695796, 30.7463861], [46.469607, 30.7460506], [46.4697112, 30.7460682], [46.469682, 30.7463984], [46.4696686, 30.746608], [46.4692512, 30.7465384], [46.4692585, 30.7464303], [46.4693408, 30.7464441], [46.4693475, 30.7463599]]], "df_ids": [175807]}