{"polygon": [[[46.3996466, 30.7116749], [46.3996209, 30.7114404], [46.3999458, 30.7113653], [46.3999296, 30.7112176], [46.4002841, 30.7111357], [46.4003096, 30.7113688], [46.400092, 30.711419], [46.4001084, 30.7115683], [46.3996466, 30.7116749]]], "df_ids": [89605]}