{"polygon": [[[46.4914107, 30.7233915], [46.4913218, 30.723506], [46.4915089, 30.7238143], [46.4916654, 30.7236089], [46.4917221, 30.7235378], [46.4916542, 30.7234251], [46.4916467, 30.7234104], [46.4915192, 30.723206], [46.4914629, 30.7232785], [46.4916156, 30.7235284], [46.4915478, 30.7236158], [46.4914107, 30.7233915]]], "df_ids": [1519]}