{"polygon": [[[46.4897732, 30.7382013], [46.4897362, 30.7383408], [46.4896771, 30.7384373], [46.4896033, 30.7385124], [46.4894925, 30.7385554], [46.4894413, 30.7385509], [46.4893587, 30.7384808], [46.4893906, 30.7383484], [46.4894645, 30.7383782], [46.4895322, 30.7383842], [46.4895933, 30.7383413], [46.4896409, 30.7382834], [46.4896656, 30.7381479], [46.4897732, 30.7382013]]], "df_ids": [5365]}