{"polygon": [[[46.474065, 30.7108873], [46.4740484, 30.7112395], [46.4740288, 30.7112288], [46.4740012, 30.711059], [46.4739956, 30.7108891], [46.474065, 30.7108873]]], "df_ids": [243066]}