{"polygon": [[[46.4768833, 30.7392287], [46.4770312, 30.7392449], [46.4771439, 30.7392591], [46.4771724, 30.7392926], [46.4772817, 30.739305], [46.4772748, 30.7394145], [46.477019, 30.739373], [46.4770217, 30.7393051], [46.4770083, 30.7393065], [46.4769972, 30.7395132], [46.4771963, 30.7395473], [46.4771848, 30.739722], [46.4768518, 30.7396739], [46.4768833, 30.7392287]]], "df_ids": [26567]}