{"polygon": [[[46.4737761, 30.7183299], [46.4737726, 30.7186648], [46.4738485, 30.7186657], [46.4738486, 30.7183183], [46.4737761, 30.7183299]]], "df_ids": [161213]}