{"polygon": [[[46.48117, 30.7346895], [46.4811015, 30.7346794], [46.481102, 30.7346579], [46.481065, 30.7346543], [46.4810263, 30.7346506], [46.4810263, 30.73467], [46.4809041, 30.7346502], [46.4808897, 30.7348752], [46.4812793, 30.7349287], [46.4813056, 30.7348936], [46.4813319, 30.7344869], [46.4813573, 30.7340827], [46.4812152, 30.7340641], [46.4811858, 30.7344711], [46.48117, 30.7346895]]], "df_ids": [27443]}