{"polygon": [[[46.4700678, 30.7472205], [46.4702604, 30.7472477], [46.4703717, 30.7472596], [46.4704784, 30.74728], [46.4704722, 30.7473704], [46.4700622, 30.7473122], [46.4700678, 30.7472205]]], "df_ids": [207660]}