{"polygon": [[[46.4760536, 30.7213866], [46.475936, 30.7213826], [46.4759345, 30.7214774], [46.4759152, 30.7214767], [46.4759122, 30.7216622], [46.4759311, 30.7216628], [46.4759295, 30.7217581], [46.4760476, 30.7217621], [46.4760536, 30.7213866]]], "df_ids": [89725]}