{"polygon": [[[46.4725015, 30.7454484], [46.472525, 30.7454512], [46.4725266, 30.7454236], [46.4723605, 30.7454033], [46.4723454, 30.7456649], [46.4724879, 30.7456823], [46.4724906, 30.7456356], [46.4724915, 30.7456206], [46.4725015, 30.7454484]]], "df_ids": [4722]}