{"polygon": [[[46.4861562, 30.732659], [46.486172, 30.7326611], [46.4864616, 30.7327003], [46.4864738, 30.7325107], [46.486376, 30.7324975], [46.4863781, 30.7324651], [46.486287, 30.7324527], [46.486285, 30.7324845], [46.4861844, 30.7324708], [46.4861684, 30.7324687], [46.4861562, 30.732659]]], "df_ids": [121293]}