{"polygon": [[[46.4886768, 30.7346348], [46.4885069, 30.734608], [46.4885215, 30.734412], [46.4884133, 30.7343949], [46.4883919, 30.7346795], [46.4884676, 30.734691], [46.4885907, 30.7347146], [46.4886711, 30.7347227], [46.4886768, 30.7346348]]], "df_ids": [208553]}