{"polygon": [[[46.4801625, 30.7257575], [46.4802426, 30.7259072], [46.4802006, 30.7259538], [46.4801918, 30.7259378], [46.4801957, 30.7259022], [46.4801723, 30.7259337], [46.4801768, 30.725958], [46.4801512, 30.7259878], [46.4801373, 30.7259773], [46.4801266, 30.7259868], [46.4801182, 30.7259942], [46.4801383, 30.7260326], [46.4801058, 30.7260835], [46.4800522, 30.7261532], [46.4799668, 30.7260068], [46.480064, 30.7258831], [46.4801625, 30.7257575]]], "df_ids": [29086]}