{"polygon": [[[46.4774285, 30.7418787], [46.4771278, 30.7418198], [46.4771449, 30.741581], [46.4771574, 30.7414014], [46.4772525, 30.7414167], [46.4772359, 30.7416341], [46.4773384, 30.7416506], [46.4773559, 30.7414218], [46.4774635, 30.7414391], [46.4774615, 30.7414671], [46.4774524, 30.7415824], [46.4774379, 30.7417595], [46.4774285, 30.7418787]]], "df_ids": [5189]}