{"polygon": [[[46.4817079, 30.7410072], [46.481899, 30.7410462], [46.4819147, 30.7408366], [46.4817273, 30.7408052], [46.4817079, 30.7410072]]], "df_ids": [135359]}