{"polygon": [[[46.4751524, 30.7244914], [46.4752381, 30.7243945], [46.475309, 30.7243144], [46.4752151, 30.7241435], [46.4749925, 30.7243944], [46.4750575, 30.7245156], [46.4750852, 30.7245673], [46.4751524, 30.7244914]]], "df_ids": [193171]}