{"polygon": [[[46.4760594, 30.7180003], [46.4762366, 30.7179587], [46.4762325, 30.7181449], [46.4761461, 30.7181503], [46.4761452, 30.7183114], [46.4760372, 30.7183194], [46.4760418, 30.7180242], [46.4760594, 30.7180003]]], "df_ids": [1074]}