{"polygon": [[[46.4803879, 30.7326053], [46.4802524, 30.7325857], [46.4802295, 30.7329472], [46.4802205, 30.7330904], [46.4803274, 30.7331068], [46.4803356, 30.7329841], [46.4803369, 30.7329652], [46.4803383, 30.7329438], [46.4803995, 30.7329524], [46.4804796, 30.7329637], [46.4804861, 30.7328669], [46.4803499, 30.7328477], [46.4803523, 30.7328118], [46.4804921, 30.7328315], [46.4804989, 30.7327294], [46.4803529, 30.7327088], [46.4803565, 30.732656], [46.4803842, 30.7326604], [46.4803879, 30.7326053]]], "df_ids": [26105]}