{"polygon": [[[46.4784853, 30.7388527], [46.4783748, 30.7388399], [46.4783685, 30.7389466], [46.4783634, 30.7390406], [46.4784743, 30.7390541], [46.4784785, 30.7389843], [46.4784799, 30.7389576], [46.4784809, 30.7389378], [46.4784853, 30.7388527]]], "df_ids": [141148]}