{"polygon": [[[46.4896798, 30.7331943], [46.4899891, 30.7332394], [46.4900935, 30.733036], [46.4900159, 30.7329287], [46.4899088, 30.7330681], [46.4898682, 30.7330038], [46.4899842, 30.7328679], [46.4899254, 30.7327732], [46.4897659, 30.7329892], [46.4896644, 30.733124], [46.4896798, 30.7331943]]], "df_ids": [6918, 193857, 193858]}