{"polygon": [[[46.4887897, 30.7311475], [46.4887816, 30.7311575], [46.488576, 30.7314116], [46.4884967, 30.7312762], [46.4887016, 30.7310229], [46.4887104, 30.7310121], [46.4887897, 30.7311475]]], "df_ids": [34539]}