{"polygon": [[[46.4846456, 30.7212718], [46.484425, 30.7209094], [46.4842778, 30.7210205], [46.484454, 30.7213298], [46.4843483, 30.7214252], [46.4843809, 30.7214707], [46.484466, 30.7214129], [46.4846456, 30.7212718]]], "df_ids": [6909]}