{"polygon": [[[46.4821926, 30.7318974], [46.4822292, 30.7313602], [46.4822372, 30.7312434], [46.4821806, 30.7312353], [46.4821842, 30.731182], [46.4821719, 30.7311767], [46.4821767, 30.7311161], [46.4821882, 30.7311138], [46.4821922, 30.7310647], [46.482246, 30.7310692], [46.4822599, 30.7308598], [46.4819632, 30.7309843], [46.481908, 30.7318085], [46.4819035, 30.7318762], [46.4817361, 30.7318526], [46.4817406, 30.7317849], [46.4818058, 30.7308105], [46.4823481, 30.730563], [46.4824173, 30.7306246], [46.4823659, 30.7313775], [46.4823291, 30.7319171], [46.4823267, 30.7319518], [46.4821902, 30.7319321], [46.4821926, 30.7318974]]], "df_ids": [6599]}