{"polygon": [[[46.4880922, 30.7146458], [46.4879634, 30.7146924], [46.4880347, 30.7150969], [46.4881575, 30.7150512], [46.4880922, 30.7146458]]], "df_ids": [175590]}