{"polygon": [[[46.476622, 30.7115901], [46.4767879, 30.7116263], [46.4768022, 30.7114818], [46.4767411, 30.7114673], [46.476695, 30.7114564], [46.4766333, 30.7114418], [46.476622, 30.7115901]]], "df_ids": [180608]}