{"polygon": [[[46.4755499, 30.7113785], [46.4756621, 30.7113997], [46.4757007, 30.711408], [46.4757107, 30.7112715], [46.4756737, 30.7112636], [46.4756158, 30.711252], [46.4756206, 30.7111796], [46.4755729, 30.7111713], [46.4755679, 30.7112156], [46.475558, 30.711311], [46.4755499, 30.7113785]]], "df_ids": [180609]}