{"polygon": [[[46.4756584, 30.747785], [46.4755491, 30.7477654], [46.4754431, 30.747748], [46.47543, 30.7479171], [46.4754196, 30.7480401], [46.4754908, 30.7480568], [46.4754994, 30.7479473], [46.4755366, 30.7479534], [46.4755836, 30.7479611], [46.4755731, 30.7480962], [46.4756337, 30.7481061], [46.4756369, 30.7480655], [46.4756466, 30.7479458], [46.4756584, 30.747785]]], "df_ids": [28678]}