{"polygon": [[[46.4746515, 30.7297862], [46.474497, 30.7297646], [46.4744929, 30.7298261], [46.4745268, 30.7298308], [46.4745182, 30.7299599], [46.4745109, 30.7300707], [46.4744758, 30.7300658], [46.4744705, 30.730146], [46.4746262, 30.7301678], [46.4746391, 30.7299737], [46.4746515, 30.7297862]]], "df_ids": [459]}