{"polygon": [[[46.471293, 30.7509162], [46.4711966, 30.7509044], [46.4710967, 30.7508922], [46.4711192, 30.7505039], [46.4711864, 30.7505122], [46.4711789, 30.75064], [46.471166, 30.7506384], [46.4711629, 30.7506925], [46.4712096, 30.7506983], [46.4712545, 30.7507038], [46.4712578, 30.7506474], [46.4712465, 30.750646], [46.4712533, 30.7505273], [46.4713152, 30.7505349], [46.471293, 30.7509162]]], "df_ids": [28841]}