{"polygon": [[[46.4101796, 30.7233861], [46.4101989, 30.7235385], [46.4101192, 30.7235598], [46.4102353, 30.7244757], [46.410089, 30.7245147], [46.4099535, 30.7234464], [46.4101796, 30.7233861]]], "df_ids": [75037]}