{"polygon": [[[46.477857, 30.7205603], [46.477891, 30.7207824], [46.4782767, 30.7206535], [46.4782629, 30.7205682], [46.4782937, 30.7205577], [46.4782764, 30.7204513], [46.4782583, 30.7203398], [46.4782268, 30.7203505], [46.4782111, 30.7202532], [46.4780904, 30.7202945], [46.4781172, 30.7204603], [46.4780984, 30.7204662], [46.4780837, 30.7204793], [46.4780823, 30.7205136], [46.4780956, 30.7205423], [46.4781139, 30.72055], [46.4780083, 30.720587], [46.4779933, 30.7204947], [46.4778978, 30.7205273], [46.4779007, 30.7205452], [46.477857, 30.7205603]]], "df_ids": [26918]}