{"polygon": [[[46.4800866, 30.7285713], [46.4800942, 30.7285616], [46.4802258, 30.7283945], [46.48038, 30.7286539], [46.4802761, 30.7287842], [46.4801977, 30.728654], [46.4801708, 30.7286881], [46.480163, 30.7286981], [46.4800866, 30.7285713]]], "df_ids": [195700]}