{"polygon": [[[46.4861647, 30.7155418], [46.4867201, 30.7153372], [46.4867041, 30.7152453], [46.4861487, 30.71545], [46.4861647, 30.7155418]]], "df_ids": [161149]}