{"polygon": [[[46.4905074, 30.7319842], [46.4906313, 30.7318436], [46.4907398, 30.7317205], [46.4907848, 30.731804], [46.4908171, 30.7318641], [46.4907696, 30.731918], [46.4908082, 30.7319897], [46.4906958, 30.7321173], [46.4906568, 30.7320448], [46.4905842, 30.7321271], [46.4905074, 30.7319842]]], "df_ids": [33224]}