{"polygon": [[[46.481134, 30.7373978], [46.4811608, 30.7369866], [46.4810187, 30.736967], [46.4808004, 30.736937], [46.480793, 30.7370506], [46.480989, 30.7370776], [46.4809796, 30.7372219], [46.4807705, 30.7371931], [46.4807605, 30.7373464], [46.4807922, 30.7373508], [46.481134, 30.7373978]]], "df_ids": [27436]}