{"polygon": [[[46.4888196, 30.7263563], [46.489097, 30.7260205], [46.4891894, 30.7261816], [46.488912, 30.7265173], [46.4888196, 30.7263563]]], "df_ids": [76463]}