{"polygon": [[[46.4848909, 30.720437], [46.4844941, 30.7205646], [46.4844758, 30.7206153], [46.4845645, 30.7207775], [46.4846277, 30.7206948], [46.4846124, 30.7206733], [46.4848707, 30.7205896], [46.4849134, 30.7205755], [46.4848909, 30.720437]]], "df_ids": [127332]}