{"polygon": [[[46.4734101, 30.7193619], [46.4731517, 30.7196504], [46.4731245, 30.7193398], [46.4732132, 30.719313], [46.4732219, 30.7193822], [46.4733504, 30.7192473], [46.4734101, 30.7193619]]], "df_ids": [175560]}