{"polygon": [[[46.4860927, 30.7189877], [46.4864444, 30.7188821], [46.4864069, 30.7186108], [46.4862808, 30.7186536], [46.4862876, 30.7186958], [46.4861614, 30.7187386], [46.4861544, 30.7186952], [46.4860513, 30.7187301], [46.4860927, 30.7189877]]], "df_ids": [12441]}