{"polygon": [[[46.4868223, 30.7221363], [46.4869872, 30.7219359], [46.4870113, 30.7219776], [46.4870826, 30.722101], [46.4869196, 30.7222999], [46.4868223, 30.7221363]]], "df_ids": [191499]}