{"polygon": [[[46.4737495, 30.7322632], [46.4734864, 30.7322111], [46.4734985, 30.7320825], [46.4735125, 30.7319477], [46.4735282, 30.7317658], [46.4736381, 30.7317912], [46.4736283, 30.7318958], [46.4736843, 30.7319069], [46.4736787, 30.7319669], [46.4736693, 30.7320664], [46.4737662, 30.7320856], [46.4737495, 30.7322632]]], "df_ids": [75056]}