{"polygon": [[[46.4864616, 30.7327003], [46.4866117, 30.7327217], [46.4867164, 30.7327379], [46.4867398, 30.7323464], [46.4866818, 30.7323414], [46.4866714, 30.7325267], [46.4866137, 30.7325199], [46.4865726, 30.7325159], [46.4865815, 30.7323176], [46.4864818, 30.7323081], [46.4864738, 30.7325107], [46.4864616, 30.7327003]]], "df_ids": [5256]}