{"polygon": [[[46.4835342, 30.7248082], [46.4836481, 30.724994], [46.4837336, 30.7251352], [46.4838388, 30.7250016], [46.4837969, 30.7249332], [46.4837814, 30.7249532], [46.4837371, 30.7248807], [46.4836687, 30.7247687], [46.4837412, 30.7246753], [46.4836967, 30.7246024], [46.4836152, 30.7247056], [46.4835342, 30.7248082]]], "df_ids": [761]}