{"polygon": [[[46.4815292, 30.7237068], [46.4814409, 30.7238192], [46.4814321, 30.7238303], [46.481371, 30.7237289], [46.48138, 30.7237175], [46.4814359, 30.7236464], [46.4813874, 30.723566], [46.4813215, 30.7236498], [46.4812581, 30.7235447], [46.4813562, 30.7234199], [46.4814463, 30.7235693], [46.4815292, 30.7237068]]], "df_ids": [47474]}