{"polygon": [[[46.4063876, 30.7269209], [46.4062759, 30.726948], [46.4063545, 30.7276298], [46.4064662, 30.7276027], [46.4064468, 30.7274342], [46.4064076, 30.7270947], [46.4063876, 30.7269209]]], "df_ids": [76996]}