{"polygon": [[[46.4733836, 30.7512018], [46.4736024, 30.7512324], [46.4735996, 30.7512743], [46.4735243, 30.7512638], [46.4735131, 30.7514327], [46.4735863, 30.751443], [46.4735808, 30.7515255], [46.4734457, 30.7515066], [46.4733642, 30.7514952], [46.4733836, 30.7512018]]], "df_ids": [135595]}