{"polygon": [[[46.4805699, 30.7260508], [46.480518, 30.7259646], [46.480317, 30.7256134], [46.4804244, 30.7254839], [46.4806759, 30.7259211], [46.4805699, 30.7260508]]], "df_ids": [64096]}