{"polygon": [[[46.4714542, 30.7108508], [46.4713705, 30.7108713], [46.4713287, 30.7108816], [46.4713137, 30.7107532], [46.4712636, 30.7107655], [46.4712394, 30.7105569], [46.4713304, 30.7105345], [46.4713162, 30.7104129], [46.4712705, 30.7104242], [46.4712612, 30.7103444], [46.4712213, 30.7103541], [46.4712083, 30.7102416], [46.4712726, 30.7102258], [46.4712859, 30.7103399], [46.4713172, 30.7103322], [46.4713273, 30.7104182], [46.4713702, 30.7104076], [46.4713895, 30.7105732], [46.4713403, 30.7105853], [46.4713491, 30.7106602], [46.4714298, 30.7106404], [46.4714542, 30.7108508]]], "df_ids": [74857]}