{"polygon": [[[46.4805236, 30.7231668], [46.4803897, 30.7232599], [46.4803059, 30.7231277], [46.4803896, 30.7230846], [46.4804569, 30.7230499], [46.4805236, 30.7231668]]], "df_ids": [153306]}