{"polygon": [[[46.4790805, 30.7111754], [46.4791889, 30.7111749], [46.4791924, 30.7110311], [46.4790802, 30.711034], [46.4790805, 30.7111754]]], "df_ids": [29051]}