{"polygon": [[[46.4778084, 30.7261603], [46.4780355, 30.7265572], [46.4780671, 30.7266125], [46.4782099, 30.7264402], [46.4781792, 30.7263866], [46.4781678, 30.7263614], [46.4780698, 30.7264788], [46.4779294, 30.7262334], [46.477959, 30.7261976], [46.4779837, 30.7261679], [46.4780253, 30.726115], [46.4779437, 30.7259762], [46.4778744, 30.7260704], [46.4778084, 30.7261603]]], "df_ids": [7544]}