{"polygon": [[[46.4699793, 30.7085988], [46.4698432, 30.7085973], [46.4698424, 30.7087461], [46.4699785, 30.7087476], [46.4699793, 30.7085988]]], "df_ids": [76341]}