{"polygon": [[[46.4712757, 30.7364856], [46.4712572, 30.7367448], [46.4706138, 30.7366482], [46.4706442, 30.7362218], [46.4707615, 30.7362394], [46.4707496, 30.7364066], [46.4711425, 30.7364656], [46.4712757, 30.7364856]]], "df_ids": [63152]}