{"polygon": [[[46.4772163, 30.7480155], [46.4770192, 30.7479994], [46.4769897, 30.7485695], [46.4769694, 30.7488039], [46.4770063, 30.748814], [46.4770169, 30.7488169], [46.477024, 30.7487559], [46.4770885, 30.7487663], [46.4770804, 30.7488351], [46.4770956, 30.7488378], [46.4771475, 30.7488468], [46.4771646, 30.7485375], [46.4770921, 30.7485219], [46.477088, 30.7485537], [46.4770938, 30.7485804], [46.4770298, 30.7485726], [46.4770607, 30.7485238], [46.4770688, 30.7483354], [46.4770419, 30.7482801], [46.4771987, 30.7483], [46.4772163, 30.7480155]]], "df_ids": [6228]}