{"polygon": [[[46.495178, 30.7205833], [46.495534, 30.7212689], [46.4956341, 30.7211592], [46.495556, 30.7210089], [46.4955004, 30.7209018], [46.4952781, 30.7204737], [46.495178, 30.7205833]]], "df_ids": [30817]}