{"polygon": [[[46.4696801, 30.7419068], [46.4696378, 30.7418994], [46.4696279, 30.7420192], [46.4696522, 30.7420235], [46.4696448, 30.7421129], [46.4696314, 30.7421106], [46.469622, 30.7422251], [46.4696547, 30.7422308], [46.4696451, 30.7423531], [46.4694607, 30.742321], [46.4694829, 30.7420527], [46.4695051, 30.7417841], [46.4695165, 30.741786], [46.4696218, 30.7418034], [46.4696637, 30.7418103], [46.4696873, 30.7418142], [46.4696801, 30.7419068]]], "df_ids": [30802]}