{"polygon": [[[46.4768134, 30.7363164], [46.4765871, 30.736285], [46.4765799, 30.7363951], [46.476656, 30.7364057], [46.4766483, 30.7365228], [46.4766424, 30.736613], [46.4765711, 30.7366032], [46.476564, 30.7367105], [46.4767855, 30.7367412], [46.4767987, 30.7365409], [46.4768022, 30.7364868], [46.4768134, 30.7363164]]], "df_ids": [33265]}