{"polygon": [[[46.4700723, 30.7217623], [46.4701351, 30.7218635], [46.470229, 30.7217405], [46.4701661, 30.721638], [46.4700723, 30.7217623]]], "df_ids": [32169]}