{"polygon": [[[46.4818531, 30.7226665], [46.4818385, 30.7226791], [46.4817392, 30.7227652], [46.4818705, 30.7230061], [46.4819822, 30.7229178], [46.4820568, 30.7230494], [46.4819734, 30.7231534], [46.4818736, 30.7232779], [46.48173, 30.7230274], [46.4816423, 30.7228771], [46.4815539, 30.7227202], [46.4817803, 30.7225533], [46.481794, 30.7225432], [46.4818531, 30.7226665]]], "df_ids": [1163]}