{"polygon": [[[46.4809744, 30.7250553], [46.4812276, 30.7254681], [46.4815176, 30.7250929], [46.4814161, 30.7249274], [46.4813292, 30.7250449], [46.4812386, 30.7251569], [46.481087, 30.7249097], [46.4809744, 30.7250553]]], "df_ids": [29084]}