{"polygon": [[[46.4772641, 30.7154701], [46.4772669, 30.7156841], [46.4772673, 30.7157129], [46.4773482, 30.7157107], [46.4773451, 30.7154679], [46.4772641, 30.7154701]]], "df_ids": [126943]}