{"polygon": [[[46.4822669, 30.7134077], [46.4822899, 30.7139405], [46.4824512, 30.7139257], [46.4824282, 30.7133929], [46.4822669, 30.7134077]]], "df_ids": [76488]}