{"polygon": [[[46.4794939, 30.7474026], [46.4794777, 30.7474006], [46.4794794, 30.7473712], [46.47937, 30.7473579], [46.4793693, 30.7473699], [46.479365, 30.7474438], [46.4794134, 30.7474497], [46.4794906, 30.7474591], [46.4797263, 30.7474877], [46.4797317, 30.7473951], [46.4797088, 30.7473923], [46.4797075, 30.7474138], [46.4796544, 30.7474073], [46.4796623, 30.7472691], [46.4796818, 30.7472714], [46.4796852, 30.7472117], [46.479689, 30.7471462], [46.4796686, 30.7471437], [46.4796782, 30.7469774], [46.4797328, 30.746984], [46.479732, 30.7469972], [46.4797543, 30.7469999], [46.47976, 30.7469002], [46.4796495, 30.7468868], [46.4795241, 30.7468715], [46.479519, 30.746959], [46.4795423, 30.7469618], [46.4795292, 30.74719], [46.4795168, 30.7474054], [46.4794939, 30.7474026]]], "df_ids": [154340]}