{"polygon": [[[46.471913, 30.7284352], [46.4717697, 30.7284079], [46.4717673, 30.7284338], [46.4717606, 30.7285057], [46.4716886, 30.728601], [46.4718017, 30.7287721], [46.4718984, 30.7286299], [46.4719063, 30.7286145], [46.4719078, 30.7285972], [46.4719121, 30.7284622], [46.471913, 30.7284352]]], "df_ids": [5693]}