{"polygon": [[[46.4697394, 30.7209571], [46.4696642, 30.7210484], [46.4696952, 30.7211016], [46.4696249, 30.7211933], [46.4696816, 30.721284], [46.4697186, 30.7212351], [46.4697507, 30.7211942], [46.4698231, 30.7211019], [46.4697394, 30.7209571]]], "df_ids": [181183]}