{"polygon": [[[46.4847952, 30.7249385], [46.4848003, 30.724932], [46.4848907, 30.7248159], [46.4848049, 30.724675], [46.4847804, 30.7246348], [46.484726, 30.7247047], [46.4846928, 30.7247474], [46.4846849, 30.7247574], [46.4846979, 30.7247787], [46.4847952, 30.7249385]]], "df_ids": [194179]}