{"polygon": [[[46.4772785, 30.7241244], [46.4773449, 30.7242399], [46.4775203, 30.7245321], [46.4775512, 30.7245985], [46.4774984, 30.7246624], [46.4772921, 30.7243037], [46.4772791, 30.7243194], [46.4772128, 30.7242041], [46.4772785, 30.7241244]]], "df_ids": [193176]}