{"polygon": [[[46.4688796, 30.7513683], [46.4689827, 30.7513844], [46.4691174, 30.7514054], [46.4692666, 30.7514287], [46.4692723, 30.7513521], [46.4690332, 30.7513148], [46.4690415, 30.751203], [46.469136, 30.7512177], [46.4691426, 30.7511289], [46.4690428, 30.7511139], [46.469017, 30.75111], [46.4689004, 30.7510924], [46.4688796, 30.7513683]]], "df_ids": [5689]}