{"polygon": [[[46.4727849, 30.7394669], [46.4729647, 30.7395013], [46.4729522, 30.7396836], [46.4729353, 30.7396769], [46.4729301, 30.7397174], [46.4729177, 30.7397482], [46.4728994, 30.739764], [46.472898, 30.7398398], [46.4728445, 30.73983], [46.4728195, 30.7398662], [46.472809, 30.7398813], [46.4728041, 30.7399099], [46.4728049, 30.7399313], [46.472755, 30.7399241], [46.4727564, 30.7399033], [46.4727849, 30.7394669]]], "df_ids": [32707]}