{"polygon": [[[46.482367, 30.7444048], [46.4824949, 30.7444244], [46.4825134, 30.7444272], [46.482517, 30.7443775], [46.4825293, 30.7443794], [46.4825351, 30.7442997], [46.4824758, 30.7442907], [46.4824767, 30.744278], [46.4824774, 30.7442686], [46.4826417, 30.7442938], [46.4826458, 30.7442363], [46.4826498, 30.7441812], [46.4826526, 30.7441429], [46.4823875, 30.7441023], [46.4823764, 30.7442657], [46.482367, 30.7444048]]], "df_ids": [2538]}