{"polygon": [[[46.4769984, 30.7297525], [46.4771245, 30.7295991], [46.4774379, 30.7302306], [46.4774784, 30.7303122], [46.477415, 30.7303785], [46.4771444, 30.7298334], [46.4770861, 30.7298773], [46.4769984, 30.7297525]]], "df_ids": [1166, 29095]}