{"polygon": [[[46.4868368, 30.7300573], [46.4868261, 30.7300383], [46.4866773, 30.7297748], [46.4865773, 30.7299031], [46.4867241, 30.7301636], [46.4867352, 30.7301834], [46.4868368, 30.7300573]]], "df_ids": [27946]}