{"polygon": [[[46.4867485, 30.7280323], [46.4866374, 30.7282422], [46.486558, 30.7283923], [46.486544, 30.7284172], [46.4866626, 30.7286116], [46.4866769, 30.7285829], [46.4867407, 30.7284614], [46.4867903, 30.7285583], [46.4867517, 30.7286175], [46.486911, 30.7288686], [46.4869522, 30.7288135], [46.4870305, 30.728937], [46.4869463, 30.7290496], [46.4869792, 30.7291014], [46.4870614, 30.7292311], [46.4873209, 30.7288839], [46.4872165, 30.7287193], [46.4871474, 30.7288118], [46.4870726, 30.7286939], [46.4871247, 30.7286242], [46.4870564, 30.7285166], [46.4869825, 30.7286155], [46.4869206, 30.7285178], [46.4869975, 30.7284149], [46.4869341, 30.728315], [46.4868676, 30.728404], [46.4867866, 30.7282763], [46.4868456, 30.7281973], [46.4867722, 30.7280725], [46.4867485, 30.7280323]]], "df_ids": [1698]}