{"polygon": [[[46.4910311, 30.7190189], [46.4908463, 30.7189698], [46.4908371, 30.7191567], [46.4908349, 30.7191816], [46.4908681, 30.7191858], [46.4908692, 30.7191492], [46.4909441, 30.7191606], [46.4909431, 30.7191888], [46.4909632, 30.7191913], [46.4910191, 30.7191991], [46.4910311, 30.7190189]]], "df_ids": [33022]}