{"polygon": [[[46.4928165, 30.7278645], [46.4927614, 30.7279314], [46.492836, 30.7280609], [46.4928514, 30.7280878], [46.4929141, 30.7280117], [46.4930013, 30.7279057], [46.4930107, 30.7278942], [46.4929207, 30.7277379], [46.4929114, 30.7277491], [46.4928165, 30.7278645]]], "df_ids": [1773]}