{"polygon": [[[46.4893241, 30.7148623], [46.4889547, 30.7144666], [46.489023, 30.714332], [46.4893924, 30.7147278], [46.4893241, 30.7148623]]], "df_ids": [169431]}