{"polygon": [[[46.4750013, 30.7448441], [46.4748166, 30.7448199], [46.4748046, 30.7450608], [46.4748638, 30.7450669], [46.4748261, 30.7455366], [46.4749678, 30.7455553], [46.4750178, 30.7448951], [46.4750131, 30.7448621], [46.4750013, 30.7448441]]], "df_ids": [33326]}