{"polygon": [[[46.4733279, 30.7397279], [46.473326, 30.7397567], [46.4733399, 30.7397586], [46.473384, 30.7397647], [46.4733695, 30.739985], [46.4734998, 30.7400031], [46.4735144, 30.7397821], [46.4735538, 30.7397876], [46.4735552, 30.7397668], [46.4735667, 30.7395922], [46.4733527, 30.7395624], [46.4733389, 30.7395605], [46.4733279, 30.7397279]]], "df_ids": [32697]}