{"polygon": [[[46.4719283, 30.7528601], [46.472236, 30.7529239], [46.4722547, 30.7527333], [46.471947, 30.7526695], [46.4719283, 30.7528601]]], "df_ids": [53354]}