{"polygon": [[[46.4803675, 30.7452183], [46.4803735, 30.7450653], [46.4798227, 30.744965], [46.4798453, 30.744732], [46.4802282, 30.7448147], [46.4805224, 30.7448692], [46.4805488, 30.7449188], [46.4805276, 30.745237], [46.4803675, 30.7452183]]], "df_ids": [30993]}