{"polygon": [[[46.4917033, 30.7177968], [46.4916341, 30.7177668], [46.4916256, 30.7178079], [46.4915826, 30.7177893], [46.4915874, 30.717766], [46.4915913, 30.7177473], [46.4915131, 30.7177134], [46.4915093, 30.7177317], [46.4915057, 30.7177496], [46.4914657, 30.7177322], [46.4914737, 30.7176937], [46.4914312, 30.7176752], [46.4914599, 30.7175357], [46.4917324, 30.7176508], [46.4917095, 30.7177713], [46.4917033, 30.7177968]]], "df_ids": [123936]}