{"polygon": [[[46.4804244, 30.7260776], [46.48031, 30.7258777], [46.4802553, 30.7259437], [46.4804225, 30.7262312], [46.4805699, 30.7260508], [46.480518, 30.7259646], [46.4804244, 30.7260776]]], "df_ids": [1164]}