{"polygon": [[[46.4704379, 30.7235281], [46.4702257, 30.723768], [46.4701593, 30.723644], [46.4701732, 30.7236283], [46.4703606, 30.7234165], [46.4703714, 30.7234042], [46.4704379, 30.7235281]]], "df_ids": [1291]}