{"polygon": [[[46.4850422, 30.7407568], [46.4850693, 30.7407598], [46.4850681, 30.7407825], [46.4850841, 30.7407843], [46.4850977, 30.7407858], [46.485099, 30.7407621], [46.4851333, 30.740766], [46.4851569, 30.7403212], [46.4850659, 30.740311], [46.4850558, 30.740501], [46.4850539, 30.740536], [46.4850527, 30.7405597], [46.4850422, 30.7407568]]], "df_ids": [16822]}