{"polygon": [[[46.4921698, 30.7167324], [46.4922667, 30.7167626], [46.492288, 30.7166453], [46.492252, 30.7166315], [46.4922607, 30.7165459], [46.4922054, 30.7165216], [46.4921698, 30.7167324]]], "df_ids": [142919]}