{"polygon": [[[46.4755026, 30.7291885], [46.4755114, 30.7290188], [46.4755398, 30.7290219], [46.4756061, 30.7290291], [46.4756001, 30.7291991], [46.4755026, 30.7291885]]], "df_ids": [46211]}