{"polygon": [[[46.4882556, 30.7149535], [46.4883925, 30.7149024], [46.4884045, 30.7149706], [46.4883651, 30.7149853], [46.4883791, 30.7150642], [46.4882816, 30.7151006], [46.4882556, 30.7149535]]], "df_ids": [190507]}