{"polygon": [[[46.47304, 30.7521367], [46.472695, 30.7520609], [46.4727165, 30.7518548], [46.4730615, 30.7519307], [46.47304, 30.7521367]]], "df_ids": [136278]}