{"polygon": [[[46.4866326, 30.7276509], [46.4867299, 30.7274692], [46.4866359, 30.7273631], [46.4865418, 30.7272567], [46.4864445, 30.7274384], [46.4866326, 30.7276509]]], "df_ids": [7528]}