{"polygon": [[[46.472963, 30.7331516], [46.4728435, 30.7331389], [46.4728442, 30.7331258], [46.4728477, 30.7330555], [46.4727046, 30.7330404], [46.4727104, 30.7329262], [46.4728285, 30.732943], [46.4728464, 30.7329454], [46.4729727, 30.7329587], [46.4729637, 30.7331373], [46.472963, 30.7331516]]], "df_ids": [44755]}