{"polygon": [[[46.4723015, 30.7327206], [46.4723208, 30.7327232], [46.4723214, 30.732714], [46.4723223, 30.732699], [46.472305, 30.7326968], [46.4723085, 30.732641], [46.4723237, 30.7326429], [46.4723254, 30.7326147], [46.4723041, 30.7326119], [46.4723096, 30.732523], [46.4724084, 30.7325359], [46.4723919, 30.7328024], [46.4722972, 30.73279], [46.4723015, 30.7327206]]], "df_ids": [29580]}