{"polygon": [[[46.4755214, 30.7270404], [46.4755333, 30.7268513], [46.4755518, 30.7265578], [46.4757868, 30.7265891], [46.4757762, 30.7267581], [46.4756129, 30.7267364], [46.4756044, 30.7268715], [46.4757865, 30.7268961], [46.475795, 30.7268995], [46.4757834, 30.7270754], [46.4757757, 30.7270731], [46.4755214, 30.7270404]]], "df_ids": [33613]}