{"polygon": [[[46.4734175, 30.741682], [46.4734043, 30.7418614], [46.4733769, 30.7422289], [46.4732884, 30.7422146], [46.4733141, 30.7418795], [46.4732715, 30.7418726], [46.4732648, 30.7418715], [46.4732392, 30.7422066], [46.4731679, 30.7421951], [46.4731712, 30.7421499], [46.4731765, 30.7420789], [46.4731878, 30.7419265], [46.4731904, 30.7418902], [46.4731989, 30.7417786], [46.4732007, 30.7417543], [46.4732088, 30.7416476], [46.473286, 30.7416602], [46.4734175, 30.741682]]], "df_ids": [162671]}