{"polygon": [[[46.4821763, 30.7228867], [46.4820657, 30.7230373], [46.4820568, 30.7230494], [46.4819822, 30.7229178], [46.4819566, 30.7228698], [46.4819968, 30.7228106], [46.4820495, 30.7229327], [46.482091, 30.722879], [46.4819968, 30.7227127], [46.4820445, 30.7226634], [46.4821135, 30.7227683], [46.4821763, 30.7228867]]], "df_ids": [3201]}