{"polygon": [[[46.4756251, 30.7188029], [46.4756977, 30.7188067], [46.4757365, 30.7188087], [46.4757398, 30.7186826], [46.4756643, 30.7186813], [46.4756281, 30.7186781], [46.4756251, 30.7188029]]], "df_ids": [29027]}