{"polygon": [[[46.4821242, 30.7303813], [46.4820339, 30.7302122], [46.4819408, 30.7302786], [46.4819778, 30.7304421], [46.4821242, 30.7303813]]], "df_ids": [6910]}