{"polygon": [[[46.485954, 30.7412926], [46.4861088, 30.7413176], [46.4861323, 30.7410376], [46.4861475, 30.740764], [46.486175, 30.740768], [46.4861819, 30.7406682], [46.4861627, 30.7406654], [46.4861482, 30.7406633], [46.4860028, 30.7406424], [46.4859871, 30.7408521], [46.4859813, 30.7409298], [46.4859754, 30.7410093], [46.4859723, 30.7410507], [46.485954, 30.7412926]]], "df_ids": [34330]}