{"polygon": [[[46.4820557, 30.7387634], [46.4818823, 30.7387363], [46.4817025, 30.7387083], [46.4816906, 30.7389065], [46.4816656, 30.7393219], [46.4816524, 30.7395415], [46.4816888, 30.7395461], [46.4818359, 30.7395648], [46.4820062, 30.7395863], [46.4820557, 30.7387634]]], "df_ids": [169620]}