{"polygon": [[[46.4764411, 30.7387505], [46.4764862, 30.7381682], [46.4765344, 30.7381761], [46.4766745, 30.738199], [46.4766513, 30.7384988], [46.4766294, 30.7387812], [46.4764411, 30.7387505]]], "df_ids": [33262]}