{"polygon": [[[46.4909956, 30.7195452], [46.4909937, 30.7195729], [46.4909805, 30.7197455], [46.4908056, 30.7197149], [46.4908165, 30.719516], [46.490817, 30.7195061], [46.4908868, 30.7195178], [46.4908824, 30.7195842], [46.4909204, 30.7195895], [46.4909243, 30.7195301], [46.4909956, 30.7195452]]], "df_ids": [1319]}