{"polygon": [[[46.4793032, 30.7309301], [46.4792942, 30.7309111], [46.4792409, 30.730816], [46.4791526, 30.7306541], [46.4791241, 30.7306019], [46.4792169, 30.7304863], [46.4793994, 30.7307874], [46.4794116, 30.7308077], [46.4793032, 30.7309301]]], "df_ids": [121259]}