{"polygon": [[[46.4791908, 30.7278681], [46.4792813, 30.7277443], [46.4792153, 30.7276326], [46.4790793, 30.7274215], [46.4789684, 30.7272343], [46.4788737, 30.7273619], [46.4789916, 30.7275504], [46.4790547, 30.7274673], [46.4792113, 30.7277179], [46.4791482, 30.727801], [46.4791908, 30.7278681]]], "df_ids": [41343]}