{"polygon": [[[46.4760727, 30.7123658], [46.4758847, 30.7123341], [46.4758842, 30.7124254], [46.4760683, 30.7124544], [46.4760727, 30.7123658]]], "df_ids": [160500]}