{"polygon": [[[46.4735913, 30.7300031], [46.4734708, 30.7299845], [46.4734632, 30.7299833], [46.4734431, 30.7302577], [46.4734413, 30.730282], [46.4735122, 30.7302929], [46.4735139, 30.7302697], [46.4735169, 30.730229], [46.473574, 30.7302378], [46.4735913, 30.7300031]]], "df_ids": [75760]}