{"polygon": [[[46.4819176, 30.7293767], [46.4820294, 30.7292305], [46.4821341, 30.7290989], [46.4820445, 30.7289485], [46.4819398, 30.72908], [46.481826, 30.7292243], [46.4819176, 30.7293767]]], "df_ids": [30441]}