{"polygon": [[[46.4717322, 30.7335602], [46.4719995, 30.7336025], [46.4720109, 30.7334509], [46.4718958, 30.7334327], [46.4719039, 30.7333245], [46.4719129, 30.7332054], [46.4721592, 30.7332444], [46.4721733, 30.7330561], [46.4717747, 30.7329936], [46.4717518, 30.7332989], [46.4717322, 30.7335602]]], "df_ids": [45202]}