{"polygon": [[[46.4897424, 30.7356865], [46.4895645, 30.7356852], [46.4895408, 30.7356849], [46.4895393, 30.7359406], [46.4895654, 30.7359409], [46.4896355, 30.7359409], [46.4896348, 30.7360701], [46.4896424, 30.7360702], [46.48974, 30.7360714], [46.4897424, 30.7356865]]], "df_ids": [5805]}