{"polygon": [[[46.4843728, 30.7436789], [46.4845538, 30.743695], [46.4845577, 30.7436079], [46.4845612, 30.7435287], [46.4844334, 30.7435095], [46.4844313, 30.7435512], [46.4843294, 30.7435419], [46.4843326, 30.7434948], [46.4842785, 30.7434877], [46.4842914, 30.7433303], [46.4843884, 30.7433448], [46.4846726, 30.7433872], [46.4846582, 30.7436179], [46.4846436, 30.7438525], [46.4845109, 30.7438385], [46.4843655, 30.7438184], [46.4843728, 30.7436789]]], "df_ids": [29118]}