{"polygon": [[[46.4783628, 30.7293231], [46.4782887, 30.7291861], [46.4782274, 30.7290689], [46.4783414, 30.7289537], [46.478534, 30.729307], [46.4784522, 30.7294042], [46.4784228, 30.729435], [46.4783628, 30.7293231]]], "df_ids": [153438]}