{"polygon": [[[46.4720769, 30.7425994], [46.4721781, 30.742614], [46.472186, 30.7425293], [46.4721864, 30.742522], [46.4722911, 30.7425372], [46.4722904, 30.7425448], [46.4722678, 30.7428216], [46.4722254, 30.7428682], [46.4720591, 30.7428436], [46.4720769, 30.7425994]]], "df_ids": [153273]}