{"polygon": [[[46.4755231, 30.7273193], [46.4754835, 30.7279129], [46.4753882, 30.7278996], [46.4753947, 30.7278012], [46.475428, 30.7278059], [46.4754488, 30.7274932], [46.4754089, 30.7274876], [46.4754215, 30.7273057], [46.4755231, 30.7273193]]], "df_ids": [33619]}