{"polygon": [[[46.4848238, 30.7461934], [46.4849435, 30.7462412], [46.4849634, 30.7462518], [46.4849313, 30.7463722], [46.484914, 30.7464374], [46.4847052, 30.7463327], [46.4846673, 30.7462482], [46.4846745, 30.7461399], [46.4848238, 30.7461934]]], "df_ids": [29115]}