{"polygon": [[[46.4754944, 30.7508375], [46.475875, 30.7508976], [46.4758909, 30.7506859], [46.4755103, 30.7506258], [46.4754944, 30.7508375]]], "df_ids": [33306]}