{"polygon": [[[46.4705938, 30.7160731], [46.4708086, 30.7163561], [46.4709189, 30.7161536], [46.4707157, 30.71588], [46.4705938, 30.7160731]]], "df_ids": [28858]}