{"polygon": [[[46.4908607, 30.7303892], [46.4906465, 30.7306496], [46.4906082, 30.7306405], [46.4902998, 30.7301121], [46.4902902, 30.7300915], [46.4903739, 30.7299838], [46.4903825, 30.7299979], [46.4906367, 30.7304134], [46.4907773, 30.7302428], [46.4908607, 30.7303892]]], "df_ids": [32933]}