{"polygon": [[[46.4766882, 30.7149626], [46.476747, 30.7149727], [46.4768022, 30.7149814], [46.4768077, 30.7148929], [46.47678, 30.7148956], [46.4767874, 30.7146595], [46.4768234, 30.7146635], [46.4768281, 30.7145943], [46.476679, 30.7145992], [46.4766663, 30.7149651], [46.4766882, 30.7149626]]], "df_ids": [112312]}