{"polygon": [[[46.4756443, 30.7403549], [46.4757533, 30.74037], [46.475727, 30.7407687], [46.475618, 30.7407536], [46.4756443, 30.7403549]]], "df_ids": [33378]}