{"polygon": [[[46.4812837, 30.7184851], [46.4813899, 30.7184588], [46.481376, 30.7181103], [46.481279, 30.7181169], [46.4812837, 30.7184851]]], "df_ids": [27841]}