{"polygon": [[[46.4924179, 30.7217512], [46.492308, 30.7218887], [46.4925115, 30.7222318], [46.4925558, 30.7221763], [46.4924531, 30.722003], [46.4924174, 30.7220477], [46.4924038, 30.7220249], [46.4925038, 30.7218999], [46.4925669, 30.7220063], [46.4926807, 30.7218639], [46.4925413, 30.7216378], [46.4925083, 30.7216399], [46.4924179, 30.7217512]]], "df_ids": [4571, 201787]}