{"polygon": [[[46.4683659, 30.7134341], [46.468488, 30.7134295], [46.4684995, 30.7139743], [46.4685433, 30.7140561], [46.4684607, 30.7142011], [46.4683844, 30.7140829], [46.4683807, 30.7139649], [46.4683659, 30.7134341]]], "df_ids": [43837]}