{"polygon": [[[46.4783956, 30.7464383], [46.4780799, 30.746365], [46.4780919, 30.7462008], [46.4780881, 30.7461747], [46.4784171, 30.7462319], [46.4783956, 30.7464383]]], "df_ids": [46177]}