{"polygon": [[[46.4709384, 30.7237382], [46.4709635, 30.7237066], [46.4708202, 30.723467], [46.4708682, 30.7234064], [46.4709081, 30.7234731], [46.471022, 30.7236634], [46.4710759, 30.7237535], [46.470958, 30.7238988], [46.4708971, 30.7237903], [46.4709384, 30.7237382]]], "df_ids": [5681, 5682]}