{"polygon": [[[46.4708192, 30.7104566], [46.4709522, 30.7104727], [46.4709633, 30.7102795], [46.4710229, 30.7102943], [46.4710408, 30.7101293], [46.4709971, 30.7101226], [46.4710002, 30.7100596], [46.4708788, 30.7100636], [46.4708746, 30.7101508], [46.4708419, 30.7101709], [46.4708192, 30.7104566]]], "df_ids": [75155]}