{"polygon": [[[46.4929468, 30.7267425], [46.4931244, 30.7270509], [46.4930191, 30.7271789], [46.4929101, 30.7273112], [46.4928523, 30.7273815], [46.4927655, 30.7272307], [46.4927433, 30.7271921], [46.492833, 30.7270831], [46.4928799, 30.7271645], [46.4929702, 30.7270548], [46.4929205, 30.7269686], [46.4928798, 30.7270181], [46.492814, 30.7269038], [46.4928392, 30.7268732], [46.4929468, 30.7267425]]], "df_ids": [1516, 176545]}