{"polygon": [[[46.4876448, 30.7356967], [46.4877636, 30.7356971], [46.4877836, 30.7356972], [46.4879185, 30.7356976], [46.487878, 30.7361066], [46.4878745, 30.7361604], [46.4877528, 30.7361378], [46.4877536, 30.7360829], [46.4877544, 30.7359612], [46.4877411, 30.735924], [46.4877053, 30.7359229], [46.4876895, 30.7361261], [46.4876035, 30.7361101], [46.4876448, 30.7356967]]], "df_ids": [12462]}