{"polygon": [[[46.4897574, 30.7352251], [46.4897641, 30.7350954], [46.4896489, 30.7350852], [46.4896463, 30.7351922], [46.4895625, 30.7351879], [46.4894733, 30.7351834], [46.4894745, 30.735127], [46.4894102, 30.7351168], [46.4894068, 30.7352391], [46.489402, 30.7354361], [46.489558, 30.7354441], [46.4897494, 30.7354316], [46.4897574, 30.7352251]]], "df_ids": [6017]}