{"polygon": [[[46.4867435, 30.721211], [46.4868612, 30.7214182], [46.4867614, 30.7215445], [46.4867266, 30.721591], [46.4866859, 30.7215164], [46.486759, 30.7214296], [46.4867386, 30.7213953], [46.4867072, 30.7214245], [46.4866656, 30.7212544], [46.4867435, 30.721211]]], "df_ids": [205353]}