{"polygon": [[[46.4750687, 30.7279666], [46.4750651, 30.728014], [46.4750159, 30.7287512], [46.4751649, 30.7287722], [46.4751812, 30.7285272], [46.4752197, 30.7285327], [46.4752395, 30.7282369], [46.4752057, 30.7282322], [46.4752191, 30.7280309], [46.4752228, 30.7279875], [46.4752055, 30.727985], [46.4750687, 30.7279666]]], "df_ids": [27191]}