{"polygon": [[[46.4722334, 30.7430846], [46.4720697, 30.7430515], [46.4720513, 30.7430478], [46.47204, 30.7432048], [46.4720578, 30.7432075], [46.4721141, 30.7432169], [46.4721065, 30.7433009], [46.4722377, 30.7433249], [46.4722499, 30.7431196], [46.4722334, 30.7430846]]], "df_ids": [45096]}