{"polygon": [[[46.4814887, 30.714221], [46.4814961, 30.7147575], [46.4818581, 30.7146502], [46.4818396, 30.7144785], [46.4816032, 30.7145536], [46.4815921, 30.714221], [46.4814887, 30.714221]]], "df_ids": [43292]}