{"polygon": [[[46.4795093, 30.7431342], [46.4796559, 30.7431553], [46.4796711, 30.7429609], [46.4796799, 30.7428476], [46.4799694, 30.7428884], [46.4799874, 30.7426819], [46.4796072, 30.7426283], [46.4795397, 30.7427001], [46.4795256, 30.7429359], [46.4795093, 30.7431342]]], "df_ids": [2285]}