{"polygon": [[[46.4889129, 30.7166176], [46.4890016, 30.7171605], [46.4892099, 30.7170887], [46.4891835, 30.7169273], [46.4891175, 30.7165239], [46.4890506, 30.716547], [46.4891167, 30.7169515], [46.4890422, 30.7169772], [46.4889796, 30.7165946], [46.4889129, 30.7166176]]], "df_ids": [2620, 179545, 181422]}