{"polygon": [[[46.472344, 30.7098761], [46.4724636, 30.7098582], [46.472473, 30.70999], [46.4724865, 30.7101809], [46.4723669, 30.7101987], [46.472344, 30.7098761]]], "df_ids": [181096]}