{"polygon": [[[46.4827463, 30.7199132], [46.4828773, 30.7198871], [46.482894, 30.7198838], [46.4829169, 30.7200577], [46.4828967, 30.7200645], [46.4827687, 30.7201078], [46.4827463, 30.7199132]]], "df_ids": [1217]}