{"polygon": [[[46.3907625, 30.7217135], [46.3906364, 30.7217559], [46.3903052, 30.7196829], [46.3904312, 30.7196406], [46.3904468, 30.7197378], [46.3907625, 30.7217135]]], "df_ids": [15743]}