{"polygon": [[[46.4860232, 30.7269783], [46.4859793, 30.7270403], [46.4859707, 30.7270254], [46.4858598, 30.7271619], [46.4858687, 30.7271772], [46.4858286, 30.7272266], [46.4857975, 30.7272648], [46.4857918, 30.7272551], [46.4856606, 30.7274165], [46.4856672, 30.7274278], [46.4856348, 30.7274678], [46.4855975, 30.7274038], [46.4855348, 30.7272964], [46.4856321, 30.7271767], [46.4857285, 30.727058], [46.4857385, 30.7270457], [46.4857493, 30.7270324], [46.4859248, 30.7268176], [46.4860232, 30.7269783]]], "df_ids": [4875]}