{"polygon": [[[46.4116221, 30.7222103], [46.4116465, 30.7224575], [46.4112572, 30.7225383], [46.4112328, 30.7222911], [46.4116221, 30.7222103]]], "df_ids": [75025]}