{"polygon": [[[46.4807337, 30.7234909], [46.4808365, 30.7233492], [46.4807758, 30.7232281], [46.4806735, 30.7233787], [46.4807337, 30.7234909]]], "df_ids": [227119]}