{"polygon": [[[46.4744488, 30.7323554], [46.4740767, 30.7322907], [46.474095, 30.7320693], [46.4744671, 30.732134], [46.4744488, 30.7323554]]], "df_ids": [33608]}