{"polygon": [[[46.4930198, 30.7262504], [46.4930947, 30.7263597], [46.4933508, 30.7260122], [46.493277, 30.7258995], [46.4931963, 30.7260077], [46.493089, 30.7258314], [46.4931607, 30.725743], [46.4931808, 30.7257192], [46.4931974, 30.7256902], [46.4932111, 30.7256528], [46.493219, 30.7256121], [46.4932208, 30.7255771], [46.4932183, 30.7255423], [46.4932112, 30.7255073], [46.4931997, 30.7254748], [46.4931797, 30.7254392], [46.4931545, 30.7254114], [46.4931147, 30.7253888], [46.493091, 30.7253845], [46.4930671, 30.7253863], [46.4930247, 30.7254059], [46.4930015, 30.7254278], [46.4929818, 30.7254562], [46.4929175, 30.7255541], [46.492812, 30.7253856], [46.4928844, 30.7252921], [46.4928067, 30.7251766], [46.4925535, 30.7255013], [46.4926327, 30.72562], [46.492705, 30.7255229], [46.4928301, 30.7257225], [46.4927823, 30.7257891], [46.4928413, 30.7258926], [46.4929003, 30.7259961], [46.4929559, 30.7259232], [46.4930901, 30.7261426], [46.4930198, 30.7262504]]], "df_ids": [8847]}