{"polygon": [[[46.3890589, 30.7283581], [46.3886814, 30.7282347], [46.3886531, 30.728427], [46.3890293, 30.7285727], [46.3890589, 30.7283581]]], "df_ids": [90774]}