{"polygon": [[[46.4768449, 30.7155021], [46.4767074, 30.7155393], [46.4766836, 30.7154311], [46.4767326, 30.7154251], [46.4767741, 30.71542], [46.4768404, 30.7154027], [46.4768449, 30.7155021]]], "df_ids": [187695]}