{"polygon": [[[46.4783301, 30.7176091], [46.4784559, 30.7175894], [46.4784389, 30.7173821], [46.4783427, 30.7173976], [46.47832, 30.7174273], [46.4783301, 30.7176091]]], "df_ids": [136372]}