{"polygon": [[[46.4920581, 30.7167206], [46.4919601, 30.7166785], [46.4919954, 30.7165339], [46.4920844, 30.7165759], [46.4920581, 30.7167206]]], "df_ids": [137385]}