{"polygon": [[[46.4705005, 30.7412463], [46.4704686, 30.7416534], [46.4705289, 30.7416634], [46.4705609, 30.7412563], [46.4705005, 30.7412463]]], "df_ids": [3522]}