{"polygon": [[[46.4734792, 30.7535532], [46.4736131, 30.7535776], [46.4735958, 30.7538203], [46.4734664, 30.7537963], [46.4734613, 30.7538787], [46.4732969, 30.7538389], [46.4733187, 30.7535746], [46.4733506, 30.7535806], [46.4733527, 30.7535563], [46.4734778, 30.7535762], [46.4734792, 30.7535532]]], "df_ids": [9346]}