{"polygon": [[[46.4906435, 30.7285792], [46.4907166, 30.7287068], [46.4907736, 30.7287962], [46.4907319, 30.7288498], [46.4906915, 30.7287836], [46.4906036, 30.7288966], [46.4905121, 30.7290143], [46.4905333, 30.729049], [46.4905856, 30.7289817], [46.4906991, 30.7291679], [46.4906222, 30.7292667], [46.4903921, 30.7288892], [46.4905109, 30.7287365], [46.4906435, 30.7285792]]], "df_ids": [34512]}