{"polygon": [[[46.4711769, 30.7525026], [46.4711868, 30.7523717], [46.471379, 30.7524011], [46.4713948, 30.7524166], [46.4713923, 30.7524654], [46.4714023, 30.7524669], [46.4714077, 30.7523784], [46.4714098, 30.7523427], [46.471331, 30.7523316], [46.4713373, 30.752243], [46.4715629, 30.7522772], [46.4715524, 30.7523992], [46.47154, 30.7525569], [46.471435, 30.752541], [46.4713451, 30.7525267], [46.4711769, 30.7525026]]], "df_ids": [7902, 7903]}