{"polygon": [[[46.4756677, 30.7366187], [46.4755556, 30.7366029], [46.4755258, 30.7370482], [46.4756379, 30.737064], [46.4756677, 30.7366187]]], "df_ids": [75054]}