{"polygon": [[[46.4816536, 30.7211628], [46.4816196, 30.7209474], [46.4816642, 30.7209326], [46.481668, 30.7209566], [46.4820036, 30.7208447], [46.4819998, 30.7208203], [46.4820638, 30.7207989], [46.48207, 30.7208382], [46.4820888, 30.7209566], [46.4820993, 30.7210236], [46.4820341, 30.7210454], [46.48203, 30.7210194], [46.4818944, 30.7210646], [46.4818978, 30.7210863], [46.4818566, 30.7211001], [46.4818202, 30.7211122], [46.4818164, 30.7210876], [46.4816918, 30.7211291], [46.4816949, 30.7211491], [46.4816536, 30.7211628]]], "df_ids": [1836]}