{"polygon": [[[46.4804072, 30.724277], [46.4804242, 30.7242552], [46.4805087, 30.7243977], [46.4804621, 30.7244517], [46.480536, 30.7245863], [46.4804822, 30.7246486], [46.4804244, 30.7245434], [46.4803293, 30.7243701], [46.4804072, 30.724277]]], "df_ids": [34695, 173668]}