{"polygon": [[[46.483743, 30.7506986], [46.4837521, 30.7505882], [46.4836658, 30.7505732], [46.4836846, 30.7503454], [46.48359, 30.750329], [46.4835621, 30.7506671], [46.483743, 30.7506986]]], "df_ids": [153394]}