{"polygon": [[[46.4719462, 30.7434139], [46.4720241, 30.7434257], [46.47204, 30.7432048], [46.4720513, 30.7430478], [46.4719536, 30.743033], [46.4718694, 30.7430202], [46.4718563, 30.743202], [46.4719388, 30.7432145], [46.4719603, 30.7432178], [46.4719462, 30.7434139]]], "df_ids": [42395]}