{"polygon": [[[46.4937316, 30.7158123], [46.4930597, 30.7151047], [46.4931763, 30.714871], [46.4938482, 30.7155787], [46.4937316, 30.7158123]]], "df_ids": [53215]}