{"polygon": [[[46.4790347, 30.7135737], [46.4791209, 30.7135704], [46.479119, 30.7134651], [46.4790785, 30.7134666], [46.4790328, 30.7134684], [46.4790347, 30.7135737]]], "df_ids": [229109]}