{"polygon": [[[46.488174, 30.7137151], [46.4880672, 30.7137488], [46.4880912, 30.7139095], [46.4881981, 30.7138757], [46.488174, 30.7137151]]], "df_ids": [180640]}