{"polygon": [[[46.4758578, 30.7233847], [46.4759021, 30.723562], [46.4758644, 30.7236018], [46.4759014, 30.7236769], [46.4758756, 30.7237132], [46.4759204, 30.7238216], [46.4759325, 30.7238508], [46.4759919, 30.723807], [46.4760183, 30.723875], [46.4759705, 30.7239101], [46.4758867, 30.7239714], [46.4758593, 30.7239915], [46.4758209, 30.7239275], [46.4756517, 30.723643], [46.4758578, 30.7233847]]], "df_ids": [6950]}