{"polygon": [[[46.4679131, 30.7196119], [46.467827, 30.7194732], [46.4679742, 30.7192843], [46.4680545, 30.7194098], [46.4679131, 30.7196119]]], "df_ids": [26124]}