{"polygon": [[[46.4779218, 30.7252285], [46.4780168, 30.7253777], [46.4778808, 30.7255501], [46.4777547, 30.7257101], [46.4776409, 30.7255227], [46.4777684, 30.7253552], [46.4778944, 30.7251894], [46.4779218, 30.7252285]]], "df_ids": [762]}