{"polygon": [[[46.4822948, 30.7227542], [46.4821763, 30.7228867], [46.4821135, 30.7227683], [46.482232, 30.7226358], [46.4822948, 30.7227542]]], "df_ids": [47480]}