{"polygon": [[[46.4760368, 30.7235211], [46.4761516, 30.7234837], [46.4761219, 30.7232988], [46.4760028, 30.7233421], [46.4758578, 30.7233847], [46.4759021, 30.723562], [46.4760368, 30.7235211]]], "df_ids": [6949]}