{"polygon": [[[46.4827588, 30.750351], [46.4829358, 30.7503802], [46.4829206, 30.7505944], [46.4827412, 30.7505671], [46.4827588, 30.750351]]], "df_ids": [29611]}