{"polygon": [[[46.4762755, 30.7274169], [46.4760896, 30.7273928], [46.4760814, 30.7275305], [46.4760762, 30.7275779], [46.4761513, 30.7275892], [46.4761425, 30.7277179], [46.4760673, 30.7277069], [46.4760608, 30.7278019], [46.4761249, 30.7278097], [46.4762652, 30.7278332], [46.4762933, 30.7274475], [46.4762755, 30.7274169]]], "df_ids": [45976]}