{"polygon": [[[46.4876887, 30.7317585], [46.4874588, 30.731383], [46.4874302, 30.7314192], [46.487369, 30.7313207], [46.4873176, 30.7312328], [46.4873471, 30.7311912], [46.4871172, 30.7308117], [46.4874461, 30.7303933], [46.4875538, 30.7305659], [46.4874029, 30.7307578], [46.4875216, 30.7309592], [46.4875475, 30.7309324], [46.487662, 30.7311174], [46.4876417, 30.7311483], [46.4877651, 30.731347], [46.4879214, 30.731151], [46.4880267, 30.7313226], [46.4876887, 30.7317585]]], "df_ids": [9332]}