{"polygon": [[[46.4738903, 30.7260599], [46.4739052, 30.7258744], [46.4741726, 30.7255518], [46.474223, 30.7254996], [46.4741364, 30.725339], [46.4738184, 30.7257323], [46.4737851, 30.725786], [46.4737759, 30.725853], [46.4737603, 30.7260368], [46.4738903, 30.7260599]]], "df_ids": [33086]}