{"polygon": [[[46.4737698, 30.712007], [46.4739788, 30.7119801], [46.473959, 30.7116554], [46.47375, 30.7116823], [46.4737698, 30.712007]]], "df_ids": [63249]}