{"polygon": [[[46.4757433, 30.7433434], [46.4757402, 30.7433909], [46.4755935, 30.743371], [46.4754522, 30.7433518], [46.4754684, 30.7431003], [46.4755888, 30.7431166], [46.4755863, 30.7431557], [46.4756053, 30.7431583], [46.4756014, 30.7432196], [46.475565, 30.7432147], [46.4755617, 30.7432659], [46.4756716, 30.7432808], [46.4756682, 30.7433333], [46.4757433, 30.7433434]]], "df_ids": [45971]}