{"polygon": [[[46.4862928, 30.7392639], [46.4862793, 30.739472], [46.4866827, 30.7395271], [46.4866962, 30.739319], [46.4862928, 30.7392639]]], "df_ids": [6443]}