{"polygon": [[[46.4818113, 30.7100745], [46.4821047, 30.7098675], [46.4820571, 30.709725], [46.4817637, 30.7099321], [46.4817688, 30.7099472], [46.4818113, 30.7100745]]], "df_ids": [17792]}