{"polygon": [[[46.4808217, 30.7415184], [46.4805659, 30.7414824], [46.4805619, 30.7415419], [46.4805603, 30.7415668], [46.480672, 30.7415826], [46.4806611, 30.741747], [46.4806582, 30.741806], [46.4808025, 30.741828], [46.4808053, 30.7417639], [46.4808075, 30.7417301], [46.4808217, 30.7415184]]], "df_ids": [27433]}