{"polygon": [[[46.4756691, 30.7348789], [46.4756781, 30.7347482], [46.4757828, 30.7347634], [46.4757465, 30.7352735], [46.475573, 30.7352492], [46.4755781, 30.7351747], [46.475648, 30.7351848], [46.4756691, 30.7348789]]], "df_ids": [6493]}