{"polygon": [[[46.4703998, 30.7304583], [46.4705057, 30.7304756], [46.4705142, 30.7303624], [46.4705059, 30.73036], [46.4705103, 30.7303025], [46.4706439, 30.7303238], [46.470649, 30.7302562], [46.4704962, 30.730232], [46.4704, 30.7302173], [46.4703846, 30.7304215], [46.4703998, 30.7304583]]], "df_ids": [30811]}