{"polygon": [[[46.4823661, 30.7342462], [46.4828016, 30.7342838], [46.4828287, 30.7338562], [46.4826781, 30.7338384], [46.4826705, 30.7340524], [46.4823751, 30.7340268], [46.4823661, 30.7342462]]], "df_ids": [27923]}