{"polygon": [[[46.4852208, 30.7133954], [46.4851437, 30.7134456], [46.48516, 30.7134986], [46.485104, 30.7135351], [46.4852038, 30.7138585], [46.4852508, 30.7138279], [46.4852683, 30.7138848], [46.4853546, 30.7138286], [46.4852208, 30.7133954]]], "df_ids": [63165]}