{"polygon": [[[46.4902947, 30.7315511], [46.4903735, 30.7316892], [46.4903603, 30.7317051], [46.4901126, 30.7320031], [46.4900422, 30.7318703], [46.4902812, 30.7315684], [46.4902947, 30.7315511]]], "df_ids": [32883]}