{"polygon": [[[46.483131, 30.7240034], [46.4830534, 30.7238701], [46.483132, 30.7237736], [46.4830421, 30.7236192], [46.4831371, 30.7235027], [46.4833045, 30.7237903], [46.483131, 30.7240034]]], "df_ids": [9442]}