{"polygon": [[[46.4821922, 30.7170248], [46.482196, 30.7170713], [46.4821444, 30.7170813], [46.4821566, 30.7172133], [46.4822028, 30.7172043], [46.482209, 30.7172701], [46.4821628, 30.7172792], [46.4821754, 30.7174148], [46.4822178, 30.7174065], [46.4822243, 30.7174762], [46.48218, 30.7174848], [46.4821924, 30.7176183], [46.4822335, 30.7176103], [46.4822408, 30.7176894], [46.4821946, 30.7176984], [46.4822053, 30.717813], [46.4822401, 30.7178061], [46.4822428, 30.7178355], [46.4823806, 30.7178085], [46.4823719, 30.7177153], [46.4823532, 30.7175136], [46.4823342, 30.717309], [46.4823167, 30.7171212], [46.4823053, 30.7169985], [46.4821922, 30.7170248]]], "df_ids": [136148]}