{"polygon": [[[46.4871043, 30.7274638], [46.4872607, 30.7276433], [46.4871709, 30.7278083], [46.4872352, 30.7278821], [46.4871211, 30.7280917], [46.487051, 30.7280112], [46.4870121, 30.7280825], [46.4870423, 30.7281172], [46.4869989, 30.7281968], [46.4868182, 30.7279893], [46.4868372, 30.7279545], [46.4870887, 30.7274923], [46.4871043, 30.7274638]]], "df_ids": [6421]}