{"polygon": [[[46.4891034, 30.7343779], [46.4892144, 30.7343943], [46.4893902, 30.7344141], [46.4893962, 30.734306], [46.4892498, 30.7342888], [46.4892716, 30.7338965], [46.4892285, 30.7338915], [46.4891356, 30.7338807], [46.489133, 30.7339195], [46.4891034, 30.7343779]]], "df_ids": [12461]}