{"polygon": [[[46.4739024, 30.7313255], [46.4738876, 30.7315194], [46.4743366, 30.7315989], [46.4744113, 30.7316121], [46.4743916, 30.7318466], [46.4745235, 30.7318699], [46.4745432, 30.7316354], [46.4745596, 30.7314395], [46.474353, 30.7314029], [46.4739024, 30.7313255]]], "df_ids": [31631]}