{"polygon": [[[46.4861874, 30.7259485], [46.4860392, 30.7256936], [46.4859939, 30.7257492], [46.4860479, 30.7258421], [46.486013, 30.725885], [46.4859524, 30.7259592], [46.485897, 30.7258638], [46.485846, 30.7259263], [46.4858767, 30.7259792], [46.4859956, 30.7261837], [46.4861045, 30.7260502], [46.4861874, 30.7259485]]], "df_ids": [255096]}