{"polygon": [[[46.4744277, 30.7237283], [46.4743716, 30.7237786], [46.4740644, 30.7237853], [46.4739288, 30.7237796], [46.4739175, 30.7237504], [46.4739469, 30.723423], [46.4740233, 30.7234352], [46.4740791, 30.7234446], [46.4740723, 30.7236123], [46.4743538, 30.7236032], [46.4744277, 30.7237283]]], "df_ids": [1219]}