{"polygon": [[[46.4844754, 30.727431], [46.4846045, 30.7272646], [46.4844523, 30.7270025], [46.4843204, 30.727167], [46.4844114, 30.7273233], [46.4844933, 30.7272202], [46.4845163, 30.7272589], [46.4844336, 30.7273631], [46.4844754, 30.727431]]], "df_ids": [759]}