{"polygon": [[[46.4809115, 30.7117588], [46.4807268, 30.7117501], [46.4807247, 30.7118124], [46.4807235, 30.7118996], [46.4808481, 30.7119112], [46.4809309, 30.7119144], [46.4809312, 30.7117908], [46.4809115, 30.7117588]]], "df_ids": [1107]}