{"polygon": [[[46.4826897, 30.7417235], [46.4825498, 30.7417098], [46.4825337, 30.741947], [46.4825303, 30.7419978], [46.4825162, 30.7422051], [46.4826587, 30.7422353], [46.482664, 30.7421478], [46.482672, 30.7420164], [46.4826842, 30.7418257], [46.4826897, 30.7417235]]], "df_ids": [6020]}