{"polygon": [[[46.4073146, 30.7293516], [46.4073693, 30.7293325], [46.4074202, 30.7296391], [46.407266, 30.7296929], [46.4072522, 30.7296147], [46.4073517, 30.72958], [46.4073359, 30.7294831], [46.4073195, 30.7293817], [46.4073146, 30.7293516]]], "df_ids": [169177]}