{"polygon": [[[46.4707312, 30.7525347], [46.4707436, 30.7523714], [46.4704568, 30.7523253], [46.4704444, 30.7524886], [46.4707312, 30.7525347]]], "df_ids": [58089]}