{"polygon": [[[46.4830832, 30.74059], [46.483236, 30.740612], [46.4833842, 30.7406331], [46.4833968, 30.7404384], [46.4833464, 30.7404311], [46.4833711, 30.7400736], [46.4834222, 30.7400811], [46.4834324, 30.7399343], [46.4831331, 30.7398907], [46.483123, 30.7400375], [46.483179, 30.7400456], [46.4831543, 30.7404031], [46.4830987, 30.7403944], [46.4830832, 30.74059]]], "df_ids": [32592]}