{"polygon": [[[46.4806582, 30.741806], [46.4806319, 30.7421678], [46.4806904, 30.7421769], [46.4807761, 30.7421897], [46.4807895, 30.7420079], [46.4808025, 30.741828], [46.4806582, 30.741806]]], "df_ids": [27432]}