{"polygon": [[[46.4816469, 30.740385], [46.4819302, 30.740417], [46.4821931, 30.7404467], [46.4822029, 30.7402642], [46.4819374, 30.7402342], [46.481733, 30.7402111], [46.4817387, 30.7401051], [46.4816624, 30.7400965], [46.4816469, 30.740385]]], "df_ids": [6028, 27892]}