{"polygon": [[[46.4705305, 30.7449763], [46.4704684, 30.744967], [46.4704567, 30.7451316], [46.4706412, 30.7451592], [46.4706639, 30.7448388], [46.4706773, 30.7446503], [46.4705439, 30.7446304], [46.4704814, 30.744621], [46.4704703, 30.7447767], [46.470511, 30.7447828], [46.4705169, 30.7446997], [46.4705497, 30.7447047], [46.4705413, 30.7448241], [46.4705305, 30.7449763]]], "df_ids": [29570]}