{"polygon": [[[46.4713324, 30.7165468], [46.4712124, 30.7164794], [46.4711829, 30.7165761], [46.471085, 30.716501], [46.4711326, 30.716387], [46.471158, 30.7162761], [46.4711633, 30.7161469], [46.4712736, 30.7161482], [46.4712627, 30.7163017], [46.4713783, 30.7163584], [46.4713324, 30.7165468]]], "df_ids": [74849]}