{"polygon": [[[46.4746936, 30.747903], [46.4746988, 30.7478106], [46.4746169, 30.747801], [46.4744526, 30.7477733], [46.4744637, 30.7475864], [46.4745719, 30.7476026], [46.4746313, 30.7476114], [46.4747063, 30.7476226], [46.4747939, 30.7476356], [46.4748148, 30.7476746], [46.4748046, 30.7478032], [46.4747958, 30.7479167], [46.4746936, 30.747903]]], "df_ids": [6948]}