{"polygon": [[[46.4784867, 30.7138672], [46.4782316, 30.7138808], [46.4782369, 30.7140228], [46.4782456, 30.7142431], [46.4783175, 30.7142379], [46.4783107, 30.7140597], [46.4784297, 30.7140502], [46.4784304, 30.7140674], [46.4784943, 30.7140623], [46.4784867, 30.7138672]]], "df_ids": [45862]}