{"polygon": [[[46.4945691, 30.7252249], [46.4943907, 30.7249404], [46.4944913, 30.7248073], [46.4945245, 30.7248533], [46.4946189, 30.7250066], [46.4946717, 30.725084], [46.4945691, 30.7252249]]], "df_ids": [215403]}