{"polygon": [[[46.4697787, 30.710165], [46.469531, 30.7101627], [46.4695302, 30.7102495], [46.469246, 30.7102449], [46.469146, 30.710114], [46.4690125, 30.7098879], [46.4690864, 30.7097914], [46.4692563, 30.710065], [46.4695403, 30.7100745], [46.4695399, 30.7100081], [46.4697824, 30.7100053], [46.4697787, 30.710165]]], "df_ids": [76014]}