{"polygon": [[[46.4742447, 30.7454852], [46.474368, 30.7454956], [46.4743672, 30.7454763], [46.4744126, 30.7454804], [46.4744463, 30.7451454], [46.4744478, 30.7451078], [46.4743658, 30.7450974], [46.4743516, 30.7452946], [46.474371, 30.7452956], [46.4743656, 30.7453322], [46.4742984, 30.7453263], [46.4743156, 30.7449359], [46.474237, 30.7449335], [46.4742199, 30.7454334], [46.4742479, 30.7454548], [46.4742447, 30.7454852]]], "df_ids": [102504]}