{"polygon": [[[46.3893168, 30.7169273], [46.3892779, 30.7166887], [46.3891631, 30.716728], [46.3892062, 30.7169929], [46.3889588, 30.7170776], [46.3889047, 30.7167452], [46.3890267, 30.7167034], [46.3890244, 30.7166895], [46.3889352, 30.71672], [46.388892, 30.716455], [46.3890893, 30.7163874], [46.3891277, 30.7166231], [46.3892619, 30.7165772], [46.3892178, 30.7163062], [46.3893222, 30.7162704], [46.3893633, 30.7165229], [46.3893181, 30.7165384], [46.3893407, 30.7166773], [46.3893966, 30.7166581], [46.3894339, 30.7168872], [46.3893168, 30.7169273]]], "df_ids": [64203]}