{"polygon": [[[46.4819341, 30.7214126], [46.4819693, 30.7215936], [46.481884, 30.7216285], [46.4817713, 30.7216746], [46.4817361, 30.7214936], [46.4818284, 30.7214558], [46.4819341, 30.7214126]]], "df_ids": [6789]}