{"polygon": [[[46.491194, 30.7242349], [46.4913566, 30.7245216], [46.4914178, 30.724439], [46.4914401, 30.7244721], [46.4914956, 30.7243981], [46.4913091, 30.7240884], [46.491194, 30.7242349]]], "df_ids": [1520]}