{"polygon": [[[46.4798064, 30.7410855], [46.4796339, 30.7410652], [46.4796249, 30.7412284], [46.4796153, 30.7414014], [46.4797877, 30.7414216], [46.4798064, 30.7410855]]], "df_ids": [52430]}