{"polygon": [[[46.4869864, 30.7351184], [46.4871756, 30.7351344], [46.4871902, 30.7347992], [46.4870134, 30.7347771], [46.4869864, 30.7351184]]], "df_ids": [45208]}