{"polygon": [[[46.4689827, 30.7513844], [46.4691174, 30.7514054], [46.4691075, 30.7515293], [46.4691385, 30.7515337], [46.4691351, 30.7515911], [46.4691036, 30.7515874], [46.4690929, 30.7517103], [46.4690694, 30.7517108], [46.468958, 30.7516954], [46.4689827, 30.7513844]]], "df_ids": [30783]}