{"polygon": [[[46.4791501, 30.7297388], [46.4792634, 30.7296041], [46.4794126, 30.7294106], [46.479503, 30.729559], [46.4795134, 30.7295753], [46.4794707, 30.7296225], [46.4794601, 30.729616], [46.479452, 30.7296627], [46.4794898, 30.7297254], [46.4794365, 30.7297917], [46.4794208, 30.7297686], [46.4793982, 30.7297732], [46.4793772, 30.7297438], [46.4793619, 30.7297428], [46.4793512, 30.7297567], [46.47934, 30.7297715], [46.4793734, 30.7298356], [46.4794212, 30.7298224], [46.4794735, 30.729914], [46.4794421, 30.7299769], [46.4794777, 30.7300346], [46.4795084, 30.7299961], [46.479498, 30.7299781], [46.4795664, 30.7299011], [46.4796224, 30.7300035], [46.4795752, 30.7300531], [46.4794302, 30.7302311], [46.4794173, 30.7302085], [46.4792815, 30.7299704], [46.4791501, 30.7297388]]], "df_ids": [6783]}