{"polygon": [[[46.4851567, 30.7441695], [46.4849523, 30.7441332], [46.4849453, 30.7442447], [46.4849423, 30.7442934], [46.4848639, 30.7442842], [46.4848673, 30.7442346], [46.4848975, 30.7437947], [46.4849849, 30.7438173], [46.4849866, 30.7437621], [46.4850472, 30.7437705], [46.4851111, 30.7437768], [46.4851077, 30.7438384], [46.4851756, 30.7438513], [46.4851707, 30.7439333], [46.4851859, 30.7439359], [46.4852001, 30.7439443], [46.4852123, 30.7439578], [46.4852227, 30.7439785], [46.4852283, 30.7440027], [46.4852287, 30.7440272], [46.4852241, 30.7440508], [46.4852172, 30.7440677], [46.4852077, 30.7440818], [46.4851962, 30.7440923], [46.4851787, 30.7440996], [46.4851606, 30.7440987], [46.4851567, 30.7441695]]], "df_ids": [21412]}