{"polygon": [[[46.4909645, 30.7284766], [46.4908728, 30.7285874], [46.4908493, 30.7285465], [46.4907166, 30.7287068], [46.4906435, 30.7285792], [46.4908679, 30.728308], [46.4909645, 30.7284766]]], "df_ids": [9119, 79528]}