{"polygon": [[[46.4916115, 30.7259193], [46.4916423, 30.7258805], [46.4917172, 30.7257844], [46.4914989, 30.7254233], [46.4914297, 30.7253088], [46.4913767, 30.7253764], [46.491324, 30.7254437], [46.4913954, 30.7255619], [46.4916115, 30.7259193]]], "df_ids": [30876]}