{"polygon": [[[46.4868414, 30.7318112], [46.4870144, 30.731587], [46.4868936, 30.731377], [46.486788, 30.7315163], [46.4866957, 30.7313606], [46.4869052, 30.7310977], [46.4870827, 30.7313978], [46.4870483, 30.7314407], [46.4871526, 30.7316174], [46.4872689, 30.7318143], [46.4872996, 30.731776], [46.4874497, 30.7320311], [46.4871831, 30.7323552], [46.4870622, 30.7321558], [46.4870316, 30.7321048], [46.4870945, 30.7320265], [46.4871641, 30.732144], [46.4872909, 30.7319856], [46.4871726, 30.7317861], [46.4869725, 30.7320361], [46.4868414, 30.7318112]]], "df_ids": [27945]}