{"polygon": [[[46.4747368, 30.7248984], [46.4750575, 30.7245156], [46.4749925, 30.7243944], [46.4746631, 30.7247596], [46.4747368, 30.7248984]]], "df_ids": [75011]}