{"polygon": [[[46.4129297, 30.723373], [46.4129263, 30.7233302], [46.4129447, 30.7233271], [46.4129362, 30.7232184], [46.4129501, 30.7232161], [46.4129433, 30.7231293], [46.4129268, 30.723132], [46.4129154, 30.7229874], [46.412913, 30.7229571], [46.4129011, 30.7229591], [46.412749, 30.7229801], [46.412732, 30.722983], [46.4127343, 30.7230114], [46.412741, 30.7230961], [46.4127594, 30.7230931], [46.4127646, 30.7231592], [46.4127387, 30.7231635], [46.4127456, 30.7232504], [46.4127717, 30.723246], [46.4127838, 30.7233973], [46.4128587, 30.7233847], [46.4129297, 30.723373]]], "df_ids": [75030]}