{"polygon": [[[46.4833842, 30.7406331], [46.4833968, 30.7404384], [46.4833986, 30.7404122], [46.4836747, 30.7404522], [46.4836979, 30.7401148], [46.4836344, 30.7401056], [46.483645, 30.7399518], [46.4837081, 30.739961], [46.4837136, 30.7398807], [46.483711, 30.7398099], [46.4837306, 30.7398125], [46.48387, 30.7398313], [46.4838631, 30.7399089], [46.4838136, 30.7406052], [46.4838102, 30.7406255], [46.4838063, 30.7406406], [46.4838015, 30.7406557], [46.4837955, 30.7406655], [46.4837869, 30.7406768], [46.4837772, 30.7406829], [46.4837666, 30.7406875], [46.4837547, 30.740687], [46.4833842, 30.7406331]]], "df_ids": [28181]}