{"polygon": [[[46.482723, 30.7416212], [46.4827263, 30.7415475], [46.4827289, 30.7414718], [46.482886, 30.7414908], [46.482889, 30.7413826], [46.4827373, 30.7413649], [46.482573, 30.7413545], [46.4825605, 30.7415297], [46.4825498, 30.7417098], [46.4826897, 30.7417235], [46.4828773, 30.7417449], [46.4828806, 30.7416387], [46.482723, 30.7416212]]], "df_ids": [27895]}