{"polygon": [[[46.4856012, 30.7153078], [46.4855864, 30.7153165], [46.4853996, 30.7154265], [46.4853632, 30.715301], [46.4853499, 30.7152554], [46.4853385, 30.715216], [46.4853977, 30.7151797], [46.4854206, 30.7152585], [46.4854425, 30.7152455], [46.485548, 30.7151831], [46.485561, 30.7151754], [46.4856012, 30.7153078]]], "df_ids": [136319]}