{"polygon": [[[46.4917707, 30.7168025], [46.4916271, 30.7167441], [46.4914483, 30.7166714], [46.4914159, 30.7168857], [46.491493, 30.7169166], [46.4915021, 30.7168662], [46.4915221, 30.7168536], [46.4916046, 30.716887], [46.4916692, 30.7169131], [46.4916767, 30.7169375], [46.4916672, 30.7170009], [46.4917387, 30.7170271], [46.4917707, 30.7168025]]], "df_ids": [7029]}