{"polygon": [[[46.3931518, 30.7316276], [46.3933045, 30.7315918], [46.3932885, 30.7314484], [46.3931897, 30.7314715], [46.3931589, 30.7311947], [46.3933055, 30.7311603], [46.39332, 30.7312898], [46.3933737, 30.7312772], [46.3933588, 30.7311431], [46.3935127, 30.731107], [46.3935425, 30.731375], [46.3934186, 30.7314041], [46.393439, 30.7315866], [46.3936231, 30.7315435], [46.393644, 30.7317307], [46.3934637, 30.7317729], [46.3934522, 30.7316697], [46.3933492, 30.7316938], [46.3933626, 30.7318142], [46.3931775, 30.7318575], [46.3931518, 30.7316276]]], "df_ids": [64112]}