{"polygon": [[[46.4864893, 30.7137399], [46.4862565, 30.7135157], [46.4863304, 30.7133538], [46.4863639, 30.7132803], [46.4865967, 30.7135045], [46.4864893, 30.7137399]]], "df_ids": [74965]}