{"polygon": [[[46.4831814, 30.7274551], [46.4831071, 30.7275476], [46.4830977, 30.7275593], [46.4831952, 30.7277245], [46.4832056, 30.7277115], [46.4832393, 30.7276696], [46.4832874, 30.7277511], [46.483327, 30.7277018], [46.4832817, 30.727625], [46.4831814, 30.7274551]]], "df_ids": [154077]}