{"polygon": [[[46.4783513, 30.729861], [46.4783759, 30.7298323], [46.4784036, 30.7298836], [46.4785105, 30.7300731], [46.4783687, 30.7302544], [46.4782375, 30.7304168], [46.4781246, 30.7302149], [46.4779896, 30.7299711], [46.4780242, 30.7299306], [46.4780665, 30.7298811], [46.4781285, 30.7299929], [46.4781822, 30.7300898], [46.4781321, 30.7301483], [46.4781485, 30.730178], [46.4782569, 30.7300514], [46.4783783, 30.7299096], [46.4783619, 30.72988], [46.4783513, 30.729861]]], "df_ids": [30577, 179281]}