{"polygon": [[[46.4877813, 30.7369085], [46.4878158, 30.7368757], [46.4878406, 30.7365333], [46.4878441, 30.7364844], [46.4876947, 30.7364623], [46.4876598, 30.7368327], [46.4877813, 30.7369085]]], "df_ids": [20202]}