{"polygon": [[[46.4922762, 30.7336995], [46.4923574, 30.7338125], [46.4924529, 30.7336679], [46.4923717, 30.7335548], [46.4922762, 30.7336995]]], "df_ids": [48557]}