{"polygon": [[[46.4893997, 30.7296139], [46.4893219, 30.729484], [46.489328, 30.7294763], [46.4893607, 30.7294349], [46.4892958, 30.7293265], [46.489257, 30.7293755], [46.4892011, 30.7292822], [46.4893223, 30.7291292], [46.4893527, 30.72918], [46.4895209, 30.7294609], [46.4894697, 30.7295256], [46.4894045, 30.7296078], [46.4893997, 30.7296139]]], "df_ids": [97800]}