{"polygon": [[[46.4175411, 30.7154007], [46.4175646, 30.7156296], [46.4175916, 30.7156237], [46.4175947, 30.7156535], [46.4177305, 30.7156242], [46.4177263, 30.7155827], [46.4177574, 30.7155761], [46.417742, 30.7154274], [46.4177359, 30.7153674], [46.4176706, 30.7153815], [46.4176678, 30.7153539], [46.4176301, 30.7153478], [46.4175961, 30.7153694], [46.417598, 30.7153883], [46.4175534, 30.7153977], [46.4175411, 30.7154007]]], "df_ids": [172253]}