{"polygon": [[[46.4722164, 30.7435691], [46.4720855, 30.7435452], [46.472065, 30.7438552], [46.4719995, 30.7438444], [46.471988, 30.7440253], [46.4721424, 30.7440466], [46.4721851, 30.7440148], [46.4722164, 30.7435691]]], "df_ids": [6780]}