{"polygon": [[[46.4062028, 30.7268268], [46.4061847, 30.7266701], [46.4063539, 30.726629], [46.4063876, 30.7269209], [46.4062759, 30.726948], [46.4062603, 30.7268129], [46.4062028, 30.7268268]]], "df_ids": [58229]}