{"polygon": [[[46.4918089, 30.7263029], [46.4920022, 30.7260644], [46.4920377, 30.7261283], [46.4919986, 30.7261813], [46.4919778, 30.7262065], [46.4919568, 30.7262028], [46.491943, 30.7262221], [46.4919847, 30.7262999], [46.4920076, 30.7262743], [46.4920432, 30.7263368], [46.4920506, 30.7263499], [46.4919366, 30.7264996], [46.4919215, 30.7264878], [46.491912, 30.7264722], [46.4918089, 30.7263029]]], "df_ids": [10365, 45144]}