{"polygon": [[[46.4914972, 30.7321202], [46.4916361, 30.7322519], [46.491557, 30.7324278], [46.4914203, 30.732298], [46.4914972, 30.7321202]]], "df_ids": [62702]}