{"polygon": [[[46.4912742, 30.7185469], [46.490745, 30.7184116], [46.4907739, 30.7181737], [46.4906478, 30.7181457], [46.4905983, 30.7185548], [46.491253, 30.7187221], [46.4912618, 30.71865], [46.491266, 30.7186152], [46.4912742, 30.7185469]]], "df_ids": [52711]}