{"polygon": [[[46.4860612, 30.7244691], [46.4862059, 30.7242905], [46.486168, 30.7242257], [46.4861215, 30.724283], [46.4861383, 30.7243116], [46.486126, 30.7243267], [46.4860971, 30.7242771], [46.4860745, 30.7242385], [46.4860924, 30.7242164], [46.4861023, 30.7242334], [46.4861619, 30.7241599], [46.4861281, 30.7241021], [46.4860407, 30.72421], [46.4859646, 30.7243039], [46.4860129, 30.7243865], [46.4860612, 30.7244691]]], "df_ids": [1886]}