{"polygon": [[[46.4787494, 30.7249311], [46.4788385, 30.7250867], [46.4791128, 30.7255633], [46.4794181, 30.7260953], [46.4794684, 30.7260394], [46.4795466, 30.7261726], [46.4794054, 30.726322], [46.4793552, 30.7263124], [46.4790023, 30.725703], [46.478921, 30.7255626], [46.4786591, 30.7251102], [46.4786568, 30.725044], [46.4787494, 30.7249311]]], "df_ids": [32949]}