{"polygon": [[[46.4799543, 30.7282252], [46.4798751, 30.7280916], [46.4799023, 30.7280576], [46.4797374, 30.7277792], [46.4797224, 30.7277979], [46.4796992, 30.7277587], [46.4797123, 30.7277423], [46.4798007, 30.7276319], [46.4799388, 30.727865], [46.480068, 30.7280831], [46.4799543, 30.7282252]]], "df_ids": [32947]}