{"polygon": [[[46.4830184, 30.7092241], [46.4828915, 30.7093085], [46.4828474, 30.7091689], [46.4830391, 30.709041], [46.4830822, 30.7091739], [46.48317, 30.7094539], [46.4831047, 30.7094974], [46.4830184, 30.7092241]]], "df_ids": [735, 175299]}