{"polygon": [[[46.4690989, 30.7485396], [46.469193, 30.7485595], [46.4692051, 30.7484387], [46.469111, 30.7484187], [46.4690989, 30.7485396]]], "df_ids": [7193]}