{"polygon": [[[46.4892733, 30.7356834], [46.4892496, 30.7356835], [46.4890048, 30.7356853], [46.4890056, 30.7359439], [46.4892533, 30.7359434], [46.4892742, 30.7359419], [46.4892733, 30.7356834]]], "df_ids": [27822]}