{"polygon": [[[46.4785819, 30.7192282], [46.4784519, 30.7192498], [46.4784949, 30.7199048], [46.4786338, 30.7198865], [46.4786199, 30.7196654], [46.4786104, 30.7195131], [46.4786031, 30.7193972], [46.4786415, 30.7193921], [46.4786332, 30.7192589], [46.4785848, 30.7192653], [46.4785819, 30.7192282]]], "df_ids": [51680]}