{"polygon": [[[46.4771449, 30.741581], [46.4771574, 30.7414014], [46.4771671, 30.7412613], [46.4770987, 30.7412513], [46.4771021, 30.7412016], [46.4768955, 30.7411713], [46.47677, 30.7411529], [46.4767556, 30.7413609], [46.4767418, 30.7415594], [46.4768604, 30.7415773], [46.4768774, 30.7412445], [46.4768959, 30.7412458], [46.4769069, 30.7412874], [46.4770325, 30.7413062], [46.4770418, 30.7413397], [46.4770704, 30.7413478], [46.4770623, 30.7415685], [46.4771449, 30.741581]]], "df_ids": [32404]}