{"polygon": [[[46.4850668, 30.7306767], [46.4849348, 30.7305324], [46.4848669, 30.7304583], [46.4848267, 30.7305359], [46.4848561, 30.730568], [46.4848905, 30.7306059], [46.4847651, 30.7308461], [46.484901, 30.7309956], [46.4849818, 30.7308408], [46.4849896, 30.7308258], [46.4849976, 30.7308103], [46.4850668, 30.7306767]]], "df_ids": [45702]}