{"polygon": [[[46.4729518, 30.7236525], [46.4724838, 30.723574], [46.4724973, 30.7234048], [46.4729653, 30.7234833], [46.4729518, 30.7236525]]], "df_ids": [32164]}