{"polygon": [[[46.4711693, 30.7097024], [46.4709101, 30.7096809], [46.4708491, 30.7096758], [46.4708734, 30.7094879], [46.4711769, 30.7095091], [46.4711693, 30.7097024]]], "df_ids": [128350]}