{"polygon": [[[46.4833568, 30.7461365], [46.4832977, 30.746335], [46.4830944, 30.7462841], [46.4828929, 30.7462337], [46.4829153, 30.7460664], [46.4829235, 30.7460267], [46.4831282, 30.7460786], [46.4833568, 30.7461365]]], "df_ids": [162025]}