{"polygon": [[[46.4853012, 30.7369696], [46.4854926, 30.7369915], [46.4854774, 30.7371889], [46.4854704, 30.7372861], [46.4856824, 30.7373184], [46.4856759, 30.7374085], [46.485638, 30.7374027], [46.485271, 30.7373468], [46.4852843, 30.7371627], [46.4853012, 30.7369696]]], "df_ids": [29133]}