{"polygon": [[[46.471549, 30.7193679], [46.4716813, 30.7191476], [46.4713265, 30.7186986], [46.4712031, 30.7188842], [46.4713069, 30.7190291], [46.4713552, 30.7189562], [46.4714878, 30.7191413], [46.4714388, 30.7192153], [46.471549, 30.7193679]]], "df_ids": [6807]}