{"polygon": [[[46.4718694, 30.7430202], [46.4717673, 30.7430047], [46.4716584, 30.7429883], [46.4716325, 30.7433411], [46.4716955, 30.7433506], [46.4717079, 30.7431795], [46.471753, 30.7431864], [46.4718563, 30.743202], [46.4718694, 30.7430202]]], "df_ids": [690]}