{"polygon": [[[46.4851058, 30.7302015], [46.485238, 30.7303458], [46.4851481, 30.7305198], [46.4850835, 30.7306447], [46.4850668, 30.7306767], [46.4849348, 30.7305324], [46.4849524, 30.7304983], [46.485082, 30.7302474], [46.4851058, 30.7302015]]], "df_ids": [45701]}