{"polygon": [[[46.4072893, 30.7290523], [46.4071487, 30.7291008], [46.4071004, 30.7288063], [46.4071761, 30.7287802], [46.4071608, 30.7286865], [46.4071118, 30.7287034], [46.407081, 30.7285151], [46.4071949, 30.7284759], [46.4072032, 30.7285264], [46.4072822, 30.7290091], [46.4072893, 30.7290523]]], "df_ids": [76979]}