{"polygon": [[[46.4802872, 30.7408832], [46.48041, 30.7409005], [46.4804151, 30.7408238], [46.4804417, 30.7408273], [46.4804546, 30.7406177], [46.4802091, 30.7405857], [46.480196, 30.7407975], [46.4802901, 30.7408133], [46.4802872, 30.7408832]]], "df_ids": [168634]}