{"polygon": [[[46.4908265, 30.7275985], [46.4910065, 30.7273801], [46.4910336, 30.7273471], [46.4910687, 30.7273045], [46.4911146, 30.7273842], [46.4910111, 30.7275098], [46.4910651, 30.727602], [46.4911627, 30.7274846], [46.4912036, 30.7275624], [46.4910869, 30.7277011], [46.4909683, 30.727845], [46.4908265, 30.7275985]]], "df_ids": [1098]}