{"polygon": [[[46.4027265, 30.712588], [46.4026209, 30.7127281], [46.4023925, 30.7123661], [46.402449, 30.7122912], [46.4023105, 30.7120716], [46.4023998, 30.7119531], [46.4025448, 30.7121831], [46.4025047, 30.7122363], [46.4027265, 30.712588]]], "df_ids": [89266]}