{"polygon": [[[46.4821892, 30.7472101], [46.482145, 30.7477721], [46.4822455, 30.7477888], [46.4822525, 30.7476898], [46.4822892, 30.7472267], [46.4821892, 30.7472101]]], "df_ids": [46104]}