{"polygon": [[[46.4756001, 30.7291991], [46.4757858, 30.7292194], [46.4757945, 30.7290496], [46.4756061, 30.7290291], [46.4756001, 30.7291991]]], "df_ids": [175993]}