{"polygon": [[[46.4766503, 30.7082186], [46.4770273, 30.7082474], [46.4770266, 30.7082683], [46.4770217, 30.7084012], [46.4770176, 30.7085136], [46.477014, 30.7086125], [46.4770094, 30.7087425], [46.4770077, 30.7087864], [46.4766307, 30.7087576], [46.4766407, 30.7084832], [46.4766503, 30.7082186]]], "df_ids": [10627]}