{"polygon": [[[46.4924152, 30.7240423], [46.4928789, 30.7248138], [46.4930269, 30.7246262], [46.4932206, 30.7243806], [46.4927596, 30.7236136], [46.4926199, 30.7237908], [46.4926292, 30.7238062], [46.492639, 30.7238225], [46.4927093, 30.7239394], [46.4927679, 30.7238651], [46.4930547, 30.7243422], [46.4929459, 30.72448], [46.4928558, 30.7245943], [46.4925595, 30.7241013], [46.4926019, 30.7240476], [46.4925403, 30.723945], [46.4925295, 30.723927], [46.4925194, 30.7239102], [46.4924152, 30.7240423]]], "df_ids": [5246]}