{"polygon": [[[46.4805984, 30.7252364], [46.4807921, 30.7255469], [46.4808986, 30.7254067], [46.4807975, 30.7252445], [46.4809256, 30.725076], [46.4810291, 30.7249399], [46.4809366, 30.7247917], [46.4809069, 30.7248308], [46.4805984, 30.7252364]]], "df_ids": [29312]}