{"polygon": [[[46.4797725, 30.72566], [46.4798538, 30.7258005], [46.4796239, 30.7260769], [46.4794126, 30.725717], [46.4796329, 30.7254292], [46.4797046, 30.7255474], [46.4795368, 30.7257621], [46.4796036, 30.7258722], [46.4797725, 30.72566]]], "df_ids": [29092]}