{"polygon": [[[46.4894484, 30.7195628], [46.4900994, 30.7195273], [46.490104, 30.7197065], [46.489453, 30.719742], [46.4894484, 30.7195628]]], "df_ids": [2555]}