{"polygon": [[[46.4660429, 30.7137651], [46.4658058, 30.7137556], [46.4658476, 30.7139214], [46.4658923, 30.7139238], [46.4660468, 30.7139241], [46.4660429, 30.7137651]]], "df_ids": [236278]}