{"polygon": [[[46.4895725, 30.7206553], [46.48973, 30.720917], [46.4898153, 30.7208127], [46.4899367, 30.7206642], [46.4898212, 30.7204649], [46.4897908, 30.7203978], [46.4897233, 30.7204774], [46.4898296, 30.7206608], [46.4897705, 30.7207331], [46.4896598, 30.7205523], [46.4895725, 30.7206553]]], "df_ids": [45389]}