{"polygon": [[[46.3882395, 30.7184127], [46.3882547, 30.7185106], [46.3881619, 30.7185409], [46.3882159, 30.718889], [46.3884719, 30.7188054], [46.3884076, 30.7183916], [46.3884312, 30.7183839], [46.3884437, 30.7184641], [46.3887459, 30.7183654], [46.3886786, 30.7179327], [46.3883881, 30.7180275], [46.3884012, 30.7181116], [46.3883481, 30.7181289], [46.388284, 30.7177163], [46.3880611, 30.7177891], [46.3881064, 30.7180812], [46.3881973, 30.7180515], [46.3882168, 30.718177], [46.3879989, 30.7182481], [46.3880349, 30.7184795], [46.3882395, 30.7184127]]], "df_ids": [64409]}