{"polygon": [[[46.4760543, 30.71269], [46.4759528, 30.7126807], [46.4757031, 30.7126432], [46.475688, 30.712641], [46.4756879, 30.7125684], [46.4759616, 30.7126128], [46.4759664, 30.7125423], [46.4757224, 30.7125077], [46.4757294, 30.7124034], [46.4758842, 30.7124254], [46.4760683, 30.7124544], [46.4760543, 30.71269]]], "df_ids": [196876]}