{"polygon": [[[46.4727137, 30.736669], [46.4726933, 30.7369289], [46.4726706, 30.7369633], [46.4725415, 30.7369441], [46.4725302, 30.7369359], [46.4725391, 30.7367691], [46.4725492, 30.7367704], [46.472597, 30.7367737], [46.4725961, 30.7367588], [46.4725642, 30.7367548], [46.4725647, 30.7367145], [46.472419, 30.7366949], [46.4724225, 30.7366302], [46.4726075, 30.736654], [46.4727137, 30.736669]]], "df_ids": [30789, 242981]}