{"polygon": [[[46.4824575, 30.7361092], [46.4823941, 30.7361039], [46.482379, 30.7364892], [46.4824424, 30.7364944], [46.4824575, 30.7361092]]], "df_ids": [4089, 29074]}