{"polygon": [[[46.4824053, 30.7479009], [46.4824116, 30.7478137], [46.4822455, 30.7477888], [46.482145, 30.7477721], [46.4821206, 30.7481383], [46.4822131, 30.7481523], [46.4822329, 30.7478749], [46.4824053, 30.7479009]]], "df_ids": [6031]}