{"polygon": [[[46.4798184, 30.7133905], [46.4799338, 30.71339], [46.4799332, 30.713111], [46.4798178, 30.7131116], [46.4798184, 30.7133905]]], "df_ids": [76079]}