{"polygon": [[[46.486788, 30.7315163], [46.4865716, 30.731787], [46.4863505, 30.7320634], [46.4863383, 30.7320428], [46.4862582, 30.7319077], [46.4864642, 30.7316501], [46.4864841, 30.7316251], [46.4866957, 30.7313606], [46.486788, 30.7315163]]], "df_ids": [5784]}