{"polygon": [[[46.4799178, 30.74809], [46.4799109, 30.7481901], [46.4799659, 30.7481987], [46.4799736, 30.7480964], [46.4799864, 30.7480984], [46.4800004, 30.7481004], [46.4800049, 30.7480281], [46.4799914, 30.7480263], [46.4799228, 30.7480172], [46.4799178, 30.74809]]], "df_ids": [7905]}