{"polygon": [[[46.491738, 30.7222319], [46.4915147, 30.7225316], [46.4914257, 30.7223917], [46.4914036, 30.722357], [46.491343, 30.7222617], [46.4913967, 30.7221897], [46.4914784, 30.7223181], [46.4915844, 30.7221759], [46.4915319, 30.7220934], [46.4915955, 30.722008], [46.491738, 30.7222319]]], "df_ids": [45038]}