{"polygon": [[[46.4736557, 30.7119074], [46.4735795, 30.7119352], [46.4735484, 30.7119529], [46.4734969, 30.7119717], [46.4734318, 30.7119771], [46.4733307, 30.7119576], [46.4733177, 30.7117541], [46.4736347, 30.7117035], [46.4736557, 30.7119074]]], "df_ids": [63244]}