{"polygon": [[[46.4798569, 30.7451921], [46.4795136, 30.7451117], [46.4795405, 30.7448694], [46.4798227, 30.744965], [46.4798453, 30.744732], [46.4794675, 30.7446681], [46.4793483, 30.744727], [46.4793002, 30.7452938], [46.4798315, 30.7454202], [46.4798569, 30.7451921]]], "df_ids": [74835]}