{"polygon": [[[46.4701397, 30.7504356], [46.4702383, 30.7504499], [46.4702488, 30.7502957], [46.4701503, 30.7502814], [46.4701445, 30.7503664], [46.4701397, 30.7504356]]], "df_ids": [166122]}