{"polygon": [[[46.4792781, 30.7412841], [46.4793449, 30.7412934], [46.4793807, 30.74075], [46.4792554, 30.7407326], [46.4792234, 30.7412169], [46.479282, 30.7412251], [46.4792781, 30.7412841]]], "df_ids": [29]}