{"polygon": [[[46.4010232, 30.7112526], [46.4011852, 30.7112056], [46.4012051, 30.7113503], [46.4012928, 30.7113249], [46.4012609, 30.7110938], [46.4014221, 30.7110471], [46.4014562, 30.7112945], [46.401534, 30.7112719], [46.401507, 30.7110761], [46.401672, 30.7110283], [46.4016604, 30.7109443], [46.4015358, 30.7109804], [46.4015003, 30.710723], [46.4014145, 30.7107479], [46.4014388, 30.7109241], [46.4013981, 30.7109359], [46.4013887, 30.710868], [46.4012203, 30.7109168], [46.4012257, 30.7109555], [46.4011922, 30.7109652], [46.4011734, 30.7108287], [46.4010836, 30.7108547], [46.4011132, 30.711069], [46.4010023, 30.7111011], [46.4010232, 30.7112526]]], "df_ids": [63430]}