{"polygon": [[[46.4801428, 30.7223876], [46.4805159, 30.7222696], [46.4804864, 30.7220926], [46.4801207, 30.7222052], [46.4801428, 30.7223876]]], "df_ids": [51203]}