{"polygon": [[[46.4799432, 30.7432108], [46.4799694, 30.7428884], [46.4799874, 30.7426819], [46.4802815, 30.742736], [46.4802306, 30.7433193], [46.4801809, 30.7433102], [46.4801471, 30.743304], [46.4801766, 30.7429651], [46.4800874, 30.7429487], [46.4800627, 30.7432317], [46.4800167, 30.7432221], [46.4799432, 30.7432108]]], "df_ids": [26570]}