{"polygon": [[[46.476575, 30.7396839], [46.4763948, 30.7396595], [46.4764112, 30.7394042], [46.4764188, 30.7392763], [46.4764282, 30.7391506], [46.4765989, 30.7391722], [46.4765881, 30.7393408], [46.4764987, 30.7393286], [46.476503, 30.7392623], [46.4764807, 30.7392592], [46.4764695, 30.7394333], [46.4765901, 30.7394496], [46.476575, 30.7396839]]], "df_ids": [1681]}