{"polygon": [[[46.4871744, 30.7362522], [46.4875842, 30.736329], [46.4876035, 30.7361101], [46.4875329, 30.736101], [46.4871908, 30.7360482], [46.4871744, 30.7362522]]], "df_ids": [6215]}