{"polygon": [[[46.4737265, 30.7291939], [46.4737133, 30.7293615], [46.4737267, 30.7293638], [46.4737457, 30.7293669], [46.4737445, 30.7293825], [46.4737163, 30.7297406], [46.4737741, 30.7297502], [46.4737829, 30.7296392], [46.4738006, 30.7294171], [46.4738162, 30.7292104], [46.4737408, 30.7291963], [46.4737265, 30.7291939]]], "df_ids": [841]}