{"polygon": [[[46.4886117, 30.7356832], [46.4885769, 30.7356831], [46.488387, 30.7356828], [46.4883885, 30.7359604], [46.4885787, 30.7359643], [46.4885943, 30.7359688], [46.4885958, 30.7359496], [46.4886117, 30.7356832]]], "df_ids": [6005]}