{"polygon": [[[46.4708316, 30.7485358], [46.4708498, 30.7481686], [46.4707116, 30.7481504], [46.470696, 30.7485203], [46.4706621, 30.7485171], [46.4706532, 30.7487405], [46.470652, 30.7487694], [46.4706604, 30.7487891], [46.4706694, 30.7487972], [46.4708238, 30.7488149], [46.4708333, 30.7488151], [46.4708355, 30.7487499], [46.4709912, 30.7487677], [46.4710015, 30.7486279], [46.4708443, 30.7486054], [46.470841, 30.7486402], [46.4708314, 30.7486395], [46.4707816, 30.7486341], [46.4707867, 30.7485311], [46.4708316, 30.7485358]]], "df_ids": [30464]}