{"polygon": [[[46.4788207, 30.7208058], [46.4790571, 30.7207307], [46.4790609, 30.7207657], [46.4790765, 30.7209105], [46.4790273, 30.7209248], [46.4788364, 30.7209802], [46.4788207, 30.7208058]]], "df_ids": [76482]}