{"polygon": [[[46.4757007, 30.711408], [46.4758704, 30.7114465], [46.4760919, 30.7114968], [46.476124, 30.7114563], [46.4761417, 30.7112674], [46.4760178, 30.7112456], [46.4760065, 30.7114184], [46.4759999, 30.7114189], [46.4760027, 30.7113522], [46.4759894, 30.7113318], [46.4758817, 30.7113085], [46.4757107, 30.7112715], [46.4757007, 30.711408]]], "df_ids": [180607]}