{"polygon": [[[46.4741451, 30.7493328], [46.4740155, 30.7493137], [46.47393, 30.7493011], [46.4739461, 30.7490698], [46.4740317, 30.7490823], [46.4740807, 30.7490896], [46.4741148, 30.7486011], [46.4740485, 30.7485913], [46.4740632, 30.7483802], [46.47421, 30.7484018], [46.4741451, 30.7493328]]], "df_ids": [231397]}