{"polygon": [[[46.4748166, 30.7448199], [46.4746794, 30.7448055], [46.4746603, 30.745188], [46.4747976, 30.7452024], [46.4748046, 30.7450608], [46.4748166, 30.7448199]]], "df_ids": [30717]}