{"polygon": [[[46.4809847, 30.7237948], [46.4810245, 30.7237388], [46.4811746, 30.7235279], [46.4811939, 30.7235008], [46.4811688, 30.7234632], [46.4811072, 30.7233708], [46.4809166, 30.7236387], [46.4808981, 30.7236648], [46.4809199, 30.7236975], [46.4809847, 30.7237948]]], "df_ids": [136283]}