{"polygon": [[[46.4817759, 30.7488944], [46.4817089, 30.7488859], [46.4816033, 30.7488726], [46.4816156, 30.748667], [46.4817186, 30.74868], [46.481849, 30.7486965], [46.4818287, 30.749035], [46.4817679, 30.7490273], [46.4817759, 30.7488944]]], "df_ids": [67451]}