{"polygon": [[[46.4880319, 30.7309959], [46.4881523, 30.7308262], [46.4879955, 30.7305446], [46.4878275, 30.7302732], [46.4877178, 30.7304133], [46.4876712, 30.7303342], [46.4876423, 30.7303738], [46.4875635, 30.7302403], [46.48783, 30.7299065], [46.4878435, 30.7299293], [46.4880736, 30.7303193], [46.4880904, 30.7302985], [46.488141, 30.7303874], [46.4881758, 30.7304406], [46.488158, 30.7304656], [46.4883955, 30.7308301], [46.4881379, 30.7311834], [46.4880319, 30.7309959]]], "df_ids": [8843]}