{"polygon": [[[46.4812267, 30.7134686], [46.4813451, 30.7134665], [46.4813415, 30.7130224], [46.4812231, 30.7130244], [46.4812249, 30.7132378], [46.4812267, 30.7134686]]], "df_ids": [27845]}