{"polygon": [[[46.4719186, 30.7310702], [46.4722234, 30.7311013], [46.4721991, 30.7314565], [46.472107, 30.7314427], [46.4721189, 30.7312759], [46.4720185, 30.7312686], [46.4720173, 30.7312863], [46.4720093, 30.7314076], [46.4718953, 30.7313964], [46.471904, 30.7312749], [46.4719186, 30.7310702]]], "df_ids": [31635]}