{"polygon": [[[46.4928407, 30.7221336], [46.4927304, 30.7222716], [46.4927661, 30.7223311], [46.4929274, 30.7225876], [46.4928249, 30.7227271], [46.4929243, 30.7228963], [46.4931422, 30.7226113], [46.4928407, 30.7221336]]], "df_ids": [219452]}