{"polygon": [[[46.482747, 30.7473026], [46.4829903, 30.7473301], [46.4830091, 30.747333], [46.4829983, 30.7475043], [46.4829785, 30.7475009], [46.4829514, 30.7474963], [46.4829126, 30.7474897], [46.4827991, 30.7474705], [46.4828047, 30.7474071], [46.4827394, 30.747399], [46.482747, 30.7473026]]], "df_ids": [124490]}