{"polygon": [[[46.4790894, 30.7302704], [46.4789961, 30.7303866], [46.4789231, 30.7302679], [46.4788941, 30.7303031], [46.4787928, 30.7304263], [46.4787095, 30.7302872], [46.478812, 30.7301559], [46.4789093, 30.730044], [46.4789599, 30.7300409], [46.4790894, 30.7302704]]], "df_ids": [6587]}