{"polygon": [[[46.4885885, 30.7347621], [46.4885907, 30.7347146], [46.4886711, 30.7347227], [46.4887939, 30.7347351], [46.4887767, 30.7350795], [46.4886273, 30.735066], [46.4886424, 30.7347676], [46.4885885, 30.7347621]]], "df_ids": [9276]}