{"polygon": [[[46.4688883, 30.7175728], [46.4686717, 30.7175102], [46.4686439, 30.7177132], [46.4688605, 30.7177758], [46.4688883, 30.7175728]]], "df_ids": [464]}