{"polygon": [[[46.4809446, 30.7227467], [46.480772, 30.7228645], [46.4807663, 30.7228684], [46.4808456, 30.7229998], [46.4808512, 30.7229957], [46.4809731, 30.7229047], [46.4809997, 30.7229463], [46.4810263, 30.7229328], [46.4809889, 30.7228503], [46.4809446, 30.7227467]]], "df_ids": [6540]}