{"polygon": [[[46.4856527, 30.7317691], [46.4857015, 30.7317025], [46.4855877, 30.7315109], [46.4855821, 30.7314724], [46.4856505, 30.7313508], [46.4856854, 30.7313528], [46.4858245, 30.7315693], [46.4858789, 30.7314968], [46.4856928, 30.7311931], [46.4856639, 30.7312405], [46.4856522, 30.7312405], [46.4856373, 30.7312156], [46.4854934, 30.7314402], [46.4855269, 30.7314623], [46.4854923, 30.731501], [46.4855028, 30.7315344], [46.4856527, 30.7317691]]], "df_ids": [193759]}