{"polygon": [[[46.4766232, 30.737369], [46.4763237, 30.7373275], [46.4763099, 30.7375377], [46.4767292, 30.7375958], [46.4767462, 30.7373377], [46.4767602, 30.7371244], [46.4766404, 30.7371078], [46.4766262, 30.7373231], [46.4766232, 30.737369]]], "df_ids": [6500]}