{"polygon": [[[46.4771145, 30.7497386], [46.4775284, 30.7497843], [46.4779343, 30.7498291], [46.4779779, 30.7498418], [46.4779926, 30.7496325], [46.4779494, 30.7496278], [46.4778775, 30.749619], [46.4778718, 30.7496065], [46.4778673, 30.7495981], [46.4778572, 30.7495921], [46.4778401, 30.7495935], [46.4778289, 30.7496023], [46.4778244, 30.7496143], [46.4776557, 30.7495955], [46.4776581, 30.7495486], [46.4776299, 30.7495455], [46.4776402, 30.7493476], [46.4774749, 30.7493294], [46.4774654, 30.7495109], [46.4774142, 30.7495053], [46.4774121, 30.7495455], [46.4772511, 30.7495277], [46.4772487, 30.7495065], [46.4772413, 30.7494894], [46.4772328, 30.7494833], [46.4772209, 30.7494793], [46.4772067, 30.7494851], [46.477197, 30.7494938], [46.477191, 30.7495178], [46.4771308, 30.7495067], [46.4771145, 30.7497386]]], "df_ids": [29617]}