{"polygon": [[[46.4707468, 30.7475737], [46.470864, 30.7475854], [46.4708541, 30.7477958], [46.4709832, 30.7478087], [46.4709862, 30.7477451], [46.4710844, 30.7477549], [46.4710766, 30.7479171], [46.4710371, 30.7479119], [46.4707335, 30.7478719], [46.4707468, 30.7475737]]], "df_ids": [1190, 228535]}