{"polygon": [[[46.4885103, 30.7219726], [46.4887918, 30.722468], [46.4888813, 30.7226248], [46.4887879, 30.7227371], [46.4887679, 30.7227354], [46.4884073, 30.7221053], [46.4885103, 30.7219726]]], "df_ids": [647]}