{"polygon": [[[46.4802524, 30.7325857], [46.4802577, 30.7325066], [46.4802598, 30.7324758], [46.4802731, 30.7322795], [46.4807231, 30.7323396], [46.4807134, 30.7324957], [46.4803982, 30.7324544], [46.480389, 30.7325222], [46.4803863, 30.732543], [46.4804574, 30.7325511], [46.4804604, 30.7326156], [46.4803879, 30.7326053], [46.4802524, 30.7325857]]], "df_ids": [28417]}