{"polygon": [[[46.4823091, 30.7454002], [46.482713, 30.7454865], [46.4826928, 30.7456854], [46.4826196, 30.7456698], [46.4822889, 30.7455991], [46.4822981, 30.7455083], [46.4823091, 30.7454002]]], "df_ids": [14282]}