{"polygon": [[[46.4880507, 30.7364465], [46.4881467, 30.7364728], [46.4881464, 30.7364849], [46.48815, 30.736503], [46.4881541, 30.7365147], [46.4881592, 30.7365217], [46.4881659, 30.7365318], [46.48818, 30.7365362], [46.4881957, 30.7365355], [46.4882118, 30.7365201], [46.4882192, 30.7365006], [46.4882225, 30.7364892], [46.4883285, 30.7365129], [46.4883479, 30.7363049], [46.4881506, 30.7362481], [46.4880669, 30.7362226], [46.4880559, 30.736374], [46.4880507, 30.7364465]]], "df_ids": [8903]}