{"polygon": [[[46.489959, 30.7210534], [46.4900877, 30.720884], [46.490235, 30.72069], [46.4903164, 30.7208287], [46.4901694, 30.72101], [46.4899848, 30.7212547], [46.4899259, 30.7212434], [46.48973, 30.720917], [46.4898153, 30.7208127], [46.489959, 30.7210534]]], "df_ids": [29016]}