{"polygon": [[[46.4832911, 30.7334261], [46.4833477, 30.7334346], [46.4833629, 30.7332213], [46.4833331, 30.7332168], [46.4833375, 30.7331564], [46.4833166, 30.7331532], [46.4833211, 30.7330897], [46.4831814, 30.7330706], [46.4831545, 30.7334469], [46.4831509, 30.7334973], [46.4832845, 30.7335174], [46.4832885, 30.7334619], [46.4832911, 30.7334261]]], "df_ids": [4749]}