{"polygon": [[[46.4897208, 30.7223858], [46.489632, 30.7222325], [46.4896422, 30.7222202], [46.4899047, 30.7219043], [46.4899584, 30.7219044], [46.4902673, 30.7223959], [46.4901507, 30.7225362], [46.4900754, 30.7224043], [46.4899314, 30.7221593], [46.4898989, 30.7221476], [46.4897339, 30.722372], [46.4897208, 30.7223858]]], "df_ids": [29018]}