{"polygon": [[[46.4786228, 30.7313301], [46.4787613, 30.7313301], [46.4788241, 30.731255], [46.4788647, 30.7313086], [46.4789718, 30.7311531], [46.4788508, 30.7309337], [46.4787014, 30.7311287], [46.4786573, 30.7310574], [46.4785431, 30.7312063], [46.4786228, 30.7313301]]], "df_ids": [74978]}