{"polygon": [[[46.4770037, 30.7314185], [46.4768118, 30.7313914], [46.4768213, 30.7311933], [46.4770099, 30.731226], [46.4770968, 30.730957], [46.4771439, 30.7309951], [46.4770791, 30.7311963], [46.4770037, 30.7314185]]], "df_ids": [31574]}