{"polygon": [[[46.4815784, 30.711892], [46.4815337, 30.7114078], [46.481414, 30.711433], [46.4814566, 30.7118351], [46.4814029, 30.7118547], [46.4814098, 30.711921], [46.4815784, 30.711892]]], "df_ids": [134140]}