{"polygon": [[[46.4802143, 30.7357859], [46.4802797, 30.7357951], [46.4803835, 30.7358114], [46.4803786, 30.7358779], [46.4805124, 30.7358988], [46.4805167, 30.7358588], [46.4805287, 30.7356406], [46.4802257, 30.7356028], [46.4802143, 30.7357859]]], "df_ids": [26990]}