{"polygon": [[[46.4884267, 30.7284386], [46.4883621, 30.7283279], [46.4884428, 30.7282221], [46.4884924, 30.7283021], [46.4885857, 30.7281799], [46.4885055, 30.7280508], [46.4886044, 30.7279211], [46.4887684, 30.728185], [46.4884902, 30.7285471], [46.4884267, 30.7284386]]], "df_ids": [5453]}