{"polygon": [[[46.4811911, 30.7336657], [46.4813816, 30.7336906], [46.4813959, 30.7334601], [46.4814101, 30.7332316], [46.4812331, 30.7332084], [46.4812108, 30.7332055], [46.4809124, 30.7331666], [46.4809033, 30.7333148], [46.4812447, 30.7333594], [46.4812394, 30.7334437], [46.4812315, 30.7335724], [46.4811971, 30.7335679], [46.4811945, 30.7336104], [46.4811911, 30.7336657]]], "df_ids": [44737]}