{"polygon": [[[46.4806664, 30.7230672], [46.4805908, 30.72312], [46.4805236, 30.7231668], [46.4804569, 30.7230499], [46.4805353, 30.7230114], [46.4806234, 30.7229682], [46.4806664, 30.7230672]]], "df_ids": [160725]}