{"polygon": [[[46.4828357, 30.7251368], [46.4829351, 30.7253034], [46.4830329, 30.725463], [46.4830583, 30.7255183], [46.4831273, 30.7256455], [46.4830796, 30.7257075], [46.4828958, 30.7254], [46.4828439, 30.7254654], [46.4830263, 30.7257786], [46.4829716, 30.7258515], [46.4826705, 30.7253446], [46.4828357, 30.7251368]]], "df_ids": [45335]}