{"polygon": [[[46.4692643, 30.7527571], [46.4693285, 30.7527654], [46.4693303, 30.7527353], [46.4693739, 30.7527409], [46.4694215, 30.752747], [46.4694204, 30.7527656], [46.4694186, 30.7527944], [46.4694641, 30.7528002], [46.4694784, 30.7525735], [46.4694925, 30.7523577], [46.4694439, 30.752351], [46.4694216, 30.7523483], [46.4694096, 30.7525448], [46.4693786, 30.7525408], [46.4693396, 30.7525358], [46.4693479, 30.7523996], [46.4692866, 30.7523917], [46.4692643, 30.7527571]]], "df_ids": [493]}