{"polygon": [[[46.469494, 30.7440705], [46.4694966, 30.7440315], [46.4694977, 30.7440143], [46.469537, 30.7440197], [46.4695383, 30.7440007], [46.4695452, 30.7438948], [46.4694387, 30.7438801], [46.4694297, 30.744022], [46.4694217, 30.7441485], [46.469511, 30.7441617], [46.4695168, 30.7440737], [46.469494, 30.7440705]]], "df_ids": [30800]}