{"polygon": [[[46.4908371, 30.7191567], [46.4906023, 30.7191108], [46.4906031, 30.7189157], [46.4908463, 30.7189698], [46.4908371, 30.7191567]]], "df_ids": [154840]}