{"polygon": [[[46.4825149, 30.71882], [46.4826666, 30.7187716], [46.4826177, 30.7184474], [46.4825667, 30.718109], [46.4824178, 30.7181437], [46.4825026, 30.7187365], [46.4825149, 30.71882]]], "df_ids": [2193]}