{"polygon": [[[46.4767153, 30.7263791], [46.4768402, 30.7265954], [46.4769229, 30.7264946], [46.476798, 30.7262784], [46.4767153, 30.7263791]]], "df_ids": [33186]}