{"polygon": [[[46.4930542, 30.7232243], [46.4931463, 30.7233741], [46.493105, 30.7234276], [46.4931331, 30.7234728], [46.4931456, 30.7234628], [46.4931626, 30.7234655], [46.4931765, 30.7234789], [46.493188, 30.7235037], [46.4931894, 30.7235251], [46.4931822, 30.7235531], [46.4932108, 30.7235998], [46.4932589, 30.7235374], [46.4933516, 30.7236883], [46.4933019, 30.7237527], [46.493401, 30.723914], [46.4934475, 30.7238536], [46.493539, 30.7240024], [46.4933601, 30.7242344], [46.493258, 30.7240683], [46.4933063, 30.7240057], [46.4932006, 30.7238338], [46.4931629, 30.7238826], [46.4930926, 30.7237683], [46.4931385, 30.7237088], [46.493029, 30.7235306], [46.492969, 30.7236083], [46.4928754, 30.7234561], [46.4930542, 30.7232243]]], "df_ids": [5247]}