{"polygon": [[[46.474644, 30.7484581], [46.4747593, 30.7484726], [46.4747683, 30.7483442], [46.4747772, 30.7482001], [46.4746731, 30.7481864], [46.4745953, 30.7481775], [46.4745884, 30.7482786], [46.4746545, 30.7482889], [46.4746521, 30.7483276], [46.4746497, 30.7483659], [46.474644, 30.7484581]]], "df_ids": [33363]}