{"polygon": [[[46.4853006, 30.7207264], [46.4852137, 30.7207557], [46.4851345, 30.7207824], [46.4851115, 30.720643], [46.4851069, 30.7206183], [46.4851855, 30.7205901], [46.4851996, 30.720585], [46.4852721, 30.720559], [46.4853006, 30.7207264]]], "df_ids": [174284]}