{"polygon": [[[46.4842787, 30.7270199], [46.4841547, 30.726816], [46.4842591, 30.7266701], [46.4843853, 30.7268872], [46.4842787, 30.7270199]]], "df_ids": [193766]}