{"polygon": [[[46.4709555, 30.7291026], [46.4706227, 30.7290573], [46.4706181, 30.7291279], [46.4707994, 30.7291526], [46.470798, 30.729175], [46.4707963, 30.7292014], [46.4706136, 30.7291766], [46.470608, 30.729264], [46.4709422, 30.7293095], [46.4709494, 30.729198], [46.4709555, 30.7291026]]], "df_ids": [5696, 37032]}