{"polygon": [[[46.4781634, 30.7154541], [46.4781523, 30.7149815], [46.4782082, 30.7149788], [46.4782192, 30.7154514], [46.4781634, 30.7154541]]], "df_ids": [174011]}