{"polygon": [[[46.4713407, 30.7509283], [46.4716581, 30.7509863], [46.4717279, 30.7500867], [46.4716031, 30.7500663], [46.4715869, 30.7502748], [46.4714489, 30.7502522], [46.4714348, 30.7504294], [46.471661, 30.7504667], [46.4716347, 30.7508022], [46.4714085, 30.7507648], [46.4713499, 30.7507631], [46.4713407, 30.7509283]]], "df_ids": [27374]}