{"polygon": [[[46.4763576, 30.7216293], [46.4762173, 30.721683], [46.4762985, 30.7221979], [46.4764463, 30.7221443], [46.4763576, 30.7216293]]], "df_ids": [29770]}