{"polygon": [[[46.473432, 30.7532569], [46.4733429, 30.7532468], [46.4732476, 30.7532359], [46.4732807, 30.7526243], [46.4734081, 30.7526389], [46.47347, 30.7526459], [46.4734567, 30.7528919], [46.4733928, 30.7528846], [46.4733847, 30.7530351], [46.4734436, 30.7530418], [46.473432, 30.7532569]]], "df_ids": [447]}