{"polygon": [[[46.4890048, 30.7356853], [46.4888988, 30.7356836], [46.4888151, 30.7356835], [46.4888026, 30.7359274], [46.4888986, 30.7359346], [46.4889433, 30.7359379], [46.4889391, 30.7361336], [46.4890032, 30.7361366], [46.4890052, 30.7359915], [46.4890056, 30.7359439], [46.4890048, 30.7356853]]], "df_ids": [9347]}