{"polygon": [[[46.4885684, 30.7384728], [46.4887306, 30.738498], [46.4889092, 30.7385257], [46.4889245, 30.7383177], [46.4885837, 30.7382648], [46.4885684, 30.7384728]]], "df_ids": [27590]}