{"polygon": [[[46.4916678, 30.7151279], [46.491791, 30.7152264], [46.4916655, 30.7155575], [46.4915423, 30.715459], [46.4916678, 30.7151279]]], "df_ids": [89683]}