{"polygon": [[[46.4700819, 30.7418793], [46.4700552, 30.7423097], [46.4700006, 30.7423], [46.4700342, 30.7419009], [46.4699541, 30.7418904], [46.4699119, 30.7423998], [46.4701051, 30.7424356], [46.4701479, 30.7418902], [46.4700819, 30.7418793]]], "df_ids": [29231]}