{"polygon": [[[46.479239, 30.7196754], [46.4794995, 30.7196123], [46.4794919, 30.7194438], [46.4792279, 30.7195011], [46.479239, 30.7196754]]], "df_ids": [45691]}