{"polygon": [[[46.4819606, 30.7504474], [46.481965, 30.7503565], [46.4819603, 30.7503472], [46.4819537, 30.750334], [46.4818834, 30.7503253], [46.48187, 30.7503233], [46.481864, 30.7503311], [46.4818568, 30.7503407], [46.4818485, 30.7504539], [46.4817587, 30.7504449], [46.4818028, 30.7498122], [46.4818972, 30.749826], [46.4818804, 30.7500678], [46.4818977, 30.7500703], [46.4819965, 30.7500849], [46.4820142, 30.7498298], [46.4820929, 30.7498414], [46.4820794, 30.7500253], [46.4820505, 30.7504597], [46.4819606, 30.7504474]]], "df_ids": [5936]}