{"polygon": [[[46.47357, 30.7312744], [46.4733746, 30.731242], [46.4733569, 30.7314823], [46.4733544, 30.7315153], [46.4734686, 30.731533], [46.473487, 30.7315359], [46.4735486, 30.7315455], [46.4735536, 30.7314705], [46.47357, 30.7312744]]], "df_ids": [75758]}