{"polygon": [[[46.4700714, 30.7361612], [46.4699312, 30.7361324], [46.4698911, 30.7365436], [46.4701511, 30.736597], [46.4701793, 30.7363078], [46.4700595, 30.7362832], [46.4700714, 30.7361612]]], "df_ids": [74831]}