{"polygon": [[[46.4820433, 30.7383556], [46.4820542, 30.7381051], [46.4820569, 30.7380817], [46.4820107, 30.7380763], [46.4820077, 30.7381323], [46.4819179, 30.7381219], [46.4818513, 30.7381142], [46.4818532, 30.7380791], [46.4817864, 30.7380714], [46.4817704, 30.7383213], [46.4819108, 30.7383365], [46.4820433, 30.7383556]]], "df_ids": [28300]}