{"polygon": [[[46.4926311, 30.7169469], [46.4927043, 30.7169767], [46.4927455, 30.7167637], [46.4926723, 30.7167338], [46.4926311, 30.7169469]]], "df_ids": [251629]}