{"polygon": [[[46.4068039, 30.7288294], [46.4068852, 30.7288141], [46.4068755, 30.7287061], [46.4069314, 30.7286956], [46.4069235, 30.7286076], [46.4069514, 30.7286024], [46.4069391, 30.7284651], [46.4069077, 30.728471], [46.4068979, 30.7283605], [46.406819, 30.7283753], [46.4068268, 30.7284621], [46.4067999, 30.7284672], [46.4068121, 30.728604], [46.4067366, 30.7286182], [46.4067464, 30.7287283], [46.406794, 30.7287193], [46.4068039, 30.7288294]]], "df_ids": [75449]}