{"polygon": [[[46.4125551, 30.7225992], [46.4125809, 30.7228678], [46.4120098, 30.7229833], [46.411984, 30.7227146], [46.4125551, 30.7225992]]], "df_ids": [75032]}