{"polygon": [[[46.4909849, 30.7235683], [46.491119, 30.7237884], [46.4910128, 30.723925], [46.4909864, 30.7238816], [46.4908762, 30.7240234], [46.4908376, 30.7239601], [46.4907684, 30.7238466], [46.4909849, 30.7235683]]], "df_ids": [26324]}