{"polygon": [[[46.4722711, 30.7224192], [46.4721566, 30.7223924], [46.472098, 30.7230616], [46.472212, 30.723079], [46.4722711, 30.7224192]]], "df_ids": [175131]}