{"polygon": [[[46.468893, 30.718841], [46.4690241, 30.7190456], [46.4692199, 30.7193514], [46.4693137, 30.7192196], [46.4693283, 30.719199], [46.4691605, 30.7189479], [46.4691242, 30.7188935], [46.4689941, 30.7186987], [46.468893, 30.718841]]], "df_ids": [51636]}