{"polygon": [[[46.4762099, 30.7190919], [46.4763891, 30.7190558], [46.4763723, 30.7188879], [46.4762091, 30.7189289], [46.4762099, 30.7190919]]], "df_ids": [188923]}