{"polygon": [[[46.4890522, 30.7218333], [46.4891625, 30.7220173], [46.4892489, 30.7221704], [46.4891295, 30.7223204], [46.4890116, 30.7224685], [46.4889203, 30.7223008], [46.4887904, 30.722083], [46.4888529, 30.7220087], [46.4889593, 30.7221978], [46.4889256, 30.7222377], [46.488942, 30.7222669], [46.4890331, 30.7221588], [46.4891252, 30.7220495], [46.4891107, 30.7220238], [46.4890766, 30.7220643], [46.4890113, 30.7219483], [46.4889989, 30.721963], [46.488975, 30.7219206], [46.4890522, 30.7218333]]], "df_ids": [180703]}