{"polygon": [[[46.4882226, 30.7147462], [46.4883251, 30.7147123], [46.4883497, 30.7148684], [46.4882471, 30.7149024], [46.4882226, 30.7147462]]], "df_ids": [190508]}