{"polygon": [[[46.4850605, 30.7130892], [46.4847724, 30.7132823], [46.484754, 30.7133359], [46.4847835, 30.7134647], [46.4848426, 30.7134754], [46.485127, 30.7133037], [46.4851566, 30.7132233], [46.4851344, 30.7131428], [46.4850605, 30.7130892]]], "df_ids": [63166]}