{"polygon": [[[46.4735014, 30.7295074], [46.473621, 30.7295236], [46.4736221, 30.7295053], [46.4736269, 30.7294304], [46.47364, 30.7294322], [46.4736452, 30.7293517], [46.4737133, 30.7293615], [46.4737265, 30.7291939], [46.4735456, 30.7291695], [46.4735253, 30.7291972], [46.473503, 30.7294875], [46.4735014, 30.7295074]]], "df_ids": [161919]}