{"polygon": [[[46.4706161, 30.7432921], [46.4705524, 30.7432824], [46.4705578, 30.7431942], [46.4705749, 30.7431912], [46.4707792, 30.7432206], [46.4707685, 30.7433725], [46.4707581, 30.7435213], [46.4705662, 30.7434903], [46.4705509, 30.7434879], [46.4705567, 30.7433931], [46.4706086, 30.7433998], [46.4706121, 30.7433488], [46.4706161, 30.7432921]]], "df_ids": [45199]}