{"polygon": [[[46.4881059, 30.7333748], [46.4880659, 30.7339191], [46.4880224, 30.7339102], [46.4879418, 30.7338995], [46.4879639, 30.7335411], [46.4879796, 30.7333552], [46.4881059, 30.7333748]]], "df_ids": [6518]}