{"polygon": [[[46.4705304, 30.7465502], [46.4705162, 30.7467581], [46.470227, 30.7467165], [46.4702411, 30.7465086], [46.4704309, 30.7465359], [46.4705304, 30.7465502]]], "df_ids": [29569]}