{"polygon": [[[46.4736928, 30.7364787], [46.4734848, 30.7364468], [46.4735005, 30.7362941], [46.4737035, 30.7363259], [46.4736928, 30.7364787]]], "df_ids": [191789]}