{"polygon": [[[46.4810965, 30.7292641], [46.4811001, 30.7292704], [46.4811967, 30.7294383], [46.481427, 30.7291589], [46.4813447, 30.7290159], [46.4812065, 30.7291835], [46.4811915, 30.7291569], [46.4811886, 30.7291523], [46.4810965, 30.7292641]]], "df_ids": [2300]}