{"polygon": [[[46.491821, 30.7194649], [46.4917341, 30.7194438], [46.4917354, 30.7194209], [46.4917596, 30.7192482], [46.4919662, 30.7193039], [46.4919319, 30.7196026], [46.4918086, 30.7195727], [46.491821, 30.7194649]]], "df_ids": [33013]}