{"polygon": [[[46.4773603, 30.7220655], [46.4778988, 30.7218911], [46.4779056, 30.7219349], [46.4781199, 30.7218551], [46.4781324, 30.7219202], [46.4781554, 30.7220543], [46.4779365, 30.722136], [46.4779431, 30.7221793], [46.477856, 30.7222075], [46.4778402, 30.7221052], [46.477758, 30.7221318], [46.4777793, 30.7222706], [46.4777024, 30.7222955], [46.4776135, 30.7223243], [46.4775898, 30.7221696], [46.4774905, 30.7222018], [46.4775077, 30.722314], [46.4774037, 30.7223477], [46.4773603, 30.7220655]]], "df_ids": [8826]}