{"polygon": [[[46.4827624, 30.7328133], [46.4827531, 30.7329018], [46.48268, 30.7328925], [46.4826715, 30.7329783], [46.4828828, 30.7330035], [46.4829046, 30.7326604], [46.4828713, 30.7326041], [46.4826012, 30.7325719], [46.4825888, 30.7327865], [46.4827624, 30.7328133]]], "df_ids": [5809]}