{"polygon": [[[46.488738, 30.7205787], [46.4884979, 30.7208625], [46.4885854, 30.721019], [46.4886045, 30.7210432], [46.4888121, 30.7213918], [46.4888251, 30.7214137], [46.4889101, 30.7213049], [46.4886943, 30.720931], [46.488758, 30.72085], [46.488977, 30.7212193], [46.4890599, 30.7211131], [46.4889263, 30.7208931], [46.488738, 30.7205787]]], "df_ids": [194090]}