{"polygon": [[[46.4914037, 30.7169523], [46.4912054, 30.7168746], [46.4911627, 30.7168578], [46.4910183, 30.7168002], [46.4909924, 30.7168692], [46.4910157, 30.716879], [46.4913922, 30.7170368], [46.4914037, 30.7169523]]], "df_ids": [2621]}