{"polygon": [[[46.4741274, 30.7360738], [46.4741404, 30.7359014], [46.4739192, 30.7358662], [46.4739343, 30.7356665], [46.4738765, 30.7356573], [46.4738484, 30.7360294], [46.4741274, 30.7360738]]], "df_ids": [165412]}