{"polygon": [[[46.4795004, 30.7286696], [46.4794333, 30.7287525], [46.4793487, 30.728857], [46.4793865, 30.7289216], [46.4793192, 30.7290048], [46.4792587, 30.7290796], [46.4791877, 30.7289584], [46.4793109, 30.7288062], [46.479287, 30.7287653], [46.4794481, 30.7285662], [46.4794769, 30.7286152], [46.4796028, 30.7284597], [46.4796696, 30.7285736], [46.4796101, 30.728647], [46.4795388, 30.7287351], [46.4795004, 30.7286696]]], "df_ids": [101494]}