{"polygon": [[[46.4877456, 30.7130613], [46.4877866, 30.7133328], [46.4879021, 30.7132959], [46.4878611, 30.7130245], [46.4877456, 30.7130613]]], "df_ids": [7939]}