{"polygon": [[[46.4812125, 30.725567], [46.481095, 30.7257215], [46.4809884, 30.7258617], [46.4810825, 30.7260128], [46.4811618, 30.7261397], [46.4812397, 30.7260372], [46.4811626, 30.7259135], [46.4811291, 30.7258598], [46.4812753, 30.7256677], [46.4812125, 30.725567]]], "df_ids": [6078]}