{"polygon": [[[46.4109351, 30.7236299], [46.4109654, 30.7238893], [46.4105812, 30.7239837], [46.410551, 30.7237242], [46.4109351, 30.7236299]]], "df_ids": [75035]}