{"polygon": [[[46.4927873, 30.7190411], [46.492544, 30.7189673], [46.4925459, 30.7189482], [46.4924632, 30.7189234], [46.4924609, 30.7189418], [46.4922967, 30.7188887], [46.4922386, 30.7188706], [46.4922036, 30.7191081], [46.4927523, 30.7192786], [46.4927873, 30.7190411]]], "df_ids": [1834]}