{"polygon": [[[46.4778068, 30.7482946], [46.4780665, 30.7483252], [46.4780799, 30.7483268], [46.4781556, 30.7483426], [46.4781642, 30.7483444], [46.4781743, 30.7481916], [46.478166, 30.7481903], [46.4781265, 30.7481842], [46.4780787, 30.7481768], [46.4780772, 30.748153], [46.477894, 30.74813], [46.4778924, 30.7481554], [46.4778167, 30.7481448], [46.4778068, 30.7482946]]], "df_ids": [28677]}