{"polygon": [[[46.4731849, 30.7332388], [46.4735049, 30.7332806], [46.4735101, 30.7331971], [46.4733745, 30.7331794], [46.4733813, 30.7330697], [46.4733872, 30.7329743], [46.4734365, 30.7329808], [46.4734394, 30.7329347], [46.4734431, 30.7328747], [46.4733455, 30.732862], [46.4732094, 30.7328442], [46.4731971, 30.7330428], [46.4731849, 30.7332388]]], "df_ids": [52524]}