{"polygon": [[[46.4858289, 30.7301203], [46.4857468, 30.730244], [46.485655, 30.7301295], [46.4856957, 30.7300493], [46.4857788, 30.7299037], [46.4858897, 30.7297014], [46.485925, 30.7297484], [46.4858989, 30.7297906], [46.4859641, 30.7298863], [46.4858814, 30.7300294], [46.4858289, 30.7301203]]], "df_ids": [45692]}