{"polygon": [[[46.47139, 30.7084746], [46.4711066, 30.7084737], [46.471106, 30.7088692], [46.4709848, 30.7088728], [46.4709859, 30.7082847], [46.4713903, 30.708286], [46.47139, 30.7084746]]], "df_ids": [63157]}