{"polygon": [[[46.4903261, 30.7358791], [46.4900781, 30.7358757], [46.4900758, 30.7356853], [46.4905108, 30.735686], [46.4904333, 30.7359918], [46.4903114, 30.7359381], [46.4903261, 30.7358791]]], "df_ids": [27821]}