{"polygon": [[[46.4928069, 30.7327588], [46.4929227, 30.7325407], [46.49297, 30.7324516], [46.4930306, 30.7323374], [46.4930628, 30.7322768], [46.4931663, 30.7323927], [46.4930236, 30.7326615], [46.4929104, 30.7328747], [46.4928069, 30.7327588]]], "df_ids": [136042]}