{"polygon": [[[46.4783289, 30.713254], [46.4784519, 30.7132483], [46.4784546, 30.7133722], [46.4783328, 30.7133788], [46.4783289, 30.713254]]], "df_ids": [154164]}