{"polygon": [[[46.4795978, 30.7292825], [46.4798499, 30.7289584], [46.4798201, 30.7289095], [46.4799412, 30.7287514], [46.4799487, 30.7287463], [46.4800226, 30.728869], [46.4800154, 30.728879], [46.4799135, 30.7290095], [46.4799557, 30.7290788], [46.4796551, 30.7294653], [46.4796203, 30.7294082], [46.479503, 30.729559], [46.4794126, 30.7294106], [46.4795602, 30.7292208], [46.4795978, 30.7292825]]], "df_ids": [10625]}