{"polygon": [[[46.4752253, 30.727672], [46.4752156, 30.7278276], [46.4752109, 30.7279013], [46.4752055, 30.727985], [46.4750687, 30.7279666], [46.4750785, 30.7278132], [46.4750885, 30.727652], [46.4752253, 30.727672]]], "df_ids": [27189]}