{"polygon": [[[46.4718317, 30.7218548], [46.4721843, 30.7214269], [46.4721124, 30.7213018], [46.4717598, 30.7217298], [46.4718317, 30.7218548]]], "df_ids": [30344]}