{"polygon": [[[46.4760339, 30.713156], [46.4759104, 30.7131447], [46.4759222, 30.7128733], [46.4759443, 30.7128753], [46.4760458, 30.7128847], [46.4760339, 30.713156]]], "df_ids": [1089]}