{"polygon": [[[46.4944624, 30.7204386], [46.4946286, 30.72068], [46.4948687, 30.7203688], [46.4948502, 30.7203366], [46.4948871, 30.7202776], [46.4948871, 30.7202133], [46.4948539, 30.7201864], [46.4948096, 30.720165], [46.4948096, 30.7201167], [46.4945659, 30.7200845], [46.4945659, 30.7202294], [46.4947283, 30.7202615], [46.4947579, 30.7203259], [46.4946877, 30.7204064], [46.4946485, 30.7203646], [46.4946038, 30.7203553], [46.4945805, 30.7203905], [46.4945309, 30.7203165], [46.4944987, 30.7203646], [46.4945118, 30.720389], [46.4944624, 30.7204386]]], "df_ids": [30844]}