{"polygon": [[[46.4826705, 30.7253446], [46.4829716, 30.7258515], [46.4828318, 30.7260377], [46.4827369, 30.7258873], [46.4827837, 30.7258284], [46.4828037, 30.725862], [46.4828429, 30.7258126], [46.4827013, 30.7255753], [46.4826485, 30.7256418], [46.4825567, 30.7254879], [46.4826705, 30.7253446]]], "df_ids": [8605, 45338]}