{"polygon": [[[46.4754845, 30.7255821], [46.4755843, 30.7254614], [46.4756829, 30.7256368], [46.4754542, 30.725892], [46.4754206, 30.7258811], [46.4753999, 30.7258745], [46.47541, 30.7258155], [46.4754249, 30.7258175], [46.4754387, 30.7258194], [46.4755492, 30.7256921], [46.4755206, 30.7256435], [46.4754845, 30.7255821]]], "df_ids": [173676, 173678]}