{"polygon": [[[46.4715546, 30.7312209], [46.4714201, 30.7311973], [46.4713314, 30.7311832], [46.4713343, 30.7311484], [46.4713339, 30.7311298], [46.4713447, 30.7309882], [46.4716485, 30.7310276], [46.4716781, 30.7310919], [46.4716685, 30.7312702], [46.4716455, 30.731687], [46.4715214, 30.7316678], [46.4715242, 30.7316282], [46.4715522, 30.7312525], [46.4715546, 30.7312209]]], "df_ids": [2575]}