{"polygon": [[[46.4900159, 30.730559], [46.490219, 30.730917], [46.489974, 30.7311742], [46.490064, 30.7313324], [46.4903557, 30.7310243], [46.4903668, 30.7308312], [46.4901113, 30.7304051], [46.490103, 30.7303912], [46.4900393, 30.7304722], [46.4900467, 30.7304864], [46.490056, 30.7305044], [46.4900159, 30.730559]]], "df_ids": [32935]}