{"polygon": [[[46.4819921, 30.7433878], [46.4818926, 30.7433703], [46.4818858, 30.743452], [46.481883, 30.7434856], [46.4820148, 30.7435088], [46.4820059, 30.7436158], [46.4819972, 30.7437194], [46.4818636, 30.7436959], [46.4818612, 30.743725], [46.4818575, 30.7437696], [46.4819851, 30.7437916], [46.4821513, 30.7438216], [46.4821624, 30.7436371], [46.4821784, 30.7434205], [46.4819921, 30.7433878]]], "df_ids": [5135]}