{"polygon": [[[46.473802, 30.741304], [46.4738313, 30.7412689], [46.4738656, 30.740905], [46.4737562, 30.7408878], [46.4737386, 30.741112], [46.473626, 30.7410934], [46.473559, 30.7410824], [46.4735757, 30.7408682], [46.4734977, 30.7408548], [46.4734749, 30.7408513], [46.4734662, 30.7409596], [46.4734435, 30.7412557], [46.4736094, 30.7412781], [46.473802, 30.741304]]], "df_ids": [32506]}