{"polygon": [[[46.4825734, 30.7125907], [46.4826038, 30.7129708], [46.4820824, 30.7130588], [46.4820112, 30.7121677], [46.4820971, 30.7121532], [46.4820812, 30.711954], [46.4819234, 30.7119806], [46.4819315, 30.7120818], [46.4818124, 30.7121019], [46.4819014, 30.713215], [46.4820219, 30.7131947], [46.4820281, 30.7132722], [46.4826956, 30.7131596], [46.4826868, 30.7130498], [46.4827472, 30.7130396], [46.4827095, 30.7125677], [46.4825734, 30.7125907]]], "df_ids": [63199]}