{"polygon": [[[46.4788865, 30.7316782], [46.4789204, 30.731683], [46.4791348, 30.7317135], [46.4791818, 30.7317202], [46.4792052, 30.7315025], [46.4791465, 30.7314954], [46.4789585, 30.7314727], [46.4788865, 30.7316782]]], "df_ids": [31571]}