{"polygon": [[[46.4782188, 30.7281461], [46.478513, 30.7286427], [46.4786523, 30.7284754], [46.4787459, 30.7283576], [46.4786948, 30.7282749], [46.4785789, 30.7284106], [46.4784421, 30.7281642], [46.4785555, 30.7280314], [46.47866, 30.7282197], [46.4787316, 30.7281357], [46.4785878, 30.7278899], [46.4785268, 30.7277856], [46.4782188, 30.7281461]]], "df_ids": [52636]}