{"polygon": [[[46.4826126, 30.7465023], [46.4822277, 30.746426], [46.4822464, 30.7462276], [46.4825944, 30.7462966], [46.4826313, 30.746304], [46.4826126, 30.7465023]]], "df_ids": [93641]}