{"polygon": [[[46.4704616, 30.723278], [46.4705352, 30.7233984], [46.4705878, 30.7234804], [46.4705085, 30.7235854], [46.4703831, 30.7233842], [46.4704232, 30.72333], [46.4704616, 30.723278]]], "df_ids": [30389]}