{"polygon": [[[46.4731226, 30.7399497], [46.4731283, 30.7398661], [46.4731194, 30.7398648], [46.4730433, 30.7398538], [46.4730519, 30.7397286], [46.4731197, 30.7397384], [46.473128, 30.7397396], [46.4731369, 30.7397409], [46.4731515, 30.7395283], [46.4731361, 30.7395261], [46.4729647, 30.7395013], [46.4729522, 30.7396836], [46.4729383, 30.739885], [46.4729358, 30.7399227], [46.4731226, 30.7399497]]], "df_ids": [2205]}