{"polygon": [[[46.4704082, 30.7259616], [46.4704911, 30.7258586], [46.4705197, 30.7259073], [46.4705446, 30.7259494], [46.4705858, 30.7260194], [46.4705028, 30.7261223], [46.4704082, 30.7259616]]], "df_ids": [89129]}