{"polygon": [[[46.4776161, 30.7277252], [46.4774818, 30.7278499], [46.4774195, 30.7277422], [46.4774333, 30.7277058], [46.4774056, 30.7276557], [46.4773237, 30.7275071], [46.4774226, 30.7273879], [46.4775135, 30.7275464], [46.4776161, 30.7277252]]], "df_ids": [175625]}