{"polygon": [[[46.493576, 30.7225887], [46.4936273, 30.7226785], [46.4936588, 30.7227317], [46.493681, 30.7227025], [46.493782, 30.7225696], [46.4939076, 30.7224083], [46.4938142, 30.7222714], [46.4935672, 30.7225757], [46.493576, 30.7225887]]], "df_ids": [9118]}