{"polygon": [[[46.4850865, 30.7400607], [46.4851739, 30.7400744], [46.4851825, 30.7399457], [46.485095, 30.7399308], [46.4850865, 30.7400607]]], "df_ids": [6946]}