{"polygon": [[[46.4764884, 30.7164818], [46.476751, 30.7163984], [46.4767571, 30.7165357], [46.4767532, 30.7166563], [46.4766898, 30.7166608], [46.4766813, 30.7165772], [46.4764978, 30.7165997], [46.4764884, 30.7164818]]], "df_ids": [201788]}