{"polygon": [[[46.4814758, 30.7504118], [46.4816258, 30.7504294], [46.4817587, 30.7504449], [46.4818028, 30.7498122], [46.4817231, 30.7497991], [46.4816985, 30.7501512], [46.4816448, 30.7501433], [46.4815991, 30.7501366], [46.4816246, 30.7497701], [46.4815467, 30.7497577], [46.4815217, 30.749755], [46.4814973, 30.7501046], [46.4814899, 30.7502102], [46.4814781, 30.7503791], [46.4814758, 30.7504118]]], "df_ids": [29612, 180260, 180261]}