{"polygon": [[[46.4808074, 30.7213646], [46.4806018, 30.7214386], [46.480605, 30.721457], [46.480512, 30.7214905], [46.4804258, 30.7215215], [46.480423, 30.7215048], [46.4802626, 30.7215625], [46.4802735, 30.7216259], [46.4801554, 30.7216684], [46.480145, 30.7216074], [46.4800841, 30.7212506], [46.4801966, 30.7212101], [46.4802281, 30.7213945], [46.4803368, 30.7213554], [46.4803764, 30.7213411], [46.4803406, 30.7211315], [46.4804423, 30.7210949], [46.4804794, 30.7213121], [46.4805532, 30.7212855], [46.4805161, 30.7210683], [46.4805972, 30.7210391], [46.4806345, 30.7212578], [46.4807778, 30.7212063], [46.4807467, 30.7210246], [46.4808748, 30.7209785], [46.4809467, 30.7213997], [46.4808211, 30.7214449], [46.4808074, 30.7213646]]], "df_ids": [6913]}