{"polygon": [[[46.4851674, 30.7401561], [46.4850807, 30.7401436], [46.4850865, 30.7400607], [46.4851739, 30.7400744], [46.4851674, 30.7401561]]], "df_ids": [39434]}