{"polygon": [[[46.4809204, 30.747009], [46.4810821, 30.7470291], [46.4810753, 30.747145], [46.4809136, 30.7471249], [46.4809144, 30.7471103], [46.4809204, 30.747009]]], "df_ids": [66878]}