{"polygon": [[[46.4816489, 30.7153246], [46.4814683, 30.7153312], [46.481481, 30.7160668], [46.4816529, 30.7160605], [46.4816489, 30.7158288], [46.4816035, 30.7158304], [46.4815991, 30.7155742], [46.4816532, 30.7155723], [46.4816489, 30.7153246]]], "df_ids": [43291]}