{"polygon": [[[46.4724421, 30.7199151], [46.4723639, 30.7200367], [46.4721082, 30.7196899], [46.4721864, 30.7195683], [46.4724421, 30.7199151]]], "df_ids": [40412]}