{"polygon": [[[46.387277, 30.7314937], [46.3872924, 30.7314993], [46.3873335, 30.7315143], [46.3873837, 30.7315327], [46.3873775, 30.7315679], [46.3874033, 30.7315774], [46.387875, 30.7317502], [46.3878811, 30.7317156], [46.3879887, 30.731755], [46.3880386, 30.7314684], [46.3879248, 30.7314267], [46.3878966, 30.7315883], [46.3874106, 30.7314104], [46.3874938, 30.7309325], [46.3873818, 30.7308915], [46.3873184, 30.7312559], [46.387277, 30.7314937]]], "df_ids": [160780]}