{"polygon": [[[46.4822746, 30.736094], [46.4822594, 30.7364792], [46.4821808, 30.7364727], [46.482196, 30.7360875], [46.4822746, 30.736094]]], "df_ids": [27867]}