{"polygon": [[[46.4920301, 30.7290411], [46.4918182, 30.729297], [46.491404, 30.7286026], [46.4915062, 30.7284786], [46.4918515, 30.7290717], [46.4919613, 30.7289172], [46.4920301, 30.7290411]]], "df_ids": [29037]}