{"polygon": [[[46.4756733, 30.7363734], [46.4753447, 30.7363271], [46.4753655, 30.7360727], [46.4754534, 30.7360979], [46.4755, 30.7361044], [46.475496, 30.7361633], [46.475587, 30.7361761], [46.4755884, 30.7361558], [46.4755902, 30.7361292], [46.4755463, 30.7361231], [46.4755718, 30.7357993], [46.4755909, 30.7358019], [46.475709, 30.7358311], [46.4756865, 30.7361728], [46.4756733, 30.7363734]]], "df_ids": [35403]}