{"polygon": [[[46.4711218, 30.742285], [46.4711403, 30.7422878], [46.4712428, 30.7423036], [46.4712495, 30.7422119], [46.4712656, 30.7422144], [46.4712745, 30.7420921], [46.4712525, 30.7420887], [46.4712544, 30.7420632], [46.4713163, 30.7420727], [46.4713227, 30.7419859], [46.4712455, 30.741974], [46.4711456, 30.7419587], [46.4711218, 30.742285]]], "df_ids": [7860]}