{"polygon": [[[46.4722377, 30.7433249], [46.4721065, 30.7433009], [46.4720815, 30.7432964], [46.4720602, 30.7435405], [46.4720855, 30.7435452], [46.4722164, 30.7435691], [46.4722377, 30.7433249]]], "df_ids": [169460]}