{"polygon": [[[46.4923791, 30.721409], [46.4922707, 30.7215515], [46.4921611, 30.7216997], [46.4919848, 30.7214134], [46.492039, 30.721343], [46.4921251, 30.7214829], [46.4921831, 30.7214072], [46.4922035, 30.721381], [46.4923031, 30.7212517], [46.492378, 30.7213735], [46.4923791, 30.721409]]], "df_ids": [45036]}