{"polygon": [[[46.471847, 30.7263171], [46.471769, 30.726166], [46.4719606, 30.7259575], [46.4720411, 30.7261127], [46.471847, 30.7263171]]], "df_ids": [10706]}