{"polygon": [[[46.4702408, 30.7424581], [46.4702533, 30.7422989], [46.4704474, 30.7423333], [46.470434, 30.7424932], [46.4702408, 30.7424581]]], "df_ids": [9445]}