{"polygon": [[[46.474638, 30.7183133], [46.4747416, 30.7182651], [46.474754, 30.7180569], [46.4746566, 30.7181092], [46.4746462, 30.7182351], [46.474638, 30.7183133]]], "df_ids": [191796]}