{"polygon": [[[46.4840782, 30.7142749], [46.4831361, 30.7144351], [46.4830792, 30.7144448], [46.4830742, 30.7143451], [46.4830684, 30.7142281], [46.4832708, 30.714193], [46.4838063, 30.7141001], [46.4839343, 30.7140813], [46.4840615, 30.714058], [46.4840782, 30.7142749]]], "df_ids": [28201]}