{"polygon": [[[46.4809161, 30.7095862], [46.4808016, 30.7095715], [46.4807998, 30.7098048], [46.4809164, 30.7098202], [46.4809161, 30.7095862]]], "df_ids": [127061]}