{"polygon": [[[46.4707867, 30.7248503], [46.471076, 30.7253794], [46.4710164, 30.7254429], [46.470735, 30.72491], [46.4707867, 30.7248503]]], "df_ids": [2728]}