{"polygon": [[[46.477554, 30.7132407], [46.4775466, 30.7136645], [46.4774658, 30.7136546], [46.4774176, 30.7136484], [46.477428, 30.713222], [46.477554, 30.7132407]]], "df_ids": [124371]}