{"polygon": [[[46.472674, 30.7411498], [46.4727648, 30.741158], [46.4727889, 30.7411602], [46.4728672, 30.7411671], [46.4728841, 30.7409005], [46.4728487, 30.7408973], [46.4728449, 30.7409867], [46.4728009, 30.7409828], [46.4727744, 30.7409804], [46.4727848, 30.7407377], [46.4726946, 30.7407247], [46.472674, 30.7411498]]], "df_ids": [4982]}