{"polygon": [[[46.4852915, 30.7250862], [46.4851703, 30.7252371], [46.4850969, 30.7251128], [46.4852181, 30.7249619], [46.4852915, 30.7250862]]], "df_ids": [46573]}