{"polygon": [[[46.4915764, 30.7354232], [46.4914669, 30.7353587], [46.4916287, 30.7347788], [46.4916869, 30.734813], [46.4917337, 30.7348675], [46.4915764, 30.7354232]]], "df_ids": [5987]}