{"polygon": [[[46.4763878, 30.7391479], [46.4764126, 30.7388007], [46.4766255, 30.7388319], [46.4766121, 30.739003], [46.4765989, 30.7391722], [46.4764282, 30.7391506], [46.4763878, 30.7391479]]], "df_ids": [7602]}