{"polygon": [[[46.4841523, 30.7255028], [46.4841656, 30.7254856], [46.4842809, 30.7253355], [46.4843212, 30.7252623], [46.4844193, 30.7254235], [46.4842562, 30.7256266], [46.4842409, 30.7256465], [46.4841523, 30.7255028]]], "df_ids": [199658]}