{"polygon": [[[46.4790324, 30.7385232], [46.4789128, 30.7385051], [46.4788041, 30.7384886], [46.4788167, 30.7383107], [46.4788724, 30.7383196], [46.4789252, 30.738328], [46.4790452, 30.7383452], [46.4790324, 30.7385232]]], "df_ids": [6747]}