{"polygon": [[[46.4840669, 30.7091948], [46.4844301, 30.7092459], [46.4845951, 30.7092688], [46.4845853, 30.7094177], [46.4847925, 30.7094465], [46.4848045, 30.7092642], [46.4849062, 30.7092783], [46.4848985, 30.7093948], [46.485082, 30.7094205], [46.4851023, 30.709114], [46.4849373, 30.7090909], [46.4849435, 30.7089977], [46.484783, 30.7089752], [46.4847732, 30.7091227], [46.4846331, 30.7091031], [46.4846395, 30.709008], [46.4844754, 30.708985], [46.4844682, 30.7090926], [46.4840774, 30.7090377], [46.4840669, 30.7091948]]], "df_ids": [12547]}