{"polygon": [[[46.476482, 30.7288785], [46.4765808, 30.7289591], [46.4766008, 30.7289435], [46.4765823, 30.7288724], [46.4765829, 30.7288632], [46.4765882, 30.7287766], [46.476771, 30.7290823], [46.4768144, 30.7290193], [46.4766445, 30.7287104], [46.476615, 30.7286586], [46.4764958, 30.7285137], [46.4764825, 30.7288665], [46.476482, 30.7288785]]], "df_ids": [4974]}