{"polygon": [[[46.4894493, 30.7375662], [46.4894615, 30.7375655], [46.4894788, 30.7375646], [46.4894818, 30.7375322], [46.4898567, 30.7375312], [46.4898792, 30.7375312], [46.4898816, 30.7376875], [46.4898567, 30.7376879], [46.4894494, 30.7377038], [46.4894351, 30.7377044], [46.4894493, 30.7375662]]], "df_ids": [52]}