{"polygon": [[[46.4738948, 30.7296197], [46.4738745, 30.7298786], [46.4738376, 30.7298726], [46.4738428, 30.7298062], [46.4738039, 30.7297998], [46.4737987, 30.7298654], [46.4737656, 30.7298599], [46.4737741, 30.7297502], [46.4737829, 30.7296392], [46.4738342, 30.7296476], [46.4738505, 30.7296503], [46.4738533, 30.7296141], [46.4738948, 30.7296197]]], "df_ids": [162950]}