{"polygon": [[[46.4739742, 30.7181328], [46.4739672, 30.7182241], [46.4739607, 30.7183093], [46.474071, 30.7183246], [46.4740993, 30.7180414], [46.4739841, 30.7180204], [46.4739742, 30.7181328]]], "df_ids": [161211]}