{"polygon": [[[46.4759084, 30.7429173], [46.475942, 30.7429233], [46.4761383, 30.7429545], [46.4763173, 30.7429823], [46.4763009, 30.7432107], [46.4762879, 30.7433926], [46.4759926, 30.7433464], [46.4759789, 30.7433443], [46.4759881, 30.7432355], [46.47618, 30.7432697], [46.4761868, 30.7431891], [46.4761911, 30.7431383], [46.4758942, 30.7430853], [46.4759084, 30.7429173]]], "df_ids": [205354]}