{"polygon": [[[46.4794608, 30.7500777], [46.4796914, 30.7501109], [46.4797083, 30.7498633], [46.4796513, 30.7498551], [46.4796764, 30.7494878], [46.4796774, 30.7494531], [46.4795104, 30.7494285], [46.4795026, 30.7494652], [46.4794608, 30.7500777]]], "df_ids": [64650]}