{"polygon": [[[46.4747186, 30.7268722], [46.4748762, 30.7269006], [46.4748937, 30.7266485], [46.4747819, 30.7266321], [46.4747396, 30.7266264], [46.4747186, 30.7268722]]], "df_ids": [45978]}