{"polygon": [[[46.4888855, 30.7203899], [46.488738, 30.7205787], [46.4889263, 30.7208931], [46.4889996, 30.7207993], [46.4888891, 30.720617], [46.4889385, 30.7205537], [46.489049, 30.720736], [46.4891529, 30.720603], [46.4889634, 30.7202904], [46.4888855, 30.7203899]]], "df_ids": [45287]}