{"polygon": [[[46.4939252, 30.7194329], [46.4938493, 30.7194132], [46.4938551, 30.7193664], [46.4937707, 30.7193445], [46.4937656, 30.7193858], [46.4937294, 30.7193764], [46.493691, 30.7193665], [46.4936643, 30.7195842], [46.4938992, 30.719645], [46.4939252, 30.7194329]]], "df_ids": [6822]}