{"polygon": [[[46.4866381, 30.7254605], [46.4865054, 30.7252326], [46.4867932, 30.724879], [46.4868783, 30.725025], [46.4869259, 30.7251068], [46.4866381, 30.7254605]]], "df_ids": [58242]}