{"polygon": [[[46.482724, 30.7164219], [46.4827312, 30.7164203], [46.4827326, 30.7164377], [46.482745, 30.7164525], [46.4828417, 30.7164373], [46.4828577, 30.7164095], [46.4828568, 30.7163867], [46.4828716, 30.7163827], [46.4828928, 30.7167223], [46.4830361, 30.716699], [46.483016, 30.7164227], [46.4830457, 30.7164182], [46.4830395, 30.7163038], [46.4830299, 30.7162005], [46.4829997, 30.7162052], [46.4829793, 30.7159246], [46.4828363, 30.7159466], [46.4828609, 30.7162707], [46.4828508, 30.7162721], [46.482848, 30.7162453], [46.4828297, 30.7162265], [46.4827344, 30.7162426], [46.4827224, 30.7162593], [46.4827238, 30.7162774], [46.4827159, 30.7162789], [46.4827009, 30.7160761], [46.482527, 30.7161011], [46.4825676, 30.7166594], [46.4827382, 30.7166332], [46.482724, 30.7164219]]], "df_ids": [28212]}