{"polygon": [[[46.4810342, 30.7201209], [46.4810203, 30.7201006], [46.4807509, 30.7201943], [46.4807516, 30.7203272], [46.4808119, 30.7203095], [46.480892, 30.720291], [46.4808984, 30.720354], [46.4809635, 30.7203486], [46.4809649, 30.7203849], [46.4808947, 30.720401], [46.4809043, 30.7205508], [46.4810504, 30.7205166], [46.4810342, 30.7201209]]], "df_ids": [27840]}