{"polygon": [[[46.4858591, 30.7203182], [46.4863447, 30.7201572], [46.4863629, 30.7202729], [46.4863846, 30.7204112], [46.4863457, 30.7204241], [46.4863442, 30.7204146], [46.4862489, 30.7204462], [46.4862375, 30.7203734], [46.486076, 30.720427], [46.4860903, 30.7205179], [46.4859762, 30.7205557], [46.4859395, 30.7205679], [46.4859243, 30.7205729], [46.4859259, 30.7205827], [46.4859019, 30.7205906], [46.4858591, 30.7203182]]], "df_ids": [33031]}