{"polygon": [[[46.4712495, 30.7241409], [46.4711533, 30.7242495], [46.4710803, 30.7241132], [46.4711765, 30.7240046], [46.4712495, 30.7241409]]], "df_ids": [174299]}