{"polygon": [[[46.4681945, 30.7220364], [46.4681476, 30.7219551], [46.4680461, 30.7220813], [46.4680938, 30.7221639], [46.4681945, 30.7220364]]], "df_ids": [201670]}