{"polygon": [[[46.480358, 30.7478027], [46.4801218, 30.7477676], [46.4800976, 30.7481117], [46.4803338, 30.7481467], [46.480358, 30.7478027]]], "df_ids": [240126]}