{"polygon": [[[46.4737257, 30.742683], [46.4735989, 30.7426629], [46.4735758, 30.7429671], [46.4737022, 30.7429875], [46.4737257, 30.742683]]], "df_ids": [44642]}