{"polygon": [[[46.4880589, 30.7321182], [46.487873, 30.7323457], [46.4877783, 30.7321831], [46.4878739, 30.7320689], [46.4879651, 30.7319598], [46.4880589, 30.7321182]]], "df_ids": [34566]}