{"polygon": [[[46.4832667, 30.7362374], [46.4832545, 30.7364158], [46.4831459, 30.7364001], [46.4831332, 30.7365845], [46.4829968, 30.7365648], [46.4830098, 30.7363755], [46.4830217, 30.736202], [46.4832667, 30.7362374]]], "df_ids": [27925]}