{"polygon": [[[46.4845024, 30.7264271], [46.4846102, 30.726291], [46.4847142, 30.7261655], [46.4847609, 30.7262393], [46.4846422, 30.7264005], [46.484758, 30.7266051], [46.4846729, 30.7267171], [46.4845024, 30.7264271]]], "df_ids": [112637]}