{"polygon": [[[46.4830726, 30.7241053], [46.4828754, 30.7237842], [46.4827256, 30.7239892], [46.4829091, 30.7243086], [46.4829425, 30.7242883], [46.4829703, 30.7242641], [46.4830036, 30.7242874], [46.4830502, 30.7242359], [46.4830359, 30.7241909], [46.4830726, 30.7241053]]], "df_ids": [9437]}