{"polygon": [[[46.4830233, 30.7412052], [46.4830486, 30.7412094], [46.4833123, 30.7412527], [46.4833281, 30.7410505], [46.4830582, 30.7410062], [46.483039, 30.741003], [46.4830233, 30.7412052]]], "df_ids": [32591]}