{"polygon": [[[46.4910253, 30.7239516], [46.491194, 30.7242349], [46.4913091, 30.7240884], [46.4911276, 30.7238094], [46.4910253, 30.7239516]]], "df_ids": [208078]}