{"polygon": [[[46.4714768, 30.7153543], [46.4711738, 30.715424], [46.4711079, 30.7155246], [46.4710815, 30.7156493], [46.4711221, 30.7158317], [46.471148, 30.7160409], [46.4711633, 30.7161469], [46.4712736, 30.7161482], [46.4712662, 30.7160785], [46.4713327, 30.7160624], [46.4713179, 30.7158961], [46.4712668, 30.7158947], [46.4712403, 30.7156386], [46.4714842, 30.7155742], [46.4714768, 30.7153543]]], "df_ids": [74850]}