{"polygon": [[[46.4868888, 30.7145341], [46.4868714, 30.7145192], [46.4869045, 30.7144376], [46.4868365, 30.7143795], [46.4868273, 30.7144022], [46.4866674, 30.7142655], [46.4866515, 30.7143048], [46.4866676, 30.7143185], [46.4866105, 30.7144592], [46.4866244, 30.7144711], [46.4866059, 30.7145166], [46.4868333, 30.714711], [46.4868605, 30.714644], [46.4868484, 30.7146337], [46.4868888, 30.7145341]]], "df_ids": [74961]}