{"polygon": [[[46.4832812, 30.717076], [46.4833978, 30.7170599], [46.483436, 30.7175102], [46.4834458, 30.7176255], [46.4833255, 30.717647], [46.4832812, 30.717076]]], "df_ids": [28195]}