{"polygon": [[[46.4835838, 30.7438339], [46.4835659, 30.7440865], [46.4831402, 30.7440214], [46.483158, 30.7437762], [46.4832698, 30.7437924], [46.4834782, 30.7438225], [46.4835838, 30.7438339]]], "df_ids": [3566]}