{"polygon": [[[46.4772806, 30.7202698], [46.4774267, 30.7202825], [46.4774339, 30.7201072], [46.4776212, 30.7201235], [46.4776273, 30.7199748], [46.4774504, 30.7199594], [46.4774593, 30.7197422], [46.4773449, 30.7197322], [46.4773028, 30.7197286], [46.4772907, 30.7200232], [46.4772806, 30.7202698]]], "df_ids": [51283]}