{"polygon": [[[46.4714548, 30.7267321], [46.471847, 30.7263171], [46.471769, 30.726166], [46.4713735, 30.7265918], [46.4714548, 30.7267321]]], "df_ids": [29772]}