{"polygon": [[[46.496403, 30.7246086], [46.4965525, 30.7247362], [46.4966798, 30.7248518], [46.4966111, 30.7250377], [46.4965294, 30.7252485], [46.4964788, 30.7253792], [46.4963666, 30.7252918], [46.4961206, 30.7251002], [46.4961686, 30.7250037], [46.4963939, 30.7251754], [46.4964077, 30.7251449], [46.4964217, 30.7251139], [46.4964139, 30.7251052], [46.4964637, 30.7249731], [46.4964757, 30.7249832], [46.4964962, 30.7249364], [46.4965231, 30.7248749], [46.4963442, 30.7247106], [46.496403, 30.7246086]]], "df_ids": [32143]}