{"polygon": [[[46.4042428, 30.7128935], [46.4035732, 30.713106], [46.4035281, 30.712807], [46.4035813, 30.7127901], [46.4035683, 30.712704], [46.4035321, 30.7127155], [46.4034817, 30.7123816], [46.4036287, 30.7123349], [46.4036763, 30.7126499], [46.4036095, 30.7126711], [46.4036262, 30.7127818], [46.4036821, 30.712764], [46.4037015, 30.7128926], [46.4042179, 30.7127287], [46.4042428, 30.7128935]]], "df_ids": [89260]}