{"polygon": [[[46.3845778, 30.7179881], [46.3844758, 30.7180332], [46.3846566, 30.7188929], [46.3847585, 30.7188479], [46.3845778, 30.7179881]]], "df_ids": [90754]}