{"polygon": [[[46.4803602, 30.7185685], [46.4804282, 30.7185527], [46.4806391, 30.7185037], [46.4806311, 30.7183389], [46.480354, 30.7184091], [46.4803602, 30.7185685]]], "df_ids": [235476]}