{"polygon": [[[46.4906189, 30.7258194], [46.4905023, 30.7259672], [46.4903844, 30.7257592], [46.490312, 30.7256449], [46.4903685, 30.7255749], [46.490413, 30.7256651], [46.490408, 30.7256893], [46.4904341, 30.7257296], [46.4904391, 30.7257207], [46.4904574, 30.725707], [46.4904719, 30.7257159], [46.4904813, 30.7257196], [46.4905298, 30.7256753], [46.4906189, 30.7258194]]], "df_ids": [1574]}