{"polygon": [[[46.477948, 30.7214229], [46.4779373, 30.7213514], [46.4778875, 30.7213672], [46.4778744, 30.7212802], [46.4778044, 30.7213024], [46.4777942, 30.7212348], [46.4776975, 30.7212655], [46.4777018, 30.7212936], [46.4776426, 30.7213124], [46.4776883, 30.7216166], [46.4777129, 30.7217797], [46.477909, 30.7217174], [46.4778684, 30.7214482], [46.477948, 30.7214229]]], "df_ids": [8639]}