{"polygon": [[[46.4699314, 30.7412881], [46.4698468, 30.7412739], [46.4698425, 30.7413275], [46.4697276, 30.7413083], [46.4697414, 30.7411353], [46.4699403, 30.7411612], [46.4699314, 30.7412881]]], "df_ids": [45572]}