{"polygon": [[[46.4808814, 30.7307115], [46.4807673, 30.7308563], [46.4808026, 30.7309269], [46.4807245, 30.7310213], [46.4806829, 30.7309571], [46.4803378, 30.7314018], [46.4802974, 30.7313383], [46.4802144, 30.7312096], [46.4802836, 30.7311219], [46.4805121, 30.7308413], [46.4806483, 30.7306614], [46.4807903, 30.7304805], [46.4808814, 30.7307115]]], "df_ids": [30442]}