{"polygon": [[[46.4788222, 30.7425031], [46.4787915, 30.7429212], [46.4787796, 30.7430829], [46.4787131, 30.7430709], [46.4787387, 30.7427082], [46.4787197, 30.7426701], [46.4786092, 30.7426608], [46.4785871, 30.7426873], [46.4785643, 30.7430378], [46.4784977, 30.7430327], [46.4785, 30.7429669], [46.4785022, 30.7428788], [46.4785314, 30.7424586], [46.4788222, 30.7425031]]], "df_ids": [6056]}