{"polygon": [[[46.4803512, 30.7461748], [46.4797895, 30.7460823], [46.479805, 30.7458828], [46.4803668, 30.7459752], [46.4803577, 30.7460918], [46.4803512, 30.7461748]]], "df_ids": [51196]}