{"polygon": [[[46.4175216, 30.7150909], [46.4174563, 30.7151048], [46.4174544, 30.7150857], [46.4174214, 30.7150795], [46.4173901, 30.7150972], [46.4173922, 30.7151162], [46.4173262, 30.7151313], [46.4173411, 30.715272], [46.4173479, 30.7153443], [46.4173825, 30.7153373], [46.4173863, 30.7153764], [46.4174262, 30.7153683], [46.4174326, 30.715346], [46.4174687, 30.7153383], [46.4174777, 30.7153576], [46.4175171, 30.7153497], [46.4175132, 30.7153083], [46.4175438, 30.7153023], [46.4175216, 30.7150909]]], "df_ids": [172256]}