{"polygon": [[[46.4706227, 30.7290573], [46.4704798, 30.7290323], [46.4705314, 30.7283231], [46.4707121, 30.7283508], [46.4707008, 30.7285066], [46.4706631, 30.7285008], [46.4706371, 30.7288554], [46.4706331, 30.7289176], [46.4706277, 30.7289787], [46.4706227, 30.7290573]]], "df_ids": [79933]}