{"polygon": [[[46.4710464, 30.7174338], [46.4707975, 30.7171071], [46.4708007, 30.7169636], [46.471085, 30.716501], [46.4711829, 30.7165761], [46.4711454, 30.7166426], [46.4711862, 30.716697], [46.4711042, 30.7168228], [46.4710815, 30.7167705], [46.4710129, 30.716868], [46.4710376, 30.7169084], [46.4709757, 30.7170082], [46.4711554, 30.7172426], [46.4710464, 30.7174338]]], "df_ids": [74848]}