{"polygon": [[[46.475949, 30.7483758], [46.4757814, 30.7483501], [46.4757902, 30.7482286], [46.4757999, 30.748095], [46.4759676, 30.7481207], [46.4759579, 30.7482535], [46.475949, 30.7483758]]], "df_ids": [4769]}