{"polygon": [[[46.4794829, 30.7175631], [46.4795937, 30.7175631], [46.4795937, 30.7170803], [46.4794792, 30.7171071], [46.4794829, 30.7175631]]], "df_ids": [63163]}