{"polygon": [[[46.47772, 30.7485154], [46.4776293, 30.7485424], [46.4776241, 30.7484834], [46.4775793, 30.7484948], [46.4775831, 30.7485559], [46.4774806, 30.7485625], [46.4773744, 30.7485197], [46.4773858, 30.748472], [46.4773415, 30.7484465], [46.4773255, 30.7485075], [46.4772451, 30.748458], [46.4772109, 30.7486189], [46.4772682, 30.7486457], [46.4772378, 30.7487704], [46.4773467, 30.7488227], [46.4773735, 30.7486859], [46.4774502, 30.7487288], [46.4774938, 30.7487308], [46.4775702, 30.7487188], [46.4775827, 30.7488509], [46.4776962, 30.7488308], [46.477686, 30.7486931], [46.4777356, 30.7486818], [46.47772, 30.7485154]]], "df_ids": [63798]}