{"polygon": [[[46.4813434, 30.7221784], [46.4813692, 30.7222696], [46.4815428, 30.7225378], [46.4816334, 30.7224797], [46.4817017, 30.7224359], [46.4816758, 30.722318], [46.481642, 30.7223394], [46.4816018, 30.7223688], [46.4815908, 30.7223769], [46.4814689, 30.7221623], [46.4815059, 30.7221247], [46.4814911, 30.7220604], [46.4813434, 30.7221784]]], "df_ids": [165627]}