{"polygon": [[[46.4910048, 30.7321372], [46.491062, 30.7321903], [46.4912292, 30.7318278], [46.491137, 30.731749], [46.4910571, 30.7316808], [46.490997, 30.7318335], [46.4910719, 30.7318976], [46.4910803, 30.7319048], [46.4910671, 30.7319905], [46.4910048, 30.7321372]]], "df_ids": [33220]}