{"polygon": [[[46.493598, 30.7240775], [46.493498, 30.7242093], [46.4935784, 30.7243381], [46.4935056, 30.724434], [46.4934721, 30.7243803], [46.493461, 30.7243948], [46.4934161, 30.724323], [46.4933302, 30.7244363], [46.4935217, 30.7247428], [46.493611, 30.724625], [46.493573, 30.7245641], [46.4936551, 30.7244559], [46.4937127, 30.724548], [46.493811, 30.7244184], [46.4937122, 30.7242602], [46.493598, 30.7240775]]], "df_ids": [5243]}