{"polygon": [[[46.4177858, 30.7193214], [46.4177529, 30.7193895], [46.4177431, 30.7194621], [46.4177576, 30.7195517], [46.4176254, 30.7196187], [46.4176041, 30.7195338], [46.4175681, 30.7194762], [46.4175034, 30.7194568], [46.4175309, 30.719248], [46.4175977, 30.7192628], [46.4176495, 30.7192442], [46.4176916, 30.7191885], [46.4177858, 30.7193214]]], "df_ids": [169713]}