{"polygon": [[[46.4751777, 30.7193316], [46.475347, 30.7192896], [46.4753354, 30.7191898], [46.4751661, 30.7192356], [46.475169, 30.7192589], [46.4751777, 30.7193316]]], "df_ids": [191037]}