{"polygon": [[[46.4791282, 30.7239834], [46.4790922, 30.7239176], [46.4790116, 30.7237795], [46.4789177, 30.7238097], [46.4790068, 30.7239743], [46.4789749, 30.7240109], [46.4790256, 30.7241038], [46.4791282, 30.7239834]]], "df_ids": [28113]}