{"polygon": [[[46.4730709, 30.7502251], [46.4731767, 30.7502361], [46.4731842, 30.7500839], [46.4730784, 30.7500729], [46.4730709, 30.7502251]]], "df_ids": [44635]}