{"polygon": [[[46.4926757, 30.7214264], [46.4928097, 30.7216787], [46.4929025, 30.7215632], [46.4928424, 30.7214543], [46.4927677, 30.7213191], [46.4926757, 30.7214264]]], "df_ids": [77095]}