{"polygon": [[[46.47043, 30.7248456], [46.4703725, 30.7249091], [46.4704265, 30.7250114], [46.4704584, 30.7250717], [46.4705064, 30.7250183], [46.4705153, 30.7250083], [46.47043, 30.7248456]]], "df_ids": [29069]}