{"polygon": [[[46.4824038, 30.7302633], [46.4823102, 30.7303028], [46.4821242, 30.7303813], [46.4820339, 30.7302122], [46.4822368, 30.7301176], [46.4822624, 30.730106], [46.4823355, 30.7300743], [46.4824038, 30.7302633]]], "df_ids": [6571]}