{"polygon": [[[46.4714566, 30.708877], [46.4714572, 30.7090098], [46.471111, 30.7090132], [46.471106, 30.7088692], [46.4709848, 30.7088728], [46.470981, 30.709202], [46.4715657, 30.7091963], [46.4715642, 30.708876], [46.4714566, 30.708877]]], "df_ids": [75995]}