{"polygon": [[[46.4791241, 30.7306019], [46.4790766, 30.7305216], [46.4790637, 30.7304995], [46.4790468, 30.7304711], [46.4790208, 30.7305035], [46.4789988, 30.7304663], [46.4790244, 30.7304344], [46.4789961, 30.7303866], [46.4790894, 30.7302704], [46.479154, 30.7303799], [46.4792169, 30.7304863], [46.4791241, 30.7306019]]], "df_ids": [51695]}