{"polygon": [[[46.4740899, 30.7214519], [46.4741941, 30.7214617], [46.4741668, 30.7218099], [46.4740781, 30.7217983], [46.4740899, 30.7214519]]], "df_ids": [196953]}