{"polygon": [[[46.4081936, 30.7073762], [46.4075012, 30.7071529], [46.4075255, 30.7069944], [46.4082179, 30.7072177], [46.4081936, 30.7073762]]], "df_ids": [77492]}