{"polygon": [[[46.4748676, 30.7208693], [46.4750726, 30.7208318], [46.4750703, 30.7206566], [46.474913, 30.7206756], [46.4749135, 30.7206508], [46.4748685, 30.7206532], [46.4748681, 30.7207568], [46.4748676, 30.7208693]]], "df_ids": [5663]}