{"polygon": [[[46.4733954, 30.7391251], [46.4734109, 30.7389062], [46.4733391, 30.7388947], [46.4733366, 30.7389276], [46.473228, 30.7389101], [46.4732135, 30.7391014], [46.4733954, 30.7391251]]], "df_ids": [32715]}