{"polygon": [[[46.4721462, 30.7307209], [46.4721565, 30.7305717], [46.4720739, 30.7305596], [46.4720865, 30.7303942], [46.4719803, 30.7303814], [46.4719583, 30.7306934], [46.4720574, 30.7307079], [46.4721462, 30.7307209]]], "df_ids": [2574]}