{"polygon": [[[46.4819955, 30.7416359], [46.4820124, 30.7416654], [46.4820099, 30.7417024], [46.4821135, 30.7417129], [46.482163, 30.7417234], [46.482286, 30.7417392], [46.4823124, 30.741463], [46.482182, 30.7414424], [46.4820476, 30.7414187], [46.48203, 30.7414159], [46.4820266, 30.7414642], [46.4820053, 30.7414968], [46.4819955, 30.7416359]]], "df_ids": [27884]}