{"polygon": [[[46.4867164, 30.7327379], [46.4868898, 30.7327595], [46.4869086, 30.7327453], [46.4869361, 30.7327065], [46.487023, 30.7325898], [46.4869039, 30.7324026], [46.486832, 30.7324991], [46.4868522, 30.7325308], [46.4868372, 30.732551], [46.4867849, 30.7325474], [46.4867888, 30.7324299], [46.4868027, 30.7324263], [46.486807, 30.7323549], [46.4867398, 30.7323464], [46.4867164, 30.7327379]]], "df_ids": [6777]}