{"polygon": [[[46.4897355, 30.7363644], [46.4897922, 30.7363665], [46.4897928, 30.7363346], [46.4898562, 30.736337], [46.4899749, 30.7363415], [46.4899708, 30.7363585], [46.489996, 30.7363863], [46.4900055, 30.7363786], [46.4900028, 30.7365312], [46.4900121, 30.7365316], [46.4900663, 30.7365336], [46.4900726, 30.7361795], [46.49005, 30.7361788], [46.4900509, 30.7361332], [46.4900734, 30.7361346], [46.4900754, 30.7360271], [46.4900781, 30.7358757], [46.4900331, 30.735874], [46.4899167, 30.7358696], [46.4898887, 30.7359214], [46.4898796, 30.7361979], [46.4898603, 30.7361971], [46.4897908, 30.7361945], [46.4897801, 30.7361941], [46.4897385, 30.7361925], [46.4897364, 30.7363114], [46.4897355, 30.7363644]]], "df_ids": [5803]}