{"polygon": [[[46.471471, 30.7117581], [46.472033, 30.7116524], [46.4720201, 30.7115079], [46.4720169, 30.7114718], [46.4714549, 30.7115776], [46.471471, 30.7117581]]], "df_ids": [74854]}