{"polygon": [[[46.4758005, 30.7231015], [46.4757153, 30.7230059], [46.4757954, 30.7225769], [46.475971, 30.7225147], [46.4759887, 30.7226176], [46.4759213, 30.7226359], [46.4758738, 30.7228696], [46.4758872, 30.7229369], [46.4759115, 30.7229227], [46.475903, 30.7228572], [46.4759896, 30.7228271], [46.4760091, 30.7229103], [46.4760336, 30.7228912], [46.4760526, 30.7230106], [46.4758005, 30.7231015]]], "df_ids": [5212]}