{"polygon": [[[46.4850948, 30.7463664], [46.4856686, 30.7452514], [46.4857846, 30.7453773], [46.4852108, 30.7464923], [46.4850948, 30.7463664]]], "df_ids": [31929]}