{"polygon": [[[46.4773852, 30.7314723], [46.4770037, 30.7314185], [46.4770791, 30.7311963], [46.4773033, 30.7312529], [46.4772016, 30.7310757], [46.4772412, 30.7310085], [46.4773041, 30.731128], [46.477458, 30.7313822], [46.4773852, 30.7314723]]], "df_ids": [1584, 198760]}