{"polygon": [[[46.4109148, 30.7242839], [46.4109581, 30.7246134], [46.4102215, 30.7248169], [46.4101836, 30.7245285], [46.4101809, 30.7245079], [46.410232, 30.7244938], [46.4102346, 30.7245134], [46.410245, 30.7245929], [46.4108043, 30.7244384], [46.4107886, 30.7243188], [46.4109148, 30.7242839]]], "df_ids": [75034]}