{"polygon": [[[46.4782517, 30.7473472], [46.478243, 30.7476303], [46.478314, 30.747636], [46.4783304, 30.747273], [46.4783207, 30.7472634], [46.47832, 30.7472207], [46.4783418, 30.7471962], [46.4783535, 30.7470807], [46.4782691, 30.7470828], [46.4782612, 30.7471433], [46.4781206, 30.7471312], [46.4781227, 30.7470638], [46.4780524, 30.7470571], [46.47805, 30.7471603], [46.4780666, 30.7471805], [46.4780652, 30.7472207], [46.478052, 30.7472354], [46.478047, 30.7473309], [46.4782517, 30.7473472]]], "df_ids": [180995]}