{"polygon": [[[46.4943907, 30.7249404], [46.4944913, 30.7248073], [46.4943799, 30.7246344], [46.4942845, 30.7244864], [46.4941825, 30.7246279], [46.4942865, 30.7247838], [46.4943907, 30.7249404]]], "df_ids": [5462]}