{"polygon": [[[46.406654, 30.7250466], [46.4066825, 30.7252523], [46.4066903, 30.7253083], [46.4067472, 30.7257185], [46.406298, 30.7258496], [46.406271, 30.7256554], [46.4066029, 30.7255586], [46.4065366, 30.7250808], [46.406654, 30.7250466]]], "df_ids": [75999]}