{"polygon": [[[46.3851868, 30.7173865], [46.3851381, 30.7171639], [46.3852129, 30.7171296], [46.3851899, 30.7170242], [46.3851152, 30.7170585], [46.3850825, 30.716909], [46.3851707, 30.7168684], [46.3851468, 30.7167588], [46.3850561, 30.7168005], [46.3850026, 30.7165559], [46.3851403, 30.7164926], [46.385164, 30.7166011], [46.3851965, 30.7165861], [46.3851853, 30.7165348], [46.3852927, 30.7164855], [46.3853384, 30.7166947], [46.3852656, 30.7167282], [46.3853361, 30.7170505], [46.3854062, 30.7170183], [46.3854476, 30.7172077], [46.3853653, 30.7172455], [46.3853508, 30.717179], [46.3852766, 30.7172131], [46.3853029, 30.7173331], [46.3851868, 30.7173865]]], "df_ids": [64327]}