{"polygon": [[[46.4738104, 30.7490521], [46.4738242, 30.7488641], [46.4739591, 30.7488839], [46.4739461, 30.7490698], [46.47393, 30.7493011], [46.4735461, 30.749243], [46.473572, 30.7488891], [46.4735745, 30.7488555], [46.4735768, 30.7488278], [46.4736784, 30.7488427], [46.4736762, 30.7488718], [46.4736647, 30.7490296], [46.4738104, 30.7490521]]], "df_ids": [74896]}