{"polygon": [[[46.4718939, 30.734521], [46.4718215, 30.7345119], [46.4718242, 30.7344674], [46.4717508, 30.7344582], [46.4717019, 30.734452], [46.4717064, 30.7343768], [46.4716479, 30.7343694], [46.4716545, 30.7342598], [46.4719076, 30.7342918], [46.4718939, 30.734521]]], "df_ids": [439]}