{"polygon": [[[46.4889325, 30.7239693], [46.4888141, 30.7241135], [46.4887399, 30.7239849], [46.4886636, 30.7238528], [46.4887615, 30.7237337], [46.488793, 30.7236952], [46.4888682, 30.7236038], [46.4889032, 30.7236646], [46.4888196, 30.7237663], [46.48886, 30.7238363], [46.4888962, 30.7238991], [46.4889503, 30.7238333], [46.4889891, 30.7239005], [46.4889325, 30.7239693]]], "df_ids": [153916]}