{"polygon": [[[46.4730228, 30.73206], [46.4728146, 30.7320315], [46.4728224, 30.7319241], [46.4729123, 30.7319378], [46.4729155, 30.7318933], [46.4729202, 30.7318293], [46.4728335, 30.7318161], [46.4728389, 30.7317423], [46.473042, 30.7317734], [46.4730329, 30.7319097], [46.4730228, 30.73206]]], "df_ids": [2036]}