{"polygon": [[[46.4697099, 30.749067], [46.4695789, 30.7490453], [46.4695913, 30.7488881], [46.4697762, 30.7489188], [46.4697714, 30.7489796], [46.4697638, 30.749076], [46.4697099, 30.749067]]], "df_ids": [161787]}