{"polygon": [[[46.4744052, 30.7443956], [46.4745833, 30.7444184], [46.4745927, 30.7442253], [46.474497, 30.7442169], [46.4744168, 30.7442047], [46.4744052, 30.7443956]]], "df_ids": [5255]}