{"polygon": [[[46.492972, 30.7219559], [46.4932537, 30.7224284], [46.4934487, 30.7221831], [46.4933723, 30.7220549], [46.493347, 30.7220126], [46.4932578, 30.7221248], [46.4931153, 30.7218859], [46.4931308, 30.7218664], [46.4930932, 30.7218034], [46.492972, 30.7219559]]], "df_ids": [46649]}