{"polygon": [[[46.4893138, 30.7335459], [46.4893072, 30.7336411], [46.4892998, 30.7337486], [46.4892383, 30.7337396], [46.4892304, 30.7338538], [46.4891383, 30.7338404], [46.4891592, 30.7335235], [46.4893138, 30.7335459]]], "df_ids": [6594]}