{"polygon": [[[46.4860643, 30.7299741], [46.485925, 30.7297484], [46.4858897, 30.7297014], [46.485979, 30.7295384], [46.4862084, 30.7299214], [46.486118, 30.7300416], [46.4860643, 30.7299741]]], "df_ids": [126921]}