{"polygon": [[[46.4849423, 30.7442934], [46.4849489, 30.7444004], [46.4852394, 30.7446997], [46.485253, 30.744686], [46.4852641, 30.7446802], [46.485278, 30.7446842], [46.4852896, 30.7446946], [46.4853, 30.7447097], [46.4853028, 30.7447313], [46.4853025, 30.7447453], [46.4852953, 30.7447594], [46.4852845, 30.7447624], [46.4852408, 30.7448428], [46.4852557, 30.7448604], [46.4852612, 30.7448856], [46.4852609, 30.7449086], [46.4852512, 30.7449284], [46.4852416, 30.7449507], [46.485224, 30.7449565], [46.4852082, 30.744955], [46.4851953, 30.7449406], [46.4851545, 30.7450151], [46.4851529, 30.7450313], [46.4851428, 30.7450457], [46.4851249, 30.7450539], [46.4851066, 30.7450478], [46.4850935, 30.7450288], [46.4850908, 30.7450061], [46.4850947, 30.7449806], [46.4851071, 30.7449622], [46.4848499, 30.7446963], [46.4848568, 30.7445481], [46.4848639, 30.7442842], [46.4849423, 30.7442934]]], "df_ids": [7598]}