{"polygon": [[[46.4743806, 30.7458311], [46.4743993, 30.7455065], [46.474368, 30.7454956], [46.4742447, 30.7454852], [46.4739476, 30.7454359], [46.4738273, 30.7454223], [46.4738068, 30.7458455], [46.4740148, 30.7458696], [46.4740213, 30.7457668], [46.473948, 30.7457572], [46.4739596, 30.7455709], [46.4743292, 30.7456193], [46.4743182, 30.7457955], [46.4743806, 30.7458311]]], "df_ids": [160727]}