{"polygon": [[[46.4762156, 30.7284571], [46.476106, 30.7284387], [46.4760947, 30.7285806], [46.4762043, 30.728599], [46.4762156, 30.7284571]]], "df_ids": [216212]}