{"polygon": [[[46.4758526, 30.7249203], [46.4759042, 30.7250078], [46.4760008, 30.7248889], [46.475866, 30.7246622], [46.475727, 30.7248352], [46.4758091, 30.7249744], [46.4758526, 30.7249203]]], "df_ids": [1560]}