{"polygon": [[[46.4672895, 30.7102895], [46.4671621, 30.7102822], [46.4670884, 30.7104778], [46.467218, 30.7104913], [46.4672895, 30.7102895]]], "df_ids": [191725]}