{"polygon": [[[46.4740414, 30.7365167], [46.4737477, 30.7364766], [46.4737577, 30.736334], [46.4741529, 30.7363854], [46.4741748, 30.7364229], [46.4741508, 30.7368173], [46.47402, 30.7367988], [46.4740414, 30.7365167]]], "df_ids": [44653]}