{"polygon": [[[46.4726305, 30.7535217], [46.4729433, 30.7535903], [46.4729644, 30.7533874], [46.4726516, 30.7533188], [46.4726305, 30.7535217]]], "df_ids": [445]}