{"polygon": [[[46.4749566, 30.7298005], [46.4750791, 30.72982], [46.475093, 30.7296364], [46.4749704, 30.7296169], [46.4749681, 30.729648], [46.4749566, 30.7298005]]], "df_ids": [5700]}