{"polygon": [[[46.4764299, 30.7109145], [46.476546, 30.7109268], [46.4765503, 30.7108406], [46.4765516, 30.710816], [46.476556, 30.7107271], [46.4765324, 30.7107256], [46.4764411, 30.710714], [46.4764299, 30.7109145]]], "df_ids": [194653]}