{"polygon": [[[46.4739231, 30.7443276], [46.4739208, 30.7443344], [46.4739154, 30.7443411], [46.4739065, 30.7443384], [46.4739003, 30.7443253], [46.4739001, 30.7443111], [46.4739064, 30.7443025], [46.4739113, 30.7443005], [46.4739248, 30.7440894], [46.4740187, 30.7441038], [46.474011, 30.7441959], [46.4740233, 30.744198], [46.4740515, 30.7442027], [46.4740541, 30.7441692], [46.4741071, 30.7441781], [46.4740931, 30.7443543], [46.474015, 30.7443421], [46.4739231, 30.7443276]]], "df_ids": [30768]}