{"polygon": [[[46.4720239, 30.7145961], [46.4723039, 30.7145289], [46.472476, 30.7144958], [46.4724491, 30.7142195], [46.4723202, 30.7142443], [46.4720009, 30.7143141], [46.4720083, 30.7144021], [46.4723248, 30.7143348], [46.4723356, 30.7144412], [46.4720173, 30.7145092], [46.4720239, 30.7145961]]], "df_ids": [175646]}