{"polygon": [[[46.4888813, 30.7226248], [46.4887918, 30.722468], [46.4888043, 30.7224514], [46.4888684, 30.722366], [46.4889203, 30.7223008], [46.4890116, 30.7224685], [46.4888927, 30.7226112], [46.4888813, 30.7226248]]], "df_ids": [527]}