{"polygon": [[[46.4724031, 30.7467602], [46.4724131, 30.7466244], [46.4723709, 30.7466179], [46.4722765, 30.7466033], [46.4722502, 30.7469751], [46.472262, 30.7470018], [46.4724958, 30.7470451], [46.4725127, 30.7468135], [46.4725162, 30.7467654], [46.4724361, 30.7467531], [46.4724327, 30.7468003], [46.4724484, 30.7468028], [46.4724462, 30.7468338], [46.4723741, 30.7468227], [46.4723789, 30.7467565], [46.4724031, 30.7467602]]], "df_ids": [5789]}