{"polygon": [[[46.4860511, 30.7181549], [46.4860159, 30.7179505], [46.486458, 30.717808], [46.4864922, 30.7180055], [46.4860511, 30.7181549]]], "df_ids": [1842]}