{"polygon": [[[46.4803698, 30.7475694], [46.4803783, 30.7474263], [46.4803867, 30.7472839], [46.4803956, 30.7471327], [46.4804046, 30.7469794], [46.4802784, 30.7469637], [46.4802714, 30.7470826], [46.4802604, 30.7472682], [46.4802436, 30.7475535], [46.4803698, 30.7475694]]], "df_ids": [27417]}