{"polygon": [[[46.4731578, 30.7486215], [46.4733045, 30.7486452], [46.4733829, 30.7476073], [46.4732182, 30.7475828], [46.4731654, 30.7484908], [46.4731578, 30.7486215]]], "df_ids": [7904]}