{"polygon": [[[46.475302, 30.7124328], [46.4749779, 30.7123728], [46.4749677, 30.712488], [46.4748542, 30.712467], [46.474871, 30.7122758], [46.4749951, 30.7122987], [46.4753087, 30.7123568], [46.475302, 30.7124328]]], "df_ids": [32578]}