{"polygon": [[[46.4752129, 30.7248056], [46.4752771, 30.7249254], [46.4753843, 30.7247998], [46.4755008, 30.7246634], [46.475309, 30.7243144], [46.4752381, 30.7243945], [46.475366, 30.724633], [46.4753213, 30.7246835], [46.4752802, 30.7247299], [46.4751524, 30.7244914], [46.4750852, 30.7245673], [46.4752129, 30.7248056]]], "df_ids": [44660, 194740]}