{"polygon": [[[46.4756471, 30.7339005], [46.4758598, 30.7339277], [46.4758686, 30.733681], [46.4757647, 30.7336671], [46.4756629, 30.7336533], [46.4756571, 30.7337446], [46.475721, 30.7337516], [46.4757175, 30.7338189], [46.4756528, 30.7338119], [46.4756471, 30.7339005]]], "df_ids": [1918]}