{"polygon": [[[46.469064, 30.7490507], [46.4690807, 30.7487816], [46.4692244, 30.7488004], [46.4692077, 30.7490695], [46.469064, 30.7490507]]], "df_ids": [7195]}