{"polygon": [[[46.4778181, 30.7463287], [46.4778437, 30.7460448], [46.4780111, 30.746071], [46.4780175, 30.7461598], [46.4779795, 30.746154], [46.4779803, 30.7462082], [46.4780919, 30.7462008], [46.4780799, 30.746365], [46.4778181, 30.7463287]]], "df_ids": [7941]}