{"polygon": [[[46.4813264, 30.727001], [46.4811011, 30.7272816], [46.4811949, 30.7274311], [46.4812103, 30.7274629], [46.4813508, 30.7272817], [46.4814874, 30.7275267], [46.4814172, 30.727634], [46.4814509, 30.7276895], [46.481618, 30.7274828], [46.4813264, 30.727001]]], "df_ids": [29284]}