{"polygon": [[[46.4772209, 30.7263776], [46.4770263, 30.7260408], [46.4769343, 30.7258815], [46.4772018, 30.7255571], [46.4773549, 30.7258179], [46.4772694, 30.7259238], [46.4771519, 30.7257236], [46.4770746, 30.7258193], [46.4771268, 30.7259082], [46.477206, 30.7260431], [46.4772759, 30.7259566], [46.4773677, 30.7258429], [46.4774877, 30.7260472], [46.4772209, 30.7263776]]], "df_ids": [1850]}