{"polygon": [[[46.4807771, 30.7356693], [46.4807634, 30.7359196], [46.4808103, 30.735924], [46.4808233, 30.7359257], [46.480827, 30.735856], [46.4808428, 30.7358577], [46.4808637, 30.73586], [46.4808549, 30.7360887], [46.4809086, 30.7360917], [46.4809236, 30.7358442], [46.4809336, 30.7356842], [46.4808513, 30.7356766], [46.4807771, 30.7356693]]], "df_ids": [45373]}