{"polygon": [[[46.474677, 30.7111994], [46.4745407, 30.7112147], [46.4745339, 30.7111373], [46.4746124, 30.7111169], [46.4746152, 30.7110551], [46.4747074, 30.7110578], [46.474703, 30.7111355], [46.4746997, 30.7111577], [46.4746919, 30.7111838], [46.474677, 30.7111994]]], "df_ids": [138055]}