{"polygon": [[[46.4922418, 30.7237349], [46.4920987, 30.7239201], [46.4920354, 30.724002], [46.4919455, 30.7238554], [46.4920545, 30.7237144], [46.4921519, 30.7235884], [46.4922418, 30.7237349]]], "df_ids": [2330]}