{"polygon": [[[46.4850167, 30.7218935], [46.4848605, 30.7220865], [46.4847431, 30.7218862], [46.4847801, 30.7218405], [46.4848212, 30.7219107], [46.4848618, 30.7218606], [46.4846614, 30.7215184], [46.4846038, 30.7215895], [46.4845229, 30.7214515], [46.4846592, 30.7212831], [46.4850167, 30.7218935]]], "df_ids": [30476, 137542]}