{"polygon": [[[46.4713212, 30.7357125], [46.4713054, 30.7359499], [46.4712216, 30.7359375], [46.4711899, 30.7359328], [46.4711082, 30.7359198], [46.4710232, 30.7359083], [46.4710408, 30.7356663], [46.4711987, 30.7356899], [46.4712367, 30.7356957], [46.4713212, 30.7357125]]], "df_ids": [74889, 74890]}