{"polygon": [[[46.4760193, 30.7412255], [46.4757384, 30.7411892], [46.4755898, 30.7411697], [46.4756012, 30.7409804], [46.4757296, 30.7409971], [46.4757238, 30.741091], [46.475762, 30.7410959], [46.4757645, 30.7410559], [46.4760276, 30.7410901], [46.4760193, 30.7412255]]], "df_ids": [33380]}