{"polygon": [[[46.495869, 30.7245019], [46.4960704, 30.7242575], [46.495997, 30.7241312], [46.4957945, 30.724369], [46.495869, 30.7245019]]], "df_ids": [97711]}