{"polygon": [[[46.4068475, 30.7274368], [46.4067909, 30.7274534], [46.4068148, 30.7276248], [46.406838, 30.7277911], [46.4068947, 30.7277744], [46.4069477, 30.7277589], [46.4069229, 30.7275809], [46.4069019, 30.7274304], [46.4069589, 30.7274137], [46.40691, 30.7270627], [46.4067999, 30.7270951], [46.4068247, 30.7272731], [46.4068475, 30.7274368]]], "df_ids": [75998]}