{"polygon": [[[46.4855777, 30.7393221], [46.4858169, 30.739367], [46.4858548, 30.7393737], [46.4858665, 30.7392225], [46.4858268, 30.7392179], [46.485588, 30.739179], [46.4855777, 30.7393221]]], "df_ids": [4770]}