{"polygon": [[[46.4837508, 30.7467758], [46.4836848, 30.7467602], [46.483564, 30.7467315], [46.4833899, 30.7466902], [46.4834111, 30.7465019], [46.4835886, 30.7465441], [46.483772, 30.7465876], [46.4837508, 30.7467758]]], "df_ids": [14419]}