{"polygon": [[[46.4806062, 30.7281516], [46.4806594, 30.7282363], [46.4805681, 30.7283572], [46.4804413, 30.7281552], [46.4807135, 30.7277948], [46.4807871, 30.7279121], [46.4806062, 30.7281516]]], "df_ids": [153740]}