{"polygon": [[[46.4885956, 30.739029], [46.4885349, 30.7388646], [46.4884274, 30.7389602], [46.488424, 30.7390494], [46.4884395, 30.7391551], [46.4885956, 30.739029]]], "df_ids": [4416]}