{"polygon": [[[46.475735, 30.748085], [46.4756369, 30.7480655], [46.4756337, 30.7481061], [46.4756163, 30.7483248], [46.4757193, 30.7483408], [46.4757212, 30.7483062], [46.4757328, 30.7483042], [46.4757477, 30.7482918], [46.4757491, 30.748254], [46.4757358, 30.7482389], [46.4757217, 30.7482303], [46.4757224, 30.7482167], [46.4757231, 30.7482039], [46.4757354, 30.7482001], [46.4757484, 30.7481828], [46.475748, 30.7481467], [46.4757315, 30.7481394], [46.475735, 30.748085]]], "df_ids": [4768]}