{"polygon": [[[46.4734137, 30.7308988], [46.4733982, 30.7308704], [46.473413, 30.7306684], [46.4734413, 30.730282], [46.4735122, 30.7302929], [46.473593, 30.7303054], [46.4735866, 30.7303925], [46.4735398, 30.7303852], [46.4735176, 30.7306875], [46.4735146, 30.7307289], [46.4736117, 30.7307439], [46.47361, 30.7307674], [46.4735981, 30.7309287], [46.4734137, 30.7308988]]], "df_ids": [6944]}