{"polygon": [[[46.476365, 30.7366829], [46.4763906, 30.7362926], [46.4762917, 30.7362789], [46.4762752, 30.7365292], [46.4761004, 30.736505], [46.4761136, 30.7363046], [46.4762876, 30.7363287], [46.4762953, 30.7362114], [46.4759572, 30.7361645], [46.4759271, 30.7366223], [46.4763087, 30.7366751], [46.476365, 30.7366829]]], "df_ids": [4396]}