{"polygon": [[[46.4826271, 30.7367581], [46.4824746, 30.7367349], [46.4824592, 30.7369485], [46.4826135, 30.7369719], [46.4826271, 30.7367581]]], "df_ids": [27920]}