{"polygon": [[[46.3850104, 30.719985], [46.3851306, 30.7199292], [46.3848805, 30.7187951], [46.3847585, 30.7188479], [46.3850104, 30.719985]]], "df_ids": [90755]}