{"polygon": [[[46.4903869, 30.7261134], [46.4902283, 30.7263144], [46.4901336, 30.7261479], [46.4902499, 30.7260082], [46.4902162, 30.7259489], [46.4902621, 30.7258938], [46.4903869, 30.7261134]]], "df_ids": [5257]}