{"polygon": [[[46.4815318, 30.748884], [46.4812673, 30.7488538], [46.480831, 30.7488056], [46.4808488, 30.7485572], [46.4812784, 30.748623], [46.4816156, 30.748667], [46.4816033, 30.7488726], [46.4816001, 30.7490019], [46.4815988, 30.7490234], [46.4815214, 30.7490162], [46.4815318, 30.748884]]], "df_ids": [10626]}