{"polygon": [[[46.4895042, 30.7324725], [46.4895869, 30.7326293], [46.4894985, 30.7327343], [46.4893492, 30.7329114], [46.4894108, 30.7329151], [46.4894405, 30.7328793], [46.4895102, 30.7328853], [46.4894929, 30.7330053], [46.4894824, 30.7331665], [46.4891414, 30.7331199], [46.4891616, 30.7328762], [46.4894179, 30.7325742], [46.4895042, 30.7324725]]], "df_ids": [32936]}