{"polygon": [[[46.4827643, 30.727996], [46.482865, 30.7281662], [46.4827347, 30.7283288], [46.4826922, 30.7283819], [46.4827584, 30.7284937], [46.4829291, 30.7282807], [46.4829695, 30.7283491], [46.4829846, 30.7283746], [46.482984, 30.7283753], [46.4829621, 30.7284027], [46.4829452, 30.7284238], [46.4828555, 30.7285357], [46.4828284, 30.7285696], [46.4827336, 30.7286878], [46.4826278, 30.7285089], [46.4825112, 30.7283119], [46.482634, 30.7281586], [46.4827643, 30.727996]]], "df_ids": [29282]}