{"polygon": [[[46.482357, 30.7367268], [46.4821739, 30.7367055], [46.4821655, 30.7368589], [46.4823486, 30.7368802], [46.482357, 30.7367268]]], "df_ids": [137521]}