{"polygon": [[[46.47981, 30.7113899], [46.4800283, 30.7114], [46.4800295, 30.7113191], [46.4800138, 30.7113184], [46.4800142, 30.7112815], [46.48003, 30.7112828], [46.4800305, 30.7112478], [46.4800313, 30.7111648], [46.4800156, 30.7111642], [46.4800156, 30.7111347], [46.4800323, 30.711136], [46.480033, 30.7110658], [46.4799706, 30.7110641], [46.4799683, 30.7112405], [46.4799043, 30.7112387], [46.4799055, 30.711141], [46.4797801, 30.7111376], [46.4797774, 30.7113427], [46.47981, 30.7113899]]], "df_ids": [192277]}