{"polygon": [[[46.4736381, 30.7237585], [46.4730236, 30.7236548], [46.4730372, 30.7234852], [46.4736517, 30.7235888], [46.4736381, 30.7237585]]], "df_ids": [32163]}