{"polygon": [[[46.4711797, 30.7414894], [46.4711896, 30.7413546], [46.4713823, 30.7413846], [46.4713732, 30.74152], [46.4713267, 30.7415119], [46.4712775, 30.7415044], [46.4711797, 30.7414894]]], "df_ids": [1196]}