{"polygon": [[[46.4714135, 30.7180049], [46.4716578, 30.7183151], [46.4717482, 30.718165], [46.4715039, 30.7178548], [46.4714135, 30.7180049]]], "df_ids": [29033]}