{"polygon": [[[46.4759483, 30.7284122], [46.476106, 30.7284387], [46.4762156, 30.7284571], [46.476239, 30.728163], [46.4760987, 30.7281395], [46.4759899, 30.7281212], [46.4759797, 30.7282497], [46.4760757, 30.7282658], [46.4760724, 30.7283076], [46.4759581, 30.7282884], [46.4759483, 30.7284122]]], "df_ids": [102689]}