{"polygon": [[[46.4730295, 30.7471261], [46.4730519, 30.7467782], [46.4729943, 30.746769], [46.4729826, 30.7469233], [46.4729154, 30.7469125], [46.4729291, 30.7467317], [46.4728601, 30.7467208], [46.4728351, 30.7470985], [46.4730295, 30.7471261]]], "df_ids": [43060]}