{"polygon": [[[46.4831182, 30.74913], [46.4829647, 30.7491074], [46.4829624, 30.7491393], [46.4829371, 30.7491356], [46.4829189, 30.7491329], [46.4829371, 30.7488721], [46.4829529, 30.7488744], [46.4829573, 30.7488751], [46.4829656, 30.7488763], [46.4829634, 30.7489072], [46.4830903, 30.7489259], [46.4830923, 30.7488972], [46.483134, 30.7489034], [46.4831203, 30.7490998], [46.4831182, 30.74913]]], "df_ids": [28645]}