{"polygon": [[[46.4914145, 30.7230175], [46.4916357, 30.7227377], [46.491715, 30.72287], [46.4914938, 30.7231498], [46.4914145, 30.7230175]]], "df_ids": [914]}