{"polygon": [[[46.4850381, 30.7251522], [46.4852017, 30.7254429], [46.4852064, 30.7254513], [46.4851144, 30.7255605], [46.4850287, 30.7254082], [46.4849522, 30.725499], [46.4849723, 30.7255348], [46.4849213, 30.7255953], [46.4848497, 30.7256803], [46.484747, 30.7254977], [46.4850381, 30.7251522]]], "df_ids": [1305]}