{"polygon": [[[46.4794957, 30.7111309], [46.4794716, 30.7111705], [46.4791889, 30.7111749], [46.4791924, 30.7110311], [46.4792746, 30.7110337], [46.4793654, 30.7110283], [46.4793665, 30.7110548], [46.4793925, 30.7110534], [46.4793903, 30.7107713], [46.4794086, 30.7107719], [46.4794985, 30.7107752], [46.4794957, 30.7111309]]], "df_ids": [175810]}