{"polygon": [[[46.4014074, 30.7124262], [46.4012978, 30.7124569], [46.4013858, 30.713118], [46.4014954, 30.7130874], [46.4014074, 30.7124262]]], "df_ids": [89604]}