{"polygon": [[[46.4839636, 30.7222832], [46.4838105, 30.7224928], [46.4837093, 30.7223369], [46.4838623, 30.7221273], [46.4839636, 30.7222832]]], "df_ids": [45334]}