{"polygon": [[[46.4806308, 30.7236345], [46.4807337, 30.7234909], [46.4806735, 30.7233787], [46.4805492, 30.7235058], [46.4806308, 30.7236345]]], "df_ids": [227118]}