{"polygon": [[[46.4800651, 30.7305458], [46.4801294, 30.7304625], [46.4801356, 30.7304545], [46.4801475, 30.7304738], [46.480205, 30.7303995], [46.48026, 30.730328], [46.480248, 30.7303085], [46.4802839, 30.730262], [46.4802691, 30.7302379], [46.4803055, 30.7301907], [46.4804334, 30.7303988], [46.480298, 30.7305738], [46.4801781, 30.7307297], [46.4800789, 30.7305683], [46.4800651, 30.7305458]]], "df_ids": [12463]}