{"polygon": [[[46.3883101, 30.7296659], [46.3884298, 30.7297097], [46.3886531, 30.728427], [46.3885333, 30.7283832], [46.3883101, 30.7296659]]], "df_ids": [90775]}