{"polygon": [[[46.4836844, 30.7424367], [46.4836799, 30.7424846], [46.483654, 30.7428486], [46.483417, 30.7428139], [46.4832243, 30.7427857], [46.4832409, 30.7425474], [46.483433, 30.7425755], [46.4834632, 30.7425799], [46.4834687, 30.7425007], [46.4835269, 30.7425092], [46.483531, 30.7424152], [46.4836844, 30.7424367]]], "df_ids": [32299]}