{"polygon": [[[46.4820242, 30.7489222], [46.4823793, 30.7489713], [46.482394, 30.7487806], [46.4820353, 30.7487311], [46.4820242, 30.7489222]]], "df_ids": [67461]}