{"polygon": [[[46.4718102, 30.7489662], [46.4718257, 30.748746], [46.4718367, 30.7485887], [46.4715358, 30.7485441], [46.47153, 30.7486271], [46.4716821, 30.7486496], [46.4716781, 30.7487083], [46.4716747, 30.7487582], [46.4716616, 30.7489379], [46.4718102, 30.7489662]]], "df_ids": [166219]}