{"polygon": [[[46.4912002, 30.7233084], [46.4913218, 30.723506], [46.4914107, 30.7233915], [46.4912935, 30.72319], [46.4912002, 30.7233084]]], "df_ids": [77101]}