{"polygon": [[[46.4722911, 30.7425372], [46.4721864, 30.742522], [46.4721883, 30.7424944], [46.4721712, 30.7424919], [46.47218, 30.7423649], [46.4720952, 30.7423526], [46.4720994, 30.7422924], [46.4721053, 30.7422061], [46.4721275, 30.7422093], [46.472129, 30.7421881], [46.4723132, 30.7422148], [46.4723021, 30.742377], [46.4722911, 30.7425372]]], "df_ids": [180697]}