{"polygon": [[[46.4712727, 30.7462729], [46.4712707, 30.7463084], [46.4712895, 30.7463106], [46.4712729, 30.746601], [46.4711947, 30.7465916], [46.4712233, 30.7460908], [46.4712625, 30.7460956], [46.4712598, 30.7461432], [46.4713842, 30.7461582], [46.4713867, 30.7461149], [46.4714274, 30.7461198], [46.4714184, 30.7462636], [46.4713988, 30.7466258], [46.4713192, 30.7466113], [46.4713393, 30.7463101], [46.4713986, 30.7463172], [46.4714003, 30.7462883], [46.4712727, 30.7462729]]], "df_ids": [174248]}