{"polygon": [[[46.4824353, 30.7278752], [46.4823531, 30.7277283], [46.482318, 30.7277697], [46.4823059, 30.7277481], [46.4823182, 30.7277336], [46.4823025, 30.7277057], [46.4822723, 30.7276518], [46.4822602, 30.7276661], [46.4822416, 30.7276329], [46.4822787, 30.7275891], [46.4822438, 30.7275267], [46.482102, 30.7276941], [46.4821913, 30.7278536], [46.482202, 30.7278727], [46.4822956, 30.72804], [46.4824353, 30.7278752]]], "df_ids": [7031]}