{"polygon": [[[46.4727744, 30.7358562], [46.4726548, 30.7358381], [46.4726465, 30.7359523], [46.472646, 30.7359597], [46.4727657, 30.7359781], [46.4727661, 30.7359721], [46.4727744, 30.7358562]]], "df_ids": [175667]}