{"polygon": [[[46.4769983, 30.7300376], [46.4768405, 30.7302325], [46.4767642, 30.7301023], [46.476922, 30.7299074], [46.4769983, 30.7300376]]], "df_ids": [162389]}