{"polygon": [[[46.4704567, 30.7451316], [46.4703582, 30.7451167], [46.4703454, 30.7451148], [46.4703561, 30.7449517], [46.4703676, 30.7449532], [46.4704684, 30.744967], [46.4704567, 30.7451316]]], "df_ids": [3515]}