{"polygon": [[[46.3860869, 30.7151124], [46.3863101, 30.7160805], [46.3862019, 30.7161329], [46.3859788, 30.7151648], [46.3860869, 30.7151124]]], "df_ids": [70242]}