{"polygon": [[[46.4793972, 30.7385787], [46.4790324, 30.7385232], [46.4790452, 30.7383452], [46.4793559, 30.7383917], [46.4793661, 30.7383709], [46.4793893, 30.7383637], [46.4794129, 30.7383755], [46.4794283, 30.7384072], [46.4794262, 30.7384346], [46.4794973, 30.7384445], [46.4794874, 30.7385869], [46.4795402, 30.7385947], [46.4795223, 30.7388233], [46.4793802, 30.7388026], [46.4793972, 30.7385787]]], "df_ids": [6746]}