{"polygon": [[[46.4830637, 30.7443899], [46.4830606, 30.7444327], [46.4833831, 30.7444821], [46.4835361, 30.7445055], [46.48355, 30.7443098], [46.4835659, 30.7440865], [46.4831402, 30.7440214], [46.4831314, 30.7441432], [46.4834024, 30.7441847], [46.4833994, 30.7442261], [46.4834262, 30.7442303], [46.4834221, 30.7442874], [46.4834174, 30.7443519], [46.4830703, 30.7442987], [46.4830637, 30.7443899]]], "df_ids": [28180]}