{"polygon": [[[46.4728665, 30.7200014], [46.4724435, 30.7193893], [46.4726272, 30.7193143], [46.4726428, 30.7194159], [46.472598, 30.7194257], [46.4727771, 30.7196711], [46.4727569, 30.7195653], [46.472853, 30.719536], [46.4729036, 30.7199696], [46.4728665, 30.7200014]]], "df_ids": [5642]}