{"polygon": [[[46.4682507, 30.7210039], [46.4684281, 30.7207776], [46.4685182, 30.7209255], [46.4686146, 30.7210856], [46.4684375, 30.7213116], [46.4683902, 30.7212334], [46.4684886, 30.7211078], [46.4684036, 30.7209674], [46.4683049, 30.7210934], [46.4682507, 30.7210039]]], "df_ids": [157067]}