{"polygon": [[[46.4905694, 30.7352461], [46.4905832, 30.7352678], [46.4906123, 30.7352685], [46.4906257, 30.7352423], [46.4906252, 30.7352222], [46.4908395, 30.735226], [46.4908408, 30.7352406], [46.4908567, 30.7352678], [46.4908777, 30.7352681], [46.4908967, 30.7352453], [46.4908967, 30.7352041], [46.490884, 30.7351803], [46.4908717, 30.7351786], [46.4908724, 30.7351491], [46.4908978, 30.7351513], [46.4909304, 30.7351022], [46.4909308, 30.7350539], [46.4909534, 30.7350579], [46.490971, 30.7350324], [46.4909696, 30.7349935], [46.4909794, 30.7349658], [46.4909781, 30.7347265], [46.4908654, 30.7347244], [46.4908648, 30.7346992], [46.4907946, 30.7346998], [46.4907942, 30.7348132], [46.4908246, 30.7348132], [46.490828, 30.7350241], [46.4907215, 30.7350227], [46.4907171, 30.7349935], [46.4907065, 30.7349741], [46.4906894, 30.734958], [46.4906686, 30.734956], [46.4906534, 30.7349694], [46.4906471, 30.7349905], [46.4905136, 30.7349933], [46.4905199, 30.7351826], [46.4905703, 30.7351813], [46.4905694, 30.7352461]]], "df_ids": [6002]}