{"polygon": [[[46.4832229, 30.744888], [46.483236, 30.7447072], [46.4833654, 30.744727], [46.4833676, 30.7446956], [46.4833831, 30.7444821], [46.4835361, 30.7445055], [46.4835209, 30.7447181], [46.4835058, 30.7449314], [46.4832229, 30.744888]]], "df_ids": [6023]}