{"polygon": [[[46.4803488, 30.7370261], [46.4803577, 30.7368882], [46.4804446, 30.736902], [46.4804154, 30.7373116], [46.480372, 30.7373075], [46.4803234, 30.7372974], [46.4803316, 30.7371715], [46.4802989, 30.737167], [46.4803041, 30.7370872], [46.4803084, 30.7370206], [46.4803488, 30.7370261]]], "df_ids": [207477]}