{"polygon": [[[46.4749093, 30.7463927], [46.4747644, 30.7463731], [46.4747399, 30.7463698], [46.4747415, 30.7462658], [46.474791, 30.7462677], [46.4747947, 30.7460684], [46.4747619, 30.7460672], [46.4747637, 30.7459702], [46.4748426, 30.7459683], [46.4749422, 30.7459809], [46.4749093, 30.7463927]]], "df_ids": [45973]}