{"polygon": [[[46.4858426, 30.7333872], [46.4858521, 30.7333705], [46.4858555, 30.7333114], [46.4858639, 30.7333011], [46.4859207, 30.7333089], [46.4859197, 30.7333247], [46.4860455, 30.733342], [46.4860462, 30.7333311], [46.486281, 30.7333635], [46.4862995, 30.7330797], [46.4861882, 30.7330644], [46.4861869, 30.7330835], [46.4860511, 30.733065], [46.4860525, 30.7330422], [46.4859344, 30.7330263], [46.4859336, 30.7330382], [46.4858027, 30.7330209], [46.4858034, 30.7330094], [46.4856882, 30.7329868], [46.4856616, 30.7333175], [46.4856946, 30.7333232], [46.4856907, 30.7333623], [46.4858426, 30.7333872]]], "df_ids": [5248]}