{"polygon": [[[46.479239, 30.7196754], [46.4790896, 30.7197228], [46.4790779, 30.7195475], [46.4792279, 30.7195011], [46.479239, 30.7196754]]], "df_ids": [154341]}