{"polygon": [[[46.4832744, 30.7471631], [46.483178, 30.7471465], [46.4830776, 30.7471292], [46.483098, 30.7468792], [46.4832948, 30.7469131], [46.4832744, 30.7471631]]], "df_ids": [34571]}