{"polygon": [[[46.4114261, 30.7090459], [46.411584, 30.7087527], [46.4116203, 30.7087909], [46.4116394, 30.7087529], [46.4117681, 30.7084957], [46.4118556, 30.7085879], [46.4117269, 30.7088451], [46.4117078, 30.7088831], [46.4116716, 30.7088449], [46.4114816, 30.7092243], [46.4111486, 30.7091172], [46.4111369, 30.7091935], [46.4110984, 30.7091811], [46.4099615, 30.7088155], [46.4099849, 30.7086625], [46.4111219, 30.7090281], [46.4111603, 30.7090405], [46.411172, 30.7089642], [46.4114261, 30.7090459]]], "df_ids": [77501]}