{"polygon": [[[46.4173411, 30.715272], [46.4172758, 30.7152838], [46.417261, 30.7152583], [46.4171824, 30.7152717], [46.4171612, 30.7153019], [46.4171755, 30.7155212], [46.4171857, 30.715542], [46.4172001, 30.7155394], [46.4172035, 30.7155789], [46.4173586, 30.715551], [46.4173542, 30.7154996], [46.4173763, 30.7154956], [46.4173667, 30.7153838], [46.4173513, 30.7153866], [46.4173479, 30.7153443], [46.4173411, 30.715272]]], "df_ids": [74387]}