{"polygon": [[[46.484685, 30.7360024], [46.4847248, 30.7360081], [46.4848467, 30.7360254], [46.484833, 30.7362297], [46.4848228, 30.7363809], [46.4847725, 30.7363738], [46.4847825, 30.7362244], [46.4847088, 30.7362139], [46.4846711, 30.7362086], [46.484685, 30.7360024]]], "df_ids": [198679]}