{"polygon": [[[46.4701286, 30.7254818], [46.4702067, 30.7253882], [46.4702278, 30.7254252], [46.4702901, 30.7255348], [46.470212, 30.7256284], [46.4701492, 30.725518], [46.4701286, 30.7254818]]], "df_ids": [26335]}