{"polygon": [[[46.4695885, 30.7486096], [46.4699605, 30.7486703], [46.4699708, 30.7485153], [46.4699826, 30.7483373], [46.4699164, 30.7483264], [46.4699084, 30.7484434], [46.4699261, 30.7484463], [46.4699239, 30.7484893], [46.4699019, 30.7484614], [46.469856, 30.748455], [46.4698611, 30.7483786], [46.469744, 30.7483622], [46.4697372, 30.7484655], [46.4695967, 30.7484484], [46.4695885, 30.7486096]]], "df_ids": [35922]}