{"polygon": [[[46.4896495, 30.7327616], [46.4897659, 30.7329892], [46.4899254, 30.7327732], [46.4898087, 30.7325848], [46.4896495, 30.7327616]]], "df_ids": [6920]}