{"polygon": [[[46.4851123, 30.7144303], [46.4854151, 30.7142264], [46.4854447, 30.7141299], [46.4853893, 30.7140655], [46.4853413, 30.7140655], [46.4850532, 30.7142479], [46.4850199, 30.7143122], [46.4850347, 30.7143605], [46.4850495, 30.7144034], [46.4850762, 30.7144187], [46.4851123, 30.7144303]]], "df_ids": [63164]}