{"polygon": [[[46.4765229, 30.7243055], [46.4765924, 30.7244281], [46.4765413, 30.7244892], [46.4764858, 30.7245556], [46.4764258, 30.7244501], [46.47641, 30.7244252], [46.4762141, 30.7240763], [46.4763289, 30.7239392], [46.4763873, 30.7240423], [46.4763197, 30.7241231], [46.4764634, 30.7243766], [46.4764761, 30.7243615], [46.4765229, 30.7243055]]], "df_ids": [44628]}