{"polygon": [[[46.4678029, 30.7213814], [46.4676984, 30.7215171], [46.4672434, 30.7208026], [46.4673361, 30.7206783], [46.4673464, 30.7206644], [46.4678029, 30.7213814]]], "df_ids": [63426]}