{"polygon": [[[46.485271, 30.7373468], [46.485638, 30.7374027], [46.4856307, 30.737503], [46.4854726, 30.737479], [46.4854633, 30.7376071], [46.4854572, 30.7376919], [46.4856263, 30.7377176], [46.485616, 30.7378597], [46.4852382, 30.7378022], [46.4852545, 30.7375753], [46.485271, 30.7373468]]], "df_ids": [29132]}