{"polygon": [[[46.4701847, 30.7490966], [46.4699592, 30.7490788], [46.4699646, 30.7490035], [46.4699675, 30.7489441], [46.470194, 30.7489591], [46.4701847, 30.7490966]]], "df_ids": [197034]}