{"polygon": [[[46.4755967, 30.7219103], [46.4755719, 30.7221966], [46.4754028, 30.7222986], [46.475377, 30.7221217], [46.4754121, 30.7221092], [46.4754288, 30.7221883], [46.4755073, 30.7221508], [46.4755147, 30.7220435], [46.4754731, 30.722065], [46.4754673, 30.7219267], [46.4755714, 30.7218954], [46.4755967, 30.7219103]]], "df_ids": [1064, 216298]}