{"polygon": [[[46.4840991, 30.723027], [46.4844912, 30.7225426], [46.4844317, 30.722441], [46.484413, 30.7224641], [46.4843865, 30.7224188], [46.4844052, 30.7223957], [46.4843865, 30.7223638], [46.4843407, 30.7224205], [46.4839944, 30.7228482], [46.4840991, 30.723027]]], "df_ids": [30501]}