{"polygon": [[[46.4760427, 30.7271215], [46.4760467, 30.7270068], [46.4760562, 30.7269123], [46.4760194, 30.7268636], [46.4760139, 30.7269391], [46.4759599, 30.7269307], [46.4759177, 30.7269238], [46.4759189, 30.7268689], [46.475926, 30.7268698], [46.475992, 30.7268777], [46.4759945, 30.7268406], [46.4759042, 30.7266804], [46.4758846, 30.7269119], [46.475873, 30.7270878], [46.4759497, 30.7271036], [46.4760427, 30.7271215]]], "df_ids": [127133]}