{"polygon": [[[46.4746633, 30.7500888], [46.4745258, 30.7500684], [46.4745183, 30.7501758], [46.4744059, 30.7501592], [46.4742761, 30.75014], [46.4742698, 30.7502303], [46.4744602, 30.7502585], [46.4745303, 30.7502689], [46.4746494, 30.7502866], [46.4746633, 30.7500888]]], "df_ids": [33322]}