{"polygon": [[[46.4763964, 30.7115268], [46.476411, 30.7115524], [46.476622, 30.7115901], [46.4766333, 30.7114418], [46.4765431, 30.711425], [46.476523, 30.711394], [46.4765353, 30.7111402], [46.4764192, 30.7111279], [46.4763964, 30.7115268]]], "df_ids": [127049]}