{"polygon": [[[46.4119528, 30.7276891], [46.411901, 30.7276888], [46.4119005, 30.7277222], [46.411845, 30.7277204], [46.4118446, 30.7277501], [46.4117919, 30.7277483], [46.4117915, 30.7277749], [46.4117364, 30.7277731], [46.411736, 30.7278034], [46.4116847, 30.7278017], [46.4116842, 30.7278327], [46.4116237, 30.7278307], [46.4116252, 30.7277298], [46.4116254, 30.7277174], [46.4116256, 30.7277048], [46.4116862, 30.7277068], [46.4116866, 30.7276804], [46.4117379, 30.7276821], [46.4117383, 30.7276553], [46.4117934, 30.7276571], [46.4117938, 30.7276272], [46.4118465, 30.7276289], [46.4118488, 30.7274804], [46.411956, 30.7274839], [46.4119528, 30.7276891]]], "df_ids": [79529]}