{"polygon": [[[46.4700905, 30.7384013], [46.4700923, 30.7383943], [46.4700995, 30.7383845], [46.4701069, 30.7383842], [46.4701164, 30.7383859], [46.4701217, 30.7383943], [46.4701244, 30.738405], [46.4701362, 30.7384062], [46.4701296, 30.7385104], [46.4701198, 30.7386712], [46.4699243, 30.7386433], [46.4699341, 30.7385066], [46.4699412, 30.7383817], [46.469957, 30.7383838], [46.4699656, 30.7383748], [46.4699741, 30.7383711], [46.4699864, 30.7383725], [46.4699937, 30.7383795], [46.4699991, 30.7383893], [46.4700905, 30.7384013]]], "df_ids": [45689]}