{"polygon": [[[46.4798677, 30.7240834], [46.4799751, 30.7239471], [46.4800616, 30.7240907], [46.4801247, 30.7240106], [46.4800894, 30.723952], [46.4801485, 30.7238768], [46.4801684, 30.723909], [46.4801875, 30.7239383], [46.4802672, 30.7240804], [46.4801562, 30.7242213], [46.4800398, 30.7243692], [46.4798677, 30.7240834]]], "df_ids": [29314]}