{"polygon": [[[46.4755847, 30.7196298], [46.4755839, 30.7197795], [46.4756004, 30.7197773], [46.4755825, 30.7201551], [46.4756797, 30.7201483], [46.4757106, 30.7195922], [46.4755847, 30.7196298]]], "df_ids": [1945]}