{"polygon": [[[46.4772417, 30.7294764], [46.4772601, 30.7295134], [46.4773445, 30.7296836], [46.4774712, 30.7299388], [46.4775611, 30.7301198], [46.477518, 30.7301649], [46.4772578, 30.7296407], [46.4772318, 30.7296679], [46.4774861, 30.7301803], [46.4774379, 30.7302306], [46.4771245, 30.7295991], [46.4772417, 30.7294764]]], "df_ids": [180909, 180910]}