{"polygon": [[[46.4756297, 30.7076313], [46.4755458, 30.7078672], [46.4754535, 30.7078079], [46.4753442, 30.7076992], [46.4753776, 30.7076339], [46.4754708, 30.707729], [46.4754943, 30.7076522], [46.4753991, 30.707591], [46.475424, 30.7075233], [46.475536, 30.707571], [46.4756297, 30.7076313]]], "df_ids": [236274]}