{"polygon": [[[46.4844577, 30.7355743], [46.4846212, 30.7355946], [46.4846279, 30.7354809], [46.4846333, 30.735389], [46.48461, 30.7353861], [46.4846115, 30.7353607], [46.4846168, 30.7352711], [46.4845042, 30.7352571], [46.4844766, 30.7352537], [46.4844673, 30.735412], [46.4844577, 30.7355743]]], "df_ids": [15001]}