{"polygon": [[[46.4735905, 30.7225717], [46.4735832, 30.7226775], [46.4737119, 30.7226962], [46.4737242, 30.7225167], [46.4737372, 30.7223283], [46.4736086, 30.7223096], [46.4736002, 30.7224304], [46.4735952, 30.7225028], [46.4735905, 30.7225717]]], "df_ids": [180957]}