{"polygon": [[[46.485664, 30.7317888], [46.4856527, 30.7317691], [46.4855028, 30.7315344], [46.4853491, 30.7317188], [46.4854033, 30.7318343], [46.4854275, 30.7318814], [46.485554, 30.7317293], [46.485619, 30.7318438], [46.485664, 30.7317888]]], "df_ids": [141024]}