{"polygon": [[[46.4859378, 30.7415415], [46.4860929, 30.7415629], [46.4860715, 30.7418663], [46.4860517, 30.7421541], [46.4859001, 30.7421337], [46.4859183, 30.7418396], [46.4859378, 30.7415415]]], "df_ids": [34324]}