{"polygon": [[[46.4851407, 30.7356591], [46.4850527, 30.7356482], [46.4849651, 30.7356373], [46.4849674, 30.7355987], [46.4849718, 30.735523], [46.484984, 30.7353167], [46.485075, 30.735328], [46.4850671, 30.7354633], [46.485087, 30.7354658], [46.4850949, 30.7353317], [46.4851595, 30.7353398], [46.4851407, 30.7356591]]], "df_ids": [27609]}