{"polygon": [[[46.4749317, 30.735903], [46.4749204, 30.7360642], [46.4749721, 30.7360719], [46.4749585, 30.736265], [46.4748378, 30.7362472], [46.4748484, 30.7360956], [46.4748627, 30.7358928], [46.4749317, 30.735903]]], "df_ids": [1525]}