{"polygon": [[[46.4729937, 30.7325081], [46.4728692, 30.7324911], [46.4727277, 30.7324683], [46.4726858, 30.7324623], [46.4726954, 30.7323128], [46.4728548, 30.7323346], [46.4728489, 30.7324254], [46.4728786, 30.7324295], [46.4728888, 30.7322717], [46.4728974, 30.7321395], [46.4725132, 30.732087], [46.4725194, 30.7319911], [46.4728146, 30.7320315], [46.4730228, 30.73206], [46.4730081, 30.7322863], [46.4729937, 30.7325081]]], "df_ids": [44756, 233546]}