{"polygon": [[[46.4713341, 30.7268798], [46.4712983, 30.7268179], [46.4712528, 30.7267394], [46.4713495, 30.7266211], [46.4713735, 30.7265918], [46.4714548, 30.7267321], [46.4713341, 30.7268798]]], "df_ids": [1220]}