{"polygon": [[[46.4715629, 30.7522772], [46.4713373, 30.752243], [46.4711975, 30.7522219], [46.4712012, 30.7521274], [46.4714655, 30.752163], [46.4714684, 30.7521217], [46.4714707, 30.7520888], [46.4712141, 30.7520511], [46.4712215, 30.7519443], [46.4714477, 30.7519776], [46.4714801, 30.7519824], [46.4715825, 30.7519974], [46.4715715, 30.752138], [46.4715629, 30.7522772]]], "df_ids": [2201, 5643, 235724]}