{"polygon": [[[46.4810106, 30.7178611], [46.4810018, 30.7178636], [46.4809944, 30.7178589], [46.4809914, 30.7178502], [46.4808474, 30.717893], [46.4808393, 30.717702], [46.4808397, 30.7176782], [46.4809436, 30.7176467], [46.4810034, 30.7176369], [46.4810037, 30.7176685], [46.481005, 30.7178237], [46.4810134, 30.7178291], [46.4810173, 30.7178405], [46.4810159, 30.7178516], [46.4810106, 30.7178611]]], "df_ids": [5694]}