{"polygon": [[[46.4794915, 30.7125976], [46.479379, 30.7125978], [46.4793792, 30.7128634], [46.4792235, 30.7128581], [46.4792236, 30.713012], [46.4792642, 30.7130118], [46.4794632, 30.7130171], [46.4794918, 30.7129783], [46.4794915, 30.7125976]]], "df_ids": [32586]}