{"polygon": [[[46.3933723, 30.7301925], [46.3932797, 30.7302168], [46.3932938, 30.7303297], [46.3931109, 30.7303778], [46.3930892, 30.7302037], [46.3932631, 30.730158], [46.3932457, 30.7300184], [46.3930981, 30.7300571], [46.3930609, 30.7297598], [46.39324, 30.7297127], [46.393248, 30.7297772], [46.3932915, 30.7297658], [46.3932813, 30.7296846], [46.3934401, 30.7296429], [46.3934742, 30.729916], [46.393352, 30.729948], [46.3933774, 30.7301507], [46.3935306, 30.7301105], [46.3935477, 30.7302472], [46.3933845, 30.7302901], [46.3933723, 30.7301925]]], "df_ids": [64329]}