{"polygon": [[[46.4831981, 30.7349418], [46.4832078, 30.7347934], [46.483211, 30.7347417], [46.4832211, 30.7345864], [46.4832464, 30.7345904], [46.4832913, 30.7345967], [46.4833365, 30.7346031], [46.4833562, 30.7346059], [46.4833456, 30.7347548], [46.4833414, 30.734816], [46.4833312, 30.734961], [46.4831981, 30.7349418]]], "df_ids": [27509]}