{"polygon": [[[46.4118893, 30.7224069], [46.4117315, 30.7224428], [46.4117949, 30.7230297], [46.4120032, 30.7229824], [46.4119755, 30.7227252], [46.4119249, 30.7227367], [46.4118893, 30.7224069]]], "df_ids": [75026]}