{"polygon": [[[46.4866727, 30.7277528], [46.4864741, 30.7281139], [46.486297, 30.7284359], [46.4862788, 30.7284689], [46.4861552, 30.7282665], [46.4861684, 30.7282353], [46.4861878, 30.7281894], [46.4858517, 30.7276583], [46.4859103, 30.7275712], [46.4861324, 30.7272506], [46.486197, 30.7273406], [46.4864722, 30.7277173], [46.4865406, 30.7276178], [46.4866727, 30.7277528]]], "df_ids": [6235]}