{"polygon": [[[46.4828399, 30.7411711], [46.4829594, 30.7411842], [46.4829523, 30.7413197], [46.4828906, 30.7413129], [46.482889, 30.7413826], [46.4829175, 30.7413802], [46.4829443, 30.7414111], [46.4830101, 30.7414023], [46.4830233, 30.7412052], [46.483039, 30.741003], [46.4830199, 30.7410007], [46.4828667, 30.7409827], [46.4828499, 30.7409807], [46.4828399, 30.7411711]]], "df_ids": [8609]}