{"polygon": [[[46.4857893, 30.7130705], [46.4857123, 30.7132361], [46.485681, 30.7133032], [46.4854459, 30.7130724], [46.4855541, 30.7128397], [46.4857893, 30.7130705]]], "df_ids": [74963]}