{"polygon": [[[46.4730254, 30.7375874], [46.4731439, 30.7375988], [46.4731558, 30.737425], [46.472933, 30.7373928], [46.4729179, 30.7376131], [46.4729037, 30.7378204], [46.4730108, 30.7378332], [46.4730229, 30.7376299], [46.4730254, 30.7375874]]], "df_ids": [44751]}