{"polygon": [[[46.4796603, 30.7443285], [46.4801844, 30.7444009], [46.4801936, 30.7442247], [46.4796698, 30.7441588], [46.4796603, 30.7443285]]], "df_ids": [18895]}