{"polygon": [[[46.4885387, 30.7189157], [46.4888846, 30.7187985], [46.4888676, 30.7186957], [46.4888291, 30.7187092], [46.4887162, 30.7187484], [46.4885219, 30.7188155], [46.4885387, 30.7189157]]], "df_ids": [143745]}