{"polygon": [[[46.484036, 30.7266201], [46.4838159, 30.7268952], [46.4837347, 30.7267657], [46.4839568, 30.7264873], [46.484036, 30.7266201]]], "df_ids": [153678]}