{"polygon": [[[46.4863488, 30.7241142], [46.4862311, 30.7242595], [46.4862768, 30.7243377], [46.4863946, 30.7241925], [46.4863488, 30.7241142]]], "df_ids": [153315]}