{"polygon": [[[46.4739061, 30.7461358], [46.474323, 30.7461934], [46.4743328, 30.7460433], [46.474103, 30.7460115], [46.4741116, 30.7458808], [46.4740603, 30.7458749], [46.4740507, 30.7460213], [46.4739149, 30.7460025], [46.4739061, 30.7461358]]], "df_ids": [6774]}