{"polygon": [[[46.4761908, 30.7396335], [46.4763948, 30.7396595], [46.4764112, 30.7394042], [46.4762753, 30.7393848], [46.4762107, 30.7393747], [46.4761908, 30.7396335]]], "df_ids": [2907]}