{"polygon": [[[46.4757834, 30.7270754], [46.475873, 30.7270878], [46.4758846, 30.7269119], [46.475795, 30.7268995], [46.4757834, 30.7270754]]], "df_ids": [14424]}