{"polygon": [[[46.4725943, 30.738303], [46.4725724, 30.7386625], [46.4724691, 30.7386491], [46.4724912, 30.738289], [46.4725943, 30.738303]]], "df_ids": [27386]}