{"polygon": [[[46.4795671, 30.7486149], [46.480831, 30.7488056], [46.4808488, 30.7485572], [46.4795849, 30.7483664], [46.4795671, 30.7486149]]], "df_ids": [6011]}