{"polygon": [[[46.4754792, 30.7207236], [46.4754861, 30.7206198], [46.4755276, 30.7206224], [46.4755322, 30.7205125], [46.475522, 30.7205108], [46.4755105, 30.7205098], [46.4755141, 30.7204225], [46.475536, 30.7204244], [46.4755422, 30.7202754], [46.4755317, 30.7202745], [46.4755347, 30.7202003], [46.4756, 30.720198], [46.4756815, 30.7201952], [46.4756949, 30.7201964], [46.4756873, 30.7203732], [46.4756739, 30.7203719], [46.4756711, 30.7204381], [46.4756924, 30.72044], [46.4756881, 30.72054], [46.4756668, 30.7205381], [46.4756646, 30.7205876], [46.4756771, 30.7205887], [46.4756735, 30.7206718], [46.475661, 30.7206706], [46.4756581, 30.7207382], [46.4755733, 30.7207313], [46.4755721, 30.7207629], [46.4755106, 30.7207578], [46.4755118, 30.7207263], [46.4754792, 30.7207236]]], "df_ids": [74847]}