{"polygon": [[[46.4807327, 30.7292468], [46.4806438, 30.7293585], [46.4808177, 30.7296643], [46.4809101, 30.7295588], [46.4807327, 30.7292468]]], "df_ids": [192629]}