{"polygon": [[[46.4915758, 30.7360307], [46.4917682, 30.7361581], [46.4916903, 30.7364064], [46.4916499, 30.7363796], [46.4915688, 30.7366379], [46.4916011, 30.7366593], [46.491532, 30.7368794], [46.4914195, 30.7368049], [46.4913492, 30.7367583], [46.4914155, 30.7365468], [46.4914339, 30.7365589], [46.4914679, 30.7364505], [46.4914598, 30.7364451], [46.4914678, 30.7364195], [46.4914753, 30.7363954], [46.4914838, 30.736401], [46.4915173, 30.7362941], [46.4914973, 30.7362808], [46.4915758, 30.7360307]]], "df_ids": [51890]}