{"polygon": [[[46.4842766, 30.7233689], [46.4842026, 30.7234586], [46.4841131, 30.7235671], [46.4842353, 30.7237814], [46.4842704, 30.7237369], [46.4842389, 30.7236674], [46.4841996, 30.7236652], [46.4842718, 30.7235833], [46.4843515, 30.7234929], [46.4842766, 30.7233689]]], "df_ids": [30474]}