{"polygon": [[[46.4713829, 30.7352934], [46.4712642, 30.7352773], [46.4712035, 30.7352691], [46.4711962, 30.7353829], [46.4711489, 30.7353765], [46.4711562, 30.7352627], [46.4710735, 30.7352514], [46.471062, 30.7354299], [46.4713714, 30.7354718], [46.4713829, 30.7352934]]], "df_ids": [80012]}