{"polygon": [[[46.4857023, 30.7407887], [46.4858473, 30.7408112], [46.4858552, 30.7407033], [46.4858688, 30.740519], [46.4858716, 30.7404813], [46.4857803, 30.7404666], [46.4857265, 30.7404583], [46.4857023, 30.7407887]]], "df_ids": [75644]}