{"polygon": [[[46.4707122, 30.730036], [46.4705123, 30.7300072], [46.4705053, 30.7301089], [46.4707766, 30.7301481], [46.4707677, 30.7302785], [46.4707824, 30.7302802], [46.4708526, 30.7302913], [46.4708685, 30.7300586], [46.4707122, 30.730036]]], "df_ids": [3786, 3846]}