{"polygon": [[[46.4828195, 30.7467704], [46.4825987, 30.7467324], [46.4825596, 30.7467265], [46.4825312, 30.7467474], [46.4825024, 30.7467812], [46.4824849, 30.7468469], [46.482483, 30.7469006], [46.482508, 30.7469555], [46.4825389, 30.7469841], [46.4825574, 30.7469874], [46.4825532, 30.74704], [46.4827942, 30.7470804], [46.4828146, 30.7468304], [46.4828195, 30.7467704]]], "df_ids": [34574]}