{"polygon": [[[46.4712436, 30.7325888], [46.4712552, 30.7324232], [46.4714748, 30.7324554], [46.471488, 30.7322465], [46.4715085, 30.7319231], [46.4716269, 30.7319414], [46.4716039, 30.7322674], [46.4715802, 30.7326034], [46.4715529, 30.7326418], [46.4712436, 30.7325888]]], "df_ids": [95943]}