{"polygon": [[[46.475658, 30.7181572], [46.4755804, 30.718192], [46.4755869, 30.7183876], [46.475589, 30.7184486], [46.4755761, 30.7186471], [46.4756345, 30.7186545], [46.4756428, 30.7182602], [46.4756677, 30.7182401], [46.475658, 30.7181572]]], "df_ids": [3600]}