{"polygon": [[[46.4720998, 30.7444197], [46.4721488, 30.7444867], [46.4721356, 30.7447019], [46.4719994, 30.7446813], [46.4720055, 30.744597], [46.4719496, 30.7445866], [46.4719637, 30.7443967], [46.4720998, 30.7444197]]], "df_ids": [74931]}