{"polygon": [[[46.4710806, 30.7287687], [46.4710353, 30.7287625], [46.4710024, 30.728758], [46.4709443, 30.7287501], [46.4708832, 30.7287418], [46.4708738, 30.7288876], [46.4709688, 30.7289005], [46.4709918, 30.7289036], [46.4710712, 30.7289144], [46.4710806, 30.7287687]]], "df_ids": [173669]}