{"polygon": [[[46.4719994, 30.7446813], [46.4721356, 30.7447019], [46.4721198, 30.744921], [46.4719837, 30.7449003], [46.4719994, 30.7446813]]], "df_ids": [74933]}