{"polygon": [[[46.4714184, 30.7462636], [46.4713988, 30.7466258], [46.4713955, 30.7466874], [46.4714698, 30.7466958], [46.4714927, 30.7462721], [46.4714184, 30.7462636]]], "df_ids": [850]}