{"polygon": [[[46.4928097, 30.7216787], [46.492972, 30.7219559], [46.4930932, 30.7218034], [46.4930398, 30.7217138], [46.4929308, 30.7215278], [46.4929025, 30.7215632], [46.4928097, 30.7216787]]], "df_ids": [1756]}