{"polygon": [[[46.4851706, 30.7284759], [46.4851557, 30.7284989], [46.4851641, 30.7285175], [46.485297, 30.7287365], [46.4853273, 30.7287102], [46.4854055, 30.7286193], [46.4852614, 30.7283883], [46.4852542, 30.7283771], [46.4851706, 30.7284759]]], "df_ids": [155216]}