{"polygon": [[[46.4940458, 30.7187356], [46.4941375, 30.7187645], [46.4941446, 30.7187171], [46.4941805, 30.7187284], [46.4941761, 30.7187581], [46.4942777, 30.7187902], [46.4942805, 30.7187713], [46.4943192, 30.7187836], [46.4943119, 30.7188318], [46.4944005, 30.7188598], [46.4943772, 30.7190152], [46.4942025, 30.71896], [46.4940205, 30.7189025], [46.4940256, 30.7188691], [46.4940458, 30.7187356]]], "df_ids": [44972]}