{"polygon": [[[46.4724296, 30.7439007], [46.4725999, 30.7439269], [46.4726395, 30.7433845], [46.4724822, 30.7433601], [46.4724296, 30.7439007]]], "df_ids": [27375]}