{"polygon": [[[46.4812404, 30.73993], [46.4813584, 30.7399452], [46.4813519, 30.7400512], [46.4813502, 30.7400786], [46.4813452, 30.7401615], [46.481335, 30.7403294], [46.4812171, 30.7403121], [46.4812184, 30.7402914], [46.4812256, 30.7401728], [46.481232, 30.7400674], [46.4812404, 30.73993]]], "df_ids": [3595]}