{"polygon": [[[46.4758958, 30.721185], [46.4760843, 30.7211544], [46.4760843, 30.7210821], [46.4760311, 30.7210922], [46.4760269, 30.7210006], [46.4761888, 30.7209603], [46.4761859, 30.7207957], [46.4759131, 30.7208548], [46.4758905, 30.7208942], [46.4758958, 30.721185]]], "df_ids": [6539]}