{"polygon": [[[46.4729857, 30.7125962], [46.4733074, 30.7125371], [46.4733053, 30.712439], [46.473302, 30.7123493], [46.4732257, 30.7123595], [46.4731777, 30.7123327], [46.4731099, 30.7123439], [46.4730521, 30.7123863], [46.4729714, 30.7124108], [46.4729857, 30.7125962]]], "df_ids": [63246]}