{"polygon": [[[46.4788997, 30.7406112], [46.4789674, 30.7406211], [46.4789704, 30.7405784], [46.4789823, 30.7404076], [46.4788293, 30.7403851], [46.4786849, 30.7403639], [46.4786757, 30.7404963], [46.4787143, 30.740502], [46.478707, 30.7406074], [46.4786733, 30.7406025], [46.4786613, 30.740779], [46.4787867, 30.7407991], [46.4787997, 30.740612], [46.4788162, 30.7406144], [46.478852, 30.7406197], [46.4788556, 30.7405694], [46.4789021, 30.7405763], [46.4788997, 30.7406112]]], "df_ids": [32647]}