{"polygon": [[[46.4698682, 30.737452], [46.4700026, 30.7374706], [46.4699939, 30.7375705], [46.4702682, 30.7376128], [46.4702624, 30.737697], [46.4699824, 30.7376603], [46.4699644, 30.7376543], [46.4698552, 30.7376377], [46.4698682, 30.737452]]], "df_ids": [45409]}