{"polygon": [[[46.4764776, 30.7340484], [46.4763492, 30.734034], [46.4762512, 30.7340209], [46.4762525, 30.7339961], [46.4762529, 30.7339841], [46.4760995, 30.7339634], [46.4760989, 30.7339736], [46.4760976, 30.7339946], [46.4760879, 30.734152], [46.4761198, 30.734233], [46.4764784, 30.7342853], [46.4765169, 30.7342909], [46.4765264, 30.7341062], [46.4765304, 30.7340173], [46.4764927, 30.7340115], [46.4764904, 30.7340511], [46.4764776, 30.7340484]]], "df_ids": [1912]}