{"polygon": [[[46.4880165, 30.7199117], [46.4879332, 30.7199571], [46.487893, 30.719979], [46.4878476, 30.7200038], [46.4878938, 30.7201689], [46.4879901, 30.7201146], [46.4880657, 30.720072], [46.4880165, 30.7199117]]], "df_ids": [4659]}