{"polygon": [[[46.486218, 30.7144623], [46.4862156, 30.7144602], [46.4862264, 30.7144344], [46.4861714, 30.7143856], [46.4861606, 30.7144114], [46.4859997, 30.7142689], [46.4859814, 30.7143123], [46.4859992, 30.7143281], [46.4859511, 30.7144426], [46.4859629, 30.714453], [46.4859388, 30.7145104], [46.4860494, 30.7146083], [46.486058, 30.7145878], [46.4861573, 30.7146758], [46.4861928, 30.7145913], [46.4861717, 30.7145726], [46.486218, 30.7144623]]], "df_ids": [74959]}