{"polygon": [[[46.47584, 30.7169779], [46.4757326, 30.716966], [46.4757377, 30.7168685], [46.4757497, 30.7166397], [46.4757553, 30.7165323], [46.4757688, 30.7165338], [46.4758626, 30.7165441], [46.47584, 30.7169779]]], "df_ids": [29028]}