{"polygon": [[[46.4866437, 30.7226365], [46.4864289, 30.7229117], [46.4862458, 30.7226116], [46.4863229, 30.7225124], [46.4864363, 30.7226983], [46.4864569, 30.7226717], [46.4864358, 30.722637], [46.4864884, 30.7225694], [46.4863015, 30.7222631], [46.4863671, 30.7221788], [46.4865483, 30.7224714], [46.4866437, 30.7226365]]], "df_ids": [45291]}