{"polygon": [[[46.417332, 30.7173469], [46.4175672, 30.7172782], [46.4175411, 30.7170901], [46.4174844, 30.7171066], [46.4174664, 30.7169766], [46.4175154, 30.7169623], [46.4174842, 30.7167376], [46.417748, 30.7166605], [46.4177216, 30.7164705], [46.4176404, 30.7164942], [46.4176224, 30.7163648], [46.4176585, 30.7163543], [46.4176484, 30.7162816], [46.4174895, 30.716328], [46.4175065, 30.7164501], [46.4175575, 30.7164352], [46.4175661, 30.7164965], [46.4172622, 30.7165852], [46.4172859, 30.7167564], [46.4173551, 30.7167362], [46.4174073, 30.7171117], [46.4173036, 30.717142], [46.417332, 30.7173469]]], "df_ids": [74384]}