{"polygon": [[[46.4712682, 30.7399358], [46.4714295, 30.7399627], [46.4714174, 30.7401348], [46.4714029, 30.7403033], [46.4712432, 30.7402787], [46.4712576, 30.7401069], [46.4712682, 30.7399358]]], "df_ids": [1198]}