{"polygon": [[[46.4875005, 30.7176862], [46.4873707, 30.7177291], [46.4872757, 30.7177606], [46.4872036, 30.7173015], [46.4871902, 30.7172166], [46.487185, 30.7171832], [46.4872593, 30.7171585], [46.4872649, 30.7171943], [46.4872875, 30.717338], [46.4873213, 30.7175535], [46.487347, 30.717545], [46.4873713, 30.717537], [46.487346, 30.7173757], [46.4873155, 30.7171814], [46.487305, 30.7171148], [46.4874055, 30.7170814], [46.4874699, 30.7174945], [46.4874487, 30.7175025], [46.4874514, 30.7175213], [46.4874745, 30.7175133], [46.4874808, 30.717561], [46.4875005, 30.7176862]]], "df_ids": [126645]}