{"polygon": [[[46.4720064, 30.7299259], [46.4721388, 30.7299418], [46.4721489, 30.7297382], [46.4720521, 30.7297282], [46.4720128, 30.7297241], [46.4720064, 30.7299259]]], "df_ids": [129417]}