{"polygon": [[[46.4116034, 30.7235453], [46.411627, 30.723772], [46.4109799, 30.7239135], [46.4109564, 30.7236868], [46.4116034, 30.7235453]]], "df_ids": [75022]}