{"polygon": [[[46.4733679, 30.7369657], [46.4733616, 30.7370776], [46.4734007, 30.7370823], [46.4735463, 30.7370997], [46.4735552, 30.7369425], [46.4735604, 30.7368504], [46.4735028, 30.7368435], [46.473495, 30.7369808], [46.4734079, 30.7369705], [46.4733679, 30.7369657]]], "df_ids": [814]}