{"polygon": [[[46.48125, 30.7500671], [46.4814825, 30.7501024], [46.4814973, 30.7501046], [46.4814899, 30.7502102], [46.4814771, 30.7502079], [46.4814654, 30.7502057], [46.4814585, 30.7503355], [46.4814442, 30.7503589], [46.4814308, 30.7503703], [46.4814097, 30.7503834], [46.4813316, 30.750375], [46.4812293, 30.7503639], [46.48125, 30.7500671]]], "df_ids": [29613]}