{"polygon": [[[46.473973, 30.7377932], [46.473941, 30.7382329], [46.4740666, 30.7382517], [46.4741, 30.7378134], [46.473973, 30.7377932]]], "df_ids": [88217]}