{"polygon": [[[46.4907337, 30.7150575], [46.4908289, 30.7151292], [46.491014, 30.7146107], [46.4909187, 30.714539], [46.4907337, 30.7150575]]], "df_ids": [127088]}