{"polygon": [[[46.4760875, 30.7436492], [46.4760763, 30.7438014], [46.4761695, 30.7438175], [46.4762565, 30.7438314], [46.4762722, 30.7436114], [46.4762879, 30.7433926], [46.4759926, 30.7433464], [46.4759838, 30.7434712], [46.4761313, 30.7435029], [46.4761249, 30.7435897], [46.4761203, 30.7436517], [46.4760875, 30.7436492]]], "df_ids": [33255]}