{"polygon": [[[46.4766134, 30.7358516], [46.4768431, 30.7358825], [46.4768134, 30.7363164], [46.4765871, 30.736285], [46.4765948, 30.736143], [46.4765617, 30.7361386], [46.47657, 30.7360078], [46.4766032, 30.7360123], [46.4766086, 30.7359266], [46.4766134, 30.7358516]]], "df_ids": [33266]}