{"polygon": [[[46.4767905, 30.7319922], [46.4767765, 30.7322201], [46.4766704, 30.7322079], [46.4766737, 30.7321257], [46.4766949, 30.7317794], [46.4771333, 30.731836], [46.4771065, 30.7322582], [46.4769738, 30.7322429], [46.4769817, 30.7321142], [46.4769876, 30.7320183], [46.4769257, 30.7320103], [46.4769242, 30.7320363], [46.4768377, 30.7320251], [46.4768393, 30.7319985], [46.4767905, 30.7319922]]], "df_ids": [7032]}