{"polygon": [[[46.4780942, 30.7467], [46.4781052, 30.7465281], [46.4778259, 30.7464832], [46.4777953, 30.7465214], [46.4777643, 30.7470109], [46.4779423, 30.7470412], [46.4779594, 30.7468263], [46.4780846, 30.7468421], [46.4780942, 30.7467]]], "df_ids": [28245]}