{"polygon": [[[46.4717103, 30.7383754], [46.471485, 30.7383376], [46.4714957, 30.7381701], [46.4715655, 30.7381803], [46.4717223, 30.7382031], [46.4717103, 30.7383754]]], "df_ids": [32722]}