{"polygon": [[[46.4669218, 30.7094362], [46.4671792, 30.7098625], [46.4670729, 30.7099978], [46.4668155, 30.7095714], [46.4669218, 30.7094362]]], "df_ids": [30086]}