{"polygon": [[[46.4733386, 30.7155554], [46.47337, 30.7152049], [46.4738753, 30.7153008], [46.4738615, 30.7154424], [46.4738615, 30.7154613], [46.4738405, 30.7156488], [46.4737453, 30.7156271], [46.4737605, 30.7154649], [46.473448, 30.715403], [46.473432, 30.7155739], [46.4733386, 30.7155554]]], "df_ids": [135656]}