{"polygon": [[[46.4782061, 30.7498602], [46.4782497, 30.7498667], [46.4782543, 30.7497999], [46.4784121, 30.7498232], [46.4784188, 30.7497269], [46.478435, 30.7497293], [46.4784558, 30.7497324], [46.4784684, 30.7495523], [46.478445, 30.7495488], [46.4782302, 30.7495171], [46.4782253, 30.7495868], [46.4782137, 30.7497521], [46.4782061, 30.7498602]]], "df_ids": [1210]}