{"polygon": [[[46.4763338, 30.7271614], [46.4762212, 30.7271478], [46.4762332, 30.7269233], [46.4762017, 30.7268214], [46.4762854, 30.7267201], [46.4763539, 30.72682], [46.4763338, 30.7271614]]], "df_ids": [7592]}