{"polygon": [[[46.4933619, 30.7199504], [46.4933398, 30.7200094], [46.4934064, 30.7201156], [46.493517, 30.7199611], [46.493517, 30.7198699], [46.4934949, 30.7198163], [46.4934543, 30.7198002], [46.4933276, 30.7197636], [46.4932948, 30.7199326], [46.4933619, 30.7199504]]], "df_ids": [8770]}