{"polygon": [[[46.4779887, 30.7277788], [46.4781055, 30.7276379], [46.4780183, 30.7274836], [46.4780336, 30.7274603], [46.4780329, 30.7274288], [46.478005, 30.7273751], [46.4779715, 30.7273741], [46.4779576, 30.7274076], [46.4779293, 30.7273523], [46.4780267, 30.7272261], [46.4779896, 30.7271564], [46.4778658, 30.72731], [46.4778084, 30.7273769], [46.4778021, 30.7273853], [46.4777904, 30.7274008], [46.4779887, 30.7277788]]], "df_ids": [1849]}