{"polygon": [[[46.4918023, 30.7240407], [46.4917415, 30.7239416], [46.4916562, 30.7240519], [46.491717, 30.7241511], [46.4918023, 30.7240407]]], "df_ids": [177212]}