{"polygon": [[[46.4406687, 30.747376], [46.4405213, 30.7473599], [46.4405324, 30.7471452], [46.4406798, 30.7471613], [46.4406687, 30.747376]]], "df_ids": [28876]}