{"polygon": [[[46.4621357, 30.745219], [46.4623417, 30.7452519], [46.4623838, 30.744697], [46.4622595, 30.7446772], [46.4622303, 30.7450617], [46.4621486, 30.7450487], [46.4621357, 30.745219]]], "df_ids": [53349]}