{"polygon": [[[46.459678, 30.7114604], [46.4595431, 30.7114609], [46.4595379, 30.7114609], [46.4595381, 30.7115533], [46.4595381, 30.7115895], [46.4595424, 30.7115895], [46.4596782, 30.711589], [46.459678, 30.7114604]]], "df_ids": [235892]}