{"polygon": [[[46.4637345, 30.7156947], [46.4636362, 30.7158212], [46.4636983, 30.715923], [46.4637967, 30.7157965], [46.4637345, 30.7156947]]], "df_ids": [44693]}