{"polygon": [[[46.4676061, 30.753111], [46.4675381, 30.7531379], [46.467518, 30.7530309], [46.4675859, 30.7530039], [46.4676061, 30.753111]]], "df_ids": [2915]}