{"polygon": [[[46.4672622, 30.7259091], [46.46746, 30.7262605], [46.4679196, 30.7257136], [46.4678392, 30.7255755], [46.4674891, 30.7259823], [46.4673736, 30.725777], [46.4673509, 30.7258039], [46.4672622, 30.7259091]]], "df_ids": [27249]}