{"polygon": [[[46.4525594, 30.7381697], [46.4519924, 30.7378589], [46.4520342, 30.7376984], [46.4521016, 30.7377353], [46.4522415, 30.737812], [46.4523994, 30.7378986], [46.4525428, 30.7379772], [46.4526012, 30.7380092], [46.4525594, 30.7381697]]], "df_ids": [15545]}