{"polygon": [[[46.4566314, 30.7234874], [46.456541, 30.7234159], [46.4564958, 30.7235361], [46.4565288, 30.7235622], [46.456563, 30.7235892], [46.4565862, 30.7236076], [46.4566314, 30.7234874]]], "df_ids": [1761]}