{"polygon": [[[46.4616649, 30.7447144], [46.4613223, 30.7446478], [46.4613388, 30.7444692], [46.4616814, 30.7445358], [46.4616649, 30.7447144]]], "df_ids": [28830]}