{"polygon": [[[46.4706548, 30.7553994], [46.4704251, 30.7553525], [46.4704572, 30.7550209], [46.470539, 30.7550376], [46.4705324, 30.7551064], [46.4705131, 30.7551025], [46.4705079, 30.7551564], [46.4706088, 30.755177], [46.470615, 30.7551136], [46.4706812, 30.7551271], [46.4706548, 30.7553994]]], "df_ids": [45105]}