{"polygon": [[[46.4659558, 30.7269913], [46.4661197, 30.7272404], [46.4662208, 30.7271003], [46.4661073, 30.7269277], [46.4660569, 30.7268511], [46.4660334, 30.7268838], [46.4659558, 30.7269913]]], "df_ids": [26921]}