{"polygon": [[[46.4636712, 30.7467002], [46.4636065, 30.7466925], [46.4634883, 30.7466785], [46.4634987, 30.7464928], [46.4636177, 30.7465069], [46.4636476, 30.7465104], [46.46365, 30.7464689], [46.463684, 30.7464729], [46.4636712, 30.7467002]]], "df_ids": [37024]}