{"polygon": [[[46.4666082, 30.7574279], [46.4667429, 30.7574588], [46.4668857, 30.7574915], [46.4669191, 30.7571842], [46.4668204, 30.7571615], [46.466808, 30.7572751], [46.466741, 30.7572597], [46.466751, 30.7571679], [46.4666393, 30.7571423], [46.4666082, 30.7574279]]], "df_ids": [97977]}