{"polygon": [[[46.4550769, 30.7524947], [46.4551312, 30.7526556], [46.4552122, 30.7528894], [46.4550854, 30.752984], [46.4549447, 30.7525865], [46.4550769, 30.7524947]]], "df_ids": [1940]}