{"polygon": [[[46.4570701, 30.7225298], [46.4570146, 30.7224788], [46.4570317, 30.7224396], [46.4568205, 30.7222453], [46.4568586, 30.7221597], [46.4569432, 30.7222355], [46.4569705, 30.7222612], [46.4570468, 30.7223323], [46.4570675, 30.7223509], [46.4571251, 30.7224038], [46.4570701, 30.7225298]]], "df_ids": [181342]}