{"polygon": [[[46.4735293, 30.757777], [46.4734227, 30.7576399], [46.4735163, 30.7574787], [46.4736253, 30.7576021], [46.4735293, 30.757777]]], "df_ids": [45353]}