{"polygon": [[[46.4626933, 30.7072211], [46.4623974, 30.7072139], [46.4623993, 30.7075085], [46.4624633, 30.7075043], [46.4624641, 30.7074089], [46.4626394, 30.7074142], [46.46264, 30.7074411], [46.4626232, 30.7074453], [46.4626209, 30.7074974], [46.4626357, 30.7074955], [46.4627006, 30.7074872], [46.4626933, 30.7072211]]], "df_ids": [53250]}