{"polygon": [[[46.4617081, 30.7499864], [46.4619932, 30.7500307], [46.4620504, 30.7492551], [46.4618757, 30.749228], [46.4618622, 30.7494107], [46.4619098, 30.7494181], [46.4618805, 30.7498154], [46.4617226, 30.7497909], [46.4617081, 30.7499864]]], "df_ids": [15000]}