{"polygon": [[[46.4688343, 30.7242924], [46.4688872, 30.7243911], [46.4688251, 30.7244607], [46.4689037, 30.724596], [46.4690254, 30.7244504], [46.469031, 30.7244379], [46.4690331, 30.7244203], [46.4690297, 30.7244024], [46.4690197, 30.7243803], [46.4689086, 30.7242024], [46.4688343, 30.7242924]]], "df_ids": [261]}