{"polygon": [[[46.4308606, 30.7044218], [46.430513, 30.7040928], [46.430592, 30.7039168], [46.4307143, 30.7036462], [46.4308578, 30.703779], [46.4307531, 30.7040171], [46.4309559, 30.7042047], [46.4308606, 30.7044218]]], "df_ids": [74773]}