{"polygon": [[[46.4615497, 30.7562525], [46.4613323, 30.7563717], [46.4612776, 30.7561613], [46.461495, 30.7560421], [46.4615497, 30.7562525]]], "df_ids": [75156]}