{"polygon": [[[46.4669089, 30.7530776], [46.4667905, 30.7531322], [46.4668505, 30.7534064], [46.4669113, 30.7533784], [46.4668768, 30.7532207], [46.4669344, 30.7531941], [46.4669089, 30.7530776]]], "df_ids": [165596]}