{"polygon": [[[46.4667213, 30.725932], [46.4665551, 30.7256659], [46.4666472, 30.7255447], [46.4668134, 30.7258108], [46.4667712, 30.7258663], [46.4667585, 30.7258831], [46.4667213, 30.725932]]], "df_ids": [177214]}