{"polygon": [[[46.4451382, 30.705249], [46.4439457, 30.7051116], [46.4439494, 30.7050472], [46.4436462, 30.7050096], [46.443624, 30.7054442], [46.4439383, 30.7054659], [46.4439464, 30.7053125], [46.4451266, 30.7054698], [46.4451382, 30.705249]]], "df_ids": [151077]}