{"polygon": [[[46.4610446, 30.711964], [46.461045, 30.7118458], [46.4610457, 30.7116908], [46.461046, 30.7116265], [46.4614251, 30.7116235], [46.4614235, 30.7114519], [46.4609295, 30.7114729], [46.4609063, 30.7114975], [46.4609043, 30.7116942], [46.4609032, 30.7119627], [46.4610446, 30.711964]]], "df_ids": [14411]}