{"polygon": [[[46.4692866, 30.7280303], [46.4698232, 30.7280368], [46.4698237, 30.7279534], [46.4698775, 30.7279541], [46.4698791, 30.7276657], [46.4698224, 30.727665], [46.4698227, 30.7276101], [46.469289, 30.7276037], [46.4692866, 30.7280303]]], "df_ids": [29773]}