{"polygon": [[[46.464587, 30.7170747], [46.4644994, 30.7171899], [46.4646298, 30.7174012], [46.4647205, 30.7172855], [46.464587, 30.7170747]]], "df_ids": [44692]}