{"polygon": [[[46.4675989, 30.7524212], [46.4674733, 30.7524196], [46.4674758, 30.7520013], [46.4676014, 30.7520029], [46.4675989, 30.7524212]]], "df_ids": [46563]}