{"polygon": [[[46.4661936, 30.7534233], [46.4658463, 30.7535627], [46.4658168, 30.7535827], [46.4657999, 30.7536246], [46.4657932, 30.753658], [46.4657724, 30.754413], [46.4660011, 30.7544293], [46.4660018, 30.7542604], [46.4659793, 30.7542467], [46.4659981, 30.7537756], [46.466249, 30.753662], [46.4661936, 30.7534233]]], "df_ids": [75152]}