{"polygon": [[[46.4665096, 30.7550932], [46.4666707, 30.755125], [46.4667067, 30.7547399], [46.466498, 30.7547001], [46.4664827, 30.7548728], [46.4665293, 30.7548819], [46.4665096, 30.7550932]]], "df_ids": [97993]}