{"polygon": [[[46.4578384, 30.7417121], [46.4578782, 30.7416504], [46.4578874, 30.7415807], [46.4579327, 30.7415861], [46.4579973, 30.7415016], [46.4580149, 30.7414251], [46.4580398, 30.7413836], [46.458099, 30.7413715], [46.458135, 30.741397], [46.4581479, 30.7414345], [46.4581572, 30.7415016], [46.4581794, 30.7415633], [46.4581837, 30.7416134], [46.4581708, 30.7416616], [46.4581467, 30.7417153], [46.4580924, 30.7417215], [46.4580461, 30.7417581], [46.4579992, 30.7418029], [46.4579873, 30.7418455], [46.4579635, 30.7418862], [46.4579362, 30.741934], [46.4579152, 30.7419706], [46.4578683, 30.7419716], [46.4578375, 30.7419563], [46.4578179, 30.7419268], [46.4577955, 30.7419014], [46.4577283, 30.7418933], [46.457708, 30.7418974], [46.4576821, 30.7418964], [46.4576443, 30.7418903], [46.4576099, 30.7419055], [46.4575623, 30.7418811], [46.4575299, 30.7418395], [46.4574846, 30.7417658], [46.4574615, 30.7417068], [46.4574061, 30.741625], [46.4573774, 30.7416102], [46.4573525, 30.7416048], [46.4573386, 30.7415767], [46.4573359, 30.7415445], [46.4573571, 30.741511], [46.4573867, 30.7414399], [46.4573867, 30.7413675], [46.457395, 30.7412964], [46.4574227, 30.7412776], [46.4574791, 30.7412897], [46.4575114, 30.7413634], [46.4575337, 30.7414884], [46.4575511, 30.7415311], [46.4575761, 30.7415405], [46.4575807, 30.741582], [46.4575973, 30.7416196], [46.457637, 30.741637], [46.4576842, 30.741684], [46.4576925, 30.7417121], [46.4577368, 30.7417591], [46.4577913, 30.7417631], [46.4578384, 30.7417121]]], "df_ids": [74995]}