{"polygon": [[[46.4306245, 30.7532118], [46.4304271, 30.7533223], [46.430778, 30.7546424], [46.4309754, 30.754532], [46.4306245, 30.7532118]]], "df_ids": [74951]}