{"polygon": [[[46.4726964, 30.7287955], [46.4726094, 30.7287868], [46.4725286, 30.7287773], [46.4725393, 30.7285569], [46.4726186, 30.7285661], [46.4727112, 30.7285765], [46.4726964, 30.7287955]]], "df_ids": [5698]}