{"polygon": [[[46.4310742, 30.7604368], [46.431084, 30.7604542], [46.4310814, 30.7604915], [46.4310613, 30.7605152], [46.4310403, 30.7605121], [46.4310251, 30.7605458], [46.4309396, 30.7604646], [46.4309354, 30.7604852], [46.4309069, 30.7605078], [46.4308757, 30.7604944], [46.4308601, 30.760453], [46.4308693, 30.7604077], [46.4308749, 30.7604032], [46.4307836, 30.7603166], [46.4308359, 30.7602006], [46.4308485, 30.7602126], [46.4309025, 30.7600927], [46.4311314, 30.7603099], [46.4310742, 30.7604368]]], "df_ids": [27016]}