{"polygon": [[[46.4639769, 30.7216613], [46.4639497, 30.7216188], [46.463969, 30.7215927], [46.463835, 30.7213838], [46.4639284, 30.7212576], [46.4640896, 30.7215091], [46.4639769, 30.7216613]]], "df_ids": [171940]}