{"polygon": [[[46.4417376, 30.7036693], [46.4413828, 30.7033294], [46.4413117, 30.7034857], [46.4415481, 30.7037122], [46.4414639, 30.7038974], [46.4409165, 30.703373], [46.4412155, 30.7027156], [46.4408936, 30.7024071], [46.4406579, 30.7029252], [46.4403246, 30.7026059], [46.4401587, 30.7029707], [46.4414797, 30.7042363], [46.4417376, 30.7036693]]], "df_ids": [30443]}