{"polygon": [[[46.4431154, 30.7672374], [46.4432688, 30.7688092], [46.4432041, 30.7689553], [46.4431043, 30.7688574], [46.4429287, 30.7672857], [46.4429574, 30.7671583], [46.4430572, 30.7671449], [46.4431154, 30.7672374]]], "df_ids": [75153]}