{"polygon": [[[46.4415815, 30.7129035], [46.4420576, 30.7119057], [46.4423106, 30.71216], [46.4424159, 30.7119392], [46.4420095, 30.7115308], [46.4413232, 30.7129691], [46.4417664, 30.7134144], [46.4418713, 30.7131946], [46.4415815, 30.7129035]]], "df_ids": [75137]}