{"polygon": [[[46.4592844, 30.7114619], [46.45921, 30.7114622], [46.4592102, 30.7115672], [46.4592102, 30.711583], [46.4592846, 30.7115827], [46.4592844, 30.7114619]]], "df_ids": [247953]}