{"polygon": [[[46.4641486, 30.7417963], [46.4638887, 30.7417605], [46.4636443, 30.7417213], [46.4636728, 30.741317], [46.4641771, 30.7413919], [46.4641486, 30.7417963]]], "df_ids": [28871]}