{"polygon": [[[46.4721713, 30.7277928], [46.4722861, 30.727812], [46.4723929, 30.7278277], [46.4723872, 30.727909], [46.4722893, 30.7278947], [46.4722873, 30.7279233], [46.4722858, 30.7279448], [46.4723466, 30.7279538], [46.4723407, 30.7280383], [46.4723241, 30.7280358], [46.4722635, 30.7280269], [46.4721563, 30.7280112], [46.4721637, 30.7279052], [46.4721713, 30.7277928]]], "df_ids": [1205]}