{"polygon": [[[46.4649504, 30.7534547], [46.4647234, 30.7535733], [46.4647743, 30.7537788], [46.4650013, 30.7536602], [46.4649504, 30.7534547]]], "df_ids": [30936]}