{"polygon": [[[46.4536704, 30.7407332], [46.4534319, 30.7409163], [46.4532461, 30.7404063], [46.4533652, 30.7403149], [46.453487, 30.7406493], [46.4536065, 30.7405577], [46.4536704, 30.7407332]]], "df_ids": [38635]}