{"polygon": [[[46.4739607, 30.7601401], [46.4738125, 30.760123], [46.4738031, 30.760295], [46.4739513, 30.7603121], [46.4739607, 30.7601401]]], "df_ids": [34354]}