{"polygon": [[[46.4517827, 30.7142539], [46.4519845, 30.7142713], [46.4519913, 30.7141081], [46.4517899, 30.7140903], [46.4517878, 30.714139], [46.4517859, 30.7141922], [46.4517827, 30.7142539]]], "df_ids": [174026]}