{"polygon": [[[46.4655277, 30.7178974], [46.4656509, 30.7177406], [46.4656764, 30.7177829], [46.4658288, 30.717589], [46.4658808, 30.7176752], [46.4658513, 30.7177128], [46.4656052, 30.7180259], [46.4655277, 30.7178974]]], "df_ids": [629]}