{"polygon": [[[46.4647395, 30.7262698], [46.4647867, 30.7263443], [46.464831, 30.7262851], [46.4648935, 30.7262016], [46.4649855, 30.7260787], [46.4649125, 30.7259635], [46.464828, 30.7260764], [46.4648538, 30.7261171], [46.4647395, 30.7262698]]], "df_ids": [254025]}