{"polygon": [[[46.4388179, 30.7070311], [46.4386032, 30.7068071], [46.4386792, 30.7066539], [46.4387441, 30.7067216], [46.4387848, 30.7066395], [46.4385084, 30.7063511], [46.4385712, 30.7062244], [46.438683, 30.706341], [46.4387409, 30.7062242], [46.4386516, 30.7061311], [46.4387217, 30.7059897], [46.4389516, 30.7062295], [46.4388858, 30.7063623], [46.4388139, 30.7062873], [46.4387511, 30.706414], [46.4389945, 30.706668], [46.4389319, 30.7067944], [46.4388265, 30.7066844], [46.4387611, 30.7068164], [46.4388687, 30.7069287], [46.4388179, 30.7070311]]], "df_ids": [63322]}