{"polygon": [[[46.4615333, 30.7206437], [46.4614532, 30.7207501], [46.4614397, 30.7207681], [46.4613754, 30.7206662], [46.4613692, 30.7206564], [46.4614628, 30.7205319], [46.4614694, 30.7205424], [46.4615333, 30.7206437]]], "df_ids": [236097]}