{"polygon": [[[46.4670464, 30.7548078], [46.4668862, 30.7547825], [46.4667975, 30.7557018], [46.4669072, 30.7557241], [46.4669865, 30.7549351], [46.4670335, 30.7549446], [46.4670464, 30.7548078]]], "df_ids": [98087]}