{"polygon": [[[46.4647213, 30.7201994], [46.4649777, 30.719898], [46.4652326, 30.7195866], [46.4655221, 30.7200861], [46.465451, 30.720173], [46.4652268, 30.7197862], [46.4651857, 30.7198364], [46.465215, 30.719887], [46.4650771, 30.7200555], [46.4649422, 30.7202203], [46.4649092, 30.7201634], [46.4648635, 30.7202193], [46.4648955, 30.7202744], [46.4648205, 30.7203681], [46.4647213, 30.7201994]]], "df_ids": [51090]}