{"polygon": [[[46.4730009, 30.759282], [46.4733923, 30.7594331], [46.4734031, 30.759253], [46.4730182, 30.7591027], [46.4730231, 30.7590213], [46.4729255, 30.759009], [46.4729321, 30.7588984], [46.4728057, 30.7588824], [46.4727865, 30.7592029], [46.473004, 30.7592304], [46.4730009, 30.759282]]], "df_ids": [63192]}