{"polygon": [[[46.4263041, 30.7577584], [46.4262719, 30.7577289], [46.426267, 30.7577075], [46.426208, 30.7576576], [46.4261629, 30.7575689], [46.4261202, 30.7575292], [46.425977, 30.7574346], [46.4258732, 30.7572828], [46.4258354, 30.7572466], [46.4257541, 30.7572186], [46.4256953, 30.7571614], [46.4256503, 30.7571322], [46.425643, 30.757068], [46.4256664, 30.7570213], [46.4256833, 30.7570108], [46.4257227, 30.7569139], [46.4258088, 30.7568439], [46.4258651, 30.7566676], [46.4259633, 30.7565263], [46.4260559, 30.7566325], [46.4260139, 30.7568297], [46.4259352, 30.7569431], [46.4258893, 30.757033], [46.4259842, 30.7571182], [46.4260977, 30.7571859], [46.4261951, 30.7573319], [46.4262619, 30.7574019], [46.4262941, 30.7573307], [46.4263391, 30.7571603], [46.4264607, 30.7569875], [46.4265033, 30.7568182], [46.4266008, 30.7566826], [46.4267198, 30.7568007], [46.4266675, 30.7569781], [46.4265765, 30.7571241], [46.4265226, 30.757319], [46.4264349, 30.7574521], [46.426398, 30.7576232], [46.4263447, 30.7577472], [46.4263041, 30.7577584]]], "df_ids": [164086]}