{"polygon": [[[46.4692906, 30.7317546], [46.4694074, 30.7317736], [46.4694867, 30.730747], [46.4693699, 30.730728], [46.4692906, 30.7317546]]], "df_ids": [7254]}