{"polygon": [[[46.4683504, 30.7564525], [46.4683576, 30.7564402], [46.4683618, 30.7564301], [46.4683645, 30.7564178], [46.4683623, 30.7563978], [46.4683554, 30.7563824], [46.4683459, 30.7563735], [46.468335, 30.7563697], [46.4683257, 30.7563747], [46.4683181, 30.7563889], [46.4682907, 30.7563583], [46.468271, 30.7563454], [46.4682464, 30.7563378], [46.4682376, 30.7563857], [46.4682043, 30.7563823], [46.4681952, 30.7563691], [46.4681844, 30.7563646], [46.4681727, 30.7563629], [46.4681626, 30.7563667], [46.4681531, 30.7563786], [46.4681462, 30.7563921], [46.468144, 30.7564102], [46.4681294, 30.7563943], [46.4681113, 30.7563891], [46.4680902, 30.7564055], [46.4680871, 30.7564287], [46.4680938, 30.75646], [46.4680699, 30.7565021], [46.4680613, 30.7565569], [46.4680979, 30.7565667], [46.4680979, 30.7566029], [46.4680833, 30.7566136], [46.4680717, 30.7566348], [46.4680723, 30.7566622], [46.4680817, 30.756684], [46.4680901, 30.7566932], [46.468102, 30.7566993], [46.4681034, 30.7567166], [46.468094, 30.7567333], [46.4680901, 30.7567481], [46.4680915, 30.7567659], [46.4680975, 30.756777], [46.4681073, 30.7567836], [46.4681174, 30.7567836], [46.4681289, 30.756782], [46.4681397, 30.756777], [46.4681448, 30.7567889], [46.4681522, 30.7568001], [46.468164, 30.756807], [46.4681777, 30.7568155], [46.4682101, 30.7568213], [46.4682105, 30.7567708], [46.4682398, 30.7567725], [46.468245, 30.7567867], [46.4682537, 30.7567957], [46.4682651, 30.7568008], [46.4682794, 30.7568004], [46.468294, 30.7567898], [46.4683041, 30.7567672], [46.4683245, 30.7567694], [46.4683312, 30.7567787], [46.46834, 30.7567836], [46.4683504, 30.7567809], [46.4683586, 30.7567747], [46.4683674, 30.7567588], [46.4683693, 30.7567402], [46.4683662, 30.7567274], [46.4683586, 30.7567132], [46.46837, 30.7566885], [46.4683823, 30.75666], [46.4683886, 30.7566285], [46.4683886, 30.7566021], [46.468362, 30.7565991], [46.4683655, 30.7565507], [46.4683706, 30.7565426], [46.4683759, 30.7565287], [46.4683761, 30.7565126], [46.4683732, 30.756496], [46.4683666, 30.756481], [46.4683618, 30.7564694], [46.4683533, 30.7564625], [46.4683504, 30.7564525]]], "df_ids": [74921]}