{"polygon": [[[46.4617883, 30.7137573], [46.461639, 30.7137575], [46.461487, 30.7137542], [46.4614913, 30.7139154], [46.4614875, 30.7139368], [46.4615487, 30.7139363], [46.4616399, 30.7139362], [46.4617291, 30.7139361], [46.4617885, 30.713936], [46.4617883, 30.7137573]]], "df_ids": [1848]}