{"polygon": [[[46.4660601, 30.7197113], [46.4661586, 30.7198859], [46.466242, 30.7200331], [46.4662762, 30.7200901], [46.4663556, 30.7199859], [46.4662409, 30.719789], [46.4661386, 30.7196136], [46.4660601, 30.7197113]]], "df_ids": [229051]}