{"polygon": [[[46.4648422, 30.7239668], [46.4649107, 30.7240715], [46.4650426, 30.7238923], [46.4651946, 30.7236859], [46.465124, 30.723578], [46.4649216, 30.7238573], [46.4648964, 30.723892], [46.4648422, 30.7239668]]], "df_ids": [243081]}