{"polygon": [[[46.4642482, 30.7217682], [46.4640896, 30.7215091], [46.4639769, 30.7216613], [46.4639465, 30.7217024], [46.4639863, 30.7217654], [46.464015, 30.7217272], [46.4640899, 30.721846], [46.464073, 30.7218684], [46.4641082, 30.7219242], [46.4641178, 30.7219395], [46.4641317, 30.7219191], [46.4642482, 30.7217682]]], "df_ids": [175850]}