{"polygon": [[[46.4572138, 30.7598141], [46.4571584, 30.7597712], [46.4570845, 30.759798], [46.4570216, 30.7598624], [46.4569514, 30.7597873], [46.4569108, 30.7596103], [46.4569034, 30.7594762], [46.456981, 30.7593743], [46.4570771, 30.7593152], [46.4571473, 30.7593152], [46.457192, 30.7594638], [46.4572474, 30.7596033], [46.4573324, 30.7595604], [46.4574319, 30.7595459], [46.4574987, 30.7596087], [46.4575058, 30.7597766], [46.4575024, 30.7599091], [46.4574208, 30.7600019], [46.4573395, 30.7600234], [46.4572508, 30.7599912], [46.4572216, 30.7598823], [46.4572138, 30.7598141]]], "df_ids": [151057]}