{"polygon": [[[46.4562959, 30.7616825], [46.4564383, 30.7622496], [46.4565905, 30.7621775], [46.4564507, 30.7616002], [46.4562959, 30.7616825]]], "df_ids": [74827]}