{"polygon": [[[46.464082, 30.749273], [46.4640797, 30.7492701], [46.4640753, 30.7492698], [46.4640418, 30.7492648], [46.4639178, 30.7492462], [46.4639128, 30.7493175], [46.4639607, 30.7493247], [46.4639559, 30.7493924], [46.4640737, 30.74941], [46.4640824, 30.7492867], [46.4640827, 30.7492797], [46.464082, 30.749273]]], "df_ids": [10544]}