{"polygon": [[[46.433297, 30.7582113], [46.4332112, 30.7577221], [46.4333077, 30.7573146], [46.4335539, 30.7571582], [46.4337784, 30.7572492], [46.4338669, 30.7573508], [46.4342089, 30.7580525], [46.4341904, 30.7580735], [46.4342256, 30.7581315], [46.4341863, 30.7581734], [46.4341831, 30.7581912], [46.4341734, 30.7582138], [46.4341614, 30.7582237], [46.4341464, 30.7582293], [46.4341342, 30.7582298], [46.4341201, 30.7582222], [46.4340957, 30.7581787], [46.4340438, 30.7581995], [46.43371, 30.7575673], [46.4335751, 30.757498], [46.43347, 30.7575673], [46.4334178, 30.7577426], [46.4334928, 30.758141], [46.4334701, 30.7581493], [46.4334827, 30.758229], [46.4334512, 30.7582421], [46.4334422, 30.7582813], [46.4334133, 30.7583075], [46.4333782, 30.7583035], [46.4333521, 30.7582696], [46.4333358, 30.7582696], [46.4333241, 30.7582094], [46.433297, 30.7582113]]], "df_ids": [74815]}