{"polygon": [[[46.4587049, 30.7559653], [46.4582042, 30.756322], [46.4581543, 30.7561744], [46.458655, 30.7558177], [46.4587049, 30.7559653]]], "df_ids": [384]}