{"polygon": [[[46.4646128, 30.717423], [46.4646425, 30.7174721], [46.4647105, 30.7175851], [46.4647514, 30.7176515], [46.464857, 30.717511], [46.4647205, 30.7172855], [46.4646298, 30.7174012], [46.4646128, 30.717423]]], "df_ids": [44691]}