{"polygon": [[[46.4687314, 30.7436858], [46.4689603, 30.743721], [46.4689668, 30.7436315], [46.468904, 30.7436218], [46.468911, 30.7435254], [46.4689912, 30.7435378], [46.4689969, 30.7434597], [46.4689223, 30.7434482], [46.4688642, 30.7434393], [46.4688281, 30.7434337], [46.4687493, 30.7434216], [46.4687446, 30.743485], [46.4687735, 30.7434895], [46.468766, 30.7435923], [46.4687385, 30.743588], [46.4687314, 30.7436858]]], "df_ids": [45951]}