{"polygon": [[[46.457723, 30.71376], [46.457622, 30.7137572], [46.4576217, 30.7137781], [46.4574697, 30.7137738], [46.45747, 30.7137516], [46.4574346, 30.7137506], [46.4574004, 30.7137496], [46.4574001, 30.7137754], [46.4572397, 30.7137708], [46.4572399, 30.7137535], [46.4571586, 30.7137512], [46.4571561, 30.7139455], [46.4572428, 30.7139479], [46.457243, 30.7139387], [46.4573235, 30.713941], [46.4573215, 30.7140893], [46.457258, 30.7140875], [46.4572562, 30.714222], [46.4573903, 30.7142258], [46.45739, 30.7142463], [46.4574476, 30.714248], [46.4574479, 30.7142291], [46.4575948, 30.7142333], [46.4575967, 30.7140896], [46.4575537, 30.7140883], [46.4575558, 30.7139335], [46.4576278, 30.7139355], [46.4576276, 30.7139513], [46.4577205, 30.7139539], [46.457723, 30.71376]]], "df_ids": [80525]}