{"polygon": [[[46.463162, 30.7549261], [46.4630337, 30.7549877], [46.4631028, 30.7552914], [46.4631966, 30.7552464], [46.4631843, 30.7551926], [46.4632189, 30.755176], [46.463162, 30.7549261]]], "df_ids": [33269]}