{"polygon": [[[46.4267646, 30.7201914], [46.4273498, 30.7209787], [46.4274206, 30.7208679], [46.4268354, 30.7200806], [46.4267646, 30.7201914]]], "df_ids": [15307]}