{"polygon": [[[46.4730532, 30.7569112], [46.4729901, 30.7568832], [46.4729733, 30.7568758], [46.4729785, 30.756851], [46.4728904, 30.7568089], [46.4729125, 30.7567111], [46.4729223, 30.7567156], [46.4729595, 30.7567328], [46.4729627, 30.7567178], [46.4729658, 30.7567032], [46.4729149, 30.7566807], [46.4729221, 30.7566463], [46.4730929, 30.7567219], [46.4730532, 30.7569112]]], "df_ids": [44764]}