{"polygon": [[[46.467432, 30.7531876], [46.4671886, 30.7532917], [46.4671411, 30.7530574], [46.4673845, 30.7529533], [46.467432, 30.7531876]]], "df_ids": [8911]}