{"polygon": [[[46.4592287, 30.7109257], [46.4591651, 30.7109253], [46.4591667, 30.7105725], [46.4592305, 30.7105731], [46.4592287, 30.7109257]]], "df_ids": [235891]}