{"polygon": [[[46.4612733, 30.7067946], [46.460992, 30.7067999], [46.4609949, 30.7071229], [46.461056, 30.7071217], [46.4610547, 30.7069771], [46.4612749, 30.7069729], [46.4612733, 30.7067946]]], "df_ids": [44973]}