{"polygon": [[[46.4625288, 30.7428228], [46.4623813, 30.7427995], [46.4623242, 30.7435612], [46.4624717, 30.7435845], [46.4625288, 30.7428228]]], "df_ids": [151699]}