{"polygon": [[[46.4441728, 30.7043201], [46.4450991, 30.7044438], [46.4451092, 30.7042515], [46.444184, 30.7041212], [46.4441728, 30.7043201]]], "df_ids": [63156]}