{"polygon": [[[46.4590057, 30.7100286], [46.4588897, 30.7100285], [46.4588861, 30.7100285], [46.458886, 30.7101862], [46.4588897, 30.7101862], [46.4590057, 30.7101862], [46.4590057, 30.7100286]]], "df_ids": [133698]}