{"polygon": [[[46.4616414, 30.7499435], [46.4613825, 30.7499067], [46.4614214, 30.7493295], [46.4616804, 30.7493663], [46.4616414, 30.7499435]]], "df_ids": [34434]}