{"polygon": [[[46.4588981, 30.7122654], [46.4589735, 30.7122642], [46.4589809, 30.7122641], [46.4589798, 30.71211], [46.4589745, 30.71211], [46.4588962, 30.7121117], [46.4588975, 30.7121588], [46.4588981, 30.7122654]]], "df_ids": [235885]}