{"polygon": [[[46.4623865, 30.7083344], [46.4623975, 30.7083346], [46.4624992, 30.7083365], [46.4625006, 30.7081809], [46.46244, 30.7081798], [46.4623975, 30.708179], [46.4623879, 30.7081788], [46.4623865, 30.7083344]]], "df_ids": [136510]}