{"polygon": [[[46.430557, 30.7598291], [46.4303386, 30.7596258], [46.4304095, 30.7594655], [46.4306279, 30.7596689], [46.430557, 30.7598291]]], "df_ids": [27017]}