{"polygon": [[[46.4674322, 30.7546431], [46.4674229, 30.754641], [46.4673153, 30.7546165], [46.4672217, 30.7545952], [46.4672344, 30.7544773], [46.4674342, 30.7545228], [46.4674449, 30.7545252], [46.4674322, 30.7546431]]], "df_ids": [34587]}