{"polygon": [[[46.460941, 30.7517869], [46.4607709, 30.7517603], [46.4607525, 30.7520082], [46.4606865, 30.7528966], [46.4608567, 30.7529232], [46.460863, 30.7528389], [46.4608676, 30.7527736], [46.460941, 30.7517869]]], "df_ids": [34412]}