{"polygon": [[[46.4578861, 30.7202568], [46.4578974, 30.7202682], [46.4579552, 30.7201482], [46.4578662, 30.720058], [46.4578084, 30.720178], [46.4578861, 30.7202568]]], "df_ids": [179998]}