{"polygon": [[[46.4450438, 30.749212], [46.4451104, 30.7491713], [46.4451774, 30.7491303], [46.4449782, 30.7484443], [46.44494, 30.7484681], [46.4448446, 30.748526], [46.4450438, 30.749212]]], "df_ids": [172246]}