{"polygon": [[[46.434497, 30.7121527], [46.4346142, 30.7122621], [46.434779, 30.7118906], [46.4346618, 30.7117811], [46.434497, 30.7121527]]], "df_ids": [74742]}