{"polygon": [[[46.4482647, 30.7162489], [46.4481595, 30.7161514], [46.4486789, 30.7150522], [46.4488234, 30.7148654], [46.4491311, 30.7147059], [46.4494329, 30.7147018], [46.4494379, 30.7148799], [46.4491558, 30.7148854], [46.448867, 30.7150271], [46.4487615, 30.7152209], [46.4482647, 30.7162489]]], "df_ids": [43871]}