{"polygon": [[[46.4302227, 30.7534493], [46.4305722, 30.7547795], [46.4304076, 30.7548705], [46.4300582, 30.7535403], [46.4302227, 30.7534493]]], "df_ids": [74952]}