{"polygon": [[[46.459509, 30.712264], [46.4595881, 30.7122633], [46.4596798, 30.7122624], [46.4596793, 30.7121349], [46.4596784, 30.7119297], [46.4596796, 30.7118552], [46.4596367, 30.7118557], [46.4596198, 30.7118561], [46.4595949, 30.7118565], [46.4595952, 30.7119766], [46.4596206, 30.7119764], [46.4596213, 30.7121417], [46.4595881, 30.712142], [46.4595085, 30.7121427], [46.459509, 30.712264]]], "df_ids": [163246, 173672]}