{"polygon": [[[46.4684719, 30.7543404], [46.4685057, 30.7543483], [46.4684973, 30.7544247], [46.4685908, 30.7544465], [46.4686097, 30.754235], [46.4686108, 30.754223], [46.4684886, 30.7541903], [46.4684719, 30.7543404]]], "df_ids": [97672]}