{"polygon": [[[46.4310711, 30.7544583], [46.4307312, 30.7531735], [46.4308958, 30.7530819], [46.4312356, 30.7543667], [46.4310711, 30.7544583]]], "df_ids": [74948]}