{"polygon": [[[46.4386197, 30.716952], [46.4380837, 30.7164409], [46.4381567, 30.7162799], [46.4386926, 30.7167909], [46.4386197, 30.716952]]], "df_ids": [15253]}