{"polygon": [[[46.4677007, 30.7465068], [46.4673914, 30.7464781], [46.4673806, 30.7467238], [46.467371, 30.7469424], [46.4673578, 30.7472427], [46.46766, 30.7472707], [46.4676688, 30.7470706], [46.4675155, 30.7470564], [46.4675291, 30.746747], [46.4676895, 30.7467619], [46.4677007, 30.7465068]]], "df_ids": [6053]}