{"polygon": [[[46.4405854, 30.6952685], [46.4401094, 30.6953952], [46.4400822, 30.6951804], [46.4405582, 30.6950537], [46.4405854, 30.6952685]]], "df_ids": [58343]}