{"polygon": [[[46.4624042, 30.7122936], [46.4622017, 30.7122836], [46.4622052, 30.7121325], [46.4620637, 30.7121255], [46.4620768, 30.711569], [46.4622232, 30.7115763], [46.4622183, 30.7117834], [46.4621784, 30.7117815], [46.4621777, 30.7118124], [46.4622009, 30.7118136], [46.4621971, 30.7119768], [46.4622865, 30.7119813], [46.4622858, 30.7120092], [46.4623257, 30.7120112], [46.4623272, 30.7119446], [46.4624428, 30.7119504], [46.4624393, 30.7121009], [46.4624088, 30.7120994], [46.4624042, 30.7122936]]], "df_ids": [30089]}