{"polygon": [[[46.4672585, 30.7279215], [46.4668387, 30.7279008], [46.4668414, 30.7277853], [46.4668425, 30.7277376], [46.4672623, 30.7277583], [46.4672585, 30.7279215]]], "df_ids": [53632]}