{"polygon": [[[46.4573183, 30.7604336], [46.4571216, 30.7605311], [46.4571254, 30.7605474], [46.4571138, 30.7605532], [46.4571044, 30.7605632], [46.4571019, 30.7605736], [46.4571032, 30.7605852], [46.4571077, 30.7605932], [46.4571217, 30.7605985], [46.4571262, 30.7606172], [46.45711, 30.7606434], [46.4571062, 30.760657], [46.457107, 30.7606682], [46.4571105, 30.7606792], [46.4571171, 30.7606873], [46.4571259, 30.7606918], [46.4571376, 30.7606932], [46.4571503, 30.7606875], [46.4571674, 30.7607673], [46.4571528, 30.760784], [46.4571455, 30.7607999], [46.457145, 30.7608184], [46.4571516, 30.7608346], [46.4571763, 30.7608503], [46.4571824, 30.7608499], [46.4571857, 30.7608665], [46.4571793, 30.7608721], [46.4571752, 30.7608797], [46.4571765, 30.7608924], [46.457182, 30.7609036], [46.4571899, 30.7609092], [46.4571998, 30.7609075], [46.4572083, 30.7609031], [46.4572123, 30.7609194], [46.4574151, 30.760813], [46.4574118, 30.7607998], [46.4574241, 30.7607933], [46.4574319, 30.7607849], [46.457435, 30.760772], [46.4574334, 30.7607596], [46.4574288, 30.7607489], [46.457423, 30.7607428], [46.4574054, 30.7607463], [46.4574045, 30.7607363], [46.4574157, 30.7607258], [46.457425, 30.7607088], [46.457428, 30.7606921], [46.4574271, 30.7606738], [46.4574212, 30.7606577], [46.4574079, 30.7606509], [46.4573938, 30.7606514], [46.4573753, 30.7606604], [46.4573563, 30.7605783], [46.4573763, 30.7605685], [46.4573844, 30.7605549], [46.4573895, 30.7605385], [46.4573882, 30.7605211], [46.4573788, 30.7605027], [46.4573682, 30.7604966], [46.4573436, 30.7604944], [46.4573407, 30.7604871], [46.4573557, 30.7604745], [46.4573607, 30.7604645], [46.4573582, 30.7604476], [46.4573482, 30.7604383], [46.457338, 30.7604369], [46.4573211, 30.7604453], [46.4573183, 30.7604336]]], "df_ids": [74846]}