{"polygon": [[[46.4733245, 30.7278327], [46.4732027, 30.7278139], [46.4728861, 30.7277648], [46.4728774, 30.7278829], [46.4732016, 30.7279332], [46.4731969, 30.7279973], [46.473196, 30.7280095], [46.4731756, 30.7280064], [46.4731701, 30.7280823], [46.4731905, 30.7280854], [46.4731889, 30.7281076], [46.4730831, 30.7280912], [46.4730858, 30.7280548], [46.4728688, 30.7280211], [46.4728623, 30.72811], [46.4730406, 30.7281377], [46.4732991, 30.7281777], [46.473311, 30.7280164], [46.4733245, 30.7278327]]], "df_ids": [46203, 193181]}