{"polygon": [[[46.4621366, 30.7479988], [46.4618415, 30.7479513], [46.4618548, 30.7477769], [46.4620287, 30.7478049], [46.4620599, 30.7473968], [46.4619969, 30.7473866], [46.4620102, 30.7472128], [46.4621944, 30.7472424], [46.4621366, 30.7479988]]], "df_ids": [14997]}