{"polygon": [[[46.4651479, 30.7179941], [46.4650555, 30.7181154], [46.4651144, 30.7182071], [46.46517, 30.7182958], [46.4652604, 30.7181835], [46.4652039, 30.7180884], [46.4651479, 30.7179941]]], "df_ids": [255123]}