{"polygon": [[[46.4293717, 30.7539192], [46.4295747, 30.7546751], [46.4294174, 30.7547641], [46.4292143, 30.7540082], [46.4293717, 30.7539192]]], "df_ids": [74955]}