{"polygon": [[[46.4631504, 30.713939], [46.4630571, 30.714037], [46.462927, 30.7137968], [46.4633029, 30.7138116], [46.4632703, 30.7139113], [46.4632703, 30.7139416], [46.4631831, 30.7139397], [46.4631504, 30.713939]]], "df_ids": [145769]}