{"polygon": [[[46.4732662, 30.7269769], [46.4733863, 30.7269958], [46.473406, 30.7265906], [46.4732895, 30.7265673], [46.4732844, 30.7266032], [46.4732662, 30.7269769]]], "df_ids": [45543]}