{"polygon": [[[46.4595526, 30.7485259], [46.4595156, 30.7485492], [46.4594753, 30.7485562], [46.4594303, 30.7485325], [46.4594015, 30.7484963], [46.4593813, 30.7484566], [46.4593722, 30.7484044], [46.4593713, 30.748348], [46.4593852, 30.7482944], [46.4594092, 30.748247], [46.4594392, 30.7482197], [46.4594782, 30.7482096], [46.4595158, 30.7482136], [46.4595508, 30.7482317], [46.4595852, 30.748277], [46.459602, 30.7483229], [46.459601, 30.7483536], [46.4596327, 30.748355], [46.4597046, 30.7482638], [46.4597425, 30.7482406], [46.4597857, 30.7482427], [46.4598211, 30.7482603], [46.4598485, 30.7482901], [46.4598682, 30.748327], [46.4598797, 30.7483736], [46.4599017, 30.7483612], [46.459908, 30.7483793], [46.4599373, 30.7483596], [46.4599545, 30.748332], [46.4599887, 30.7483006], [46.4600216, 30.7482826], [46.4600552, 30.7482826], [46.4600969, 30.7483034], [46.4601291, 30.7483393], [46.4601476, 30.7483811], [46.4601593, 30.7484225], [46.4601583, 30.7484852], [46.4601444, 30.7485429], [46.4601228, 30.7485854], [46.4600734, 30.748623], [46.4600427, 30.7486321], [46.4600116, 30.7486258], [46.4599847, 30.7486091], [46.4599574, 30.7485785], [46.4599343, 30.748536], [46.4599247, 30.7485019], [46.4599032, 30.7485158], [46.4598955, 30.748491], [46.45986, 30.7485241], [46.4598274, 30.7485638], [46.4597837, 30.748591], [46.4597367, 30.7485938], [46.4596993, 30.7485673], [46.4596653, 30.7485144], [46.4596485, 30.7484594], [46.4596274, 30.7484712], [46.4596195, 30.7484464], [46.4595923, 30.7484661], [46.4595526, 30.7485259]]], "df_ids": [46648]}