{"polygon": [[[46.4598428, 30.7114597], [46.4598431, 30.7116068], [46.4599122, 30.7116066], [46.4599516, 30.7116064], [46.4599898, 30.7116063], [46.4599896, 30.7114592], [46.4599136, 30.7114595], [46.4598428, 30.7114597]]], "df_ids": [6522]}