{"polygon": [[[46.4664782, 30.7246915], [46.4665751, 30.7248505], [46.4666701, 30.7247284], [46.4665731, 30.7245695], [46.4664782, 30.7246915]]], "df_ids": [529]}