{"polygon": [[[46.4398397, 30.6954856], [46.4393911, 30.6956698], [46.4393519, 30.6954687], [46.4398005, 30.6952844], [46.4398397, 30.6954856]]], "df_ids": [89889]}