{"polygon": [[[46.4457696, 30.7489436], [46.4458208, 30.7489153], [46.4458433, 30.7489233], [46.4458662, 30.7489209], [46.4458875, 30.7489089], [46.4459055, 30.7488882], [46.4459186, 30.7488613], [46.4460137, 30.7487863], [46.445954, 30.7487474], [46.4459582, 30.7487199], [46.4459568, 30.7486917], [46.4459498, 30.7486654], [46.4459377, 30.7486433], [46.4459218, 30.7486272], [46.4458976, 30.7485369], [46.4458444, 30.7485669], [46.4458218, 30.7485567], [46.445798, 30.7485579], [46.4457759, 30.7485704], [46.4457579, 30.7485927], [46.4457459, 30.7486225], [46.4456934, 30.7486529], [46.4457134, 30.7487307], [46.4457072, 30.7487625], [46.4457082, 30.7487955], [46.4457165, 30.7488264], [46.4457311, 30.7488518], [46.4457505, 30.7488691], [46.4457696, 30.7489436]]], "df_ids": [151050]}