{"polygon": [[[46.4653824, 30.7541795], [46.4653601, 30.7541919], [46.4651607, 30.7543029], [46.4651477, 30.7543862], [46.4651426, 30.7544515], [46.4650683, 30.7544477], [46.4650855, 30.7542559], [46.4650977, 30.7542517], [46.4650995, 30.7542214], [46.4650886, 30.7542102], [46.4650957, 30.7541404], [46.4651016, 30.7540776], [46.4651559, 30.7540598], [46.46523, 30.7540212], [46.465338, 30.753965], [46.4653824, 30.7541795]]], "df_ids": [34051]}