{"polygon": [[[46.455912, 30.7391748], [46.4555701, 30.7391097], [46.4555844, 30.7389516], [46.4559263, 30.7390167], [46.455912, 30.7391748]]], "df_ids": [11441]}