{"polygon": [[[46.4498389, 30.7451448], [46.4499007, 30.7450974], [46.4498956, 30.7450835], [46.4499141, 30.7450576], [46.4499016, 30.7450235], [46.4499643, 30.7449754], [46.4499759, 30.7450074], [46.4500134, 30.744993], [46.4500185, 30.7450069], [46.4500781, 30.7449612], [46.4501053, 30.7450347], [46.4501371, 30.7451205], [46.4501115, 30.7451402], [46.4500617, 30.7452194], [46.4499964, 30.7452696], [46.4499232, 30.7452848], [46.4498972, 30.7453047], [46.4498389, 30.7451448]]], "df_ids": [74563]}