{"polygon": [[[46.4672429, 30.7488681], [46.467254, 30.7486671], [46.4674868, 30.7486913], [46.4674899, 30.7485536], [46.4676266, 30.748569], [46.4676246, 30.7486135], [46.4676116, 30.7488552], [46.4675769, 30.7489045], [46.4672429, 30.7488681]]], "df_ids": [6753]}