{"polygon": [[[46.4640909, 30.7491445], [46.4640852, 30.7491438], [46.4640485, 30.7491384], [46.4639258, 30.7491201], [46.4639321, 30.7490308], [46.4639908, 30.7490396], [46.4639941, 30.748993], [46.4641052, 30.7490094], [46.4640963, 30.7491318], [46.4640957, 30.7491414], [46.4640943, 30.7491446], [46.4640909, 30.7491445]]], "df_ids": [10545]}