{"polygon": [[[46.4608786, 30.7554786], [46.4609522, 30.7554404], [46.4609665, 30.7554986], [46.4613553, 30.7552964], [46.4613194, 30.7551509], [46.4609732, 30.7553309], [46.4608255, 30.7547326], [46.4603712, 30.7549688], [46.4604174, 30.7551561], [46.4607557, 30.7549802], [46.4608786, 30.7554786]]], "df_ids": [34056]}