{"polygon": [[[46.4685093, 30.7379144], [46.4694308, 30.7380561], [46.4694676, 30.7375516], [46.4694986, 30.737127], [46.469247, 30.7370883], [46.4685771, 30.7369852], [46.4685093, 30.7379144]]], "df_ids": [30580]}