{"polygon": [[[46.4640638, 30.7495732], [46.463946, 30.7495548], [46.4639508, 30.7494851], [46.4639764, 30.7494888], [46.4639809, 30.7494235], [46.4640731, 30.7494369], [46.4640638, 30.7495732]]], "df_ids": [10546]}