{"polygon": [[[46.4549336, 30.737228], [46.4548859, 30.7371447], [46.4546694, 30.7371212], [46.4545977, 30.7372091], [46.454592, 30.7372897], [46.4545884, 30.737367], [46.4544869, 30.7373501], [46.454491, 30.7372722], [46.454506, 30.7370584], [46.4546223, 30.7369087], [46.4549638, 30.7369404], [46.4550892, 30.7371639], [46.4550872, 30.7373435], [46.4549297, 30.7373353], [46.4549336, 30.737228]]], "df_ids": [169252]}