{"polygon": [[[46.4412469, 30.7060183], [46.4411131, 30.7058934], [46.4405078, 30.7072602], [46.4406417, 30.707385], [46.4412469, 30.7060183]]], "df_ids": [12505]}