{"polygon": [[[46.4603487, 30.7210564], [46.4602651, 30.7211729], [46.4603369, 30.7212804], [46.4604207, 30.7211755], [46.4603487, 30.7210564]]], "df_ids": [191791]}