{"polygon": [[[46.4567362, 30.7628255], [46.4565839, 30.7628976], [46.4564383, 30.7622496], [46.4565905, 30.7621775], [46.4567362, 30.7628255]]], "df_ids": [74826]}