{"polygon": [[[46.4282152, 30.7209665], [46.4288043, 30.7217591], [46.4288764, 30.7216463], [46.4282872, 30.7208538], [46.4282527, 30.7209078], [46.4282152, 30.7209665]]], "df_ids": [42212]}