{"polygon": [[[46.4637818, 30.7195846], [46.4640302, 30.7200037], [46.4641198, 30.7198894], [46.464064, 30.7197896], [46.4640469, 30.7197613], [46.4640695, 30.7197325], [46.4640498, 30.7196998], [46.4640409, 30.7197112], [46.4640351, 30.7197017], [46.4639741, 30.7196008], [46.4639853, 30.7195866], [46.4639618, 30.7195479], [46.4639389, 30.7195771], [46.4638731, 30.7194682], [46.4637818, 30.7195846]]], "df_ids": [27345]}