{"polygon": [[[46.4636726, 30.7569061], [46.4635183, 30.7569781], [46.4635588, 30.7571606], [46.463713, 30.7570886], [46.4636726, 30.7569061]]], "df_ids": [30779]}