{"polygon": [[[46.4550535, 30.7544133], [46.454843, 30.7545601], [46.4547835, 30.7543806], [46.454994, 30.7542337], [46.4550535, 30.7544133]]], "df_ids": [34491]}