{"polygon": [[[46.4577608, 30.7193586], [46.4576456, 30.7195656], [46.4577416, 30.7196527], [46.4579123, 30.7193425], [46.4577608, 30.7193586]]], "df_ids": [3560]}