{"polygon": [[[46.4666706, 30.7500231], [46.4663732, 30.7500169], [46.4663704, 30.7503024], [46.4666678, 30.7503085], [46.4666706, 30.7500231]]], "df_ids": [140004]}