{"polygon": [[[46.4343158, 30.716319], [46.4349106, 30.7168742], [46.4349856, 30.716705], [46.4348636, 30.7165911], [46.4349661, 30.71636], [46.4351805, 30.7165602], [46.4352592, 30.7163826], [46.4348327, 30.7159846], [46.4347449, 30.7161826], [46.4348654, 30.7162951], [46.4347497, 30.7165561], [46.4343684, 30.7162002], [46.4343158, 30.716319]]], "df_ids": [74114]}