{"polygon": [[[46.4359375, 30.7029939], [46.4359472, 30.7033438], [46.4360426, 30.7033382], [46.4360308, 30.7029141], [46.4361851, 30.702905], [46.4361902, 30.7030854], [46.4362778, 30.7030802], [46.4362655, 30.7026371], [46.4361332, 30.7026449], [46.4361386, 30.7028391], [46.4360743, 30.7028428], [46.4360695, 30.7026692], [46.4359306, 30.7026773], [46.4359365, 30.7028882], [46.4358248, 30.7028947], [46.4358201, 30.702726], [46.4357017, 30.7027329], [46.4357202, 30.7033973], [46.4358471, 30.7033898], [46.4358362, 30.7029998], [46.4359375, 30.7029939]]], "df_ids": [63833]}