{"polygon": [[[46.4610917, 30.7124302], [46.4610574, 30.7124308], [46.4609005, 30.7124273], [46.4609021, 30.7122104], [46.4610016, 30.7122094], [46.4610231, 30.7122091], [46.4610236, 30.7123068], [46.4610935, 30.7123051], [46.4610917, 30.7124302]]], "df_ids": [247960]}