{"polygon": [[[46.4305919, 30.6978535], [46.4299989, 30.6972921], [46.4295928, 30.698195], [46.4297489, 30.6983427], [46.4300534, 30.6976655], [46.4303598, 30.6979555], [46.4301829, 30.6983488], [46.4303136, 30.6984725], [46.4305919, 30.6978535]]], "df_ids": [74777]}