{"polygon": [[[46.4691051, 30.7459044], [46.4689387, 30.745879], [46.4688676, 30.7458689], [46.4688654, 30.7458869], [46.4688615, 30.745979], [46.4688581, 30.7460144], [46.4688862, 30.7460187], [46.4688893, 30.7459748], [46.4689367, 30.7459821], [46.4689397, 30.7459415], [46.4689669, 30.7459457], [46.4689411, 30.7463004], [46.4689743, 30.7463055], [46.4690749, 30.7463209], [46.4691051, 30.7459044]]], "df_ids": [6519]}