{"polygon": [[[46.4632424, 30.7269014], [46.4629025, 30.7269083], [46.4628806, 30.7269531], [46.4628782, 30.7270574], [46.4632434, 30.7270626], [46.4632424, 30.7269014]]], "df_ids": [10001]}