{"polygon": [[[46.4604717, 30.712269], [46.4605914, 30.7122736], [46.4606181, 30.7122347], [46.4606184, 30.7118777], [46.460603, 30.7118767], [46.460437, 30.7118802], [46.4604418, 30.711945], [46.4604711, 30.7119501], [46.4604726, 30.7121502], [46.4604717, 30.712269]]], "df_ids": [4927]}