{"polygon": [[[46.4659572, 30.7186603], [46.4661708, 30.7184093], [46.4662451, 30.7185379], [46.4661031, 30.7187106], [46.4662173, 30.7189084], [46.4661393, 30.7190116], [46.4659532, 30.7186907], [46.4659572, 30.7186603]]], "df_ids": [153449]}