{"polygon": [[[46.4456153, 30.7490116], [46.4452181, 30.7492773], [46.4451828, 30.7491497], [46.4451774, 30.7491303], [46.4451104, 30.7491713], [46.4451164, 30.7491927], [46.4452124, 30.7495318], [46.445684, 30.749236], [46.4456153, 30.7490116]]], "df_ids": [151054]}