{"polygon": [[[46.4691912, 30.7340731], [46.469112, 30.7340612], [46.4690014, 30.7340447], [46.4689794, 30.7343562], [46.4689193, 30.7343472], [46.4689045, 30.7345558], [46.4688786, 30.7349201], [46.4689387, 30.7349291], [46.4689268, 30.7350976], [46.4690126, 30.7351104], [46.4691165, 30.735126], [46.4691536, 30.7346029], [46.4691912, 30.7340731]]], "df_ids": [31889]}