{"polygon": [[[46.468025, 30.7248994], [46.4680997, 30.7248122], [46.4682318, 30.7246577], [46.4684832, 30.724364], [46.4682983, 30.7240305], [46.4682819, 30.7240005], [46.4681888, 30.7241093], [46.4682795, 30.724273], [46.4679483, 30.72466], [46.4678846, 30.7245453], [46.4677912, 30.7246545], [46.4679655, 30.724969], [46.468025, 30.7248994]]], "df_ids": [175]}