{"polygon": [[[46.4666001, 30.7115746], [46.4664414, 30.711568], [46.4663643, 30.711569], [46.4663639, 30.7113869], [46.4666016, 30.7113897], [46.4666001, 30.7115746]]], "df_ids": [235338]}