{"polygon": [[[46.4450991, 30.7044438], [46.4454554, 30.7044831], [46.4454136, 30.7052794], [46.4451382, 30.705249], [46.4451266, 30.7054698], [46.4455291, 30.7055142], [46.4455925, 30.7043049], [46.4451092, 30.7042515], [46.4450991, 30.7044438]]], "df_ids": [63193]}