{"polygon": [[[46.4688428, 30.728025], [46.4688431, 30.7279603], [46.4686808, 30.7279584], [46.4686804, 30.7280231], [46.4685724, 30.7280218], [46.4685726, 30.7279857], [46.4685737, 30.7277904], [46.4688784, 30.7277941], [46.4689528, 30.727795], [46.4689515, 30.7280263], [46.4688428, 30.728025]]], "df_ids": [136458]}