{"polygon": [[[46.4718774, 30.7566025], [46.4717019, 30.7565377], [46.4716782, 30.756673], [46.4717472, 30.7566986], [46.4717238, 30.7568323], [46.4714146, 30.7567181], [46.4714384, 30.756582], [46.4715037, 30.7566061], [46.4715432, 30.756384], [46.4715724, 30.7562141], [46.4714995, 30.7561872], [46.4715344, 30.7559882], [46.4718816, 30.7561164], [46.4718481, 30.7563076], [46.4717264, 30.7562626], [46.4717125, 30.7563416], [46.4719289, 30.7564215], [46.4719502, 30.7563002], [46.4720392, 30.7563331], [46.4719606, 30.7567816], [46.471853, 30.7567419], [46.4718774, 30.7566025]]], "df_ids": [51504]}