{"polygon": [[[46.4637368, 30.7527679], [46.4638817, 30.7527864], [46.4638568, 30.7531961], [46.4638316, 30.7536113], [46.4636916, 30.7535934], [46.4635485, 30.7535751], [46.4635541, 30.7534837], [46.4636931, 30.7535015], [46.4637045, 30.7533141], [46.4635818, 30.7532984], [46.4635883, 30.7531906], [46.4637124, 30.7532064], [46.4637142, 30.7531777], [46.463716, 30.7531486], [46.4635925, 30.7531328], [46.4635994, 30.753018], [46.4637214, 30.7530336], [46.4637314, 30.7528683], [46.4635911, 30.7528503], [46.4635932, 30.7528155], [46.4635534, 30.7528104], [46.4635574, 30.752745], [46.4637368, 30.7527679]]], "df_ids": [30954]}