{"polygon": [[[46.4290056, 30.7592327], [46.4289666, 30.7591951], [46.4289647, 30.7591992], [46.4288931, 30.7591303], [46.4288856, 30.7591468], [46.4287993, 30.7590636], [46.4290048, 30.7586149], [46.4290262, 30.7586355], [46.4290391, 30.7586073], [46.4290667, 30.758634], [46.4290734, 30.7586193], [46.4291319, 30.7586757], [46.4291508, 30.7586345], [46.4292708, 30.7587502], [46.4292015, 30.7589016], [46.4291513, 30.7588532], [46.4291263, 30.7589078], [46.4290307, 30.7588156], [46.4289572, 30.7589761], [46.4290723, 30.759087], [46.4290056, 30.7592327]]], "df_ids": [31001]}