{"polygon": [[[46.4499644, 30.7464336], [46.4499058, 30.7462696], [46.4498514, 30.7463145], [46.449807, 30.7461884], [46.4497073, 30.7462614], [46.4497001, 30.7462667], [46.4497121, 30.7462971], [46.4497125, 30.7463477], [46.4497182, 30.7463971], [46.4497084, 30.7464045], [46.4497419, 30.7464981], [46.4497517, 30.7464907], [46.4497635, 30.7465236], [46.4498374, 30.7465537], [46.4499307, 30.7464859], [46.4499644, 30.7464336]]], "df_ids": [74564]}