{"polygon": [[[46.4341338, 30.7193716], [46.4345707, 30.7199967], [46.4346647, 30.7198584], [46.4342278, 30.7192332], [46.4341338, 30.7193716]]], "df_ids": [10145]}