{"polygon": [[[46.4566876, 30.738628], [46.4560974, 30.7385485], [46.4561079, 30.7383846], [46.4566981, 30.7384641], [46.4566876, 30.738628]]], "df_ids": [39218]}