{"polygon": [[[46.4635909, 30.7526437], [46.463759, 30.7526487], [46.4637728, 30.7524211], [46.4637926, 30.7520936], [46.4639227, 30.7521102], [46.4639029, 30.7524361], [46.4638817, 30.7527864], [46.4637368, 30.7527679], [46.4635574, 30.752745], [46.4635909, 30.7526437]]], "df_ids": [30961]}