{"polygon": [[[46.4455872, 30.744145], [46.4455709, 30.7440785], [46.4452777, 30.7442296], [46.4453308, 30.7444467], [46.4453809, 30.7444209], [46.4453713, 30.7443818], [46.4455007, 30.744315], [46.4455114, 30.7443589], [46.4455637, 30.7443319], [46.4455551, 30.7442969], [46.4456174, 30.7442647], [46.445631, 30.74432], [46.4456961, 30.7442863], [46.4457057, 30.7443254], [46.4457643, 30.7442951], [46.445754, 30.7442535], [46.4458114, 30.7442238], [46.4458228, 30.7442699], [46.4458687, 30.7442461], [46.4458637, 30.744226], [46.4459779, 30.7441668], [46.4459651, 30.7441151], [46.4459818, 30.7441064], [46.4459635, 30.7440318], [46.4459453, 30.7440412], [46.4459374, 30.7440105], [46.4459298, 30.7439959], [46.4459201, 30.7439878], [46.4459084, 30.7439831], [46.445896, 30.7439854], [46.4455872, 30.744145]]], "df_ids": [75149]}