{"polygon": [[[46.4560789, 30.7604444], [46.4556112, 30.7606585], [46.4555679, 30.7604593], [46.4560357, 30.7602453], [46.4560789, 30.7604444]]], "df_ids": [34149]}