{"polygon": [[[46.4321334, 30.763949], [46.4320549, 30.7640965], [46.4320504, 30.7641327], [46.432052, 30.7641694], [46.4320595, 30.7642045], [46.4319389, 30.7644157], [46.4319458, 30.7644298], [46.4319248, 30.764469], [46.4319705, 30.7645176], [46.4319731, 30.7645391], [46.4320579, 30.764632], [46.4322471, 30.7645143], [46.4322097, 30.7643889], [46.4323234, 30.7641663], [46.4322642, 30.7640992], [46.4322707, 30.7640848], [46.4321334, 30.763949]]], "df_ids": [169196]}