{"polygon": [[[46.4692389, 30.7317548], [46.4691274, 30.7317336], [46.4692195, 30.7307143], [46.469331, 30.7307355], [46.4692389, 30.7317548]]], "df_ids": [7255]}