{"polygon": [[[46.4646187, 30.7123767], [46.4645735, 30.7123754], [46.4645077, 30.7123735], [46.4644584, 30.7130509], [46.4644569, 30.7130717], [46.4645798, 30.7130934], [46.4645808, 30.7130747], [46.4646187, 30.7123767]]], "df_ids": [58396]}