{"polygon": [[[46.4478627, 30.7446486], [46.4469433, 30.7453562], [46.4470342, 30.745605], [46.4479244, 30.7449199], [46.4479536, 30.7448974], [46.4479379, 30.7448544], [46.4478627, 30.7446486]]], "df_ids": [79695]}