{"polygon": [[[46.4673555, 30.7559422], [46.4670918, 30.7558976], [46.4670842, 30.7559916], [46.4672041, 30.7560119], [46.4671916, 30.7561672], [46.4670756, 30.7561476], [46.467069, 30.7562305], [46.4672033, 30.7562532], [46.4673288, 30.7562745], [46.4673334, 30.756218], [46.4673418, 30.7561127], [46.4673502, 30.7560088], [46.4673555, 30.7559422]]], "df_ids": [45402]}