{"polygon": [[[46.4675397, 30.7497915], [46.4676614, 30.7497951], [46.46767, 30.7491783], [46.4675483, 30.7491747], [46.4675397, 30.7497915]]], "df_ids": [28620]}