{"polygon": [[[46.4594131, 30.7558676], [46.4593003, 30.7559593], [46.4591117, 30.7554707], [46.4592245, 30.755379], [46.4594131, 30.7558676]]], "df_ids": [15374]}