{"polygon": [[[46.4732844, 30.7266032], [46.4732437, 30.7265993], [46.4731537, 30.7267047], [46.4730696, 30.7268032], [46.473062, 30.7269321], [46.4730237, 30.7269282], [46.4730256, 30.7268862], [46.4730066, 30.7268811], [46.4730139, 30.7266268], [46.4730811, 30.7265547], [46.4731726, 30.7264504], [46.4732209, 30.7265408], [46.4732895, 30.7265673], [46.4732844, 30.7266032]]], "df_ids": [45542]}