{"polygon": [[[46.4662324, 30.7225453], [46.4665666, 30.7221035], [46.4666661, 30.7222623], [46.4663319, 30.722704], [46.4662324, 30.7225453]]], "df_ids": [27243]}