{"polygon": [[[46.4543306, 30.7364333], [46.4545208, 30.7367532], [46.4546231, 30.7366251], [46.4545532, 30.7365075], [46.4547534, 30.7362567], [46.4546327, 30.7360538], [46.4545942, 30.736102], [46.4546326, 30.7361665], [46.4544092, 30.7364463], [46.4543712, 30.7363824], [46.4543306, 30.7364333]]], "df_ids": [64109]}