{"polygon": [[[46.4642591, 30.7117799], [46.4641467, 30.7117819], [46.4641281, 30.7117819], [46.4641208, 30.7118676], [46.4640877, 30.7123615], [46.4642161, 30.7123866], [46.4642591, 30.7117799]]], "df_ids": [58367]}