{"polygon": [[[46.456059, 30.7440234], [46.4557713, 30.7439795], [46.4557542, 30.7442163], [46.4560419, 30.7442602], [46.456059, 30.7440234]]], "df_ids": [2202]}