{"polygon": [[[46.4449547, 30.7091781], [46.4459306, 30.7071661], [46.4460304, 30.7072573], [46.4450619, 30.7092583], [46.4449547, 30.7091781]]], "df_ids": [41793]}