{"polygon": [[[46.4662486, 30.7548919], [46.4660294, 30.7548738], [46.4660136, 30.7552778], [46.4658886, 30.7552675], [46.4658928, 30.7551619], [46.4659118, 30.7546772], [46.4662559, 30.7547056], [46.4662486, 30.7548919]]], "df_ids": [34046]}