{"polygon": [[[46.4678941, 30.7558445], [46.4677615, 30.7558159], [46.4677055, 30.7563709], [46.4677252, 30.756375], [46.4678374, 30.7563992], [46.4678941, 30.7558445]]], "df_ids": [30780]}