{"polygon": [[[46.464161, 30.7461152], [46.4641546, 30.746215], [46.4641817, 30.7462187], [46.4641782, 30.7462737], [46.4640809, 30.7462605], [46.4640744, 30.746363], [46.4643052, 30.7463979], [46.4643328, 30.7459691], [46.4642634, 30.7459597], [46.4642248, 30.7459545], [46.4642142, 30.745953], [46.4640872, 30.7459365], [46.464076, 30.7461042], [46.464161, 30.7461152]]], "df_ids": [28815]}