{"polygon": [[[46.4454876, 30.7487686], [46.4455379, 30.7487402], [46.4455603, 30.7487477], [46.4455831, 30.7487453], [46.4456045, 30.7487333], [46.4456225, 30.7487126], [46.4456355, 30.7486852], [46.4456934, 30.7486529], [46.445671, 30.7485718], [46.4456752, 30.7485443], [46.4456738, 30.7485161], [46.4456667, 30.7484898], [46.4456547, 30.7484677], [46.4456387, 30.7484516], [46.4456146, 30.7483613], [46.4455614, 30.7483913], [46.4455388, 30.7483811], [46.445515, 30.7483823], [46.4454929, 30.7483948], [46.4454749, 30.7484171], [46.4454629, 30.7484469], [46.4454095, 30.748477], [46.4454304, 30.7485551], [46.4454241, 30.7485869], [46.4454252, 30.7486199], [46.4454335, 30.7486508], [46.4454481, 30.7486762], [46.4454675, 30.7486935], [46.4454876, 30.7487686]]], "df_ids": [172250]}