{"polygon": [[[46.4642549, 30.7240491], [46.4641602, 30.7241767], [46.4640194, 30.7239565], [46.4642669, 30.7236204], [46.464332, 30.7237198], [46.4641782, 30.7239292], [46.4642549, 30.7240491]]], "df_ids": [194089]}