{"polygon": [[[46.4633239, 30.7242924], [46.4630235, 30.7246838], [46.462925, 30.7245263], [46.4632236, 30.7241327], [46.4633239, 30.7242924]]], "df_ids": [51565]}