{"polygon": [[[46.4480605, 30.7122251], [46.4483027, 30.7117349], [46.4480838, 30.7115072], [46.4481837, 30.711305], [46.4484138, 30.7115445], [46.4483747, 30.7116236], [46.448493, 30.7117467], [46.4481901, 30.7123599], [46.4480605, 30.7122251]]], "df_ids": [75759]}