{"polygon": [[[46.4705878, 30.7556939], [46.4705679, 30.7559409], [46.470771, 30.7559755], [46.4707819, 30.7558413], [46.470722, 30.7558311], [46.4707196, 30.7558605], [46.4706424, 30.7558473], [46.4706538, 30.7557051], [46.4705878, 30.7556939]]], "df_ids": [29235]}