{"polygon": [[[46.4712615, 30.755485], [46.4708357, 30.7554139], [46.4708569, 30.7552225], [46.4708873, 30.7552278], [46.4708994, 30.7550988], [46.4710263, 30.7551254], [46.471018, 30.755234], [46.4711756, 30.7552617], [46.4711942, 30.7551615], [46.4713345, 30.7551998], [46.4713076, 30.755425], [46.4712615, 30.755485]]], "df_ids": [44713]}