{"polygon": [[[46.4654989, 30.7544188], [46.4656625, 30.7544285], [46.4656698, 30.7542572], [46.4655882, 30.7542498], [46.4655064, 30.7542424], [46.4654989, 30.7544188]]], "df_ids": [136318]}