{"polygon": [[[46.4730813, 30.7582176], [46.4729837, 30.7580943], [46.4730858, 30.7579238], [46.4731835, 30.7580471], [46.4730985, 30.7581889], [46.4730813, 30.7582176]]], "df_ids": [44758]}