{"polygon": [[[46.4412217, 30.6951872], [46.4408185, 30.6952304], [46.4408076, 30.6950167], [46.4412108, 30.6949735], [46.4412217, 30.6951872]]], "df_ids": [63155]}