{"polygon": [[[46.4305824, 30.725875], [46.4306966, 30.7256987], [46.4307511, 30.7257731], [46.4307322, 30.7258022], [46.430774, 30.7258592], [46.4307907, 30.725882], [46.4307386, 30.7259625], [46.4307201, 30.7259372], [46.4306052, 30.7261146], [46.430552, 30.726042], [46.4305719, 30.7260113], [46.4305117, 30.7259292], [46.4305635, 30.7258493], [46.4305824, 30.725875]]], "df_ids": [74379]}