{"polygon": [[[46.4581462, 30.7147875], [46.4579538, 30.7147841], [46.4578597, 30.7147825], [46.4578619, 30.7145093], [46.4580182, 30.7145121], [46.4580207, 30.7142183], [46.458151, 30.7142206], [46.4581462, 30.7147875]]], "df_ids": [28452]}