{"polygon": [[[46.4655215, 30.7186266], [46.4655424, 30.7186621], [46.4654815, 30.7187377], [46.4653982, 30.7185962], [46.4653851, 30.7185741], [46.4653556, 30.7186107], [46.465316, 30.7185378], [46.4652435, 30.7184206], [46.4653339, 30.7183083], [46.4654046, 30.7184283], [46.4655215, 30.7186266]]], "df_ids": [162681]}