{"polygon": [[[46.4670082, 30.7564702], [46.4670209, 30.7563063], [46.4670656, 30.7563119], [46.467069, 30.7562305], [46.466892, 30.7562005], [46.4668785, 30.7563623], [46.4668651, 30.7565233], [46.4670517, 30.7565558], [46.4670598, 30.7564786], [46.4670082, 30.7564702]]], "df_ids": [44926]}