{"polygon": [[[46.4451809, 30.7477546], [46.4448022, 30.7479969], [46.4447584, 30.7478529], [46.4447326, 30.7477678], [46.4451113, 30.7475255], [46.4451809, 30.7477546]]], "df_ids": [151070]}