{"polygon": [[[46.4757196, 30.7603734], [46.4756862, 30.7606232], [46.4755626, 30.7605884], [46.4755731, 30.7605099], [46.4755319, 30.7604983], [46.4755558, 30.7603193], [46.4755961, 30.7603307], [46.4755998, 30.7603032], [46.4756705, 30.7603231], [46.4756658, 30.7603583], [46.4757196, 30.7603734]]], "df_ids": [34335]}