{"polygon": [[[46.4618393, 30.7233657], [46.4617591, 30.7234637], [46.4618396, 30.7235976], [46.4619189, 30.7234972], [46.4618789, 30.7234306], [46.4618393, 30.7233657]]], "df_ids": [192743]}