{"polygon": [[[46.4306314, 30.7197045], [46.4309696, 30.7202121], [46.4310612, 30.7200836], [46.430723, 30.719576], [46.4306314, 30.7197045]]], "df_ids": [13900]}