{"polygon": [[[46.4648694, 30.7228373], [46.4645259, 30.7233028], [46.4646007, 30.7234178], [46.4646201, 30.7233924], [46.4646317, 30.7234039], [46.4646717, 30.7234753], [46.4647673, 30.7233497], [46.4647195, 30.723273], [46.4648193, 30.7231419], [46.4648441, 30.7231816], [46.4648687, 30.7231493], [46.4649283, 30.7232449], [46.4650355, 30.723104], [46.4648694, 30.7228373]]], "df_ids": [27252]}