{"polygon": [[[46.4378625, 30.7168942], [46.4384117, 30.7174009], [46.438482, 30.7172405], [46.4379328, 30.7167338], [46.4378625, 30.7168942]]], "df_ids": [15252]}