{"polygon": [[[46.4421724, 30.7467261], [46.4420624, 30.7466899], [46.4421105, 30.7463817], [46.4421998, 30.746411], [46.4422057, 30.7464206], [46.4422119, 30.7464377], [46.4422127, 30.7464569], [46.4422109, 30.746479], [46.4421724, 30.7467261]]], "df_ids": [28884]}