{"polygon": [[[46.4639477, 30.7517186], [46.4632659, 30.7516157], [46.4632536, 30.7517871], [46.4639355, 30.75189], [46.4639477, 30.7517186]]], "df_ids": [1577]}