{"polygon": [[[46.4529402, 30.7352985], [46.4531132, 30.7350907], [46.4533887, 30.7355738], [46.4533006, 30.7356796], [46.4531011, 30.7353296], [46.4530161, 30.7354317], [46.4529402, 30.7352985]]], "df_ids": [172251]}