{"polygon": [[[46.4672217, 30.7545952], [46.4670551, 30.7545615], [46.4670491, 30.7545603], [46.4670389, 30.7545582], [46.4669018, 30.7545305], [46.4669175, 30.7543572], [46.4670115, 30.7543751], [46.4670207, 30.7542729], [46.4671505, 30.7542977], [46.4671359, 30.7544595], [46.4672344, 30.7544773], [46.4672217, 30.7545952]]], "df_ids": [34584]}