{"polygon": [[[46.4633418, 30.7444678], [46.4634867, 30.7444963], [46.4636338, 30.7445259], [46.4636501, 30.7442656], [46.4635089, 30.744239], [46.4633634, 30.7442117], [46.4633573, 30.7442756], [46.4633418, 30.7444678]]], "df_ids": [37006]}