{"polygon": [[[46.4645467, 30.7577575], [46.4643965, 30.7577027], [46.4644248, 30.7575391], [46.464575, 30.757594], [46.4645467, 30.7577575]]], "df_ids": [34086]}