{"polygon": [[[46.4631657, 30.7430426], [46.4630239, 30.743019], [46.4630421, 30.742789], [46.4631839, 30.7428126], [46.4631657, 30.7430426]]], "df_ids": [101163]}