{"polygon": [[[46.4303743, 30.709474], [46.4305889, 30.7089743], [46.4306955, 30.7090707], [46.4304809, 30.7095704], [46.4303743, 30.709474]]], "df_ids": [51281]}