{"polygon": [[[46.4633329, 30.7428374], [46.4631839, 30.7428126], [46.4632044, 30.7425532], [46.4633534, 30.7425781], [46.4633329, 30.7428374]]], "df_ids": [187037]}