{"polygon": [[[46.4611862, 30.7168853], [46.4610651, 30.7166849], [46.460968, 30.7168087], [46.4610891, 30.717009], [46.4611862, 30.7168853]]], "df_ids": [161055]}