{"polygon": [[[46.4645325, 30.7255281], [46.4644927, 30.7254641], [46.4645472, 30.7253927], [46.464587, 30.7254567], [46.4645325, 30.7255281]]], "df_ids": [160922]}