{"polygon": [[[46.4660161, 30.7222182], [46.4659168, 30.7220547], [46.4662565, 30.7216202], [46.4663558, 30.7217837], [46.4660161, 30.7222182]]], "df_ids": [27242]}