{"polygon": [[[46.467514, 30.7482104], [46.467374, 30.7481936], [46.4673629, 30.7483887], [46.4673171, 30.7483832], [46.467313, 30.748456], [46.4674987, 30.7484783], [46.467514, 30.7482104]]], "df_ids": [35336]}