{"polygon": [[[46.4730642, 30.7558055], [46.4731328, 30.7558401], [46.4731167, 30.7559079], [46.473169, 30.7559342], [46.4731838, 30.7558723], [46.473297, 30.7559293], [46.473255, 30.7561052], [46.4731331, 30.7560438], [46.4730208, 30.7559872], [46.4730642, 30.7558055]]], "df_ids": [44765]}