{"polygon": [[[46.4576446, 30.7590639], [46.4577601, 30.7592741], [46.458102, 30.7588781], [46.4579864, 30.7586679], [46.4576446, 30.7590639]]], "df_ids": [75642]}