{"polygon": [[[46.4639803, 30.7449371], [46.4638414, 30.7449127], [46.4638311, 30.7449109], [46.4638483, 30.7447045], [46.4638598, 30.7447065], [46.4639975, 30.7447307], [46.4639901, 30.7448197], [46.4639803, 30.7449371]]], "df_ids": [37009]}