{"polygon": [[[46.4644231, 30.7207522], [46.464473, 30.7206786], [46.4644118, 30.7205794], [46.4641866, 30.7208745], [46.4642525, 30.720979], [46.4644231, 30.7207522]]], "df_ids": [27343]}