{"polygon": [[[46.4702538, 30.7538085], [46.4701664, 30.7537882], [46.4701698, 30.7537569], [46.4697425, 30.7536579], [46.4697719, 30.7533908], [46.46979, 30.753395], [46.469792, 30.7533773], [46.4698037, 30.75338], [46.4698166, 30.753383], [46.4698147, 30.7534003], [46.4699615, 30.7534343], [46.4699568, 30.753477], [46.4700932, 30.7535086], [46.4700979, 30.7534655], [46.4702867, 30.7535092], [46.4702714, 30.7536485], [46.4702538, 30.7538085]]], "df_ids": [634]}