{"polygon": [[[46.473338, 30.727641], [46.4732178, 30.727622], [46.4729027, 30.7275734], [46.4728985, 30.727631], [46.4732067, 30.7276787], [46.4732041, 30.7277135], [46.4732016, 30.7277478], [46.4728909, 30.7276997], [46.4728861, 30.7277648], [46.4732027, 30.7278139], [46.4733245, 30.7278327], [46.4733315, 30.7277376], [46.473338, 30.727641]]], "df_ids": [27400]}