{"polygon": [[[46.4651173, 30.7240065], [46.4650426, 30.7238923], [46.4651946, 30.7236859], [46.4652504, 30.7236101], [46.4652588, 30.7235988], [46.4653292, 30.7237078], [46.4651173, 30.7240065]]], "df_ids": [51405]}