{"polygon": [[[46.4666866, 30.7465828], [46.4664843, 30.7465721], [46.4664783, 30.7468109], [46.4663433, 30.7468037], [46.4663546, 30.7463544], [46.466692, 30.7463724], [46.4666866, 30.7465828]]], "df_ids": [8877]}