{"polygon": [[[46.472455, 30.7586078], [46.4724312, 30.7585892], [46.4724123, 30.7585706], [46.472389, 30.7585455], [46.4723721, 30.7585221], [46.4723604, 30.7585011], [46.4723524, 30.7584789], [46.4723495, 30.758462], [46.4723482, 30.7584474], [46.4723376, 30.7584496], [46.4723269, 30.7584496], [46.4723077, 30.7584457], [46.4722855, 30.7584368], [46.4722629, 30.7584244], [46.4722349, 30.7584058], [46.4722138, 30.7583891], [46.4721877, 30.7583652], [46.4721651, 30.7583417], [46.4721385, 30.7583132], [46.4721207, 30.7582919], [46.472107, 30.7582685], [46.4720965, 30.7582436], [46.4720886, 30.7582191], [46.4720842, 30.7581989], [46.4720824, 30.7581771], [46.4720816, 30.7581534], [46.4720824, 30.7581318], [46.472085, 30.7581123], [46.4720892, 30.7580907], [46.4720946, 30.7580714], [46.4720999, 30.7580562], [46.4721055, 30.7580434], [46.4721137, 30.7580288], [46.4721216, 30.7580165], [46.4721348, 30.7579984], [46.4721527, 30.7579792], [46.4721698, 30.7579698], [46.4721827, 30.7579646], [46.4721921, 30.7579608], [46.4722018, 30.7579581], [46.4722193, 30.7579567], [46.4722356, 30.7579599], [46.47226, 30.7579665], [46.4723038, 30.7579841], [46.4723533, 30.7580057], [46.4723863, 30.7580273], [46.4724128, 30.7580553], [46.4724289, 30.7580728], [46.4724413, 30.7580932], [46.4724494, 30.7581125], [46.4724534, 30.7581317], [46.4724546, 30.7581477], [46.4724537, 30.7581624], [46.4724497, 30.7581821], [46.4724476, 30.7581913], [46.4724658, 30.7581923], [46.4724801, 30.7581943], [46.4725008, 30.7582009], [46.4725221, 30.7582101], [46.4725431, 30.7582223], [46.4725617, 30.7582359], [46.4725767, 30.7582488], [46.4725842, 30.7582549], [46.4725932, 30.7582631], [46.4726041, 30.7582733], [46.4726148, 30.7582876], [46.4726198, 30.7582963], [46.4726227, 30.758303], [46.4726252, 30.7583096], [46.472628, 30.7583227], [46.4726283, 30.7583369], [46.4726278, 30.75837], [46.4726248, 30.7584055], [46.4726219, 30.7584301], [46.4726162, 30.758457], [46.4726082, 30.7584856], [46.4725986, 30.7585113], [46.4725845, 30.7585381], [46.4725672, 30.7585655], [46.4725519, 30.7585866], [46.472535, 30.7586041], [46.4725194, 30.7586163], [46.4725069, 30.7586216], [46.472492, 30.7586245], [46.472484, 30.758623], [46.4724763, 30.7586204], [46.472455, 30.7586078]]], "df_ids": [74872]}