{"polygon": [[[46.4684096, 30.7300099], [46.4684624, 30.7290464], [46.4685731, 30.7290554], [46.4685136, 30.7300271], [46.4684096, 30.7300099]]], "df_ids": [1840]}