{"polygon": [[[46.463782, 30.7204826], [46.4639071, 30.7206774], [46.463949, 30.7206853], [46.4641491, 30.720432], [46.4642304, 30.7203291], [46.464175, 30.7202389], [46.4640973, 30.7203377], [46.4639556, 30.7205179], [46.463868, 30.7203727], [46.463782, 30.7204826]]], "df_ids": [51126]}