{"polygon": [[[46.4669599, 30.7468998], [46.4668081, 30.746878], [46.466774, 30.7473786], [46.4669258, 30.7474004], [46.4669599, 30.7468998]]], "df_ids": [8880]}