{"polygon": [[[46.4639854, 30.7570302], [46.4640974, 30.7570512], [46.4641011, 30.7570098], [46.4641235, 30.7567582], [46.4640115, 30.7567371], [46.4639854, 30.7570302]]], "df_ids": [9446]}