{"polygon": [[[46.4580163, 30.7522034], [46.4582219, 30.7527222], [46.458343, 30.7526211], [46.4582237, 30.7523138], [46.4581374, 30.7521023], [46.4580163, 30.7522034]]], "df_ids": [27655]}