{"polygon": [[[46.4532713, 30.7401482], [46.4531573, 30.7402424], [46.4529228, 30.7396447], [46.4529918, 30.739588], [46.4530369, 30.7395506], [46.4532713, 30.7401482]]], "df_ids": [38634]}