{"polygon": [[[46.4496974, 30.7458331], [46.4496689, 30.7457509], [46.4496766, 30.7457453], [46.4496729, 30.7456996], [46.449694, 30.7456842], [46.4496628, 30.7455942], [46.4496433, 30.7456085], [46.4496211, 30.7455851], [46.4496134, 30.7455907], [46.4495824, 30.7455013], [46.4494719, 30.7455819], [46.449488, 30.7456284], [46.4494861, 30.745678], [46.4494916, 30.7457271], [46.4494811, 30.7457343], [46.4495112, 30.7458269], [46.4495217, 30.7458197], [46.4495469, 30.7458646], [46.4495806, 30.7458958], [46.449587, 30.7459144], [46.4496974, 30.7458331]]], "df_ids": [74559]}