{"polygon": [[[46.4702089, 30.7285462], [46.4700886, 30.7285356], [46.4700586, 30.7285329], [46.4700565, 30.7285848], [46.4700289, 30.7285823], [46.4700247, 30.7286835], [46.4700542, 30.7286861], [46.4700493, 30.7288025], [46.4700299, 30.7288008], [46.4700312, 30.7287687], [46.4699582, 30.7287623], [46.4699522, 30.7289048], [46.4700262, 30.7289114], [46.4700273, 30.7288842], [46.4700499, 30.7288862], [46.4700452, 30.7290007], [46.4700611, 30.7290033], [46.4701823, 30.7290229], [46.4702089, 30.7285462]]], "df_ids": [1572]}