{"polygon": [[[46.4699778, 30.7271602], [46.469546, 30.7271498], [46.4695452, 30.7272143], [46.4695437, 30.7273492], [46.4699756, 30.7273597], [46.4699778, 30.7271602]]], "df_ids": [19253]}