{"polygon": [[[46.4694048, 30.7319241], [46.4692849, 30.7319047], [46.4692041, 30.732956], [46.4693239, 30.7329755], [46.4694048, 30.7319241]]], "df_ids": [7257]}