{"polygon": [[[46.4636869, 30.7493555], [46.4637209, 30.749358], [46.4637197, 30.7493946], [46.4637494, 30.7493967], [46.4637481, 30.7494341], [46.4638864, 30.7494439], [46.4638935, 30.7492334], [46.4638289, 30.7492288], [46.4638279, 30.7492597], [46.4637509, 30.7492542], [46.4637524, 30.7492116], [46.4636919, 30.7492073], [46.4636869, 30.7493555]]], "df_ids": [10548]}