{"polygon": [[[46.4591614, 30.7409011], [46.4592137, 30.7409455], [46.4592275, 30.7410501], [46.4592368, 30.7411265], [46.4592719, 30.7412003], [46.4593144, 30.7412432], [46.4593596, 30.7412566], [46.4593929, 30.741274], [46.4594188, 30.7413223], [46.4594326, 30.741376], [46.4594225, 30.7414296], [46.4593984, 30.7414631], [46.4593772, 30.7415235], [46.4593643, 30.7415771], [46.4593744, 30.7416294], [46.4593892, 30.7416911], [46.4594021, 30.7417354], [46.4594206, 30.7417635], [46.4594188, 30.7418132], [46.4593901, 30.7418842], [46.4593449, 30.7419151], [46.4593024, 30.7419111], [46.4592617, 30.7419365], [46.4592294, 30.7419888], [46.4591989, 30.7420452], [46.4591676, 30.74211], [46.4591491, 30.7421632], [46.4591225, 30.7421793], [46.4590806, 30.742174], [46.4590376, 30.7421508], [46.4590026, 30.7421008], [46.4589437, 30.7420677], [46.4588912, 30.74208], [46.458853, 30.7421054], [46.4588286, 30.7421339], [46.4588057, 30.7421393], [46.4587591, 30.7421108], [46.4587495, 30.7420746], [46.4587463, 30.7420122], [46.4587299, 30.7419313], [46.4586911, 30.7418512], [46.4586397, 30.7417996], [46.458574, 30.7417645], [46.458558, 30.7417295], [46.4585491, 30.7416536], [46.4585942, 30.7415777], [46.4586263, 30.741475], [46.4586689, 30.7414551], [46.4587059, 30.7414971], [46.4587823, 30.7416758], [46.4588916, 30.7418452], [46.4589303, 30.7418789], [46.4589778, 30.7419023], [46.45901, 30.7419011], [46.4590968, 30.7418357], [46.4591105, 30.7417692], [46.4591644, 30.7417552], [46.4592134, 30.7417213], [46.4592408, 30.7416466], [46.4592673, 30.7416396], [46.4592617, 30.741503], [46.459236, 30.7414936], [46.4592089, 30.7413875], [46.4591765, 30.7413443], [46.4591378, 30.741322], [46.4591378, 30.741265], [46.4590579, 30.7412015], [46.4590222, 30.7411305], [46.4590029, 30.7410558], [46.4590173, 30.7410126], [46.459072, 30.7409858], [46.4591275, 30.7409624], [46.4591614, 30.7409011]]], "df_ids": [74993]}