{"polygon": [[[46.4648649, 30.7187781], [46.4648163, 30.7188398], [46.4649981, 30.7191422], [46.4649712, 30.7191763], [46.4649396, 30.7192164], [46.4647518, 30.7189041], [46.4647199, 30.7189446], [46.4649776, 30.7193732], [46.4650432, 30.7192901], [46.4651167, 30.719197], [46.4650032, 30.7190082], [46.46496, 30.7189364], [46.4648649, 30.7187781]]], "df_ids": [235330]}