{"polygon": [[[46.4309796, 30.6965548], [46.4302403, 30.6958336], [46.4303199, 30.6956618], [46.4310592, 30.696383], [46.4309796, 30.6965548]]], "df_ids": [13148]}