{"polygon": [[[46.4573872, 30.7592841], [46.4572401, 30.7593853], [46.4572875, 30.7595306], [46.4574347, 30.7594294], [46.4573872, 30.7592841]]], "df_ids": [28873]}