{"polygon": [[[46.4666058, 30.7552387], [46.4665895, 30.755358], [46.4665741, 30.7554708], [46.4665013, 30.7554499], [46.4664119, 30.7554242], [46.4664435, 30.7551921], [46.4666058, 30.7552387]]], "df_ids": [33621]}