{"polygon": [[[46.4530626, 30.7416813], [46.4527595, 30.7419699], [46.4526895, 30.741815], [46.4531182, 30.7414066], [46.4532942, 30.741796], [46.4531686, 30.7419157], [46.4530626, 30.7416813]]], "df_ids": [27664]}