{"polygon": [[[46.4632631, 30.714367], [46.4634354, 30.7146437], [46.4635313, 30.7146107], [46.4635469, 30.7145759], [46.4633566, 30.7143108], [46.4632631, 30.714367]]], "df_ids": [175738]}