{"polygon": [[[46.454563, 30.7547235], [46.4547565, 30.7545911], [46.4546963, 30.7544055], [46.4545028, 30.7545379], [46.454563, 30.7547235]]], "df_ids": [34492]}