{"polygon": [[[46.4650977, 30.7461385], [46.4652728, 30.7461575], [46.4652963, 30.7462157], [46.4652695, 30.746604], [46.4650685, 30.7465796], [46.465078, 30.746436], [46.465116, 30.7464413], [46.465112, 30.746502], [46.4651439, 30.7465065], [46.4651425, 30.7465279], [46.4651613, 30.7465305], [46.4651633, 30.7465002], [46.4651447, 30.7464977], [46.4651549, 30.7463439], [46.4650848, 30.7463342], [46.4650977, 30.7461385]]], "df_ids": [37361]}