{"polygon": [[[46.4508664, 30.7602923], [46.4510049, 30.7608109], [46.4509424, 30.7608461], [46.4509602, 30.7609128], [46.4509503, 30.7609183], [46.4509942, 30.7610829], [46.4513949, 30.7608574], [46.4513471, 30.7606787], [46.4512755, 30.760719], [46.4511231, 30.7601479], [46.4508664, 30.7602923]]], "df_ids": [5308]}