{"polygon": [[[46.4210278, 30.7518821], [46.42067, 30.7520277], [46.4205851, 30.7523376], [46.42074, 30.7524269], [46.420792, 30.7522369], [46.4210742, 30.7521221], [46.4210278, 30.7518821]]], "df_ids": [63184]}