{"polygon": [[[46.4726212, 30.7272861], [46.4728046, 30.7276018], [46.4727042, 30.7277248], [46.4726314, 30.7275995], [46.4726809, 30.7275388], [46.4725703, 30.7273485], [46.4726212, 30.7272861]]], "df_ids": [152042]}