{"polygon": [[[46.4649402, 30.714439], [46.4648564, 30.7145674], [46.4648461, 30.7145832], [46.4649841, 30.7147712], [46.4650927, 30.7146073], [46.4649544, 30.7144172], [46.4649402, 30.714439]]], "df_ids": [236174]}