{"polygon": [[[46.4615536, 30.716559], [46.4614905, 30.7164585], [46.4613425, 30.7162229], [46.4613129, 30.716262], [46.4612512, 30.7161638], [46.4612776, 30.7161289], [46.4613261, 30.7160647], [46.4613091, 30.7160376], [46.4614242, 30.7158852], [46.4614675, 30.7159542], [46.4614915, 30.7159924], [46.4614124, 30.7160972], [46.4616016, 30.7163982], [46.4616736, 30.7163028], [46.4617775, 30.7164682], [46.4616733, 30.7166062], [46.4616512, 30.716571], [46.4615737, 30.7166737], [46.4615252, 30.7165965], [46.4615536, 30.716559]]], "df_ids": [27349]}