{"polygon": [[[46.4347018, 30.7032198], [46.4341152, 30.7026931], [46.4340521, 30.702841], [46.4342982, 30.7030619], [46.4341514, 30.7034062], [46.4339207, 30.703199], [46.4338457, 30.7033749], [46.4344276, 30.7038974], [46.4344957, 30.7037378], [46.4342783, 30.7035427], [46.4344347, 30.703176], [46.4346413, 30.7033616], [46.4347018, 30.7032198]]], "df_ids": [51810]}