{"polygon": [[[46.4594909, 30.7506676], [46.459529, 30.7506722], [46.4596804, 30.7506903], [46.4599051, 30.7507207], [46.4602362, 30.7507575], [46.460378, 30.7507777], [46.4604673, 30.7507897], [46.4605672, 30.7508033], [46.4605729, 30.7507149], [46.4605761, 30.7506613], [46.4605813, 30.7505689], [46.4602374, 30.7505266], [46.4600688, 30.750506], [46.4600154, 30.7504995], [46.4599167, 30.7504876], [46.4597733, 30.7504718], [46.4596694, 30.7504588], [46.4596801, 30.7502699], [46.459602, 30.7502606], [46.4595145, 30.7502502], [46.4594909, 30.7506676]]], "df_ids": [34408]}