{"polygon": [[[46.4691174, 30.7318778], [46.4692377, 30.7318966], [46.4691594, 30.7329509], [46.4690391, 30.732932], [46.4691174, 30.7318778]]], "df_ids": [7256]}