{"polygon": [[[46.4628279, 30.7073603], [46.4637793, 30.7073525], [46.4637785, 30.7071493], [46.4628271, 30.7071571], [46.4628279, 30.7073603]]], "df_ids": [42935]}