{"polygon": [[[46.4503777, 30.7456287], [46.4503629, 30.7455872], [46.450319, 30.7455411], [46.4502869, 30.7454778], [46.4502696, 30.7454032], [46.450269, 30.7453244], [46.4502536, 30.7452812], [46.4503635, 30.7451986], [46.4503951, 30.7452862], [46.4504045, 30.7452792], [46.4504249, 30.7453139], [46.4504347, 30.7453065], [46.4504671, 30.745397], [46.4504576, 30.7454041], [46.4504653, 30.7454489], [46.4504558, 30.7454561], [46.4504879, 30.7455456], [46.4503777, 30.7456287]]], "df_ids": [74557]}