{"polygon": [[[46.4632966, 30.7567506], [46.4632065, 30.7567866], [46.4632699, 30.7571151], [46.4633619, 30.7570745], [46.4632966, 30.7567506]]], "df_ids": [133807]}