{"polygon": [[[46.4715528, 30.7537671], [46.4713198, 30.7537213], [46.4712966, 30.7539227], [46.4713957, 30.7539465], [46.4713951, 30.7539647], [46.4713794, 30.7539807], [46.4713748, 30.7540411], [46.4713868, 30.7540612], [46.4713692, 30.754202], [46.4713452, 30.7542181], [46.471336, 30.7543066], [46.471345, 30.7543245], [46.4714801, 30.7543706], [46.4715686, 30.7538016], [46.4715528, 30.7537671]]], "df_ids": [44716]}