{"polygon": [[[46.4560986, 30.7621853], [46.4562632, 30.7628313], [46.4561043, 30.7629167], [46.4559397, 30.7622707], [46.4560986, 30.7621853]]], "df_ids": [74828]}