{"polygon": [[[46.4690316, 30.7258386], [46.4690991, 30.7259618], [46.4693977, 30.725617], [46.4693303, 30.7254937], [46.4690316, 30.7258386]]], "df_ids": [80006]}