{"polygon": [[[46.4299536, 30.7536197], [46.4297913, 30.7537058], [46.4301405, 30.7550928], [46.4303028, 30.7550068], [46.4299536, 30.7536197]]], "df_ids": [74953]}