{"polygon": [[[46.4459159, 30.7067921], [46.4459629, 30.7068372], [46.445943, 30.7068807], [46.446034, 30.7069679], [46.4459901, 30.7070641], [46.4460501, 30.7071215], [46.446073, 30.7070711], [46.4461217, 30.7071177], [46.4461681, 30.7070158], [46.4461205, 30.7069701], [46.4461614, 30.7068802], [46.4461126, 30.7068334], [46.4461298, 30.7067956], [46.4460293, 30.7066993], [46.4460201, 30.7067197], [46.445957, 30.7066592], [46.4459294, 30.7067197], [46.4459429, 30.7067327], [46.4459159, 30.7067921]]], "df_ids": [74899]}