{"polygon": [[[46.4276074, 30.720486], [46.4275643, 30.7204267], [46.4275456, 30.7204553], [46.4275008, 30.7203937], [46.4275423, 30.7203303], [46.4274575, 30.7202136], [46.4274821, 30.7201759], [46.4274421, 30.7201209], [46.4274995, 30.720033], [46.4275422, 30.7200919], [46.4275614, 30.7200625], [46.4276442, 30.7201767], [46.4276268, 30.7202032], [46.4276723, 30.720266], [46.4276215, 30.7203439], [46.427663, 30.720401], [46.4276074, 30.720486]]], "df_ids": [14126]}