{"polygon": [[[46.4622028, 30.7469358], [46.4620736, 30.7469146], [46.4621242, 30.7462636], [46.4618962, 30.7462262], [46.4618686, 30.7465808], [46.4618367, 30.7465755], [46.4618353, 30.746593], [46.4618305, 30.746608], [46.4618232, 30.7466206], [46.461812, 30.7466313], [46.4617992, 30.7466366], [46.4617888, 30.7466367], [46.4617788, 30.7466332], [46.4617696, 30.7466263], [46.4617618, 30.7466165], [46.4617558, 30.7466043], [46.4617517, 30.7465889], [46.4617505, 30.7465725], [46.4617517, 30.7465568], [46.461714, 30.7465507], [46.4617393, 30.7462237], [46.4615196, 30.7461879], [46.4614977, 30.7464713], [46.4613789, 30.7464519], [46.4614228, 30.7458851], [46.4616361, 30.7459199], [46.4616414, 30.7458526], [46.4618383, 30.7458848], [46.4620103, 30.7459129], [46.4620046, 30.7459862], [46.4622732, 30.7460302], [46.4622028, 30.7469358]]], "df_ids": [28828]}