{"polygon": [[[46.4670695, 30.7558938], [46.4668679, 30.7558597], [46.4668534, 30.7560395], [46.4668412, 30.7561919], [46.466892, 30.7562005], [46.467069, 30.7562305], [46.4670756, 30.7561476], [46.4669685, 30.7561294], [46.4669741, 30.7560603], [46.4670073, 30.7560659], [46.4670156, 30.7559631], [46.4670633, 30.7559711], [46.4670695, 30.7558938]]], "df_ids": [44929]}