{"polygon": [[[46.4601361, 30.7121944], [46.4601357, 30.7122639], [46.4602849, 30.7122659], [46.4602884, 30.7122659], [46.4602892, 30.7121473], [46.4602856, 30.7121473], [46.4601364, 30.7121454], [46.4601361, 30.7121944]]], "df_ids": [26565]}