{"polygon": [[[46.4669879, 30.7203736], [46.4668884, 30.7202193], [46.4669665, 30.7201133], [46.4670253, 30.7202045], [46.4671056, 30.7200953], [46.4671463, 30.7201585], [46.4669879, 30.7203736]]], "df_ids": [3772]}