{"polygon": [[[46.431288, 30.7151382], [46.4316897, 30.7157299], [46.4317229, 30.7156824], [46.4320973, 30.7162338], [46.4321834, 30.7161107], [46.4316265, 30.7152904], [46.4317231, 30.7151523], [46.431604, 30.714977], [46.4315191, 30.7150983], [46.431419, 30.7149509], [46.431288, 30.7151382]]], "df_ids": [18012]}