{"polygon": [[[46.4567223, 30.7227526], [46.4567441, 30.7227032], [46.456728, 30.7226883], [46.4567609, 30.7226139], [46.4566767, 30.7225335], [46.4566209, 30.7226582], [46.4567223, 30.7227526]]], "df_ids": [161675]}