{"polygon": [[[46.4641589, 30.7558971], [46.464034, 30.7558853], [46.4640213, 30.7561702], [46.4641462, 30.756182], [46.4641526, 30.7560394], [46.4641589, 30.7558971]]], "df_ids": [34122]}