{"polygon": [[[46.4605261, 30.7190467], [46.4606797, 30.719278], [46.4605781, 30.7194131], [46.4604244, 30.7191818], [46.4605261, 30.7190467]]], "df_ids": [42977]}