{"polygon": [[[46.46244, 30.7518174], [46.4620994, 30.7517721], [46.4620633, 30.7523432], [46.4620517, 30.7525187], [46.462199, 30.7525385], [46.4623481, 30.7525596], [46.462357, 30.7524034], [46.4622653, 30.7523896], [46.4622669, 30.7523667], [46.4622686, 30.7523435], [46.462315, 30.7523505], [46.4623244, 30.7522196], [46.4623306, 30.7521335], [46.4622801, 30.7521258], [46.4622408, 30.7521206], [46.4622501, 30.7519724], [46.4623623, 30.7519872], [46.462387, 30.7519905], [46.4624323, 30.7519646], [46.4624342, 30.7519284], [46.46244, 30.7518174]]], "df_ids": [30960]}