{"polygon": [[[46.4621256, 30.7133238], [46.4623978, 30.7133364], [46.4624015, 30.7131688], [46.462409, 30.7128255], [46.4623449, 30.7128226], [46.4623379, 30.7131379], [46.4621299, 30.7131282], [46.4621256, 30.7133238]]], "df_ids": [53200, 185132]}