{"polygon": [[[46.453886, 30.7615275], [46.4536323, 30.7616391], [46.4535488, 30.7616758], [46.4534733, 30.7613138], [46.453551, 30.7612797], [46.4535786, 30.7614119], [46.4537362, 30.7613426], [46.4537119, 30.7612263], [46.4538137, 30.7611815], [46.453886, 30.7615275]]], "df_ids": [34152]}