{"polygon": [[[46.465895, 30.7115739], [46.4656561, 30.7115629], [46.4656525, 30.7113932], [46.4658941, 30.711405], [46.465895, 30.7115739]]], "df_ids": [181524]}