{"polygon": [[[46.4697676, 30.7258124], [46.4696019, 30.7260117], [46.469516, 30.7258612], [46.469774, 30.725551], [46.4699743, 30.7259022], [46.4699226, 30.7259643], [46.4698821, 30.726013], [46.4697676, 30.7258124]]], "df_ids": [80032]}