{"polygon": [[[46.468061, 30.7547098], [46.4682555, 30.7547599], [46.4682759, 30.7545929], [46.4682966, 30.7544233], [46.4681022, 30.7543732], [46.4680825, 30.7545341], [46.468061, 30.7547098]]], "df_ids": [45405]}