{"polygon": [[[46.4621395, 30.7515849], [46.462848, 30.7517204], [46.4628629, 30.7515563], [46.4621544, 30.7514209], [46.4621395, 30.7515849]]], "df_ids": [1578]}