{"polygon": [[[46.4618257, 30.716722], [46.4618911, 30.7168303], [46.4623244, 30.7162656], [46.4622647, 30.7161665], [46.4618257, 30.716722]]], "df_ids": [243080]}