{"polygon": [[[46.4482463, 30.749273], [46.4484397, 30.7491579], [46.4484591, 30.7492266], [46.4484856, 30.7492109], [46.4484633, 30.7491317], [46.4485771, 30.749064], [46.4485661, 30.7490252], [46.4487332, 30.7489258], [46.4487551, 30.7490032], [46.4487777, 30.7489898], [46.4488039, 30.7490826], [46.4486247, 30.7491893], [46.4487115, 30.7494967], [46.4485899, 30.7495691], [46.4485175, 30.7493125], [46.4482949, 30.7494448], [46.4482463, 30.749273]]], "df_ids": [72526]}