{"polygon": [[[46.4644914, 30.7417875], [46.4643291, 30.7417634], [46.4643466, 30.7415156], [46.4643767, 30.7415201], [46.4643807, 30.7414635], [46.464457, 30.7414748], [46.4644528, 30.7415337], [46.4645087, 30.741542], [46.4644914, 30.7417875]]], "df_ids": [13028]}