{"polygon": [[[46.4729503, 30.7275106], [46.4729037, 30.727428], [46.4729203, 30.7273932], [46.472888, 30.7273301], [46.4728649, 30.7273623], [46.4728921, 30.727416], [46.4728737, 30.7274448], [46.4727939, 30.727296], [46.4729047, 30.7271687], [46.47299, 30.727325], [46.4729785, 30.7274803], [46.4729503, 30.7275106]]], "df_ids": [175584]}