{"polygon": [[[46.4307248, 30.7012927], [46.4308488, 30.7010142], [46.4307682, 30.7009387], [46.4307223, 30.7010417], [46.4306237, 30.7009493], [46.4306914, 30.7007973], [46.4306042, 30.7007155], [46.4304433, 30.7010768], [46.430355, 30.700994], [46.4304055, 30.7008807], [46.4303304, 30.7008102], [46.4301796, 30.7011487], [46.4302633, 30.7012272], [46.4303376, 30.7010603], [46.4304142, 30.7011322], [46.4303649, 30.701243], [46.430457, 30.7013294], [46.4306062, 30.7009945], [46.4307029, 30.7010852], [46.4306441, 30.7012171], [46.4307248, 30.7012927]]], "df_ids": [63985]}