{"polygon": [[[46.4346037, 30.7108382], [46.4340636, 30.7103527], [46.4340009, 30.7104996], [46.4345409, 30.7109851], [46.4346037, 30.7108382]]], "df_ids": [43930]}