{"polygon": [[[46.4387227, 30.7178314], [46.4387284, 30.7187659], [46.4388556, 30.7187643], [46.4388533, 30.7183802], [46.4391446, 30.7183765], [46.4391468, 30.7187541], [46.4392836, 30.7187523], [46.439278, 30.7178234], [46.4391252, 30.7178253], [46.4391274, 30.7181932], [46.4388657, 30.7181965], [46.4388635, 30.7178296], [46.4387227, 30.7178314]]], "df_ids": [74120]}