{"polygon": [[[46.4402649, 30.6969651], [46.4401475, 30.6970016], [46.4399368, 30.6955729], [46.4400542, 30.6955364], [46.4402649, 30.6969651]]], "df_ids": [43653]}