{"polygon": [[[46.4705645, 30.7557226], [46.4703729, 30.7556767], [46.4703952, 30.7554807], [46.4705868, 30.7555267], [46.4705645, 30.7557226]]], "df_ids": [53629]}