{"polygon": [[[46.4666203, 30.7545088], [46.4664374, 30.7544772], [46.4662627, 30.7544471], [46.4662802, 30.7542325], [46.4664507, 30.7542619], [46.4666378, 30.7542942], [46.4666203, 30.7545088]]], "df_ids": [6064]}