{"polygon": [[[46.4732967, 30.7602379], [46.4731101, 30.7602133], [46.4731321, 30.7598622], [46.4732258, 30.7598745], [46.4732218, 30.7599395], [46.4733146, 30.7599517], [46.4732967, 30.7602379]]], "df_ids": [46079]}