{"polygon": [[[46.4312516, 30.7589642], [46.4315858, 30.7592848], [46.4315226, 30.7594235], [46.431596, 30.7594947], [46.4316091, 30.7595066], [46.4316317, 30.759457], [46.4318778, 30.7596931], [46.4319329, 30.7597034], [46.4319279, 30.7597596], [46.4320785, 30.7597879], [46.4320824, 30.7597442], [46.4322853, 30.7597823], [46.4322803, 30.7598382], [46.4324375, 30.7598678], [46.4324429, 30.7598081], [46.4325143, 30.7598215], [46.4327926, 30.7596928], [46.4328014, 30.7597327], [46.4329019, 30.7596862], [46.4327969, 30.7592083], [46.4330625, 30.7590854], [46.4331178, 30.759337], [46.4332029, 30.7592976], [46.4331864, 30.7592225], [46.4332022, 30.7591846], [46.4333255, 30.7591312], [46.4333546, 30.7591516], [46.4333939, 30.7593403], [46.4333803, 30.7593744], [46.4332504, 30.7594268], [46.433226, 30.7594059], [46.4332098, 30.7593348], [46.4331277, 30.7593742], [46.4331943, 30.7596671], [46.4331349, 30.7596956], [46.4329367, 30.7597921], [46.4329268, 30.7597493], [46.4328104, 30.759806], [46.432822, 30.759856], [46.4324853, 30.76002], [46.4318577, 30.7598962], [46.431554, 30.7596049], [46.4315775, 30.7595533], [46.4315704, 30.7595458], [46.431507, 30.7594856], [46.4314589, 30.7595911], [46.4311159, 30.759262], [46.4312516, 30.7589642]]], "df_ids": [30999, 31000, 67027]}