{"polygon": [[[46.4672774, 30.7569382], [46.4670527, 30.7568861], [46.467076, 30.7566741], [46.4671133, 30.7566827], [46.4671175, 30.7566451], [46.4672366, 30.7566727], [46.4672338, 30.7566981], [46.4673021, 30.756714], [46.4672774, 30.7569382]]], "df_ids": [227967]}