{"polygon": [[[46.4633328, 30.7535169], [46.4627952, 30.753452], [46.4627481, 30.7541586], [46.4631213, 30.7542158], [46.4631428, 30.7539197], [46.4631728, 30.7539243], [46.463184, 30.7538359], [46.4633166, 30.7538519], [46.4633328, 30.7535169]]], "df_ids": [34022]}