{"polygon": [[[46.4494679, 30.7466848], [46.4494335, 30.7467349], [46.4494193, 30.7467144], [46.4493815, 30.7467695], [46.4493919, 30.7467844], [46.4493038, 30.7469127], [46.4492733, 30.7468686], [46.449222, 30.7469433], [46.4492456, 30.7469774], [46.4492017, 30.7470412], [46.4493073, 30.7471939], [46.4493441, 30.7471402], [46.4493601, 30.7471633], [46.4493928, 30.7471156], [46.4493729, 30.7470868], [46.4494778, 30.746934], [46.4494977, 30.7469628], [46.4495341, 30.7469098], [46.4495229, 30.7468936], [46.4495674, 30.7468287], [46.4494679, 30.7466848]]], "df_ids": [44622]}