{"polygon": [[[46.4682923, 30.755994], [46.468274, 30.7560071], [46.4682172, 30.7559897], [46.4682016, 30.7559537], [46.4681768, 30.755953], [46.4681592, 30.755976], [46.4680833, 30.7559584], [46.4680713, 30.7559278], [46.4680603, 30.7559076], [46.4680263, 30.7558451], [46.4680332, 30.7557825], [46.4680573, 30.7557688], [46.4680653, 30.7556981], [46.4680479, 30.7556709], [46.4680475, 30.7556289], [46.4680456, 30.7556033], [46.4680451, 30.7555636], [46.4680648, 30.7555392], [46.468088, 30.7555202], [46.468106, 30.7555252], [46.4681214, 30.7555251], [46.4681362, 30.7555124], [46.468202, 30.7555228], [46.4682093, 30.7555411], [46.4683515, 30.7555678], [46.4683593, 30.7555876], [46.4683636, 30.7556194], [46.4683801, 30.7556334], [46.4683868, 30.7556626], [46.4683805, 30.7556934], [46.4683699, 30.7557164], [46.4683622, 30.7557744], [46.4683531, 30.7558856], [46.468361, 30.7559089], [46.4683592, 30.7559388], [46.4683522, 30.7559661], [46.468335, 30.7559842], [46.4682923, 30.755994]]], "df_ids": [74923]}