{"polygon": [[[46.4664809, 30.7469209], [46.4663363, 30.7469167], [46.4663243, 30.7477779], [46.466469, 30.7477821], [46.4664809, 30.7469209]]], "df_ids": [8878]}