{"polygon": [[[46.4630603, 30.7149676], [46.4630724, 30.7149872], [46.4632551, 30.7152843], [46.4633011, 30.7152251], [46.4633782, 30.7151261], [46.4631923, 30.7148233], [46.4631789, 30.7148014], [46.4630603, 30.7149676]]], "df_ids": [133853]}