{"polygon": [[[46.4644107, 30.7534762], [46.4642959, 30.7534595], [46.464262, 30.7539494], [46.4643768, 30.7539661], [46.4644107, 30.7534762]]], "df_ids": [30938]}