{"polygon": [[[46.4462502, 30.7498272], [46.4469252, 30.7494324], [46.4469501, 30.749522], [46.4475775, 30.749155], [46.4475207, 30.7489505], [46.446936, 30.7492925], [46.4469222, 30.7492429], [46.4469098, 30.7491982], [46.4461921, 30.749618], [46.4462502, 30.7498272]]], "df_ids": [72524]}