{"polygon": [[[46.4658078, 30.7158198], [46.4658885, 30.7159315], [46.4659792, 30.7157935], [46.4658985, 30.7156817], [46.4658078, 30.7158198]]], "df_ids": [201794]}