{"polygon": [[[46.4589401, 30.7546491], [46.4589986, 30.7548007], [46.4590107, 30.7547909], [46.4591227, 30.7550812], [46.4590985, 30.7551008], [46.4591483, 30.7552298], [46.4592835, 30.7551198], [46.45922, 30.7549553], [46.4592379, 30.7549408], [46.4591489, 30.7547101], [46.4591423, 30.7547155], [46.4590744, 30.7545398], [46.4589401, 30.7546491]]], "df_ids": [381]}