{"polygon": [[[46.4481391, 30.7454572], [46.4472232, 30.7461573], [46.4473049, 30.7463825], [46.4482208, 30.7456824], [46.4481391, 30.7454572]]], "df_ids": [79697]}