{"polygon": [[[46.4407743, 30.7124744], [46.4408365, 30.7119933], [46.4410076, 30.7120398], [46.440986, 30.712207], [46.4410237, 30.7122172], [46.4410796, 30.7117844], [46.4412421, 30.7118287], [46.4412154, 30.7120357], [46.4412849, 30.7120546], [46.4413083, 30.7118727], [46.4414095, 30.7119003], [46.4413576, 30.7123018], [46.4412727, 30.7122787], [46.4412948, 30.7121077], [46.4411829, 30.7120772], [46.4411218, 30.7125505], [46.4410089, 30.7125198], [46.4410338, 30.7123272], [46.4409474, 30.7123037], [46.4409202, 30.7125141], [46.4407743, 30.7124744]]], "df_ids": [64002]}