{"polygon": [[[46.456387, 30.7435113], [46.4561905, 30.7434995], [46.4561724, 30.7441343], [46.4563689, 30.7441461], [46.456387, 30.7435113]]], "df_ids": [187073]}