{"polygon": [[[46.4621703, 30.7533947], [46.4619974, 30.7533715], [46.4620229, 30.7529704], [46.4620517, 30.7525187], [46.462199, 30.7525385], [46.4621969, 30.7525719], [46.4622531, 30.7525794], [46.4622486, 30.7526508], [46.4622179, 30.7526466], [46.4621962, 30.7529872], [46.4621703, 30.7533947]]], "df_ids": [30959]}