{"polygon": [[[46.4695908, 30.7364838], [46.4692593, 30.7364317], [46.4693809, 30.7347996], [46.4697125, 30.7348517], [46.4695908, 30.7364838]]], "df_ids": [30791]}