{"polygon": [[[46.4658943, 30.7246467], [46.4657329, 30.7243886], [46.4657791, 30.7243304], [46.4658202, 30.7242775], [46.4659828, 30.72453], [46.4658943, 30.7246467]]], "df_ids": [181322]}