{"polygon": [[[46.4631499, 30.7222994], [46.463233, 30.7224326], [46.4631398, 30.7225553], [46.4630549, 30.7224245], [46.4631499, 30.7222994]]], "df_ids": [180833]}