{"polygon": [[[46.4271526, 30.7070673], [46.4265927, 30.706243], [46.4267214, 30.7060589], [46.4270983, 30.7066136], [46.4272297, 30.7064257], [46.4271423, 30.7062971], [46.4272315, 30.7061695], [46.4275729, 30.7066719], [46.4275012, 30.7067743], [46.4273391, 30.7065357], [46.4271723, 30.7067741], [46.4272637, 30.7069085], [46.4271526, 30.7070673]]], "df_ids": [74117]}