{"polygon": [[[46.4547935, 30.7540701], [46.4545731, 30.7542211], [46.4545056, 30.7540135], [46.454726, 30.7538624], [46.4547935, 30.7540701]]], "df_ids": [34490]}