{"polygon": [[[46.4540991, 30.7599754], [46.4539426, 30.7600905], [46.4538407, 30.7597986], [46.4540851, 30.7596189], [46.4541344, 30.7597603], [46.4540465, 30.7598249], [46.4540991, 30.7599754]]], "df_ids": [34139]}