{"polygon": [[[46.4577138, 30.7607224], [46.4574977, 30.7608338], [46.4576077, 30.7612835], [46.4575272, 30.761325], [46.4575013, 30.7612189], [46.4573027, 30.7613213], [46.4572889, 30.7612647], [46.4571755, 30.7613231], [46.457237, 30.7615745], [46.4573275, 30.7615279], [46.457339, 30.7615747], [46.4575136, 30.7614847], [46.4575342, 30.7615688], [46.4578775, 30.7613918], [46.4577138, 30.7607224]]], "df_ids": [74845]}