{"polygon": [[[46.4280201, 30.7210509], [46.427975, 30.7209888], [46.4279494, 30.7210279], [46.4279065, 30.7209687], [46.4279553, 30.7208941], [46.4278701, 30.7207767], [46.4278939, 30.7207403], [46.4278542, 30.7206856], [46.4279122, 30.720597], [46.4279539, 30.7206547], [46.4279725, 30.7206264], [46.4280564, 30.7207422], [46.4280365, 30.7207726], [46.4280802, 30.720833], [46.428031, 30.720908], [46.4280734, 30.7209666], [46.4280201, 30.7210509]]], "df_ids": [14125]}