{"polygon": [[[46.4527992, 30.7604999], [46.4526011, 30.7606243], [46.4525695, 30.7605185], [46.4527676, 30.760394], [46.4527992, 30.7604999]]], "df_ids": [53341]}