{"polygon": [[[46.4571983, 30.7393618], [46.4573105, 30.7393803], [46.4573876, 30.7393931], [46.4574012, 30.7392207], [46.4572119, 30.7391894], [46.4571983, 30.7393618]]], "df_ids": [4495]}