{"polygon": [[[46.4627776, 30.7198486], [46.4629514, 30.7201239], [46.4630459, 30.7199981], [46.4629839, 30.7198999], [46.4629634, 30.7199271], [46.462912, 30.7198458], [46.462933, 30.7198178], [46.4628726, 30.7197221], [46.4627776, 30.7198486]]], "df_ids": [44974]}