{"polygon": [[[46.4373073, 30.7238719], [46.4373467, 30.723921], [46.4373388, 30.7239338], [46.4374377, 30.7240726], [46.4374511, 30.7240538], [46.437483, 30.7241034], [46.4374945, 30.724088], [46.4375465, 30.7241468], [46.4375747, 30.7241534], [46.4375745, 30.7241735], [46.4377307, 30.7241963], [46.4377316, 30.7241601], [46.4377704, 30.7241634], [46.4377718, 30.7241492], [46.4377954, 30.7241487], [46.4378116, 30.7241084], [46.4378337, 30.724127], [46.4379708, 30.7238503], [46.4378856, 30.7237558], [46.4377478, 30.7240238], [46.4375597, 30.7240032], [46.4373795, 30.7237657], [46.4373073, 30.7238719]]], "df_ids": [13114]}