{"polygon": [[[46.4415068, 30.7486568], [46.441412, 30.748623], [46.441382, 30.7488005], [46.4414767, 30.7488343], [46.4415068, 30.7486568]]], "df_ids": [28885]}