{"polygon": [[[46.4249664, 30.7562938], [46.4248482, 30.7562776], [46.4248511, 30.7562332], [46.4247936, 30.7562253], [46.4248002, 30.7561235], [46.4247443, 30.7561158], [46.4247521, 30.7559967], [46.4248086, 30.7560045], [46.4248111, 30.7559659], [46.4248718, 30.7559742], [46.4248659, 30.7560658], [46.4249771, 30.756081], [46.4249736, 30.7561348], [46.4250361, 30.7561434], [46.4250283, 30.7562625], [46.424969, 30.7562543], [46.4249664, 30.7562938]]], "df_ids": [77560]}