{"polygon": [[[46.4665188, 30.7205599], [46.4664699, 30.7204747], [46.4664833, 30.7204573], [46.4664087, 30.7203361], [46.4663195, 30.7201918], [46.4662977, 30.7202203], [46.4662431, 30.7201319], [46.4662762, 30.7200901], [46.4663556, 30.7199859], [46.466498, 30.7202168], [46.4666252, 30.7204232], [46.4665323, 30.720544], [46.4665188, 30.7205599]]], "df_ids": [499]}