{"polygon": [[[46.4643421, 30.7250574], [46.4642638, 30.72516], [46.4642296, 30.7252048], [46.4641994, 30.7251562], [46.4642217, 30.725127], [46.4641216, 30.7249658], [46.4642133, 30.7248456], [46.4643421, 30.7250574]]], "df_ids": [6970]}