{"polygon": [[[46.4460392, 30.7473694], [46.445905, 30.7474496], [46.4458594, 30.7472889], [46.445425, 30.7475484], [46.4453993, 30.7474579], [46.4453815, 30.7473951], [46.4459502, 30.7470555], [46.4460392, 30.7473694]]], "df_ids": [172248]}