{"polygon": [[[46.4605637, 30.7463837], [46.4606038, 30.7458514], [46.4604809, 30.7458318], [46.4604408, 30.7463642], [46.4605637, 30.7463837]]], "df_ids": [35648]}