{"polygon": [[[46.4281394, 30.7074129], [46.4276753, 30.7074156], [46.4276749, 30.7072572], [46.428139, 30.7072544], [46.4281394, 30.7074129]]], "df_ids": [58244]}