{"polygon": [[[46.4612884, 30.7225204], [46.4613703, 30.7224113], [46.4614328, 30.7223329], [46.4614909, 30.7224271], [46.4613792, 30.7225721], [46.4613453, 30.7225172], [46.4613126, 30.7225597], [46.4612884, 30.7225204]]], "df_ids": [133970]}