{"polygon": [[[46.4447584, 30.7478529], [46.4446231, 30.7479349], [46.4447973, 30.7485529], [46.4448446, 30.748526], [46.44494, 30.7484681], [46.4448022, 30.7479969], [46.4447584, 30.7478529]]], "df_ids": [172247]}