{"polygon": [[[46.4633467, 30.7133777], [46.4633523, 30.713206], [46.4635881, 30.7131673], [46.4635864, 30.7131884], [46.4635816, 30.7133376], [46.4633467, 30.7133777]]], "df_ids": [53199]}