{"polygon": [[[46.4631657, 30.745974], [46.4632798, 30.7459833], [46.4633991, 30.745993], [46.4634105, 30.7458371], [46.463288, 30.7458198], [46.4631786, 30.7458043], [46.4631657, 30.745974]]], "df_ids": [37020]}