{"polygon": [[[46.4705744, 30.7559457], [46.4707733, 30.7559809], [46.4707549, 30.7561998], [46.4707124, 30.7561923], [46.4707239, 30.7560546], [46.4705682, 30.756027], [46.4705744, 30.7559457]]], "df_ids": [98008]}