{"polygon": [[[46.4498178, 30.7461805], [46.4497889, 30.7460972], [46.4497966, 30.7460916], [46.4497881, 30.746032], [46.4498049, 30.7460198], [46.4497737, 30.7459298], [46.4497585, 30.7459409], [46.4497363, 30.7459174], [46.4497287, 30.7459231], [46.4496974, 30.7458331], [46.449587, 30.7459144], [46.4495807, 30.745919], [46.4495986, 30.7459662], [46.4495981, 30.7460104], [46.4496046, 30.7460626], [46.4495921, 30.746072], [46.4496238, 30.7461615], [46.4496368, 30.7461518], [46.4496622, 30.746197], [46.4496958, 30.7462281], [46.4497073, 30.7462614], [46.449807, 30.7461884], [46.4498178, 30.7461805]]], "df_ids": [74560]}