{"polygon": [[[46.4614481, 30.7487238], [46.4612306, 30.7486887], [46.461224, 30.7487742], [46.4610887, 30.7487523], [46.4610936, 30.7486875], [46.461086, 30.7486863], [46.4610936, 30.7485873], [46.4611011, 30.7485885], [46.4611023, 30.7485725], [46.4611119, 30.7484507], [46.4611463, 30.748456], [46.461148, 30.7484324], [46.4611912, 30.7484391], [46.4611889, 30.7484667], [46.4613496, 30.7484926], [46.4614644, 30.7485112], [46.4614481, 30.7487238]]], "df_ids": [76502]}