{"polygon": [[[46.4677192, 30.7180807], [46.46793, 30.718346], [46.46786, 30.7184361], [46.4677794, 30.7185617], [46.467679, 30.7184322], [46.4675598, 30.7182785], [46.4676197, 30.7182042], [46.4677192, 30.7180807]]], "df_ids": [4121]}