{"polygon": [[[46.4678562, 30.7541544], [46.4676297, 30.7541159], [46.4675934, 30.7545075], [46.4674584, 30.7544811], [46.4674365, 30.7547174], [46.4678082, 30.7547901], [46.4678485, 30.7543548], [46.4679765, 30.7543798], [46.4680096, 30.7540309], [46.4678695, 30.7540082], [46.4678562, 30.7541544]]], "df_ids": [151062]}