{"polygon": [[[46.472619, 30.7545467], [46.4724234, 30.7543467], [46.4724529, 30.7542956], [46.4725519, 30.7541395], [46.472702, 30.7543098], [46.4726893, 30.7543317], [46.4726957, 30.7543383], [46.4727014, 30.7543442], [46.4727067, 30.754367], [46.4726853, 30.7544109], [46.472619, 30.7545467]]], "df_ids": [211803]}