{"polygon": [[[46.4645732, 30.7115995], [46.4645391, 30.7120375], [46.4646338, 30.7120361], [46.4646686, 30.7115984], [46.4645732, 30.7115995]]], "df_ids": [30088]}