{"polygon": [[[46.4628308, 30.7434822], [46.4628697, 30.7429825], [46.4627584, 30.7429642], [46.4627195, 30.7434639], [46.4628308, 30.7434822]]], "df_ids": [8708]}