{"polygon": [[[46.460157, 30.7466196], [46.4601029, 30.7472407], [46.4602919, 30.7472754], [46.4603033, 30.7471443], [46.4602076, 30.7471268], [46.4602371, 30.7467872], [46.4603238, 30.7468031], [46.4603369, 30.7466526], [46.460157, 30.7466196]]], "df_ids": [94253]}