{"polygon": [[[46.4649855, 30.7260787], [46.4651252, 30.7262984], [46.4650415, 30.7264109], [46.4650336, 30.7264215], [46.4648935, 30.7262016], [46.4649855, 30.7260787]]], "df_ids": [235886]}