{"polygon": [[[46.4665614, 30.7562833], [46.466404, 30.7562451], [46.4664358, 30.7560109], [46.4665842, 30.7560475], [46.4665614, 30.7562833]]], "df_ids": [33620]}