{"polygon": [[[46.4408353, 30.7655288], [46.4409816, 30.7658418], [46.4411374, 30.766175], [46.4412025, 30.7663143], [46.4413136, 30.7662045], [46.4412394, 30.7660458], [46.4412812, 30.7660047], [46.4412451, 30.7659275], [46.4412043, 30.7659677], [46.4410522, 30.7656423], [46.4410981, 30.7655971], [46.4410636, 30.7655234], [46.4410187, 30.7655676], [46.4409484, 30.7654174], [46.4408813, 30.7654835], [46.4408353, 30.7655288]]], "df_ids": [67031]}