{"polygon": [[[46.4636755, 30.7138056], [46.4634725, 30.7137972], [46.463526, 30.7138699], [46.4636415, 30.7138856], [46.463748, 30.7140177], [46.4637875, 30.7139516], [46.4636755, 30.7138056]]], "df_ids": [191792]}