{"polygon": [[[46.4486013, 30.716086], [46.449148, 30.7166475], [46.4492672, 30.7164601], [46.4492868, 30.7164865], [46.4493922, 30.7163208], [46.4493725, 30.7162945], [46.4494485, 30.716175], [46.4495347, 30.7151628], [46.4494054, 30.7151366], [46.4492982, 30.7161269], [46.4491262, 30.7164128], [46.4486788, 30.7159515], [46.4486013, 30.716086]]], "df_ids": [6904]}