{"polygon": [[[46.4418489, 30.6949894], [46.4418512, 30.695105], [46.4418551, 30.6952989], [46.441971, 30.695294], [46.4419648, 30.6949845], [46.4418489, 30.6949894]]], "df_ids": [89890]}