{"polygon": [[[46.4524807, 30.7567715], [46.4521801, 30.7569499], [46.4521461, 30.7568291], [46.4519624, 30.7569381], [46.4519085, 30.7567471], [46.4521711, 30.7565913], [46.4522033, 30.7567056], [46.4524251, 30.756574], [46.4524807, 30.7567715]]], "df_ids": [90029]}