{"polygon": [[[46.4622897, 30.7512293], [46.4624933, 30.7512589], [46.4624997, 30.7511668], [46.462478, 30.7511637], [46.4624901, 30.7509881], [46.4625089, 30.7509908], [46.4625188, 30.7508473], [46.4623287, 30.7508197], [46.4623236, 30.7508947], [46.4623783, 30.7509027], [46.462364, 30.7511111], [46.4622985, 30.7511016], [46.4622897, 30.7512293]]], "df_ids": [1579]}