{"polygon": [[[46.46037, 30.7169778], [46.4601768, 30.7172318], [46.460197, 30.7172641], [46.4601744, 30.7172938], [46.4601337, 30.7172286], [46.4600759, 30.717136], [46.4602907, 30.7168536], [46.46037, 30.7169778]]], "df_ids": [5670]}