{"polygon": [[[46.4521143, 30.7465308], [46.4523839, 30.7472353], [46.45249, 30.7471497], [46.4524026, 30.7469214], [46.4524647, 30.7468713], [46.4525493, 30.7470923], [46.4526384, 30.7470205], [46.4525689, 30.746839], [46.4526375, 30.7467836], [46.4527059, 30.7469623], [46.4527798, 30.7469027], [46.4526909, 30.7466706], [46.4526277, 30.7467216], [46.4525425, 30.746499], [46.4526171, 30.7464388], [46.4525321, 30.746217], [46.4524361, 30.7462944], [46.4525043, 30.7464724], [46.4524334, 30.7465296], [46.452368, 30.7463589], [46.4522916, 30.7464205], [46.4523558, 30.7465883], [46.4522986, 30.7466344], [46.4522248, 30.7464416], [46.4521143, 30.7465308]]], "df_ids": [64202]}