{"polygon": [[[46.4606748, 30.7518285], [46.4605365, 30.751803], [46.4605234, 30.7519531], [46.4606617, 30.7519785], [46.4606748, 30.7518285]]], "df_ids": [34417]}