{"polygon": [[[46.4660352, 30.7133715], [46.4662319, 30.7133715], [46.4662319, 30.7131861], [46.4660352, 30.7131861], [46.4660352, 30.7133715]]], "df_ids": [26424]}