{"polygon": [[[46.4607945, 30.7506308], [46.4609407, 30.7506536], [46.4610799, 30.7506752], [46.4610759, 30.7507294], [46.4615509, 30.750803], [46.4615369, 30.7509934], [46.4614154, 30.7509746], [46.4614117, 30.7510251], [46.4610118, 30.7509632], [46.4609657, 30.7515904], [46.4608548, 30.7515732], [46.4607579, 30.7515582], [46.460793, 30.7510813], [46.4608112, 30.7508399], [46.4607794, 30.7508348], [46.4607862, 30.7507445], [46.4607903, 30.7506881], [46.4607945, 30.7506308]]], "df_ids": [34401]}