{"polygon": [[[46.438877, 30.7576868], [46.4388418, 30.7576455], [46.4387031, 30.7576844], [46.4386691, 30.7577529], [46.4387059, 30.7581364], [46.4387193, 30.7580917], [46.4387485, 30.7580725], [46.4387368, 30.757964], [46.4389508, 30.7579153], [46.4389282, 30.7577059], [46.4388802, 30.7577168], [46.438877, 30.7576868]]], "df_ids": [74808]}