{"polygon": [[[46.4304689, 30.7226264], [46.4312543, 30.7237131], [46.4313409, 30.7235813], [46.4305555, 30.7224946], [46.4304689, 30.7226264]]], "df_ids": [12529]}