{"polygon": [[[46.4642464, 30.7445717], [46.4642588, 30.7445735], [46.4642869, 30.7445777], [46.4643124, 30.7442165], [46.4644426, 30.7442359], [46.4644143, 30.7446364], [46.4642566, 30.7446129], [46.4642436, 30.744611], [46.4642464, 30.7445717]]], "df_ids": [37007]}