{"polygon": [[[46.4632743, 30.7555758], [46.4635978, 30.7554218], [46.4636034, 30.7554486], [46.4636771, 30.7558046], [46.4633591, 30.7559653], [46.4632743, 30.7555758]]], "df_ids": [75154]}