{"polygon": [[[46.4410888, 30.7471176], [46.4409728, 30.7471081], [46.4409655, 30.7472963], [46.4409019, 30.7472911], [46.4408979, 30.7473939], [46.440962, 30.7473992], [46.4409585, 30.7474898], [46.4410739, 30.7474992], [46.4410888, 30.7471176]]], "df_ids": [28875]}