{"polygon": [[[46.4421422, 30.7489477], [46.4419846, 30.7488912], [46.4419497, 30.7490965], [46.4421073, 30.749153], [46.4421422, 30.7489477]]], "df_ids": [28949]}