{"polygon": [[[46.4691275, 30.742784], [46.4691051, 30.7431138], [46.4692201, 30.7431303], [46.4692303, 30.7429809], [46.4692572, 30.7429847], [46.4692704, 30.7427905], [46.4692471, 30.7427871], [46.4692581, 30.7426245], [46.4692326, 30.7426208], [46.4692352, 30.7425823], [46.469133, 30.7425677], [46.4691313, 30.7425941], [46.4688063, 30.7425475], [46.4687949, 30.7427154], [46.4687905, 30.7427799], [46.4688856, 30.7427901], [46.4688884, 30.7427497], [46.4691275, 30.742784]]], "df_ids": [8841]}