{"polygon": [[[46.4473365, 30.7631264], [46.4471917, 30.7632299], [46.4472649, 30.7634454], [46.4474097, 30.7633418], [46.4473365, 30.7631264]]], "df_ids": [5851]}