{"polygon": [[[46.4626459, 30.7133365], [46.4623978, 30.7133364], [46.4624015, 30.7131688], [46.4625746, 30.713172], [46.4626512, 30.7131795], [46.4626459, 30.7133365]]], "df_ids": [193780]}