{"polygon": [[[46.4721391, 30.7282819], [46.4722456, 30.7282967], [46.4722306, 30.728525], [46.4722598, 30.7285291], [46.4722925, 30.7285336], [46.4722958, 30.7284833], [46.4723417, 30.7284899], [46.4723392, 30.7285403], [46.4723288, 30.7287541], [46.4722452, 30.7287406], [46.4721278, 30.7287209], [46.4721062, 30.7286786], [46.4721391, 30.7282819]]], "df_ids": [7538]}