{"polygon": [[[46.4610816, 30.7455342], [46.4609032, 30.7454935], [46.4608694, 30.7458065], [46.4609973, 30.7458357], [46.4610184, 30.7456408], [46.4610688, 30.7456523], [46.4610816, 30.7455342]]], "df_ids": [5209]}