{"polygon": [[[46.4434207, 30.7126755], [46.4427826, 30.7139795], [46.4426763, 30.71387], [46.4433145, 30.712566], [46.4434207, 30.7126755]]], "df_ids": [13096]}