{"polygon": [[[46.4656864, 30.7225864], [46.4658204, 30.7228005], [46.4657293, 30.7229208], [46.4656991, 30.7229607], [46.465613, 30.7228232], [46.4655037, 30.7226486], [46.4655132, 30.722636], [46.4655774, 30.7225513], [46.4654692, 30.7223784], [46.4655496, 30.7222722], [46.4656393, 30.7224155], [46.4657627, 30.7222527], [46.4658426, 30.7223803], [46.4656864, 30.7225864]]], "df_ids": [131]}