{"polygon": [[[46.4501292, 30.7449897], [46.4501175, 30.7449574], [46.450179, 30.7449106], [46.4501907, 30.7449429], [46.4502568, 30.7448926], [46.4502842, 30.7449686], [46.4503091, 30.7449496], [46.4503422, 30.7450412], [46.450337, 30.7450452], [46.4503473, 30.7450795], [46.4503527, 30.7451147], [46.450355, 30.7451513], [46.4503483, 30.7451565], [46.4503635, 30.7451986], [46.4502536, 30.7452812], [46.4502149, 30.7451719], [46.4501998, 30.7451834], [46.450191, 30.745159], [46.4501596, 30.7451829], [46.4501371, 30.7451205], [46.4501053, 30.7450347], [46.4501292, 30.7449897]]], "df_ids": [74558]}