{"polygon": [[[46.4635178, 30.7153395], [46.4634197, 30.7154656], [46.4634575, 30.7155277], [46.4634677, 30.7155444], [46.4635237, 30.7156362], [46.4635598, 30.7156953], [46.4636579, 30.7155691], [46.4635178, 30.7153395]]], "df_ids": [121806]}