{"polygon": [[[46.468777, 30.74716], [46.4689249, 30.7471759], [46.469013, 30.7471853], [46.4689968, 30.7475034], [46.4688794, 30.7474908], [46.4688875, 30.7473306], [46.468769, 30.7473179], [46.468777, 30.74716]]], "df_ids": [136507]}