{"polygon": [[[46.4442634, 30.7594458], [46.44406, 30.7593957], [46.4440734, 30.7592809], [46.4440341, 30.7592712], [46.4440393, 30.759227], [46.4438604, 30.7591829], [46.4438968, 30.7588718], [46.4440779, 30.7589165], [46.4440645, 30.7590305], [46.4441144, 30.7590428], [46.4441089, 30.7590901], [46.4442995, 30.7591371], [46.4442634, 30.7594458]]], "df_ids": [151451]}