{"polygon": [[[46.4667523, 30.7221455], [46.46635, 30.7214655], [46.4665218, 30.7212426], [46.4666015, 30.7213722], [46.4665318, 30.7214516], [46.4665279, 30.721476], [46.466523, 30.7215058], [46.4666317, 30.7216832], [46.4667539, 30.7218826], [46.4667691, 30.7218851], [46.4667905, 30.7218886], [46.46687, 30.7217855], [46.4669487, 30.7219111], [46.4667523, 30.7221455]]], "df_ids": [27241]}