{"polygon": [[[46.4682205, 30.7463341], [46.467873, 30.7463216], [46.4678802, 30.7458942], [46.4680156, 30.7458991], [46.4680402, 30.7459], [46.4682278, 30.7459068], [46.4682205, 30.7463341]]], "df_ids": [28614]}