{"polygon": [[[46.4610683, 30.7199065], [46.4610275, 30.7198412], [46.4609926, 30.7197853], [46.4608991, 30.7199084], [46.4609339, 30.7199643], [46.4609502, 30.7199904], [46.4609274, 30.7200203], [46.4609519, 30.7200596], [46.46096, 30.720049], [46.4610683, 30.7199065]]], "df_ids": [243178]}