{"polygon": [[[46.4593276, 30.7493578], [46.4592931, 30.749305], [46.4592698, 30.7492231], [46.4592706, 30.7491343], [46.4592956, 30.7490528], [46.4593264, 30.7490067], [46.4593717, 30.748972], [46.4594219, 30.748961], [46.4594649, 30.7489713], [46.4595074, 30.7490021], [46.4595429, 30.7490537], [46.4595629, 30.7491107], [46.459571, 30.7491848], [46.4595604, 30.7492625], [46.4595352, 30.7493237], [46.4595163, 30.7493458], [46.4594902, 30.7493765], [46.4594425, 30.7493995], [46.45938, 30.7493947], [46.4593276, 30.7493578]]], "df_ids": [75647]}