{"polygon": [[[46.4700295, 30.7309399], [46.469616, 30.730881], [46.469562, 30.7316644], [46.4696743, 30.7316814], [46.469912, 30.7317208], [46.4699736, 30.73173], [46.4700295, 30.7309399]]], "df_ids": [30792]}