{"polygon": [[[46.4663937, 30.717006], [46.4665576, 30.7168149], [46.4665958, 30.7167735], [46.4666442, 30.7168414], [46.4664343, 30.7170788], [46.4663937, 30.717006]]], "df_ids": [32268]}