{"polygon": [[[46.4683944, 30.7316177], [46.4684779, 30.7316237], [46.4684649, 30.7319525], [46.4684872, 30.7319544], [46.4684819, 30.7320879], [46.4684739, 30.7320872], [46.4684652, 30.7323054], [46.4683675, 30.7322972], [46.4683944, 30.7316177]]], "df_ids": [7424]}