{"polygon": [[[46.4575039, 30.7210624], [46.4575575, 30.720945], [46.4574789, 30.7208693], [46.4574252, 30.7209867], [46.4575039, 30.7210624]]], "df_ids": [191496]}