{"polygon": [[[46.4424975, 30.7490561], [46.4423424, 30.7489966], [46.4422984, 30.7492381], [46.4424535, 30.7492976], [46.4424975, 30.7490561]]], "df_ids": [28947]}