{"polygon": [[[46.4674632, 30.7479172], [46.4676679, 30.7479335], [46.4676867, 30.7474367], [46.467482, 30.7474204], [46.4674632, 30.7479172]]], "df_ids": [8876]}