{"polygon": [[[46.4599966, 30.7551637], [46.4595468, 30.7554015], [46.4596981, 30.7560048], [46.4593614, 30.7561828], [46.4594, 30.7563369], [46.4598575, 30.7560951], [46.4597012, 30.7554721], [46.4600303, 30.7552981], [46.4599966, 30.7551637]]], "df_ids": [34083]}