{"polygon": [[[46.4631194, 30.7500936], [46.4628133, 30.7500483], [46.4628493, 30.7495372], [46.46292, 30.7495476], [46.4629, 30.7498316], [46.4630441, 30.7498529], [46.4630521, 30.7497392], [46.4631434, 30.7497528], [46.4631194, 30.7500936]]], "df_ids": [30984]}