{"polygon": [[[46.4689542, 30.7568411], [46.4691549, 30.7568715], [46.4691498, 30.7569435], [46.4693083, 30.7569675], [46.4693459, 30.756443], [46.4691742, 30.7564171], [46.4691569, 30.7566572], [46.4691063, 30.7566496], [46.4689694, 30.7566289], [46.4689542, 30.7568411]]], "df_ids": [169260]}