{"polygon": [[[46.4691275, 30.7456346], [46.4690214, 30.7456188], [46.4689443, 30.7456073], [46.4689398, 30.7456696], [46.4690202, 30.7456816], [46.4690154, 30.7457493], [46.4690096, 30.7458309], [46.4689428, 30.7458209], [46.4689387, 30.745879], [46.4691051, 30.7459044], [46.4691166, 30.7457658], [46.4691275, 30.7456346]]], "df_ids": [4502]}