{"polygon": [[[46.4463439, 30.7484441], [46.4460392, 30.7473694], [46.445905, 30.7474496], [46.446198, 30.7484831], [46.4462266, 30.7484661], [46.446255, 30.7484972], [46.4463439, 30.7484441]]], "df_ids": [172249]}