{"polygon": [[[46.4609073, 30.7196512], [46.4608279, 30.7197567], [46.460777, 30.719676], [46.4607515, 30.7196356], [46.4607768, 30.719602], [46.4608309, 30.7195301], [46.4609073, 30.7196512]]], "df_ids": [182994]}