{"polygon": [[[46.4211129, 30.7527647], [46.4206291, 30.7529422], [46.4204165, 30.7528173], [46.4204808, 30.7525868], [46.420643, 30.752682], [46.4210711, 30.752525], [46.4211129, 30.7527647]]], "df_ids": [63185]}