{"polygon": [[[46.5763802, 30.8068759], [46.5764607, 30.8072016], [46.5762333, 30.8073206], [46.5762055, 30.8072081], [46.5761892, 30.8072167], [46.5761659, 30.8071227], [46.5761816, 30.8071144], [46.5761521, 30.8069953], [46.5763319, 30.8069012], [46.5763802, 30.8068759]]], "df_ids": [79688]}