{"polygon": [[[46.4685986, 30.7245525], [46.468734, 30.7247954], [46.4688472, 30.7246624], [46.4687117, 30.7244195], [46.4686979, 30.7244357], [46.4685986, 30.7245525]]], "df_ids": [249]}