{"polygon": [[[46.4641259, 30.7182272], [46.4644124, 30.7186905], [46.4644999, 30.7185765], [46.4644181, 30.7184443], [46.4642806, 30.7182219], [46.4642134, 30.7181133], [46.4641259, 30.7182272]]], "df_ids": [136369]}