{"polygon": [[[46.4641044, 30.7489697], [46.4639771, 30.7489567], [46.4639788, 30.7489058], [46.4639393, 30.7489031], [46.4639419, 30.7488243], [46.464114, 30.7488478], [46.4641044, 30.7489697]]], "df_ids": [10547]}