{"polygon": [[[46.4730066, 30.7268811], [46.4729859, 30.7271706], [46.4729471, 30.7271692], [46.47296, 30.7268675], [46.4729164, 30.7269302], [46.4728695, 30.7269976], [46.4729074, 30.7270934], [46.4728823, 30.7271232], [46.4727771, 30.7269274], [46.4728625, 30.726819], [46.4730139, 30.7266268], [46.4730066, 30.7268811]]], "df_ids": [194037]}