{"polygon": [[[46.4213475, 30.7130678], [46.4219543, 30.71219], [46.4220214, 30.7122876], [46.4214147, 30.7131654], [46.4213475, 30.7130678]]], "df_ids": [42228]}