{"polygon": [[[46.4645506, 30.7002867], [46.4651942, 30.7004199], [46.4652103, 30.7002419], [46.465156, 30.7002296], [46.4645678, 30.7001096], [46.4645506, 30.7002867]]], "df_ids": [51111]}