{"polygon": [[[46.4748425, 30.7574945], [46.4743949, 30.7578167], [46.4744764, 30.7580553], [46.474924, 30.7577331], [46.4748425, 30.7574945]]], "df_ids": [5282]}