{"polygon": [[[46.4735131, 30.7603036], [46.4733079, 30.7602445], [46.4733259, 30.7600789], [46.4734011, 30.7600961], [46.4734089, 30.7600242], [46.4734958, 30.760044], [46.4734851, 30.7601421], [46.4735272, 30.7601519], [46.4735131, 30.7603036]]], "df_ids": [46080]}