{"polygon": [[[46.4523385, 30.7170351], [46.4523221, 30.7176829], [46.4523433, 30.7176822], [46.4523346, 30.7180048], [46.4522218, 30.7182764], [46.452026, 30.7184212], [46.4518042, 30.7183957], [46.4517968, 30.7185768], [46.4520176, 30.7185835], [46.4521165, 30.7185419], [46.4523119, 30.7183615], [46.4524431, 30.7180866], [46.4524478, 30.7179344], [46.4524685, 30.717935], [46.4524732, 30.7176843], [46.4524422, 30.7176836], [46.4524534, 30.7170411], [46.4523385, 30.7170351]]], "df_ids": [75329]}