{"polygon": [[[46.4514768, 30.7108063], [46.4515647, 30.7108162], [46.4515606, 30.7108582], [46.4515175, 30.7108534], [46.4515045, 30.7109682], [46.4515641, 30.7109769], [46.4516249, 30.7109877], [46.4516709, 30.7106681], [46.4516555, 30.710641], [46.4514811, 30.710631], [46.4514768, 30.7108063]]], "df_ids": [800]}