{"polygon": [[[46.4682658, 30.743616], [46.4687314, 30.7436858], [46.4687385, 30.743588], [46.4687446, 30.743485], [46.4683916, 30.7434319], [46.468424, 30.7429787], [46.4683126, 30.7429619], [46.4682658, 30.743616]]], "df_ids": [28623]}