{"polygon": [[[46.4664773, 30.7575857], [46.4660231, 30.7575582], [46.466029, 30.7574024], [46.4664817, 30.7574298], [46.4664773, 30.7575857]]], "df_ids": [97954]}