{"polygon": [[[46.4691397, 30.7575502], [46.4688854, 30.7575041], [46.4687598, 30.7574789], [46.4687423, 30.7574634], [46.4686425, 30.757269], [46.4686351, 30.7572187], [46.4686585, 30.7569212], [46.4686215, 30.7568964], [46.4686243, 30.7568812], [46.4686243, 30.7568654], [46.4686216, 30.7568501], [46.4686141, 30.7568326], [46.4686031, 30.7568196], [46.4685927, 30.7568136], [46.4685814, 30.7568117], [46.4685703, 30.7568143], [46.4685592, 30.7568218], [46.46855, 30.7568336], [46.4685436, 30.7568488], [46.4685404, 30.7568661], [46.4685408, 30.7568841], [46.4685448, 30.7569011], [46.4685234, 30.7569699], [46.4685073, 30.7570441], [46.4685017, 30.7571102], [46.4685052, 30.7571702], [46.4685136, 30.757224], [46.4685126, 30.7572635], [46.4685094, 30.7573111], [46.4685279, 30.7573513], [46.4685403, 30.7573828], [46.4685505, 30.7574284], [46.4685777, 30.7574948], [46.4686142, 30.7575498], [46.4686921, 30.7576478], [46.468735, 30.7576518], [46.4687849, 30.7576936], [46.4688214, 30.757707], [46.4688658, 30.7577104], [46.4689011, 30.7576906], [46.4689366, 30.7576952], [46.469022, 30.7577441], [46.469078, 30.7577438], [46.4690909, 30.7577529], [46.4691141, 30.7577546], [46.4691324, 30.7577475], [46.4691488, 30.7577245], [46.4691525, 30.7576767], [46.4691427, 30.757629], [46.4691397, 30.7575502]]], "df_ids": [74902]}