{"polygon": [[[46.454435, 30.7380065], [46.4545355, 30.7380232], [46.4545234, 30.7381976], [46.4546724, 30.7382213], [46.4547519, 30.738234], [46.4547404, 30.7383867], [46.4545463, 30.7383559], [46.4545485, 30.7383272], [46.4544108, 30.7383053], [46.454435, 30.7380065]]], "df_ids": [75004]}