{"polygon": [[[46.460218, 30.7115187], [46.4602851, 30.7115182], [46.460285, 30.7115013], [46.4603086, 30.7115011], [46.4603085, 30.7114837], [46.4604054, 30.7114829], [46.4604056, 30.711517], [46.4605069, 30.7115161], [46.4605068, 30.7114993], [46.4605581, 30.7114988], [46.4605582, 30.7115288], [46.4605786, 30.7115286], [46.4605786, 30.7115243], [46.4606004, 30.7115241], [46.4606007, 30.7115933], [46.4606098, 30.7115932], [46.4606099, 30.7116085], [46.460624, 30.7116084], [46.4606243, 30.7116882], [46.4606102, 30.7116883], [46.4606105, 30.7117457], [46.4606019, 30.7117457], [46.4606021, 30.7117891], [46.4604989, 30.71179], [46.4604984, 30.7116837], [46.4604704, 30.7116839], [46.4604705, 30.7117032], [46.4604327, 30.7117036], [46.4604328, 30.7117131], [46.4603685, 30.7117137], [46.4603685, 30.7117042], [46.4602188, 30.7117054], [46.460218, 30.7115187]]], "df_ids": [76015]}