{"polygon": [[[46.4590415, 30.7189804], [46.4590966, 30.71907], [46.4592162, 30.7189149], [46.4592637, 30.7188534], [46.4592087, 30.7187639], [46.4591868, 30.7187921], [46.4590415, 30.7189804]]], "df_ids": [228550]}