{"polygon": [[[46.466779, 30.7206728], [46.4666977, 30.7207811], [46.4666279, 30.7206751], [46.4667089, 30.7205624], [46.466779, 30.7206728]]], "df_ids": [160970]}