{"polygon": [[[46.4324503, 30.7140469], [46.433, 30.7145512], [46.433072, 30.7143859], [46.4325224, 30.7138816], [46.4324503, 30.7140469]]], "df_ids": [51232]}