{"polygon": [[[46.464077, 30.7471336], [46.4640391, 30.7475661], [46.4640312, 30.7476559], [46.4641395, 30.7476759], [46.464204, 30.7476878], [46.4642647, 30.7469959], [46.4640919, 30.746964], [46.464077, 30.7471336]]], "df_ids": [30982]}