{"polygon": [[[46.4668178, 30.7493427], [46.4672164, 30.7493596], [46.4672111, 30.7496191], [46.4670667, 30.749613], [46.4670628, 30.7498058], [46.4669601, 30.7498014], [46.4669634, 30.7496357], [46.466812, 30.7496292], [46.4668178, 30.7493427]]], "df_ids": [5841]}