{"polygon": [[[46.463835, 30.7213838], [46.4637577, 30.7212602], [46.4638513, 30.7211336], [46.4639284, 30.7212576], [46.463835, 30.7213838]]], "df_ids": [27256]}