{"polygon": [[[46.4514551, 30.7145538], [46.451539, 30.7145556], [46.4516234, 30.7145575], [46.4516206, 30.7148218], [46.4516192, 30.714946], [46.4515402, 30.7149442], [46.4515409, 30.7148734], [46.4515878, 30.7148744], [46.4515899, 30.7146791], [46.4515381, 30.7146779], [46.4514853, 30.7146767], [46.4514841, 30.7147962], [46.4514526, 30.7147955], [46.4514551, 30.7145538]]], "df_ids": [2065]}