{"polygon": [[[46.4631963, 30.7261026], [46.4630206, 30.7263505], [46.4632706, 30.726724], [46.4634512, 30.7264693], [46.4634033, 30.7263978], [46.4633036, 30.7265384], [46.463171, 30.7263403], [46.4632659, 30.7262065], [46.4631963, 30.7261026]]], "df_ids": [10002]}