{"polygon": [[[46.441786, 30.7470626], [46.4416343, 30.7470068], [46.4415831, 30.7472999], [46.4417348, 30.7473557], [46.441786, 30.7470626]]], "df_ids": [28936]}