{"polygon": [[[46.4365009, 30.6979906], [46.4364292, 30.6978665], [46.4365919, 30.6976685], [46.4366292, 30.6977332], [46.4367863, 30.6975421], [46.4368618, 30.6976727], [46.4367007, 30.6978689], [46.4366595, 30.6977976], [46.4365009, 30.6979906]]], "df_ids": [40224]}