{"polygon": [[[46.4675253, 30.7369603], [46.4675208, 30.7369528], [46.4675176, 30.7369415], [46.4675154, 30.7369296], [46.4674767, 30.7369362], [46.4674574, 30.7369285], [46.467465, 30.7368455], [46.4674503, 30.7368434], [46.46746, 30.7367181], [46.4674871, 30.7366897], [46.4674817, 30.7366775], [46.4675189, 30.736632], [46.4675241, 30.7366423], [46.4675519, 30.7366106], [46.4675796, 30.7366105], [46.4676364, 30.73662], [46.4676371, 30.7366519], [46.467696, 30.7366564], [46.4676819, 30.7367299], [46.4676926, 30.7367381], [46.4676988, 30.7367482], [46.4677009, 30.7367633], [46.4676989, 30.7367771], [46.467693, 30.7367867], [46.4676841, 30.7367887], [46.4676496, 30.7368499], [46.4676173, 30.7368892], [46.4675914, 30.7369207], [46.4675559, 30.7369407], [46.4675546, 30.7369518], [46.4675491, 30.7369618], [46.4675418, 30.7369653], [46.4675328, 30.7369657], [46.4675253, 30.7369603]]], "df_ids": [30581]}