{"polygon": [[[46.4683584, 30.7532159], [46.4682438, 30.7531868], [46.4682074, 30.753489], [46.468322, 30.7535181], [46.4683362, 30.7534001], [46.4683404, 30.7533653], [46.4683489, 30.7532945], [46.4683584, 30.7532159]]], "df_ids": [44685]}