{"polygon": [[[46.4501544, 30.7460825], [46.4500931, 30.7461286], [46.4500874, 30.7461127], [46.4500492, 30.7461415], [46.4500301, 30.746088], [46.4499689, 30.7461341], [46.449988, 30.7461876], [46.4499656, 30.7462044], [46.4499712, 30.7462203], [46.4499058, 30.7462696], [46.4499644, 30.7464336], [46.4499886, 30.7464154], [46.4500643, 30.7464001], [46.4501321, 30.746349], [46.4501843, 30.7462681], [46.4502134, 30.7462509], [46.4501606, 30.7461004], [46.4501544, 30.7460825]]], "df_ids": [74565]}