{"polygon": [[[46.4352477, 30.7231146], [46.4355762, 30.7235872], [46.4356757, 30.7234417], [46.4353471, 30.7229691], [46.4352477, 30.7231146]]], "df_ids": [14119]}