{"polygon": [[[46.4360651, 30.7173631], [46.4354417, 30.7167855], [46.4355202, 30.7166071], [46.4361436, 30.7171847], [46.4360651, 30.7173631]]], "df_ids": [43948]}