{"polygon": [[[46.4529456, 30.7393553], [46.4528041, 30.7389992], [46.4527764, 30.739022], [46.4527424, 30.7389356], [46.4528469, 30.7386754], [46.4528809, 30.7386787], [46.4528816, 30.7387206], [46.453197, 30.7387706], [46.4532117, 30.7385989], [46.4527756, 30.7385023], [46.4526056, 30.7388886], [46.4526687, 30.7390508], [46.4526886, 30.7390367], [46.4528424, 30.7394389], [46.4529114, 30.7393822], [46.4529456, 30.7393553]]], "df_ids": [27661]}