{"polygon": [[[46.4623496, 30.7209998], [46.4622462, 30.7211473], [46.4622993, 30.7212266], [46.4624006, 30.721078], [46.4623496, 30.7209998]]], "df_ids": [153205]}