{"polygon": [[[46.4685294, 30.7537441], [46.4683203, 30.7536905], [46.4683402, 30.7535269], [46.4684469, 30.7535524], [46.4685493, 30.7535805], [46.4685294, 30.7537441]]], "df_ids": [97861]}