{"polygon": [[[46.47024, 30.7577278], [46.470121, 30.7576728], [46.4700735, 30.757839], [46.4700456, 30.7580166], [46.4701646, 30.7580716], [46.47024, 30.7577278]]], "df_ids": [137413]}