{"polygon": [[[46.4685396, 30.730648], [46.4684741, 30.7306398], [46.4684433, 30.731154], [46.4685115, 30.7311626], [46.4685152, 30.7311009], [46.4685356, 30.7311034], [46.4685407, 30.7310174], [46.468521, 30.7310149], [46.4685354, 30.7307733], [46.4685569, 30.730776], [46.4685614, 30.730702], [46.4685366, 30.7306989], [46.4685396, 30.730648]]], "df_ids": [7425]}