{"polygon": [[[46.4421435, 30.7654163], [46.4421579, 30.765367], [46.4421804, 30.7653663], [46.4421896, 30.7656707], [46.4422429, 30.7657108], [46.4422748, 30.7657348], [46.4422323, 30.7659241], [46.4419937, 30.7657578], [46.4419693, 30.7657795], [46.4419154, 30.76566], [46.4421435, 30.7654163]]], "df_ids": [67029]}