{"polygon": [[[46.4674259, 30.7564868], [46.4673105, 30.7564679], [46.4673201, 30.7563451], [46.4672004, 30.7563255], [46.4672033, 30.7562532], [46.4673288, 30.7562745], [46.4674387, 30.7562908], [46.4674259, 30.7564868]]], "df_ids": [98001]}