{"polygon": [[[46.4665508, 30.7253988], [46.4666472, 30.7255447], [46.4665551, 30.7256659], [46.4664522, 30.7255105], [46.4664921, 30.7254543], [46.4665015, 30.7254683], [46.4665508, 30.7253988]]], "df_ids": [175826]}