{"polygon": [[[46.4645088, 30.7221837], [46.4644399, 30.7222741], [46.4644074, 30.7223184], [46.4644686, 30.7224325], [46.4644912, 30.7224295], [46.4644997, 30.7224493], [46.4644491, 30.7225292], [46.4644896, 30.7226022], [46.4645328, 30.7226724], [46.4646663, 30.7224996], [46.4646623, 30.7224377], [46.4645088, 30.7221837]]], "df_ids": [52293]}