{"polygon": [[[46.4313736, 30.7220188], [46.4317969, 30.7226105], [46.4318832, 30.7224805], [46.4317526, 30.722298], [46.4318687, 30.7221232], [46.4320347, 30.7223552], [46.4321432, 30.7221917], [46.431772, 30.7216728], [46.4316806, 30.7218105], [46.4317921, 30.7219665], [46.4316391, 30.7221969], [46.4314401, 30.7219187], [46.4313736, 30.7220188]]], "df_ids": [74070]}