{"polygon": [[[46.4602331, 30.7439189], [46.460326, 30.7428701], [46.4603416, 30.7426942], [46.4603712, 30.7423603], [46.4605308, 30.7423901], [46.4603927, 30.7439487], [46.4602331, 30.7439189]]], "df_ids": [28832]}