{"polygon": [[[46.448243, 30.7191535], [46.4476001, 30.7191756], [46.4476033, 30.7193739], [46.4482462, 30.7193518], [46.448243, 30.7191535]]], "df_ids": [1222]}