{"polygon": [[[46.462319, 30.7506126], [46.462328, 30.7504959], [46.4627613, 30.7505669], [46.4627153, 30.7511578], [46.4633799, 30.7512669], [46.463427, 30.7506622], [46.4640136, 30.7507584], [46.4640278, 30.7505758], [46.4633526, 30.7504651], [46.4633036, 30.7510946], [46.4628346, 30.7510177], [46.4628837, 30.7503874], [46.4622243, 30.7502793], [46.4621999, 30.7505931], [46.462319, 30.7506126]]], "df_ids": [1576]}