{"polygon": [[[46.4321649, 30.725905], [46.4323303, 30.7269256], [46.4324518, 30.7268842], [46.4324299, 30.7267489], [46.4325708, 30.7267009], [46.4326293, 30.7270616], [46.4328169, 30.7269976], [46.4326523, 30.7259813], [46.4324625, 30.726046], [46.4325391, 30.7265192], [46.4324217, 30.7265592], [46.4323078, 30.7258563], [46.4321649, 30.725905]]], "df_ids": [29494]}