{"polygon": [[[46.4647319, 30.7163949], [46.4647968, 30.7164895], [46.4650288, 30.7161538], [46.4649639, 30.7160593], [46.4647319, 30.7163949]]], "df_ids": [235728]}