{"polygon": [[[46.4639152, 30.71541], [46.4639966, 30.7153087], [46.4643127, 30.7149158], [46.4642691, 30.7148418], [46.4638716, 30.7153361], [46.4639152, 30.71541]]], "df_ids": [255130]}