{"polygon": [[[46.4428501, 30.743928], [46.4426387, 30.7440347], [46.4425923, 30.7438411], [46.4428037, 30.7437344], [46.4428501, 30.743928]]], "df_ids": [10043]}