{"polygon": [[[46.4691446, 30.7454047], [46.4690383, 30.7453911], [46.4690214, 30.7456188], [46.4691275, 30.7456346], [46.4691446, 30.7454047]]], "df_ids": [2908]}