{"polygon": [[[46.4667155, 30.7545205], [46.4668634, 30.7545527], [46.4668951, 30.7542455], [46.4667473, 30.7542133], [46.4667155, 30.7545205]]], "df_ids": [46181]}