{"polygon": [[[46.4476945, 30.7493769], [46.4479247, 30.7492461], [46.4479958, 30.7495096], [46.448055, 30.749476], [46.4480445, 30.7494368], [46.4480946, 30.7494083], [46.4480325, 30.7491782], [46.4479844, 30.7492055], [46.4479695, 30.7491504], [46.4479803, 30.7491443], [46.4479547, 30.7490496], [46.4479115, 30.7490741], [46.4478989, 30.7490274], [46.4479408, 30.7490036], [46.4478695, 30.7487391], [46.4477422, 30.7488115], [46.4478252, 30.7491189], [46.4476515, 30.7492176], [46.4476945, 30.7493769]]], "df_ids": [72525]}