{"polygon": [[[46.4334769, 30.704394], [46.4329218, 30.7056426], [46.4328218, 30.705545], [46.4333751, 30.704299], [46.4334769, 30.704394]]], "df_ids": [10363]}