{"polygon": [[[46.4670934, 30.7172355], [46.4675119, 30.7177983], [46.4673921, 30.7179604], [46.467288, 30.7178365], [46.466906, 30.7184673], [46.466681, 30.7181812], [46.46708, 30.7175213], [46.4670135, 30.7174355], [46.4670551, 30.7173583], [46.4670347, 30.7173324], [46.4670934, 30.7172355]]], "df_ids": [32266]}