{"polygon": [[[46.4535239, 30.7424631], [46.453398, 30.7425665], [46.4532328, 30.7421431], [46.4533587, 30.7420397], [46.4535239, 30.7424631]]], "df_ids": [14620]}