{"polygon": [[[46.4733923, 30.7594331], [46.4739327, 30.7595207], [46.4739494, 30.7592394], [46.4738952, 30.7592327], [46.4739191, 30.7588289], [46.4737328, 30.7588056], [46.4737084, 30.759217], [46.4734206, 30.759181], [46.4734031, 30.759253], [46.4733923, 30.7594331]]], "df_ids": [74930]}