{"polygon": [[[46.4615681, 30.7089318], [46.4610579, 30.7089393], [46.4610589, 30.7090857], [46.4609134, 30.7090878], [46.4609109, 30.7087258], [46.4615641, 30.7087138], [46.4615681, 30.7089318]]], "df_ids": [39220]}