{"polygon": [[[46.4386911, 30.7585407], [46.4386523, 30.7585045], [46.4386511, 30.7584797], [46.4386316, 30.758432], [46.4386261, 30.7583992], [46.4386279, 30.7583621], [46.4386401, 30.7583189], [46.4387132, 30.7582102], [46.4387059, 30.7581364], [46.4387193, 30.7580917], [46.4387485, 30.7580725], [46.4388143, 30.7580575], [46.4388433, 30.7580858], [46.438857, 30.7582125], [46.4388448, 30.7582479], [46.4388656, 30.7582744], [46.4388853, 30.7584464], [46.4388608, 30.7584952], [46.4386911, 30.7585407]]], "df_ids": [74809]}