{"polygon": [[[46.4637222, 30.7271718], [46.4633709, 30.7271442], [46.463372, 30.7270582], [46.4636104, 30.7270752], [46.4636511, 30.7269894], [46.4635587, 30.7268445], [46.4636215, 30.7267587], [46.463778, 30.7270176], [46.4637623, 30.7270479], [46.4637767, 30.7270814], [46.4637642, 30.7271263], [46.4637332, 30.727135], [46.4637222, 30.7271718]]], "df_ids": [9998]}