{"polygon": [[[46.4673502, 30.7198154], [46.4674548, 30.7196776], [46.467441, 30.7196555], [46.4674788, 30.7196057], [46.4675187, 30.7195531], [46.4675311, 30.7195728], [46.4676519, 30.7194135], [46.4675885, 30.719312], [46.4674637, 30.7194763], [46.4673438, 30.7192844], [46.4672792, 30.7193696], [46.4673997, 30.7195624], [46.4672859, 30.7197124], [46.4673502, 30.7198154]]], "df_ids": [50562]}