{"polygon": [[[46.4621841, 30.7447854], [46.4618058, 30.7446947], [46.4618262, 30.7445159], [46.4622044, 30.7446066], [46.4621841, 30.7447854]]], "df_ids": [28831]}