{"polygon": [[[46.4661858, 30.7529343], [46.4667197, 30.7526177], [46.4667437, 30.7521752], [46.4664241, 30.7518695], [46.4663354, 30.7520894], [46.4665516, 30.7523039], [46.4665442, 30.7524622], [46.466453, 30.7525168], [46.4661323, 30.7527089], [46.4661858, 30.7529343]]], "df_ids": [169510]}