{"polygon": [[[46.4625977, 30.7557613], [46.4627727, 30.7556706], [46.4627447, 30.755525], [46.4625679, 30.755612], [46.4625977, 30.7557613]]], "df_ids": [9384]}