{"polygon": [[[46.4764273, 30.7608777], [46.4763636, 30.7608616], [46.4763553, 30.7609306], [46.4762048, 30.7608924], [46.4762122, 30.7608309], [46.4760678, 30.7607943], [46.476062, 30.7608425], [46.4759091, 30.7608037], [46.4759151, 30.7607534], [46.4758389, 30.7607341], [46.4758654, 30.7605137], [46.476041, 30.7605582], [46.4760455, 30.7605213], [46.4761324, 30.7605434], [46.4761273, 30.7605858], [46.4763575, 30.7606441], [46.4763631, 30.7605973], [46.4764608, 30.7606221], [46.4764545, 30.7606746], [46.4764972, 30.7606854], [46.4764793, 30.7608342], [46.4764339, 30.7608227], [46.4764273, 30.7608777]]], "df_ids": [75646]}