{"polygon": [[[46.4644809, 30.7074434], [46.4642511, 30.7074013], [46.464267, 30.7072181], [46.4645378, 30.7072623], [46.4646402, 30.7072827], [46.4646184, 30.7075618], [46.4644729, 30.7075352], [46.4644809, 30.7074434]]], "df_ids": [176556]}