{"polygon": [[[46.4585442, 30.7504145], [46.4583927, 30.7503942], [46.4581305, 30.7505858], [46.4581468, 30.7506328], [46.4579813, 30.7507537], [46.4579599, 30.7506919], [46.4575055, 30.7510236], [46.4575246, 30.7510789], [46.4574093, 30.751163], [46.4573305, 30.7509352], [46.4578623, 30.7505477], [46.45788, 30.7505989], [46.4581279, 30.7504184], [46.4581129, 30.7503751], [46.458389, 30.7501743], [46.458558, 30.7501969], [46.4585442, 30.7504145]]], "df_ids": [15372]}