{"polygon": [[[46.4310417, 30.7631409], [46.4310318, 30.7631428], [46.4310221, 30.7631484], [46.4310138, 30.7631574], [46.4310062, 30.7631721], [46.431002, 30.7631896], [46.4310018, 30.763208], [46.4310055, 30.7632256], [46.4310128, 30.7632407], [46.4310229, 30.7632517], [46.4310361, 30.763258], [46.4310499, 30.7632575], [46.4311286, 30.7633513], [46.4313295, 30.7632468], [46.4312951, 30.7631116], [46.4314135, 30.7629114], [46.43141, 30.7628799], [46.4312658, 30.7627251], [46.4312188, 30.7628087], [46.4311775, 30.762761], [46.4311417, 30.762828], [46.4311859, 30.7628789], [46.4310417, 30.7631409]]], "df_ids": [74769]}