{"polygon": [[[46.4675419, 30.7133666], [46.4673072, 30.7133693], [46.4673412, 30.7132621], [46.4673536, 30.7132228], [46.4674044, 30.7132243], [46.4675884, 30.7132297], [46.4675419, 30.7133666]]], "df_ids": [89753]}