{"polygon": [[[46.4493543, 30.714083], [46.4495162, 30.7141003], [46.4495272, 30.7139205], [46.4494693, 30.7139194], [46.4494689, 30.713928], [46.4493627, 30.7139167], [46.4493564, 30.7140409], [46.4493543, 30.714083]]], "df_ids": [135646]}