{"polygon": [[[46.4581459, 30.7408841], [46.4581638, 30.7408452], [46.4581743, 30.740802], [46.4581751, 30.7407506], [46.4582072, 30.7407039], [46.4582386, 30.7407097], [46.4582571, 30.7406817], [46.4582595, 30.7406373], [46.4582877, 30.7406047], [46.4583617, 30.7405463], [46.4584646, 30.7405568], [46.4585279, 30.7406419], [46.4585554, 30.7406904], [46.458556, 30.7407366], [46.4585719, 30.7407689], [46.458599, 30.7407751], [46.4586238, 30.7408189], [46.4586714, 30.7408216], [46.4586714, 30.740887], [46.4586897, 30.7408879], [46.4586939, 30.7409649], [46.4586878, 30.7409851], [46.4586915, 30.7410038], [46.4587011, 30.7410136], [46.4587256, 30.7410217], [46.4587564, 30.7410095], [46.4587795, 30.7410085], [46.4587963, 30.740978], [46.458809, 30.7409373], [46.4588195, 30.7408997], [46.4588293, 30.7408652], [46.4588462, 30.7408517], [46.4588545, 30.7408276], [46.4588504, 30.740796], [46.458834, 30.7407702], [46.4588377, 30.7407501], [46.4588257, 30.7407152], [46.4588053, 30.7406898], [46.4587573, 30.7406549], [46.4587185, 30.740612], [46.4586945, 30.7405624], [46.4586806, 30.7404966], [46.4586544, 30.7404347], [46.4586621, 30.7404013], [46.4586573, 30.7403705], [46.458636, 30.7403539], [46.4586047, 30.7403586], [46.4585857, 30.7403852], [46.4585548, 30.7403889], [46.4585291, 30.7403959], [46.4585114, 30.7404134], [46.458414, 30.7403983], [46.4584036, 30.7403667], [46.458369, 30.7403527], [46.4583417, 30.7403317], [46.4583232, 30.7403014], [46.4582902, 30.7403049], [46.4582448, 30.7403656], [46.4581491, 30.7404858], [46.4581185, 30.7404917], [46.4580351, 30.7405998], [46.4580099, 30.7406553], [46.4580051, 30.7406901], [46.4580107, 30.7407427], [46.4580172, 30.7407964], [46.4580204, 30.7408718], [46.4580477, 30.7409094], [46.4580621, 30.7409216], [46.4580779, 30.7409226], [46.4580873, 30.740916], [46.4581059, 30.7409187], [46.4581236, 30.7409094], [46.4581459, 30.7408841]]], "df_ids": [74997]}