{"polygon": [[[46.461703, 30.7517326], [46.4615353, 30.7517091], [46.4614639, 30.7527843], [46.4616313, 30.7528113], [46.4616952, 30.7518495], [46.461703, 30.7517326]]], "df_ids": [34410]}