{"polygon": [[[46.4654211, 30.757918], [46.4653781, 30.7579115], [46.4649295, 30.7578432], [46.4649586, 30.7574398], [46.4651346, 30.7574666], [46.4651208, 30.7576585], [46.4652788, 30.7576825], [46.4652917, 30.7575044], [46.4654492, 30.7575283], [46.4654211, 30.757918]]], "df_ids": [74743]}