{"polygon": [[[46.4690189, 30.74452], [46.4685462, 30.744447], [46.4685152, 30.7448701], [46.4686603, 30.7448925], [46.4686739, 30.7447069], [46.4690833, 30.7447701], [46.4690729, 30.7449123], [46.4691672, 30.7449269], [46.4692129, 30.7443034], [46.4690368, 30.7442762], [46.4690189, 30.74452]]], "df_ids": [30786]}