{"polygon": [[[46.4607832, 30.7209448], [46.4607194, 30.7210253], [46.4605854, 30.7211959], [46.4606323, 30.7212718], [46.4608278, 30.7210169], [46.4607832, 30.7209448]]], "df_ids": [255143]}