{"polygon": [[[46.4620549, 30.7206502], [46.4620736, 30.7206255], [46.4622848, 30.7209631], [46.4621908, 30.7210871], [46.4619796, 30.7207495], [46.4620549, 30.7206502]]], "df_ids": [18896]}