{"polygon": [[[46.4606999, 30.7216702], [46.4610111, 30.7212622], [46.4610606, 30.7213419], [46.4611056, 30.7214142], [46.4611113, 30.7214067], [46.4611509, 30.7213548], [46.4610071, 30.7211161], [46.4609158, 30.7212352], [46.460689, 30.7215314], [46.4606596, 30.7215698], [46.4606474, 30.7215856], [46.4606999, 30.7216702]]], "df_ids": [26425]}