{"polygon": [[[46.4385748, 30.7152236], [46.4387277, 30.7148824], [46.4387688, 30.7149212], [46.4387971, 30.714858], [46.4389128, 30.7149671], [46.4387011, 30.7154398], [46.4385886, 30.7153337], [46.4386191, 30.7152654], [46.4385748, 30.7152236]]], "df_ids": [171881]}