{"polygon": [[[46.4374102, 30.7069906], [46.4376785, 30.7063758], [46.437576, 30.7062816], [46.4375014, 30.7064525], [46.4373572, 30.70632], [46.4376205, 30.7057166], [46.4374537, 30.7055632], [46.4370714, 30.7064391], [46.4372, 30.7065572], [46.4372496, 30.7064435], [46.437433, 30.7066121], [46.4373086, 30.7068972], [46.4374102, 30.7069906]]], "df_ids": [74113]}