{"polygon": [[[46.4675579, 30.721891], [46.4674663, 30.7220092], [46.4673221, 30.7217737], [46.4672853, 30.7218211], [46.4672104, 30.7216987], [46.4673389, 30.7215328], [46.4675579, 30.721891]]], "df_ids": [27236]}