{"polygon": [[[46.4652682, 30.7175889], [46.4651929, 30.7174639], [46.4653099, 30.7173169], [46.4653852, 30.7174433], [46.4652682, 30.7175889]]], "df_ids": [27246]}