{"polygon": [[[46.431631, 30.7104225], [46.4315279, 30.7103258], [46.4314771, 30.7104399], [46.4314336, 30.7105375], [46.4314218, 30.7105264], [46.4313774, 30.7106261], [46.4314926, 30.7107343], [46.431533, 30.7106438], [46.4315433, 30.7106535], [46.4316073, 30.7105098], [46.4315966, 30.7104997], [46.431631, 30.7104225]]], "df_ids": [74778]}