{"polygon": [[[46.4558148, 30.7385104], [46.4553923, 30.7384535], [46.4554028, 30.7382896], [46.4558253, 30.7383465], [46.4558148, 30.7385104]]], "df_ids": [39222]}