{"polygon": [[[46.4683658, 30.7264041], [46.4684127, 30.7264896], [46.4684691, 30.7265927], [46.4685015, 30.7266518], [46.4683449, 30.7268326], [46.4682736, 30.7267024], [46.4683697, 30.7265914], [46.4683053, 30.726474], [46.4683658, 30.7264041]]], "df_ids": [160961, 236107]}