{"polygon": [[[46.4637577, 30.7212602], [46.4636751, 30.7211315], [46.4637687, 30.7210049], [46.4638513, 30.7211336], [46.4637577, 30.7212602]]], "df_ids": [161021]}