{"polygon": [[[46.4516501, 30.7476286], [46.4514468, 30.7477842], [46.4512177, 30.7476983], [46.451028, 30.7472301], [46.4509134, 30.7473146], [46.451136, 30.747876], [46.4514826, 30.7479809], [46.4517146, 30.7478003], [46.4516501, 30.7476286]]], "df_ids": [171877]}