{"polygon": [[[46.4633467, 30.7133777], [46.4631118, 30.71338], [46.4631259, 30.7132419], [46.4631716, 30.7132432], [46.463288, 30.7132432], [46.4632898, 30.7132036], [46.4632491, 30.7132016], [46.4632787, 30.7127967], [46.4633245, 30.7128077], [46.4633755, 30.7128165], [46.4633732, 30.7128572], [46.4633548, 30.7131624], [46.4633523, 30.713206], [46.4633467, 30.7133777]]], "df_ids": [53198]}