{"polygon": [[[46.4617795, 30.7506955], [46.4617442, 30.7506898], [46.4616654, 30.750677], [46.4615607, 30.7506599], [46.4615509, 30.750803], [46.4615369, 30.7509934], [46.4614953, 30.7515104], [46.4617137, 30.7515459], [46.4617795, 30.7506955]]], "df_ids": [34403]}