{"polygon": [[[46.4257635, 30.7056563], [46.4252183, 30.7052247], [46.4252832, 30.705052], [46.4253956, 30.705141], [46.4254236, 30.7050668], [46.4254485, 30.7050865], [46.4254753, 30.7051077], [46.4254476, 30.7051814], [46.4256471, 30.7053393], [46.4256708, 30.7052764], [46.4256924, 30.7052935], [46.425715, 30.7053115], [46.4256916, 30.7053737], [46.4258289, 30.7054824], [46.4257635, 30.7056563]]], "df_ids": [51211]}