{"polygon": [[[46.4663205, 30.7548619], [46.466468, 30.7548894], [46.4664811, 30.7548918], [46.4664827, 30.7548728], [46.466498, 30.7547001], [46.4664834, 30.7546974], [46.4663374, 30.7546702], [46.4663205, 30.7548619]]], "df_ids": [97949]}