{"polygon": [[[46.4296826, 30.6985676], [46.4300666, 30.6989191], [46.4301229, 30.6987897], [46.4297389, 30.6984382], [46.4296826, 30.6985676]]], "df_ids": [151074]}