{"polygon": [[[46.464415, 30.7170546], [46.4644249, 30.7170705], [46.4644994, 30.7171899], [46.464587, 30.7170747], [46.4645119, 30.7169544], [46.4645025, 30.7169393], [46.464415, 30.7170546]]], "df_ids": [181664]}