{"polygon": [[[46.4610076, 30.7498509], [46.4610523, 30.7491277], [46.4612421, 30.7491524], [46.46123, 30.7493475], [46.4611771, 30.7493406], [46.4611528, 30.7497342], [46.461213, 30.7497421], [46.4612185, 30.749654], [46.4613018, 30.7496648], [46.4612881, 30.7498875], [46.4610076, 30.7498509]]], "df_ids": [14999]}