{"polygon": [[[46.4583297, 30.7193457], [46.4583836, 30.7192293], [46.4583629, 30.7192085], [46.4583029, 30.7191512], [46.4582505, 30.7192683], [46.4583297, 30.7193457]]], "df_ids": [4468]}