{"polygon": [[[46.4647781, 30.7034081], [46.4643377, 30.7033307], [46.4638711, 30.7032488], [46.4639772, 30.7019755], [46.4641232, 30.7020011], [46.4640339, 30.7030715], [46.4642768, 30.7031142], [46.4643664, 30.7020391], [46.4645013, 30.7020628], [46.46445, 30.702671], [46.4644294, 30.7029318], [46.4644105, 30.703152], [46.4645441, 30.7031751], [46.4646609, 30.7031965], [46.4646814, 30.7029596], [46.4647125, 30.7025813], [46.4647321, 30.7023513], [46.4645675, 30.7023217], [46.4645876, 30.7020906], [46.4648836, 30.7021426], [46.4647781, 30.7034081]]], "df_ids": [52281]}