{"polygon": [[[46.4719861, 30.7574601], [46.4718732, 30.7574145], [46.4718481, 30.7574041], [46.4718941, 30.7571659], [46.4719404, 30.7569264], [46.4720808, 30.7569836], [46.472008, 30.7573605], [46.4720567, 30.7573804], [46.4720616, 30.7573549], [46.472103, 30.7573718], [46.4720786, 30.7574979], [46.4719861, 30.7574601]]], "df_ids": [44767]}