{"polygon": [[[46.4298307, 30.7129994], [46.4299095, 30.7131148], [46.4299704, 30.7130273], [46.4300035, 30.7130758], [46.4299819, 30.7131067], [46.4300566, 30.7132161], [46.4301382, 30.7130988], [46.4301768, 30.7130356], [46.4301051, 30.7129317], [46.4300553, 30.713004], [46.4300186, 30.7129508], [46.430038, 30.7129226], [46.4299606, 30.7128107], [46.4299554, 30.7128201], [46.4298307, 30.7129994]]], "df_ids": [29066]}