{"polygon": [[[46.4712092, 30.7550688], [46.471123, 30.7550394], [46.4711432, 30.7549148], [46.4712255, 30.754943], [46.4712499, 30.7547923], [46.4711696, 30.7547649], [46.4711911, 30.7546322], [46.4712524, 30.7546532], [46.4712643, 30.7545796], [46.4713057, 30.7545938], [46.4714387, 30.7546392], [46.4713345, 30.7551998], [46.4711942, 30.7551615], [46.4712092, 30.7550688]]], "df_ids": [74820]}