{"polygon": [[[46.4693147, 30.7263305], [46.4695619, 30.7260398], [46.4694839, 30.7259001], [46.4692367, 30.7261908], [46.4692909, 30.726288], [46.4693147, 30.7263305]]], "df_ids": [80003]}