{"polygon": [[[46.463254, 30.7239652], [46.463457, 30.7236931], [46.4635779, 30.7238806], [46.4635787, 30.723921], [46.4634647, 30.724074], [46.4633915, 30.7241769], [46.4633451, 30.7241039], [46.4634201, 30.7240043], [46.4634789, 30.7239261], [46.4634316, 30.7238512], [46.4632958, 30.7240317], [46.463254, 30.7239652]]], "df_ids": [160930]}