{"polygon": [[[46.4429301, 30.7436762], [46.4430062, 30.7439862], [46.4432715, 30.7438491], [46.4431948, 30.7435367], [46.4433152, 30.7434673], [46.4432896, 30.7433773], [46.4428006, 30.7436375], [46.4428236, 30.7437313], [46.4429301, 30.7436762]]], "df_ids": [33645]}