{"polygon": [[[46.4452864, 30.7475253], [46.4453993, 30.7474579], [46.445425, 30.7475484], [46.4454085, 30.7475582], [46.4455622, 30.7481003], [46.4454256, 30.7481819], [46.4452605, 30.7475998], [46.4452864, 30.7475253]]], "df_ids": [169235]}