{"polygon": [[[46.4668064, 30.756837], [46.4666917, 30.756819], [46.4666906, 30.7568412], [46.4666898, 30.7568578], [46.4666599, 30.7568548], [46.4666446, 30.7570929], [46.4668038, 30.7571127], [46.4668087, 30.7570118], [46.4667751, 30.7570084], [46.4667731, 30.7570476], [46.4667644, 30.7570467], [46.4667682, 30.756969], [46.4667984, 30.7569721], [46.4668064, 30.756837]]], "df_ids": [1921]}