{"polygon": [[[46.4673857, 30.7476561], [46.466627, 30.7475506], [46.466576, 30.7476142], [46.4665651, 30.74778], [46.4673702, 30.747892], [46.4673857, 30.7476561]]], "df_ids": [8879]}