{"polygon": [[[46.4698429, 30.733459], [46.4697803, 30.7334487], [46.4695427, 30.73341], [46.4694336, 30.7333929], [46.4693458, 30.7346231], [46.4694291, 30.7346355], [46.4696721, 30.7346718], [46.4697512, 30.7346837], [46.4698429, 30.733459]]], "df_ids": [30793]}