{"polygon": [[[46.4468935, 30.7498527], [46.447638, 30.7494115], [46.4476962, 30.7496183], [46.4469517, 30.7500595], [46.4468935, 30.7498527]]], "df_ids": [74897]}