{"polygon": [[[46.4668303, 30.7565153], [46.4668001, 30.7565126], [46.4666979, 30.7564938], [46.4666827, 30.7564921], [46.4666603, 30.7567921], [46.4666587, 30.7568138], [46.4666917, 30.756819], [46.4668064, 30.756837], [46.4668083, 30.7568111], [46.4668303, 30.7565153]]], "df_ids": [97953]}