{"polygon": [[[46.4643115, 30.7562919], [46.4641778, 30.756272], [46.4641627, 30.7564851], [46.4642964, 30.7565051], [46.4643023, 30.7564222], [46.4643115, 30.7562919]]], "df_ids": [34118]}