{"polygon": [[[46.4630941, 30.723365], [46.4631787, 30.7232525], [46.4631142, 30.7231502], [46.4630296, 30.7232627], [46.463063, 30.7233157], [46.4630941, 30.723365]]], "df_ids": [192100]}