{"polygon": [[[46.4682348, 30.7455086], [46.4680498, 30.7455018], [46.4680481, 30.7456004], [46.4680973, 30.7456023], [46.4680937, 30.7458042], [46.4680419, 30.7458023], [46.4680402, 30.7459], [46.4682278, 30.7459068], [46.4682348, 30.7455086]]], "df_ids": [7854]}