{"polygon": [[[46.4638316, 30.7536113], [46.4636916, 30.7535934], [46.4636577, 30.7542208], [46.4637991, 30.7542369], [46.4638316, 30.7536113]]], "df_ids": [45446]}