{"polygon": [[[46.4509054, 30.7629158], [46.4509482, 30.7630027], [46.4510722, 30.7632542], [46.4510753, 30.763251], [46.4510901, 30.763281], [46.4511378, 30.7632314], [46.451123, 30.7632014], [46.4511394, 30.7631884], [46.4512154, 30.7631054], [46.4510782, 30.7628272], [46.4510707, 30.762812], [46.4510349, 30.7628492], [46.4510201, 30.7628192], [46.4509575, 30.7628842], [46.4509502, 30.7628692], [46.4509054, 30.7629158]]], "df_ids": [34159]}