{"polygon": [[[46.4296309, 30.7537645], [46.4298359, 30.7545241], [46.4297032, 30.7545994], [46.4294982, 30.7538399], [46.4296309, 30.7537645]]], "df_ids": [74954]}