{"polygon": [[[46.4559511, 30.7420458], [46.4558838, 30.742191], [46.4556362, 30.7419455], [46.455723, 30.7418139], [46.4559511, 30.7420458]]], "df_ids": [82868]}