{"polygon": [[[46.4615273, 30.7174493], [46.4614249, 30.7175798], [46.4613712, 30.717491], [46.461213, 30.7172255], [46.461317, 30.7171026], [46.4615273, 30.7174493]]], "df_ids": [531]}