{"polygon": [[[46.424246, 30.716334], [46.4246494, 30.716902], [46.4247353, 30.7167736], [46.4243319, 30.7162056], [46.424246, 30.716334]]], "df_ids": [27477]}