{"polygon": [[[46.4627785, 30.7196976], [46.4626297, 30.7194714], [46.4627269, 30.7193367], [46.4628755, 30.7195689], [46.4627785, 30.7196976]]], "df_ids": [161026]}