{"polygon": [[[46.4438093, 30.7585735], [46.4436194, 30.7585262], [46.4436065, 30.7586348], [46.4435511, 30.758621], [46.4435449, 30.7586734], [46.4433635, 30.7586282], [46.4433275, 30.7589317], [46.4435163, 30.7589788], [46.4435298, 30.7588641], [46.443581, 30.7588769], [46.4435905, 30.758797], [46.4437773, 30.7588436], [46.4438093, 30.7585735]]], "df_ids": [151452]}