{"polygon": [[[46.4513917, 30.7166561], [46.4514537, 30.7161817], [46.4514787, 30.7161874], [46.4515181, 30.7162008], [46.4516003, 30.716222], [46.4515781, 30.7163914], [46.4515618, 30.7163869], [46.451541, 30.7165456], [46.4515589, 30.7165505], [46.4515397, 30.7166969], [46.4513917, 30.7166561]]], "df_ids": [16172]}