{"polygon": [[[46.4624196, 30.7191517], [46.4626297, 30.7194714], [46.4627269, 30.7193367], [46.4625149, 30.7190204], [46.4624296, 30.7191373], [46.4624196, 30.7191517]]], "df_ids": [53628]}