{"polygon": [[[46.4731829, 30.7566617], [46.4733068, 30.7567803], [46.4733521, 30.7565724], [46.4733921, 30.7563886], [46.4732809, 30.7562864], [46.4732317, 30.7564714], [46.4732274, 30.7564913], [46.4732236, 30.756506], [46.4731829, 30.7566617]]], "df_ids": [29101]}