{"polygon": [[[46.4614842, 30.7213823], [46.4613843, 30.7215125], [46.4613291, 30.7214234], [46.461612, 30.7210546], [46.4616671, 30.7211438], [46.4616539, 30.721161], [46.4614842, 30.7213823]]], "df_ids": [243190]}