{"polygon": [[[46.4626866, 30.7271396], [46.4624075, 30.7273043], [46.4623504, 30.7270591], [46.4624538, 30.7267158], [46.4625684, 30.7267909], [46.4624723, 30.7270806], [46.4626497, 30.7269786], [46.4626866, 30.7271396]]], "df_ids": [10000]}