{"polygon": [[[46.467226, 30.7523916], [46.4670998, 30.7523899], [46.4671003, 30.7523173], [46.467074, 30.752317], [46.4670759, 30.7520388], [46.467101, 30.7520391], [46.4671015, 30.7519686], [46.4672314, 30.7519705], [46.4672309, 30.7520418], [46.4672552, 30.7520422], [46.4672533, 30.7523238], [46.4672265, 30.7523235], [46.467226, 30.7523916]]], "df_ids": [74837]}