{"polygon": [[[46.4630044, 30.7261042], [46.4628361, 30.7257969], [46.4627622, 30.7260597], [46.4626571, 30.7260077], [46.4627384, 30.7256805], [46.4628086, 30.7255785], [46.4631116, 30.7260023], [46.4630044, 30.7261042]]], "df_ids": [9999]}