{"polygon": [[[46.4621647, 30.7187797], [46.4618912, 30.7191467], [46.4619443, 30.7192301], [46.4619614, 30.719207], [46.4622045, 30.7188809], [46.4622178, 30.718863], [46.4621647, 30.7187797]]], "df_ids": [235905]}