{"polygon": [[[46.4744984, 30.7559034], [46.4743543, 30.7557057], [46.4742361, 30.7558873], [46.4743801, 30.7560851], [46.4744984, 30.7559034]]], "df_ids": [29238]}