{"polygon": [[[46.4462595, 30.7418819], [46.4466706, 30.7416623], [46.4466982, 30.7417708], [46.4470684, 30.741573], [46.4474572, 30.7413652], [46.4474289, 30.7412537], [46.4477621, 30.7410756], [46.4477795, 30.7411442], [46.447886, 30.7410873], [46.4478219, 30.7408349], [46.4473597, 30.7410819], [46.447389, 30.7411974], [46.4470251, 30.7413919], [46.446683, 30.7415746], [46.4466567, 30.7414709], [46.4462151, 30.7417068], [46.4462595, 30.7418819]]], "df_ids": [27028]}