{"polygon": [[[46.4666497, 30.7554865], [46.4665741, 30.7554708], [46.4665013, 30.7554499], [46.4664358, 30.7560109], [46.4665842, 30.7560475], [46.4666497, 30.7554865]]], "df_ids": [75058]}