{"polygon": [[[46.4674515, 30.7552158], [46.4673182, 30.7551937], [46.4672682, 30.7558289], [46.4674015, 30.7558511], [46.4674515, 30.7552158]]], "df_ids": [83654]}