{"polygon": [[[46.4685486, 30.7582142], [46.4685416, 30.7582198], [46.4685321, 30.7582227], [46.4685224, 30.7582212], [46.4685132, 30.7582148], [46.4685059, 30.7582044], [46.4685023, 30.7581951], [46.4685004, 30.7581848], [46.4685003, 30.7581742], [46.4685024, 30.758162], [46.4685067, 30.7581511], [46.4685118, 30.7581438], [46.4685178, 30.7581385], [46.468502, 30.7581092], [46.4685002, 30.7580736], [46.4685027, 30.7580289], [46.4685072, 30.7579862], [46.4685184, 30.7579557], [46.4685345, 30.7579369], [46.4685299, 30.7579284], [46.4685268, 30.7579185], [46.4685252, 30.7579036], [46.4685271, 30.7578887], [46.4685306, 30.7578787], [46.4685357, 30.7578701], [46.468542, 30.7578636], [46.4685508, 30.757859], [46.4685602, 30.7578583], [46.46857, 30.7578621], [46.4685784, 30.75787], [46.4685828, 30.7578772], [46.4686081, 30.7578623], [46.468635, 30.7578598], [46.4686693, 30.7578623], [46.4687043, 30.7578674], [46.4687327, 30.7578821], [46.4687529, 30.7579074], [46.468759, 30.7579027], [46.4687693, 30.7578991], [46.4687799, 30.7579002], [46.4687881, 30.7579047], [46.4687952, 30.7579119], [46.4688009, 30.7579215], [46.4688046, 30.7579324], [46.4688064, 30.7579443], [46.4688062, 30.7579564], [46.4688039, 30.7579684], [46.4687997, 30.7579792], [46.4687937, 30.7579881], [46.4687964, 30.7580105], [46.4687966, 30.7580381], [46.4687964, 30.7580635], [46.4687953, 30.7580879], [46.4687916, 30.7581157], [46.4687875, 30.7581408], [46.4687819, 30.7581697], [46.4687744, 30.7581903], [46.4687776, 30.7582021], [46.4687787, 30.758214], [46.4687779, 30.7582259], [46.4687738, 30.7582412], [46.4687666, 30.7582538], [46.4687567, 30.7582626], [46.4687454, 30.7582664], [46.4687361, 30.7582654], [46.4687272, 30.7582608], [46.4687201, 30.7582538], [46.4686973, 30.7582611], [46.4686644, 30.7582652], [46.4686287, 30.7582626], [46.4685965, 30.758257], [46.4685713, 30.7582403], [46.4685486, 30.7582142]]], "df_ids": [74920]}