{"polygon": [[[46.4310663, 30.7523978], [46.4311037, 30.7525418], [46.4315074, 30.7523212], [46.43147, 30.7521771], [46.4314079, 30.7522104], [46.4310663, 30.7523978]]], "df_ids": [151060]}