{"polygon": [[[46.431153, 30.7512094], [46.4314079, 30.7522104], [46.43147, 30.7521771], [46.4314936, 30.7521644], [46.4312386, 30.7511634], [46.431153, 30.7512094]]], "df_ids": [151061]}