{"polygon": [[[46.4830832, 30.74059], [46.4830987, 30.7403944], [46.4827969, 30.7403441], [46.4828145, 30.7400993], [46.4826608, 30.7400739], [46.4826283, 30.7404654], [46.4826449, 30.7405271], [46.4830832, 30.74059]]], "df_ids": [51]}