{"polygon": [[[46.4329422, 30.7609748], [46.4329736, 30.7610345], [46.4329917, 30.7611131], [46.4329901, 30.761196], [46.4329692, 30.7612731], [46.4329509, 30.7613031], [46.4329314, 30.7613352], [46.4328813, 30.7613749], [46.4328248, 30.7613874], [46.4327688, 30.7613712], [46.4327199, 30.7613283], [46.4326841, 30.7612637], [46.4326665, 30.7611931], [46.4326649, 30.7611181], [46.4326794, 30.761046], [46.4327086, 30.760984], [46.4327495, 30.7609381], [46.4327983, 30.760913], [46.43285, 30.7609109], [46.4328996, 30.7609323], [46.4329422, 30.7609748]]], "df_ids": [67045]}