{"polygon": [[[46.4904851, 30.7424713], [46.491267, 30.7410554], [46.4915279, 30.7413594], [46.490746, 30.7427752], [46.4904851, 30.7424713]]], "df_ids": [92720]}