{"polygon": [[[46.4829027, 30.7393165], [46.4829088, 30.7392318], [46.4830682, 30.739255], [46.4830795, 30.7390916], [46.4830066, 30.739081], [46.4830217, 30.738888], [46.4831955, 30.7389161], [46.4831805, 30.7391518], [46.4831681, 30.7393552], [46.4829027, 30.7393165]]], "df_ids": [51571]}