{"polygon": [[[46.4836146, 30.7382017], [46.483552, 30.7381925], [46.4835437, 30.7383242], [46.4835248, 30.7385732], [46.4838123, 30.7386129], [46.4838226, 30.7384197], [46.4837903, 30.7383768], [46.4836231, 30.7383513], [46.4836305, 30.738248], [46.4836146, 30.7382017]]], "df_ids": [35378]}