{"polygon": [[[46.4841502, 30.7337691], [46.4842961, 30.7337901], [46.4842457, 30.7345046], [46.4840054, 30.7344688], [46.4838148, 30.7344395], [46.4838558, 30.7338334], [46.4838595, 30.7337883], [46.4838729, 30.7335896], [46.4839454, 30.7335999], [46.4839047, 30.7342307], [46.4840156, 30.7342461], [46.4840686, 30.7342502], [46.4840552, 30.7342174], [46.4840534, 30.7341972], [46.4840612, 30.7341771], [46.4840691, 30.7341671], [46.4840811, 30.7341644], [46.4840904, 30.7341664], [46.4841005, 30.7341738], [46.4841157, 30.7342086], [46.4841502, 30.7337691]]], "df_ids": [3257]}