{"polygon": [[[46.5781757, 30.7936646], [46.5780382, 30.7942098], [46.5775066, 30.793926], [46.577548, 30.7937617], [46.577976, 30.7939903], [46.5780721, 30.7936093], [46.5781757, 30.7936646]]], "df_ids": [75412]}