{"polygon": [[[46.4838493, 30.7359108], [46.483858, 30.7357737], [46.4838445, 30.7357603], [46.4838329, 30.7357321], [46.4838279, 30.735712], [46.4838271, 30.7356824], [46.4838311, 30.735657], [46.4838412, 30.7356268], [46.483869, 30.7356009], [46.4838776, 30.7354643], [46.4838449, 30.7354777], [46.4838184, 30.7354945], [46.4837943, 30.7355184], [46.4837751, 30.7355461], [46.4837575, 30.7355835], [46.4837455, 30.7356245], [46.4837396, 30.7356758], [46.4837395, 30.7357175], [46.4837462, 30.7357617], [46.4837588, 30.7358032], [46.4837739, 30.735835], [46.4837978, 30.7358687], [46.4838224, 30.7358917], [46.4838493, 30.7359108]]], "df_ids": [27861]}