{"polygon": [[[46.4829088, 30.7392318], [46.4829027, 30.7393165], [46.4827188, 30.7392906], [46.4827348, 30.7390947], [46.4827521, 30.7388829], [46.4827908, 30.7388507], [46.4830217, 30.738888], [46.4830066, 30.739081], [46.4828589, 30.7390595], [46.4828553, 30.739112], [46.4828476, 30.7392229], [46.4829088, 30.7392318]]], "df_ids": [27913]}