{"polygon": [[[46.4825973, 30.7358672], [46.4825505, 30.735854], [46.4825051, 30.735826], [46.4824721, 30.7357936], [46.4824406, 30.7357485], [46.4824172, 30.7356996], [46.482397, 30.7356322], [46.482388, 30.7355681], [46.4823877, 30.7355038], [46.4823974, 30.7354329], [46.4824138, 30.7353761], [46.4824373, 30.7353241], [46.4824692, 30.7352767], [46.4825079, 30.7352385], [46.4825458, 30.7352149], [46.4825935, 30.7352001], [46.4826374, 30.7351996], [46.4826908, 30.7352064], [46.4830687, 30.7352543], [46.4831206, 30.7352697], [46.4831634, 30.7352973], [46.4831986, 30.7353332], [46.4832252, 30.7353721], [46.4832511, 30.735427], [46.4832691, 30.7354883], [46.4832776, 30.7355449], [46.4832787, 30.7356165], [46.4832703, 30.735682], [46.4832534, 30.7357432], [46.4832295, 30.7357966], [46.4831974, 30.7358444], [46.4831618, 30.7358803], [46.483122, 30.7359059], [46.4830771, 30.7359207], [46.4830286, 30.7359219], [46.4829488, 30.7359118], [46.4825973, 30.7358672]]], "df_ids": [5127]}