{"polygon": [[[46.4826608, 30.7400739], [46.4828145, 30.7400993], [46.4828198, 30.7400533], [46.4828521, 30.7396187], [46.4826984, 30.7395934], [46.482665, 30.7400198], [46.4826608, 30.7400739]]], "df_ids": [27910]}