{"polygon": [[[46.4876631, 30.6821326], [46.4876751, 30.6819623], [46.4879776, 30.6820076], [46.4880548, 30.6809193], [46.48817, 30.6809366], [46.4880808, 30.6821951], [46.4876631, 30.6821326]]], "df_ids": [89603]}