{"polygon": [[[46.4517196, 30.6839961], [46.4520195, 30.6833163], [46.4518416, 30.6831509], [46.4517697, 30.6831796], [46.4514997, 30.6837918], [46.4517196, 30.6839961]]], "df_ids": [169183]}