{"polygon": [[[46.4892758, 30.7420438], [46.4892901, 30.7420712], [46.4893805, 30.7419718], [46.489368, 30.7419479], [46.489592, 30.7417016], [46.4896866, 30.7418831], [46.4894596, 30.7421328], [46.489446, 30.7421068], [46.4893563, 30.7422055], [46.4893688, 30.7422295], [46.4892262, 30.7423863], [46.4892171, 30.7423688], [46.4891562, 30.7422521], [46.4892159, 30.7421864], [46.4891905, 30.7421375], [46.4892758, 30.7420438]]], "df_ids": [31937]}