{"polygon": [[[46.4872914, 30.7377428], [46.4873706, 30.7374983], [46.487279, 30.7374342], [46.4871166, 30.7379024], [46.4872532, 30.7379948], [46.4872834, 30.7379206], [46.4874359, 30.7380218], [46.4873992, 30.7382327], [46.4875003, 30.7383669], [46.4875637, 30.7381371], [46.4875947, 30.7381537], [46.4876241, 30.738064], [46.4876567, 30.7379646], [46.4876329, 30.7379484], [46.4876947, 30.7377795], [46.4877151, 30.7377944], [46.4877412, 30.7377221], [46.4877215, 30.7377065], [46.4877293, 30.7376831], [46.4877333, 30.7376439], [46.4877278, 30.737605], [46.4877163, 30.7375748], [46.4876981, 30.7375519], [46.487673, 30.7375361], [46.4876435, 30.7375337], [46.4876153, 30.7375473], [46.4875931, 30.7375747], [46.4875765, 30.7376132], [46.4874951, 30.7378496], [46.4874865, 30.7378747], [46.4872914, 30.7377428]]], "df_ids": [32728]}