{"polygon": [[[46.48571, 30.737447], [46.4860986, 30.7375024], [46.486085, 30.7377026], [46.4856965, 30.7376471], [46.48571, 30.737447]]], "df_ids": [126962]}