{"polygon": [[[46.4902696, 30.7380978], [46.4898826, 30.7380279], [46.489786, 30.7380105], [46.4897752, 30.7381372], [46.490218, 30.7382172], [46.4902587, 30.7382245], [46.4902658, 30.7381414], [46.4902696, 30.7380978]]], "df_ids": [5364]}