{"polygon": [[[46.577147, 30.8003373], [46.5771223, 30.8004096], [46.5766307, 30.8000533], [46.5766592, 30.7999688], [46.5765703, 30.7999044], [46.5764834, 30.8001567], [46.5771632, 30.8006495], [46.5772456, 30.8004087], [46.577147, 30.8003373]]], "df_ids": [90678]}