{"polygon": [[[46.4111104, 30.6994227], [46.4109883, 30.6994416], [46.41103, 30.7000064], [46.411152, 30.6999875], [46.4111104, 30.6994227]]], "df_ids": [29622]}