{"polygon": [[[46.4707541, 30.7179946], [46.470682, 30.7181078], [46.4703418, 30.717651], [46.4703053, 30.7177084], [46.4699551, 30.7172383], [46.4700281, 30.7171236], [46.4703763, 30.7175911], [46.4704163, 30.7175283], [46.4705501, 30.7177079], [46.470543, 30.717719], [46.4706184, 30.7178202], [46.4706316, 30.7177996], [46.4707268, 30.7179275], [46.4707163, 30.7179439], [46.4707541, 30.7179946]]], "df_ids": [63153]}