{"polygon": [[[46.4261728, 30.730503], [46.427481, 30.7319653], [46.4278397, 30.7312842], [46.427856, 30.7312568], [46.427813, 30.7312088], [46.4278292, 30.7311784], [46.4278452, 30.7311484], [46.4278171, 30.7311169], [46.4277947, 30.7310919], [46.427828, 30.7310294], [46.4273013, 30.7304399], [46.4269166, 30.7300092], [46.4266149, 30.7296716], [46.4261728, 30.730503]]], "df_ids": [33219]}