{"polygon": [[[46.431856, 30.7287491], [46.4318431, 30.7286464], [46.4321976, 30.7285527], [46.4322367, 30.728864], [46.4321452, 30.7288882], [46.4318844, 30.7289591], [46.431856, 30.7287491]]], "df_ids": [37822]}