{"polygon": [[[46.4876129, 30.7099484], [46.4876454, 30.7102104], [46.4878286, 30.7101625], [46.4877791, 30.7097632], [46.4875959, 30.7098111], [46.4876129, 30.7099484]]], "df_ids": [75786]}