{"polygon": [[[46.4873834, 30.7097507], [46.4874189, 30.7100054], [46.4876129, 30.7099484], [46.4875959, 30.7098111], [46.4875552, 30.709534], [46.4873611, 30.709591], [46.4873834, 30.7097507]]], "df_ids": [75763]}