{"polygon": [[[46.5738915, 30.7893707], [46.5738612, 30.7894919], [46.5737577, 30.7894372], [46.5737038, 30.7896527], [46.5736317, 30.7896146], [46.5736795, 30.7894234], [46.5736298, 30.7893972], [46.5736084, 30.7894829], [46.5734502, 30.7893993], [46.5734703, 30.789319], [46.5734335, 30.7892995], [46.5733853, 30.7894928], [46.5732945, 30.7894448], [46.5733482, 30.7892298], [46.5732386, 30.7891719], [46.5732776, 30.7890159], [46.5734316, 30.7890973], [46.5734658, 30.7889601], [46.5735568, 30.7890082], [46.5734989, 30.7892402], [46.5736525, 30.7893215], [46.5737064, 30.7891057], [46.5737711, 30.7891399], [46.5737342, 30.7892875], [46.5738915, 30.7893707]]], "df_ids": [64079]}