{"polygon": [[[46.5714134, 30.7876662], [46.5713703, 30.7878334], [46.571208, 30.7877448], [46.5711651, 30.7879111], [46.5713061, 30.787988], [46.571284, 30.788074], [46.5712651, 30.7880637], [46.5712247, 30.7882203], [46.5710895, 30.7881466], [46.5711178, 30.7880367], [46.571057, 30.7880035], [46.5710253, 30.7881265], [46.57089, 30.7880527], [46.5709327, 30.7878871], [46.5709064, 30.7878728], [46.570927, 30.787793], [46.5710799, 30.7878764], [46.5711268, 30.7876945], [46.5709373, 30.7875911], [46.5709799, 30.7874259], [46.5711033, 30.7874932], [46.5711149, 30.7874485], [46.5711841, 30.7874863], [46.5711605, 30.787578], [46.5712187, 30.7876097], [46.5712429, 30.7875159], [46.571314, 30.7875547], [46.571301, 30.7876049], [46.5714134, 30.7876662]]], "df_ids": [64130]}