{"polygon": [[[46.4871723, 30.709818], [46.4871299, 30.7095497], [46.4871026, 30.7093571], [46.4873137, 30.7092898], [46.4873611, 30.709591], [46.4873834, 30.7097507], [46.4871723, 30.709818]]], "df_ids": [75762]}