{"polygon": [[[46.4869374, 30.7096071], [46.4871299, 30.7095497], [46.4871026, 30.7093571], [46.4870737, 30.7091526], [46.4868813, 30.70921], [46.4869374, 30.7096071]]], "df_ids": [75761]}