{"polygon": [[[46.4115102, 30.7188656], [46.4115455, 30.7195059], [46.4114148, 30.719521], [46.4113796, 30.7188808], [46.4115102, 30.7188656]]], "df_ids": [41792]}