{"polygon": [[[46.4119078, 30.7196325], [46.411958, 30.7183892], [46.4120612, 30.718398], [46.4120136, 30.7195765], [46.412011, 30.7196413], [46.4119078, 30.7196325]]], "df_ids": [42229]}