{"polygon": [[[46.4126328, 30.719694], [46.412498, 30.7196839], [46.4125237, 30.718963], [46.4124441, 30.7189569], [46.412465, 30.7183797], [46.412601, 30.71839], [46.4125812, 30.7189348], [46.4126597, 30.7189407], [46.4126328, 30.719694]]], "df_ids": [42276]}