{"polygon": [[[46.4087198, 30.7192158], [46.4087404, 30.7193693], [46.408681, 30.719386], [46.4086835, 30.7194052], [46.4086526, 30.719414], [46.4086604, 30.7194715], [46.4086075, 30.7194864], [46.40861, 30.7195056], [46.4085748, 30.7195155], [46.4085722, 30.7194964], [46.4085325, 30.7195076], [46.40853, 30.7194883], [46.408455, 30.7195095], [46.4084576, 30.7195287], [46.4084179, 30.7195399], [46.4084248, 30.719591], [46.4083895, 30.719601], [46.408392, 30.7196201], [46.4083391, 30.7196351], [46.4083365, 30.7196159], [46.4083013, 30.7196259], [46.4082992, 30.7196106], [46.4082772, 30.7196168], [46.4082561, 30.7194595], [46.4083178, 30.7194421], [46.4083221, 30.719474], [46.4083574, 30.719464], [46.4083548, 30.7194448], [46.4083725, 30.7194398], [46.4083665, 30.7193951], [46.4083797, 30.7193913], [46.4083746, 30.7193529], [46.4084319, 30.7193368], [46.4084336, 30.7193496], [46.4085482, 30.7193173], [46.4085534, 30.7193557], [46.4085886, 30.7193457], [46.408586, 30.7193265], [46.4085993, 30.7193228], [46.4085924, 30.7192716], [46.4086057, 30.7192679], [46.4086005, 30.7192295], [46.4086578, 30.7192134], [46.4086604, 30.7192326], [46.4087198, 30.7192158]]], "df_ids": [151040]}