{"polygon": [[[46.4054887, 30.7121947], [46.4055046, 30.712303], [46.4055222, 30.7122975], [46.4055381, 30.7124059], [46.4055205, 30.7124113], [46.4055411, 30.7125514], [46.4056114, 30.7125297], [46.4056142, 30.7125489], [46.405711, 30.712519], [46.4056961, 30.7124171], [46.4056653, 30.7124266], [46.4056485, 30.7123119], [46.4056792, 30.7123024], [46.4056587, 30.7121622], [46.4055884, 30.7121839], [46.4055856, 30.7121648], [46.4054887, 30.7121947]]], "df_ids": [74875]}