{"polygon": [[[46.4054256, 30.7116729], [46.4053657, 30.7112647], [46.4054404, 30.7112416], [46.4054662, 30.7111671], [46.4056769, 30.7111021], [46.4057427, 30.711175], [46.405796, 30.7111586], [46.4058072, 30.7112351], [46.4059037, 30.7112053], [46.405929, 30.7113778], [46.4055597, 30.7114917], [46.4055223, 30.7115498], [46.4055354, 30.711639], [46.4054256, 30.7116729]]], "df_ids": [29629]}