{"polygon": [[[46.4058734, 30.7115581], [46.4057987, 30.7115811], [46.4058025, 30.7116066], [46.4057278, 30.7116297], [46.405724, 30.7116041], [46.4056274, 30.711634], [46.4056424, 30.7117359], [46.4056292, 30.7117399], [46.4056498, 30.7118804], [46.40572, 30.7118587], [46.4057135, 30.7118141], [46.4057926, 30.7117897], [46.4057991, 30.7118343], [46.4058958, 30.7118045], [46.4058809, 30.7117026], [46.405894, 30.7116985], [46.4058734, 30.7115581]]], "df_ids": [74877]}