{"polygon": [[[46.4063175, 30.7115378], [46.4062428, 30.7115608], [46.4062466, 30.7115863], [46.4061719, 30.7116094], [46.4061681, 30.7115839], [46.4060715, 30.7116137], [46.4060865, 30.7117156], [46.4060733, 30.7117197], [46.4060938, 30.7118601], [46.4061641, 30.7118384], [46.4061576, 30.7117938], [46.4062366, 30.7117694], [46.4062432, 30.711814], [46.4063399, 30.7117842], [46.4063249, 30.7116823], [46.4063381, 30.7116782], [46.4063175, 30.7115378]]], "df_ids": [74876]}