{"polygon": [[[46.5907792, 30.7888491], [46.590758, 30.7888281], [46.5905095, 30.7885821], [46.5902124, 30.7892177], [46.5904822, 30.7894847], [46.5907792, 30.7888491]]], "df_ids": [58342]}