{"polygon": [[[46.5761869, 30.8025211], [46.5761047, 30.8027643], [46.5760325, 30.8027127], [46.5759818, 30.8028628], [46.5758662, 30.8027801], [46.5759446, 30.802548], [46.5760113, 30.8025957], [46.5760658, 30.8024345], [46.5761869, 30.8025211]]], "df_ids": [38836]}