{"polygon": [[[46.5851558, 30.7815239], [46.585324, 30.7817351], [46.5852849, 30.7818009], [46.5855302, 30.7821088], [46.585464, 30.7822204], [46.5852188, 30.7819125], [46.5852528, 30.7818552], [46.5850846, 30.7816439], [46.5851558, 30.7815239]]], "df_ids": [75424]}