{"polygon": [[[46.5758609, 30.802783], [46.5757869, 30.8030023], [46.5757188, 30.8029537], [46.5756632, 30.8031185], [46.5755495, 30.8030373], [46.5756302, 30.8027981], [46.5756959, 30.802845], [46.5757448, 30.8027001], [46.5758609, 30.802783]]], "df_ids": [38837]}