{"polygon": [[[46.5904383, 30.7886165], [46.5903557, 30.7887541], [46.5901911, 30.7885449], [46.5899981, 30.7888662], [46.5899051, 30.7887479], [46.5899597, 30.7886571], [46.5899363, 30.7886274], [46.5899117, 30.7886683], [46.5898684, 30.7886132], [46.5898565, 30.7886331], [46.5898066, 30.7885697], [46.5898265, 30.7885367], [46.5897741, 30.7884701], [46.5898495, 30.7883446], [46.5898971, 30.7884051], [46.5899115, 30.7883811], [46.5899605, 30.7884434], [46.5899527, 30.7884564], [46.5900255, 30.7885489], [46.5902168, 30.7882304], [46.5903071, 30.7883452], [46.590251, 30.7884385], [46.5902809, 30.7884766], [46.5903086, 30.7884305], [46.5903494, 30.7884824], [46.5903573, 30.7884691], [46.5904049, 30.7885296], [46.5903898, 30.7885548], [46.5904383, 30.7886165]]], "df_ids": [58231]}