{"polygon": [[[46.5883474, 30.7895371], [46.5892549, 30.7906911], [46.5891876, 30.7908031], [46.5882802, 30.7896491], [46.5883474, 30.7895371]]], "df_ids": [127948]}