{"polygon": [[[46.5890589, 30.7893734], [46.5889896, 30.7894914], [46.5894459, 30.790059], [46.5895152, 30.789941], [46.5890589, 30.7893734]]], "df_ids": [127947]}