{"polygon": [[[46.5862869, 30.7857995], [46.5858543, 30.7852557], [46.5858376, 30.7852839], [46.5857959, 30.7852315], [46.5858346, 30.7851663], [46.58573, 30.7850348], [46.5856446, 30.7851787], [46.5857859, 30.7853563], [46.5857652, 30.785391], [46.5862029, 30.7859411], [46.5862869, 30.7857995]]], "df_ids": [90729]}