{"polygon": [[[46.5848489, 30.7808365], [46.5847784, 30.7809546], [46.5849306, 30.7811469], [46.5848965, 30.7812041], [46.5851281, 30.7814966], [46.5851951, 30.7813843], [46.5849632, 30.7810914], [46.5850008, 30.7810284], [46.5848489, 30.7808365]]], "df_ids": [51200]}