{"polygon": [[[46.4724999, 30.6985929], [46.472595, 30.6984704], [46.4725543, 30.6984038], [46.4726196, 30.6983197], [46.4726603, 30.6983863], [46.472682, 30.6983583], [46.4727276, 30.6984329], [46.4726811, 30.6984927], [46.4729056, 30.6988601], [46.4729504, 30.6988024], [46.4729913, 30.6988693], [46.4729744, 30.6988911], [46.4730241, 30.6989726], [46.4729551, 30.6990615], [46.4729053, 30.69898], [46.4728158, 30.6990953], [46.4726944, 30.6988966], [46.4727112, 30.698875], [46.4726402, 30.6987588], [46.4726184, 30.6987869], [46.4724999, 30.6985929]]], "df_ids": [74731]}