{"polygon": [[[46.5888296, 30.788293], [46.5883033, 30.7891539], [46.5883903, 30.7892666], [46.5889167, 30.7884057], [46.5888296, 30.788293]]], "df_ids": [52118]}