{"polygon": [[[46.5906974, 30.7849209], [46.5914051, 30.78576], [46.5913464, 30.7858648], [46.5906387, 30.7850258], [46.5906974, 30.7849209]]], "df_ids": [90757]}