{"polygon": [[[46.584408, 30.7809819], [46.5847718, 30.7801292], [46.5848074, 30.7801614], [46.5851732, 30.7793041], [46.5852501, 30.7793736], [46.5848857, 30.7802277], [46.5848494, 30.7801948], [46.5844842, 30.7810507], [46.584408, 30.7809819]]], "df_ids": [90719]}