{"polygon": [[[46.4509768, 30.6702235], [46.4505747, 30.6704385], [46.4508396, 30.6714839], [46.4510751, 30.671356], [46.451084, 30.6713897], [46.4512423, 30.6713045], [46.4511632, 30.6709884], [46.4510614, 30.67104], [46.4510451, 30.6709726], [46.4511249, 30.670928], [46.4511263, 30.6708507], [46.4511161, 30.6707704], [46.4510894, 30.670705], [46.4510567, 30.6706506], [46.4509727, 30.6706912], [46.450929, 30.6705267], [46.4510423, 30.6704613], [46.4509768, 30.6702235]]], "df_ids": [30697]}