{"polygon": [[[46.4489135, 30.660368], [46.4489106, 30.6607194], [46.4488963, 30.6624314], [46.4485196, 30.6624248], [46.4485206, 30.6622978], [46.4483149, 30.6622942], [46.448314, 30.6623938], [46.4480158, 30.6623885], [46.4480328, 30.6603524], [46.4489135, 30.660368]]], "df_ids": [30699]}