{"polygon": [[[46.4953198, 30.7204172], [46.4953833, 30.7203464], [46.4954397, 30.720453], [46.4953761, 30.7205238], [46.4953198, 30.7204172]]], "df_ids": [30868]}