{"polygon": [[[46.5818386, 30.787182], [46.5820257, 30.787423], [46.5820504, 30.7874549], [46.5819583, 30.7876063], [46.5819221, 30.7875597], [46.5818772, 30.7875018], [46.5817984, 30.7874003], [46.5817465, 30.7873334], [46.5818386, 30.787182]]], "df_ids": [169554]}