{"polygon": [[[46.4854307, 30.7062258], [46.4853574, 30.7064168], [46.4855358, 30.7065613], [46.485483, 30.7066989], [46.4853049, 30.7065548], [46.4852278, 30.7067557], [46.4851444, 30.7066881], [46.4852473, 30.7064199], [46.4853476, 30.7061586], [46.4854307, 30.7062258]]], "df_ids": [50563]}