{"polygon": [[[46.4930398, 30.7217138], [46.4931688, 30.7215515], [46.4932222, 30.7216411], [46.493165, 30.7217131], [46.4930932, 30.7218034], [46.4930398, 30.7217138]]], "df_ids": [161528]}