{"polygon": [[[46.495966, 30.7207425], [46.4957252, 30.7210117], [46.4956582, 30.7208853], [46.495835, 30.7206877], [46.49571, 30.7204519], [46.4957741, 30.7203802], [46.495966, 30.7207425]]], "df_ids": [173201]}