{"polygon": [[[46.4956396, 30.7203796], [46.4955123, 30.720405], [46.4955053, 30.72033], [46.495498, 30.7202524], [46.4956253, 30.7202271], [46.4956396, 30.7203796]]], "df_ids": [30815]}