{"polygon": [[[46.4786173, 30.7416568], [46.478631, 30.7414749], [46.4786481, 30.7411945], [46.4786353, 30.7411928], [46.4785725, 30.7411843], [46.4785241, 30.7411778], [46.4785165, 30.741297], [46.4784947, 30.7416404], [46.4786173, 30.7416568]]], "df_ids": [102500]}