{"polygon": [[[46.4787692, 30.7408308], [46.4786595, 30.7408161], [46.4786523, 30.7409292], [46.4786712, 30.7409317], [46.4786678, 30.7409867], [46.4786497, 30.7409842], [46.4786459, 30.7410433], [46.4786448, 30.7410431], [46.4786353, 30.7411928], [46.4786481, 30.7411945], [46.4786942, 30.741199], [46.4787001, 30.7411038], [46.4787016, 30.7410821], [46.4787528, 30.7410889], [46.4787692, 30.7408308]]], "df_ids": [134053]}