{"polygon": [[[46.4789164, 30.741872], [46.478939, 30.7415694], [46.47904, 30.7415856], [46.4790374, 30.7416198], [46.4790515, 30.7416221], [46.4790405, 30.7417672], [46.4790263, 30.7417649], [46.4790169, 30.7418882], [46.4789164, 30.741872]]], "df_ids": [28377]}