{"polygon": [[[46.4818179, 30.7355828], [46.481568, 30.7355446], [46.4815829, 30.7353406], [46.4815978, 30.7351364], [46.4818396, 30.7351736], [46.4818665, 30.7351807], [46.4818894, 30.7351944], [46.4819099, 30.7352098], [46.4819308, 30.7352331], [46.4819497, 30.7352647], [46.4819633, 30.7353], [46.4819725, 30.7353438], [46.4819748, 30.7353831], [46.4819722, 30.7354194], [46.4819636, 30.7354596], [46.4819487, 30.7354979], [46.4819281, 30.7355309], [46.4819098, 30.7355509], [46.4818854, 30.7355685], [46.4818638, 30.7355784], [46.4818418, 30.7355834], [46.4818179, 30.7355828]]], "df_ids": [27858]}