{"polygon": [[[46.4651933, 30.7548486], [46.4651861, 30.7549323], [46.4651679, 30.7551438], [46.4651616, 30.7552167], [46.4652728, 30.7552369], [46.4653045, 30.7548687], [46.4651933, 30.7548486]]], "df_ids": [138224]}