{"polygon": [[[46.4792598, 30.7406727], [46.4792554, 30.7407326], [46.4793807, 30.74075], [46.4793964, 30.7405106], [46.4793749, 30.7404604], [46.4789823, 30.7404076], [46.4789704, 30.7405784], [46.4792777, 30.7406158], [46.4792744, 30.7406744], [46.4792598, 30.7406727]]], "df_ids": [3510]}