{"polygon": [[[46.47886, 30.7044], [46.4795542, 30.7044399], [46.4795485, 30.7046516], [46.4788542, 30.7046117], [46.47886, 30.7044]]], "df_ids": [51223]}