{"polygon": [[[46.4611648, 30.7391136], [46.4612082, 30.7391204], [46.4611978, 30.7392609], [46.4612972, 30.7392764], [46.4613076, 30.7391359], [46.4613385, 30.7391407], [46.4613503, 30.7389811], [46.4611766, 30.738954], [46.4611648, 30.7391136]]], "df_ids": [49532]}