{"polygon": [[[46.5784646, 30.8057279], [46.5784092, 30.8058927], [46.578264, 30.8057911], [46.5782717, 30.8057677], [46.5782252, 30.8057352], [46.5782175, 30.8057586], [46.5782178, 30.8057331], [46.578175, 30.805732], [46.5781746, 30.8057575], [46.5780408, 30.8057539], [46.5780412, 30.8057306], [46.5779639, 30.805728], [46.5779635, 30.8057514], [46.5778289, 30.8057468], [46.5778292, 30.80573], [46.5777818, 30.8057284], [46.5777815, 30.8057453], [46.5775994, 30.8057392], [46.5776017, 30.8055561], [46.5776828, 30.8055585], [46.5776835, 30.8055096], [46.5777416, 30.8055113], [46.5777409, 30.8055601], [46.5778515, 30.8055633], [46.5778522, 30.8055158], [46.5779098, 30.8055174], [46.5779092, 30.805565], [46.578064, 30.8055695], [46.5780647, 30.8055221], [46.5781246, 30.8055238], [46.5781239, 30.8055712], [46.5782272, 30.8055742], [46.5782281, 30.8056009], [46.5782495, 30.8055996], [46.5782665, 30.8056142], [46.5782756, 30.805591], [46.5783477, 30.8056432], [46.5783593, 30.8056093], [46.578411, 30.8056468], [46.5783994, 30.8056806], [46.5784646, 30.8057279]]], "df_ids": [63930]}