{"polygon": [[[46.5761595, 30.8014764], [46.5760644, 30.8014062], [46.576261, 30.8008138], [46.5763573, 30.8008823], [46.5761595, 30.8014764]]], "df_ids": [90686]}