{"polygon": [[[46.5766095, 30.8009745], [46.5766618, 30.8008207], [46.577021, 30.8010792], [46.576934, 30.8013365], [46.5768389, 30.801268], [46.5768744, 30.8011652], [46.5766095, 30.8009745]]], "df_ids": [90681]}