{"polygon": [[[46.5785169, 30.8037811], [46.5784754, 30.8039047], [46.5784514, 30.8038876], [46.5784299, 30.8039517], [46.5783397, 30.8038876], [46.5783292, 30.8038801], [46.5783579, 30.8037946], [46.5782141, 30.8036924], [46.5782394, 30.8036172], [46.5782661, 30.8036361], [46.5782995, 30.8035364], [46.5783619, 30.8035807], [46.5783535, 30.8036056], [46.578412, 30.8036471], [46.5784042, 30.8036706], [46.5784539, 30.8037059], [46.5784456, 30.8037305], [46.5785169, 30.8037811]]], "df_ids": [63855]}