{"polygon": [[[46.4601268, 30.7352104], [46.4602528, 30.735219], [46.4602461, 30.7354259], [46.4601011, 30.735416], [46.4601052, 30.7352916], [46.4600271, 30.7352863], [46.4600298, 30.7352038], [46.4601268, 30.7352104]]], "df_ids": [52000]}