{"polygon": [[[46.576934, 30.8013365], [46.5767343, 30.8019235], [46.5766391, 30.801855], [46.5768389, 30.801268], [46.576934, 30.8013365]]], "df_ids": [90680]}