{"polygon": [[[46.4871726, 30.7042264], [46.4865904, 30.7036517], [46.4866726, 30.7034762], [46.4872548, 30.7040509], [46.4871919, 30.7041852], [46.4871726, 30.7042264]]], "df_ids": [74892]}