{"polygon": [[[46.4615988, 30.7388215], [46.4615679, 30.7393842], [46.461678, 30.7394005], [46.4617044, 30.7389218], [46.4617092, 30.7388343], [46.4616178, 30.7388237], [46.4615988, 30.7388215]]], "df_ids": [4970, 181117]}