{"polygon": [[[46.4610167, 30.7386205], [46.4610275, 30.7384719], [46.4609373, 30.7384581], [46.4609412, 30.7384036], [46.4608323, 30.7383869], [46.4608283, 30.7384413], [46.4607323, 30.7384266], [46.4607215, 30.7385752], [46.4608343, 30.7385925], [46.4608381, 30.7385401], [46.4609155, 30.738552], [46.4609117, 30.7386044], [46.4610167, 30.7386205]]], "df_ids": [45756]}