{"polygon": [[[46.4778507, 30.7044238], [46.4782989, 30.7044537], [46.4782916, 30.7046856], [46.4778434, 30.7046556], [46.4778507, 30.7044238]]], "df_ids": [51639]}