{"polygon": [[[46.5786792, 30.802384], [46.5784844, 30.8029442], [46.5782728, 30.8027955], [46.5782158, 30.8029597], [46.5781184, 30.8028906], [46.5781647, 30.8027609], [46.5775091, 30.8023089], [46.5774654, 30.802441], [46.5773598, 30.8023646], [46.577416, 30.8022036], [46.5771941, 30.8020386], [46.5773874, 30.8014848], [46.5775042, 30.8015679], [46.5773597, 30.8019946], [46.5778287, 30.8023277], [46.5779571, 30.8019491], [46.5780688, 30.8020303], [46.5779369, 30.8024193], [46.5784134, 30.8027409], [46.5785679, 30.8023052], [46.5786792, 30.802384]]], "df_ids": [75413]}