{"polygon": [[[46.5774791, 30.8060746], [46.5774215, 30.806246], [46.5761014, 30.8053068], [46.576159, 30.8051355], [46.5774791, 30.8060746]]], "df_ids": [15762]}