{"polygon": [[[46.4588739, 30.7430363], [46.4588183, 30.7430269], [46.4588165, 30.7430509], [46.458811, 30.7431088], [46.4587677, 30.7431014], [46.4587633, 30.743154], [46.4587238, 30.7431472], [46.4586713, 30.7437888], [46.4587098, 30.7437954], [46.4587038, 30.7438699], [46.4587469, 30.7438773], [46.4587417, 30.743941], [46.458737, 30.743999], [46.4587857, 30.7440074], [46.4587904, 30.7439501], [46.4587957, 30.7438851], [46.4588429, 30.7438932], [46.4588513, 30.7437895], [46.4588988, 30.7437977], [46.4589492, 30.7431828], [46.4589164, 30.7431771], [46.4589205, 30.743127], [46.4588673, 30.7431178], [46.4588739, 30.7430363]]], "df_ids": [90024]}