{"polygon": [[[46.5789432, 30.8043581], [46.5788873, 30.8045292], [46.5787447, 30.8044307], [46.5787519, 30.8044065], [46.5787103, 30.8043788], [46.5787031, 30.804403], [46.5785653, 30.8043097], [46.578576, 30.8042768], [46.5785332, 30.8042509], [46.5785748, 30.8041195], [46.5786461, 30.8041696], [46.5786532, 30.8041489], [46.5787067, 30.8041852], [46.5787008, 30.804206], [46.5788291, 30.8042941], [46.5788386, 30.8042626], [46.5788921, 30.8042976], [46.5788852, 30.8043183], [46.5789432, 30.8043581]]], "df_ids": [63900]}