{"polygon": [[[46.5767343, 30.8019235], [46.5766567, 30.8021542], [46.5764739, 30.8020245], [46.5765245, 30.801873], [46.5766117, 30.8019342], [46.5766391, 30.801855], [46.5767343, 30.8019235]]], "df_ids": [90682]}