{"polygon": [[[46.5761544, 30.8016114], [46.5761038, 30.8017629], [46.5759732, 30.8016674], [46.5760644, 30.8014062], [46.5761595, 30.8014764], [46.5761207, 30.8015876], [46.5761544, 30.8016114]]], "df_ids": [152481]}