{"polygon": [[[46.4609593, 30.7394202], [46.460972, 30.739248], [46.4611962, 30.739283], [46.4611978, 30.7392609], [46.4612972, 30.7392764], [46.4612828, 30.7394707], [46.4611073, 30.7394433], [46.4609593, 30.7394202]]], "df_ids": [45757]}