{"polygon": [[[46.488545, 30.702978], [46.4886388, 30.7028147], [46.4881254, 30.7021926], [46.4879362, 30.7022193], [46.487489, 30.7022824], [46.4875071, 30.7024986], [46.4876923, 30.7024673], [46.4878651, 30.7024442], [46.4879519, 30.7024314], [46.4880786, 30.7024128], [46.488545, 30.702978]]], "df_ids": [29600]}