{"polygon": [[[46.4522024, 30.7163937], [46.4520621, 30.7163844], [46.4519448, 30.7163832], [46.4519466, 30.7162255], [46.4519493, 30.7161708], [46.4520973, 30.7161749], [46.4522709, 30.7161842], [46.452345, 30.7161889], [46.4523478, 30.7160843], [46.4524413, 30.7160897], [46.45244, 30.7161362], [46.4524621, 30.7161403], [46.4524877, 30.7161564], [46.4525169, 30.716194], [46.4525348, 30.716243], [46.4525404, 30.7162982], [46.4525339, 30.716344], [46.4525165, 30.7163899], [46.4524886, 30.716426], [46.4524523, 30.7164468], [46.4524314, 30.7164501], [46.4524302, 30.7164951], [46.4523367, 30.7164897], [46.4523407, 30.7163957], [46.4522024, 30.7163937]]], "df_ids": [20]}