{"polygon": [[[46.5787521, 30.8056846], [46.5787767, 30.8057031], [46.5787451, 30.8057923], [46.5786904, 30.8057514], [46.5786851, 30.8057665], [46.5786315, 30.8057263], [46.5786206, 30.8057571], [46.578563, 30.8057139], [46.5785912, 30.8056344], [46.5785773, 30.805624], [46.5786022, 30.8055538], [46.5785666, 30.8055271], [46.5785951, 30.8054468], [46.578648, 30.8054865], [46.5786557, 30.8054647], [46.5787074, 30.8055034], [46.578729, 30.8054426], [46.5788149, 30.8055071], [46.5787521, 30.8056846]]], "df_ids": [63903]}