{"polygon": [[[46.4867624, 30.7025691], [46.4867563, 30.7024777], [46.4867809, 30.7024742], [46.4867762, 30.7024035], [46.4867736, 30.7023647], [46.4874878, 30.7022639], [46.487489, 30.7022824], [46.4875071, 30.7024986], [46.4875123, 30.7025707], [46.4875135, 30.7026483], [46.4869694, 30.7027251], [46.4869645, 30.7026519], [46.4867944, 30.7026759], [46.4867871, 30.7025656], [46.4867624, 30.7025691]]], "df_ids": [29595]}