{"polygon": [[[46.5765032, 30.8007137], [46.5764548, 30.8008586], [46.5763825, 30.8008074], [46.5763573, 30.8008823], [46.576261, 30.8008138], [46.5763344, 30.8005943], [46.5765032, 30.8007137]]], "df_ids": [90687]}