{"polygon": [[[46.440276, 30.6769576], [46.4402797, 30.6770146], [46.4402838, 30.6770917], [46.440282, 30.6771386], [46.440276, 30.6771849], [46.4402688, 30.6771883], [46.4402616, 30.6771943], [46.4402552, 30.6772033], [46.4402512, 30.6772151], [46.4402475, 30.6772315], [46.4402355, 30.6772915], [46.440218, 30.677366], [46.4403702, 30.6774224], [46.4404077, 30.6774364], [46.4404497, 30.6772634], [46.4405421, 30.6772405], [46.4405447, 30.6772673], [46.4405495, 30.6772901], [46.4405599, 30.6773177], [46.4405777, 30.6773371], [46.4405897, 30.6773438], [46.4406074, 30.6773435], [46.4406282, 30.6773377], [46.4406452, 30.6773194], [46.4406533, 30.6773033], [46.4406569, 30.6772899], [46.4406574, 30.6772754], [46.4406574, 30.6772587], [46.4408947, 30.677201], [46.4408462, 30.6767631], [46.4408027, 30.6763353], [46.4405504, 30.676403], [46.4405481, 30.6763628], [46.440545, 30.6763317], [46.440535, 30.6763095], [46.4405206, 30.6762911], [46.4405061, 30.6762766], [46.4404876, 30.676274], [46.4404744, 30.67628], [46.4404596, 30.6762884], [46.440446, 30.6763035], [46.4404354, 30.6763303], [46.4404331, 30.6763631], [46.4404338, 30.67639], [46.4403499, 30.6763997], [46.4402723, 30.6762495], [46.4402436, 30.676281], [46.4401313, 30.6763943], [46.4402016, 30.6765358], [46.4402191, 30.6765995], [46.4402321, 30.6766444], [46.4402427, 30.6767021], [46.4402533, 30.6767604], [46.4402607, 30.6768201], [46.440276, 30.6769576]]], "df_ids": [30698]}