{"polygon": [[[46.4880548, 30.7043377], [46.4873382, 30.7044055], [46.4873352, 30.704339], [46.4873285, 30.7041897], [46.4880452, 30.704122], [46.4880548, 30.7043377]]], "df_ids": [74894]}