{"polygon": [[[46.4601332, 30.733481], [46.4603199, 30.7334966], [46.4602683, 30.7348023], [46.4601433, 30.7347919], [46.4601503, 30.7346145], [46.4600159, 30.7346034], [46.4600129, 30.7346785], [46.4599378, 30.7346723], [46.4599479, 30.7344168], [46.4600958, 30.7344291], [46.4601013, 30.7342894], [46.4601332, 30.733481]]], "df_ids": [52008]}