{"polygon": [[[46.5784299, 30.8039517], [46.5783687, 30.804134], [46.5783911, 30.80415], [46.5783605, 30.8042412], [46.5783014, 30.8041991], [46.5782975, 30.8042105], [46.5782455, 30.8041735], [46.5782345, 30.8042061], [46.57818, 30.8041674], [46.5782058, 30.8040906], [46.5781915, 30.8040804], [46.5782162, 30.8040068], [46.5781779, 30.8039796], [46.5782048, 30.8038995], [46.5782572, 30.8039367], [46.5782646, 30.8039147], [46.5783179, 30.8039526], [46.5783397, 30.8038876], [46.5784299, 30.8039517]]], "df_ids": [63902]}