{"polygon": [[[46.4605338, 30.739139], [46.4605561, 30.7386888], [46.4604231, 30.7386749], [46.4604063, 30.7390131], [46.4603188, 30.739004], [46.4603133, 30.7391159], [46.4605338, 30.739139]]], "df_ids": [45758]}