{"polygon": [[[46.4875336, 30.7028927], [46.4875511, 30.7032497], [46.4869161, 30.7033154], [46.4868985, 30.7029584], [46.4870422, 30.7029435], [46.4870516, 30.7031344], [46.4871084, 30.7031286], [46.4871069, 30.703098], [46.4873469, 30.7030731], [46.4873485, 30.7031037], [46.4874079, 30.7030975], [46.4873985, 30.7029066], [46.4875336, 30.7028927]]], "df_ids": [30812]}