{"polygon": [[[46.5779437, 30.8063002], [46.5778497, 30.806237], [46.5778757, 30.8061508], [46.5777396, 30.8060542], [46.5777657, 30.8059796], [46.577785, 30.8059943], [46.5778203, 30.8058953], [46.5778791, 30.8059381], [46.5778724, 30.8059589], [46.5779354, 30.8060065], [46.577927, 30.8060298], [46.5779715, 30.8060628], [46.5779648, 30.8060836], [46.5780388, 30.8061349], [46.5780009, 30.8062523], [46.5779665, 30.806229], [46.5779437, 30.8063002]]], "df_ids": [63898]}