{"polygon": [[[46.484185, 30.7414369], [46.4844154, 30.7414659], [46.484429, 30.7412373], [46.4840545, 30.7411902], [46.4840243, 30.7416422], [46.4840058, 30.7419193], [46.4839987, 30.7420255], [46.4841488, 30.7420445], [46.4841712, 30.7416691], [46.484185, 30.7414369]]], "df_ids": [2890]}