{"polygon": [[[46.4822304, 30.742617], [46.4822599, 30.7422027], [46.482135, 30.7421839], [46.4820857, 30.7421731], [46.4820687, 30.742171], [46.4820427, 30.7425858], [46.4821337, 30.7426025], [46.4822304, 30.742617]]], "df_ids": [32312]}