{"polygon": [[[46.4761437, 30.7355127], [46.4760067, 30.7354924], [46.4759572, 30.7361645], [46.4762953, 30.7362114], [46.4763991, 30.7362292], [46.4764204, 30.7358971], [46.4764297, 30.7357647], [46.4763474, 30.7357524], [46.4763213, 30.7361156], [46.4761028, 30.7360826], [46.4761437, 30.7355127]]], "df_ids": [33424]}