{"polygon": [[[46.4732321, 30.7445914], [46.4736098, 30.7446551], [46.4735605, 30.7452715], [46.4734161, 30.7452471], [46.4734476, 30.7448525], [46.4734229, 30.7448484], [46.4734104, 30.7450048], [46.4733098, 30.7449878], [46.4733219, 30.744836], [46.4732719, 30.7448276], [46.4732481, 30.7451264], [46.4733009, 30.7451353], [46.4732925, 30.7452398], [46.4731522, 30.7452161], [46.4731634, 30.7450751], [46.4731852, 30.7448032], [46.4732024, 30.7445885], [46.4732321, 30.7445914]]], "df_ids": [707]}