{"polygon": [[[46.4757681, 30.7336133], [46.4756541, 30.7335979], [46.4756589, 30.733495], [46.475512, 30.7334749], [46.4755025, 30.7336317], [46.4756629, 30.7336533], [46.4757647, 30.7336671], [46.4757681, 30.7336133]]], "df_ids": [136418]}