{"polygon": [[[46.4857155, 30.7465374], [46.485927, 30.74631], [46.4860048, 30.7464626], [46.4857934, 30.7466901], [46.4857155, 30.7465374]]], "df_ids": [6767]}