{"polygon": [[[46.4765446, 30.737], [46.4765385, 30.7370937], [46.4766162, 30.7371045], [46.4766404, 30.7371078], [46.4767602, 30.7371244], [46.4767726, 30.7369368], [46.4767855, 30.7367412], [46.476564, 30.7367105], [46.4765573, 30.7368132], [46.47667, 30.7368288], [46.4766641, 30.7369186], [46.4766577, 30.7370157], [46.4765446, 30.737]]], "df_ids": [33264]}