{"polygon": [[[46.4457844, 30.6841272], [46.4458623, 30.6852145], [46.4459932, 30.6851947], [46.4459808, 30.6850219], [46.4461793, 30.6849919], [46.4462003, 30.6852848], [46.4463169, 30.6852672], [46.4462662, 30.6845589], [46.4461495, 30.6845765], [46.4461666, 30.6848164], [46.4459712, 30.6848459], [46.4459183, 30.684107], [46.4457844, 30.6841272]]], "df_ids": [74115]}