{"polygon": [[[46.4845572, 30.7427742], [46.4845115, 30.742764], [46.484323, 30.7427217], [46.4843077, 30.7429177], [46.4844985, 30.7429513], [46.4846834, 30.7429771], [46.4847004, 30.7429748], [46.4847111, 30.7429556], [46.4847157, 30.7429281], [46.4847462, 30.7425656], [46.4847793, 30.7421335], [46.4846092, 30.7421078], [46.4845761, 30.7425369], [46.4845572, 30.7427742]]], "df_ids": [32271]}