{"polygon": [[[46.4738919, 30.7385167], [46.4740461, 30.7385399], [46.4739948, 30.7392169], [46.4737762, 30.7391818], [46.473786, 30.7390032], [46.4738576, 30.7390111], [46.4738919, 30.7385167]]], "df_ids": [32713]}