{"polygon": [[[46.4764369, 30.7334149], [46.4764297, 30.733537], [46.4763985, 30.7335332], [46.4763789, 30.7335747], [46.4763667, 30.7337612], [46.4763419, 30.7337578], [46.4762737, 30.7337484], [46.4762665, 30.7337474], [46.4762792, 30.7335534], [46.4762424, 30.7335494], [46.4761312, 30.7335357], [46.4761151, 30.7337631], [46.4760995, 30.7339634], [46.4762529, 30.7339841], [46.476264, 30.7338111], [46.4763351, 30.7338214], [46.4763638, 30.7338255], [46.4763492, 30.734034], [46.4764776, 30.7340484], [46.4765198, 30.7334281], [46.4764369, 30.7334149]]], "df_ids": [162673, 173660, 173661]}