{"polygon": [[[46.476236, 30.7546284], [46.4761744, 30.7546214], [46.4761731, 30.7546445], [46.4761208, 30.7546386], [46.476122, 30.7546155], [46.4760642, 30.754609], [46.4760758, 30.7543931], [46.4761374, 30.7544001], [46.4761386, 30.754377], [46.4761933, 30.7543832], [46.476192, 30.7544062], [46.4762476, 30.7544125], [46.476236, 30.7546284]]], "df_ids": [75045]}