{"polygon": [[[46.4589479, 30.7484996], [46.4589373, 30.7486602], [46.4589771, 30.7486658], [46.4590398, 30.7487475], [46.4590721, 30.7488549], [46.4590643, 30.7489729], [46.459019, 30.7490613], [46.4589476, 30.7491099], [46.4589078, 30.7491043], [46.4588977, 30.7492569], [46.4585109, 30.7492032], [46.458486, 30.7492325], [46.458364, 30.7490124], [46.4582295, 30.7487697], [46.458248, 30.7485169], [46.4582802, 30.7485232], [46.4582939, 30.748326], [46.4584598, 30.7483585], [46.4584538, 30.7484293], [46.4585291, 30.74844], [46.4585304, 30.748421], [46.4585559, 30.7483999], [46.4585993, 30.7484061], [46.4586173, 30.7484334], [46.458616, 30.7484524], [46.4589479, 30.7484996]]], "df_ids": [34436]}