{"polygon": [[[46.4941946, 30.7255709], [46.4942128, 30.7256004], [46.4942963, 30.7254915], [46.4942812, 30.725467], [46.4941965, 30.7253299], [46.4941538, 30.7252607], [46.4940407, 30.7254081], [46.4940889, 30.7254861], [46.4939867, 30.7256192], [46.4937902, 30.7253012], [46.4936542, 30.7254784], [46.4938509, 30.7257968], [46.4937359, 30.7259466], [46.4936744, 30.7258471], [46.4935616, 30.7259941], [46.493711, 30.7262361], [46.4938173, 30.7260977], [46.4938045, 30.726077], [46.4939293, 30.7259145], [46.4939558, 30.7259575], [46.4940891, 30.7257839], [46.4940632, 30.7257421], [46.4941946, 30.7255709]]], "df_ids": [8846]}