{"polygon": [[[46.4833787, 30.7542731], [46.4834867, 30.7543507], [46.4833965, 30.7546154], [46.4832427, 30.7550667], [46.4831347, 30.7549891], [46.4833787, 30.7542731]]], "df_ids": [140159]}