{"polygon": [[[46.4751713, 30.7357309], [46.4750589, 30.7357149], [46.4750452, 30.7359189], [46.4751075, 30.7359278], [46.4750955, 30.7361058], [46.4750454, 30.7360987], [46.4750332, 30.736097], [46.475021, 30.7362777], [46.4750338, 30.7362796], [46.4751334, 30.7362937], [46.4751408, 30.7361832], [46.4751518, 30.7360199], [46.4751584, 30.7359223], [46.4751713, 30.7357309]]], "df_ids": [233547]}