{"polygon": [[[46.4759104, 30.7317874], [46.4759068, 30.7318386], [46.4758799, 30.7318346], [46.4758761, 30.7318893], [46.4760054, 30.7319084], [46.4760234, 30.7316516], [46.475811, 30.7316204], [46.4758005, 30.7317712], [46.4758615, 30.7317802], [46.4759104, 30.7317874]]], "df_ids": [33605]}