{"polygon": [[[46.4658636, 30.74261], [46.4659747, 30.7424937], [46.4661563, 30.7428596], [46.4660839, 30.7429354], [46.4661418, 30.7430521], [46.4659169, 30.7432875], [46.4659528, 30.74336], [46.4658804, 30.7434358], [46.4658098, 30.7435097], [46.4657733, 30.7434361], [46.465556, 30.7436636], [46.4654988, 30.7435484], [46.4654247, 30.7436261], [46.4652446, 30.7432635], [46.4653659, 30.7431366], [46.4655187, 30.7434444], [46.465725, 30.7432285], [46.4657121, 30.7432027], [46.4657891, 30.7431221], [46.4658024, 30.7431488], [46.4660122, 30.7429292], [46.4659101, 30.7427236], [46.4658965, 30.7427378], [46.4658527, 30.7426496], [46.4658729, 30.7426285], [46.4658636, 30.74261]]], "df_ids": [29100]}