{"polygon": [[[46.4833674, 30.731179], [46.4833299, 30.7311727], [46.4833114, 30.7311698], [46.4833232, 30.7310133], [46.483341, 30.7310161], [46.4833478, 30.7309277], [46.4833541, 30.730839], [46.4833368, 30.7308363], [46.4833553, 30.7306047], [46.4832664, 30.7305898], [46.4832817, 30.7303763], [46.4832077, 30.7303661], [46.4831353, 30.7303541], [46.48312, 30.7305661], [46.483038, 30.7305522], [46.4830192, 30.7307868], [46.4830039, 30.7307844], [46.4829971, 30.7308741], [46.4829907, 30.7309607], [46.4830055, 30.7309631], [46.4829936, 30.7311201], [46.4829745, 30.7311171], [46.4829375, 30.7311112], [46.4829218, 30.7313205], [46.4829589, 30.7313263], [46.482978, 30.7313293], [46.4829656, 30.7314948], [46.4830506, 30.7315082], [46.483047, 30.7315562], [46.4831173, 30.7315681], [46.4831934, 30.7315792], [46.483197, 30.7315312], [46.4832835, 30.7315448], [46.4832959, 30.7313792], [46.4833144, 30.7313821], [46.4833518, 30.7313882], [46.4833674, 30.731179]]], "df_ids": [42363]}