{"polygon": [[[46.4819432, 30.7416957], [46.4819147, 30.7421507], [46.4818187, 30.742138], [46.4818272, 30.7420035], [46.4818473, 30.741683], [46.4819432, 30.7416957]]], "df_ids": [3315]}