{"polygon": [[[46.4686286, 30.7504008], [46.4680619, 30.7503204], [46.4680298, 30.7507966], [46.4680772, 30.7508033], [46.4680296, 30.7515096], [46.4684638, 30.7515712], [46.4685113, 30.7508648], [46.4685965, 30.7508769], [46.4686286, 30.7504008]]], "df_ids": [30781]}