{"polygon": [[[46.482163, 30.7417234], [46.482286, 30.7417392], [46.4822722, 30.7419655], [46.4822599, 30.7422027], [46.482135, 30.7421839], [46.4821492, 30.7419498], [46.482163, 30.7417234]]], "df_ids": [74819]}