{"polygon": [[[46.4822073, 30.7411034], [46.482191, 30.7413216], [46.482182, 30.7414424], [46.4823124, 30.741463], [46.4823215, 30.7413415], [46.482342, 30.7410677], [46.4823541, 30.7409059], [46.4820474, 30.7408575], [46.4819147, 30.7408366], [46.481899, 30.7410462], [46.4819354, 30.741052], [46.4819096, 30.7413969], [46.48203, 30.7414159], [46.4820476, 30.7414187], [46.4820727, 30.7410822], [46.4822073, 30.7411034]]], "df_ids": [7064]}