{"polygon": [[[46.4835718, 30.7364662], [46.4834337, 30.7364462], [46.4834213, 30.7366282], [46.4835594, 30.7366482], [46.4835718, 30.7364662]]], "df_ids": [74868]}