{"polygon": [[[46.4717181, 30.7542174], [46.4717908, 30.7538198], [46.4721054, 30.7538918], [46.4720809, 30.7541176], [46.4719068, 30.7540777], [46.4718694, 30.7542781], [46.4717181, 30.7542174]]], "df_ids": [1175]}