{"polygon": [[[46.4777609, 30.732742], [46.4775724, 30.7327158], [46.4774845, 30.7327064], [46.4774711, 30.73292], [46.4775924, 30.7329361], [46.4775993, 30.7328294], [46.477753, 30.7328493], [46.4777609, 30.732742]]], "df_ids": [51578]}