{"polygon": [[[46.4784116, 30.7340554], [46.4783931, 30.7342683], [46.478374, 30.7344889], [46.4783406, 30.7345218], [46.4781855, 30.7345088], [46.4781972, 30.7343147], [46.4782517, 30.7343274], [46.4782694, 30.7340327], [46.4784116, 30.7340554]]], "df_ids": [28276]}