{"polygon": [[[46.4619014, 30.7484453], [46.4619702, 30.7484562], [46.461939, 30.7488682], [46.4618926, 30.7488608], [46.4618775, 30.7490609], [46.4620584, 30.7490897], [46.462117, 30.7483145], [46.46184, 30.7482704], [46.4618277, 30.7484335], [46.4618252, 30.7484663], [46.461899, 30.748478], [46.4619014, 30.7484453]]], "df_ids": [14998]}