{"polygon": [[[46.4854368, 30.7440374], [46.4854324, 30.7440438], [46.4854212, 30.7440645], [46.4854143, 30.7440844], [46.48541, 30.7441067], [46.4854087, 30.7441268], [46.4854099, 30.744148], [46.4854131, 30.7441665], [46.4854169, 30.7441802], [46.485421, 30.744191], [46.485428, 30.7442052], [46.4854375, 30.7442192], [46.4854484, 30.7442307], [46.4854622, 30.7442405], [46.4854772, 30.7442465], [46.4854876, 30.7442482], [46.4854949, 30.7442482], [46.4855081, 30.7442459], [46.4855174, 30.7442423], [46.4855321, 30.7442329], [46.4855379, 30.7442279], [46.4855494, 30.7442585], [46.4852881, 30.744547], [46.4853284, 30.7446439], [46.4859023, 30.7440179], [46.4858564, 30.743921], [46.4858094, 30.7439715], [46.4857502, 30.7438411], [46.4856648, 30.7436752], [46.48571, 30.7436246], [46.4856625, 30.743535], [46.4853536, 30.7438805], [46.4854368, 30.7440374]]], "df_ids": [5406]}