{"polygon": [[[46.4741183, 30.7375696], [46.4738623, 30.7375291], [46.4738471, 30.7377318], [46.4739761, 30.7377523], [46.473973, 30.7377932], [46.4741, 30.7378134], [46.4741183, 30.7375696]]], "df_ids": [28314]}