{"polygon": [[[46.4676153, 30.7280573], [46.4676163, 30.7280751], [46.4676209, 30.7280912], [46.4676286, 30.7281048], [46.46764, 30.7281152], [46.4676524, 30.7281194], [46.4676654, 30.7281177], [46.4676777, 30.7281096], [46.4676877, 30.7280954], [46.4676936, 30.7280779], [46.467695, 30.7280611], [46.4677013, 30.7280614], [46.4677017, 30.7280436], [46.4678303, 30.7280498], [46.4678264, 30.7282236], [46.4678957, 30.7282281], [46.4679523, 30.7282296], [46.4679625, 30.7277842], [46.4678717, 30.7277798], [46.4678712, 30.7278028], [46.4676827, 30.7277938], [46.4676833, 30.7277708], [46.4676389, 30.7277686], [46.4676384, 30.7277917], [46.4674592, 30.7277831], [46.4674597, 30.72776], [46.4673632, 30.7277554], [46.4673533, 30.7281878], [46.4674813, 30.728194], [46.467485, 30.7280332], [46.4676094, 30.7280392], [46.467609, 30.728057], [46.4676153, 30.7280573]]], "df_ids": [5206]}