{"polygon": [[[46.47544, 30.7347557], [46.4754669, 30.7347226], [46.4755259, 30.7347261], [46.4755169, 30.7348567], [46.4755656, 30.7348638], [46.4755515, 30.7351656], [46.4755781, 30.7351747], [46.475573, 30.7352492], [46.4754178, 30.7352275], [46.47544, 30.7347557]]], "df_ids": [462]}