{"polygon": [[[46.4784295, 30.7323723], [46.4783809, 30.7323648], [46.4783755, 30.7324385], [46.478424, 30.732446], [46.4785408, 30.7324641], [46.4785555, 30.7322643], [46.4785571, 30.7322431], [46.4784403, 30.7322249], [46.4784389, 30.7322444], [46.4784295, 30.7323723]]], "df_ids": [255223]}