{"polygon": [[[46.4757819, 30.754174], [46.4757979, 30.7539161], [46.4756151, 30.7538922], [46.4756057, 30.754043], [46.4755808, 30.7540512], [46.4755985, 30.7541747], [46.4756509, 30.7541569], [46.4757819, 30.754174]]], "df_ids": [75044]}