{"polygon": [[[46.4812752, 30.7287188], [46.4812474, 30.7287531], [46.4812527, 30.7287621], [46.4812706, 30.7287399], [46.4812954, 30.7287823], [46.4813126, 30.728761], [46.4813681, 30.728856], [46.4813467, 30.7288824], [46.4813729, 30.7289273], [46.4814052, 30.7288876], [46.4813859, 30.7288546], [46.4814066, 30.7288291], [46.4814251, 30.7288064], [46.481442, 30.7288353], [46.4814661, 30.7288056], [46.4814422, 30.7287646], [46.4814237, 30.7287874], [46.4813713, 30.7286976], [46.4813929, 30.7286709], [46.4813658, 30.7286244], [46.4813853, 30.7286003], [46.4813795, 30.7285903], [46.4813452, 30.7286326], [46.4812743, 30.7285112], [46.4813502, 30.7284178], [46.481388, 30.7284826], [46.4813942, 30.7284936], [46.4814189, 30.7285351], [46.4814728, 30.7286305], [46.481635, 30.7289027], [46.4815269, 30.7290339], [46.481427, 30.7291589], [46.4813447, 30.7290159], [46.4811435, 30.7286723], [46.4812043, 30.7285974], [46.4812752, 30.7287188]]], "df_ids": [30407]}