{"polygon": [[[46.4862807, 30.7454317], [46.4865648, 30.7451207], [46.4864934, 30.744983], [46.4862093, 30.745294], [46.4862807, 30.7454317]]], "df_ids": [53202]}