{"polygon": [[[46.4757023, 30.73956], [46.4757208, 30.7393003], [46.4758131, 30.7393142], [46.4758369, 30.7393178], [46.4759298, 30.7393318], [46.4759737, 30.7393382], [46.4759569, 30.7395983], [46.4758177, 30.7395774], [46.4757023, 30.73956]]], "df_ids": [2906]}