{"polygon": [[[46.4811775, 30.740768], [46.4811519, 30.7411326], [46.4811228, 30.7415456], [46.48112, 30.7415847], [46.4811378, 30.7415868], [46.4812643, 30.7416066], [46.4812852, 30.7416092], [46.4812903, 30.7415358], [46.4812666, 30.7415323], [46.4812929, 30.7411593], [46.4813056, 30.7409786], [46.4816832, 30.7410396], [46.4817081, 30.7410384], [46.4817079, 30.7410072], [46.4817273, 30.7408052], [46.4812159, 30.7407242], [46.4811775, 30.740768]]], "df_ids": [6024]}