{"polygon": [[[46.4782555, 30.733157], [46.4783701, 30.7331742], [46.4783755, 30.7331045], [46.4782607, 30.7330866], [46.4782555, 30.733157]]], "df_ids": [194015]}