{"polygon": [[[46.4674228, 30.7511619], [46.4674223, 30.7512101], [46.4674763, 30.7512113], [46.4674795, 30.7508974], [46.4674256, 30.7508963], [46.4674249, 30.7509599], [46.4673347, 30.750958], [46.4673373, 30.750707], [46.4674532, 30.7507094], [46.4674533, 30.7506964], [46.4675507, 30.7506985], [46.4675506, 30.7507116], [46.4676592, 30.750714], [46.4676574, 30.7508883], [46.4676482, 30.7508881], [46.4676455, 30.7511536], [46.4676769, 30.7511543], [46.4676745, 30.7513958], [46.4676431, 30.7513951], [46.4676403, 30.7516712], [46.4676495, 30.7516714], [46.4676479, 30.7518268], [46.4675393, 30.7518245], [46.4675392, 30.7518377], [46.4674417, 30.7518357], [46.4674419, 30.7518225], [46.4673259, 30.75182], [46.4673282, 30.7515936], [46.4674184, 30.7515956], [46.4674179, 30.7516473], [46.4674719, 30.7516484], [46.4674749, 30.751348], [46.4674208, 30.7513468], [46.4674204, 30.7513901], [46.4669941, 30.7513809], [46.4669967, 30.7511283], [46.4670607, 30.7511297], [46.4670605, 30.7511541], [46.4674228, 30.7511619]]], "df_ids": [6907]}