{"polygon": [[[46.4843585, 30.7422773], [46.484323, 30.7427217], [46.4843077, 30.7429177], [46.4841283, 30.7428882], [46.4841026, 30.742884], [46.483943, 30.7428578], [46.4839655, 30.7425255], [46.4839662, 30.7425108], [46.4840593, 30.7425236], [46.4840581, 30.7425401], [46.4840511, 30.7426361], [46.484117, 30.7426502], [46.4841252, 30.7426331], [46.4841371, 30.7426206], [46.48415, 30.7426148], [46.4841653, 30.7426156], [46.4841804, 30.742625], [46.484191, 30.7426399], [46.4841985, 30.7426639], [46.4842368, 30.7426698], [46.4842613, 30.7423322], [46.4842923, 30.7423342], [46.484296, 30.7422658], [46.4843585, 30.7422773]]], "df_ids": [32272]}