{"polygon": [[[46.4869632, 30.7444405], [46.4866393, 30.7447788], [46.4867078, 30.7449171], [46.4870317, 30.744579], [46.4869632, 30.7444405]]], "df_ids": [51888]}