{"polygon": [[[46.4762928, 30.7331462], [46.476289, 30.7332096], [46.4762798, 30.7333596], [46.4763178, 30.7333621], [46.4763153, 30.7334009], [46.476142, 30.7333776], [46.4761549, 30.7331901], [46.4761674, 30.7330096], [46.4762997, 30.7330255], [46.4762928, 30.7331462]]], "df_ids": [1913]}