{"polygon": [[[46.4755131, 30.7372377], [46.4754648, 30.7372309], [46.4753743, 30.7372181], [46.4753636, 30.737378], [46.4754556, 30.737391], [46.4756145, 30.7374134], [46.4756379, 30.737064], [46.4755258, 30.7370482], [46.4755131, 30.7372377]]], "df_ids": [28310]}