{"polygon": [[[46.4741177, 30.755021], [46.4738581, 30.7549856], [46.4738468, 30.7551597], [46.4742864, 30.7552196], [46.4743414, 30.7545413], [46.474326, 30.7545204], [46.4743454, 30.7544962], [46.4743222, 30.7544678], [46.4742997, 30.7544158], [46.4742817, 30.7544392], [46.4742643, 30.7543989], [46.4739871, 30.7543265], [46.4739601, 30.7545644], [46.4740539, 30.7545869], [46.4740588, 30.7545437], [46.4741242, 30.7545644], [46.4741109, 30.7546296], [46.474134, 30.7546872], [46.4741311, 30.7547678], [46.4741108, 30.7547658], [46.4741025, 30.7549126], [46.4741251, 30.7549126], [46.4741177, 30.755021]]], "df_ids": [6902]}