{"polygon": [[[46.4752484, 30.7315523], [46.4752468, 30.7315752], [46.475232, 30.731573], [46.4752141, 30.731836], [46.4751506, 30.7318268], [46.4751413, 30.7319632], [46.4751046, 30.731958], [46.475091, 30.7321586], [46.4751277, 30.7321639], [46.4751223, 30.7322431], [46.4751858, 30.7322522], [46.4751815, 30.7323153], [46.4753072, 30.7323333], [46.4753115, 30.7322702], [46.4753773, 30.7322796], [46.4753827, 30.7322004], [46.4754158, 30.7322052], [46.4754295, 30.7320045], [46.4753963, 30.7319998], [46.4754056, 30.7318634], [46.4753398, 30.731854], [46.4753576, 30.7315911], [46.4753437, 30.7315891], [46.4753453, 30.7315662], [46.4753314, 30.7315642], [46.4753322, 30.7315513], [46.475263, 30.7315414], [46.4752621, 30.7315543], [46.4752484, 30.7315523]]], "df_ids": [31628]}