{"polygon": [[[46.4845585, 30.746259], [46.484547, 30.7462656], [46.4841258, 30.7460143], [46.4841698, 30.7458587], [46.4841748, 30.7458411], [46.4844873, 30.7460275], [46.4844903, 30.7459609], [46.4843001, 30.7458475], [46.4843223, 30.7457691], [46.4845949, 30.7459318], [46.4845797, 30.7462101], [46.4845749, 30.746233], [46.4845676, 30.7462475], [46.4845585, 30.746259]]], "df_ids": [4566]}