{"polygon": [[[46.493495, 30.7266385], [46.4934763, 30.7266622], [46.4933569, 30.726814], [46.4931699, 30.7265035], [46.493308, 30.726328], [46.493495, 30.7266385]]], "df_ids": [5242]}