{"polygon": [[[46.4863014, 30.746172], [46.4862142, 30.746001], [46.4859691, 30.7462646], [46.4860563, 30.7464357], [46.4863014, 30.746172]]], "df_ids": [6768]}