{"polygon": [[[46.4475805, 30.7281245], [46.4475844, 30.7280809], [46.4475176, 30.7280684], [46.4473667, 30.7280402], [46.4473036, 30.7280284], [46.4472419, 30.7280168], [46.4470886, 30.7279882], [46.4470265, 30.7279766], [46.4470226, 30.7280202], [46.4469625, 30.728009], [46.4469449, 30.7282073], [46.4470671, 30.7282302], [46.447075, 30.7281409], [46.4472283, 30.7281696], [46.4472067, 30.7284133], [46.4473315, 30.7284367], [46.4473532, 30.7281929], [46.447504, 30.7282211], [46.4474961, 30.7283103], [46.4476195, 30.7283334], [46.4476371, 30.7281351], [46.4475805, 30.7281245]]], "df_ids": [43290]}