{"polygon": [[[46.4481501, 30.7286491], [46.4482851, 30.7286808], [46.4482627, 30.7288809], [46.4481278, 30.7288491], [46.4481056, 30.7290475], [46.4479743, 30.7290167], [46.4479964, 30.7288182], [46.4478536, 30.7287846], [46.4478759, 30.7285846], [46.4480188, 30.7286182], [46.448041, 30.7284192], [46.4481723, 30.72845], [46.4481501, 30.7286491]]], "df_ids": [45141]}