{"polygon": [[[46.4658612, 30.7127009], [46.4653718, 30.7126978], [46.4653724, 30.7125224], [46.4658617, 30.7125255], [46.4658612, 30.7127009]]], "df_ids": [373]}