{"polygon": [[[46.4775056, 30.7377167], [46.4775235, 30.7374829], [46.4778671, 30.7375382], [46.4778631, 30.7375903], [46.4780033, 30.7376127], [46.4780222, 30.7376157], [46.478117, 30.7363641], [46.4779399, 30.7363358], [46.4779209, 30.7365872], [46.4777964, 30.7365673], [46.4778045, 30.7364591], [46.4778242, 30.7361466], [46.478259, 30.7362043], [46.478256, 30.7362518], [46.478271, 30.7362538], [46.4782595, 30.7364296], [46.4782447, 30.7364275], [46.4782153, 30.7368648], [46.4782303, 30.736867], [46.4782095, 30.7371649], [46.4781945, 30.7371627], [46.4781627, 30.7376025], [46.4781776, 30.7376048], [46.4781677, 30.7377375], [46.4781527, 30.7377351], [46.4781463, 30.7378199], [46.4779898, 30.7377947], [46.4775056, 30.7377167]]], "df_ids": [28307]}