{"polygon": [[[46.4794629, 30.7338495], [46.479474, 30.7336932], [46.4795848, 30.7337095], [46.4797015, 30.7337267], [46.4796898, 30.7338824], [46.4795743, 30.7338656], [46.4794629, 30.7338495]]], "df_ids": [163922]}