{"polygon": [[[46.4592215, 30.7146443], [46.4591423, 30.7146439], [46.4590948, 30.7146437], [46.4590945, 30.7147948], [46.4590789, 30.7147948], [46.4590787, 30.7148405], [46.4590786, 30.714888], [46.4590958, 30.714888], [46.4590955, 30.715011], [46.4592209, 30.7150117], [46.4592215, 30.7146443]]], "df_ids": [7033]}