{"polygon": [[[46.4804793, 30.7388256], [46.4804399, 30.7388172], [46.4803923, 30.7388124], [46.480386, 30.7389005], [46.4803154, 30.7388899], [46.4802857, 30.7393047], [46.4802506, 30.7393408], [46.4802452, 30.7394156], [46.4802748, 30.7394563], [46.4802686, 30.7395426], [46.4803303, 30.7395519], [46.480333, 30.739578], [46.4803405, 30.7396007], [46.4803525, 30.7396187], [46.480369, 30.7396303], [46.4803879, 30.7396332], [46.4804042, 30.739628], [46.4804201, 30.7396133], [46.4804316, 30.7395912], [46.4804364, 30.7395679], [46.4804874, 30.7395757], [46.4804936, 30.7394894], [46.4805349, 30.7394594], [46.4805403, 30.7393846], [46.4805119, 30.7393388], [46.4805416, 30.738924], [46.480473, 30.7389137], [46.4804793, 30.7388256]]], "df_ids": [5967]}