{"polygon": [[[46.4871352, 30.7249694], [46.4868077, 30.7244305], [46.4870176, 30.7241614], [46.4873451, 30.7247003], [46.4871352, 30.7249694]]], "df_ids": [6513]}