{"polygon": [[[46.4779028, 30.7386771], [46.4779002, 30.7387247], [46.4778958, 30.7388009], [46.478084, 30.7388233], [46.4780883, 30.7387473], [46.4780968, 30.7385968], [46.4779087, 30.7385744], [46.4779028, 30.7386771]]], "df_ids": [126181]}