{"polygon": [[[46.4374835, 30.7305823], [46.4376199, 30.7306094], [46.4376354, 30.7304458], [46.4376151, 30.7304417], [46.4376298, 30.7302857], [46.4376493, 30.7302896], [46.4376634, 30.7301404], [46.4375278, 30.7301135], [46.4374835, 30.7305823]]], "df_ids": [51226]}