{"polygon": [[[46.4797268, 30.7333187], [46.4795966, 30.7332993], [46.4795877, 30.7334254], [46.4797179, 30.7334448], [46.4797268, 30.7333187]]], "df_ids": [84243]}