{"polygon": [[[46.4734401, 30.7350503], [46.4734485, 30.7349067], [46.4733123, 30.7348899], [46.4733084, 30.7349561], [46.4733039, 30.7350335], [46.4734401, 30.7350503]]], "df_ids": [87957]}