{"polygon": [[[46.4730098, 30.7370346], [46.4729783, 30.7369766], [46.4729985, 30.7367242], [46.4731348, 30.7367486], [46.473131, 30.7367934], [46.4730997, 30.7367877], [46.4730968, 30.7368609], [46.4731997, 30.736873], [46.4732964, 30.7368838], [46.4733383, 30.7368854], [46.473373, 30.7368896], [46.4733679, 30.7369657], [46.4733616, 30.7370776], [46.4731874, 30.7370563], [46.4730098, 30.7370346]]], "df_ids": [160580]}