{"polygon": [[[46.4777813, 30.7314409], [46.4778014, 30.7315237], [46.4779706, 30.7315478], [46.4781244, 30.7315697], [46.4781379, 30.7313395], [46.4780472, 30.7313293], [46.4780446, 30.7312881], [46.4780539, 30.7312165], [46.4780197, 30.73116], [46.4777813, 30.7314409]]], "df_ids": [1583]}