{"polygon": [[[46.4758409, 30.7295005], [46.4758296, 30.7296593], [46.4758219, 30.7297685], [46.4759005, 30.7297802], [46.475909, 30.7296615], [46.4760284, 30.7296793], [46.4760207, 30.7297884], [46.4760188, 30.7298146], [46.4761509, 30.7298344], [46.4761525, 30.7298118], [46.4761629, 30.7296658], [46.4761711, 30.72955], [46.4758409, 30.7295005]]], "df_ids": [126155]}