{"polygon": [[[46.4371032, 30.7289714], [46.437224, 30.7289956], [46.43729, 30.7283011], [46.4371692, 30.728277], [46.4371032, 30.7289714]]], "df_ids": [12251]}