{"polygon": [[[46.4412045, 30.7199181], [46.4411507, 30.7209499], [46.4410854, 30.7209427], [46.4410335, 30.720937], [46.4410873, 30.7199052], [46.4412045, 30.7199181]]], "df_ids": [16175]}