{"polygon": [[[46.4879408, 30.7329469], [46.4880476, 30.7327489], [46.4881877, 30.7327676], [46.4883974, 30.7327955], [46.4883869, 30.7330023], [46.488172, 30.7329756], [46.4879408, 30.7329469]]], "df_ids": [31005]}