{"polygon": [[[46.4761128, 30.7303702], [46.4760008, 30.7303534], [46.4757046, 30.7303366], [46.4755609, 30.7303151], [46.4755544, 30.7304293], [46.4759852, 30.7304806], [46.4759832, 30.7305148], [46.4759788, 30.7305923], [46.4759267, 30.7305861], [46.4759231, 30.7306544], [46.4760921, 30.7306718], [46.4761021, 30.7305266], [46.4761128, 30.7303702]]], "df_ids": [250887]}