{"polygon": [[[46.4152346, 30.7222291], [46.4151475, 30.7221374], [46.4150941, 30.7218598], [46.4151381, 30.7217165], [46.4151818, 30.7217662], [46.4152059, 30.7218316], [46.4152537, 30.7220801], [46.4152554, 30.7221544], [46.4152346, 30.7222291]]], "df_ids": [79532]}