{"polygon": [[[46.4881632, 30.7237792], [46.4884237, 30.7242362], [46.4885266, 30.7241124], [46.4882662, 30.7236554], [46.4881632, 30.7237792]]], "df_ids": [29039]}