{"polygon": [[[46.474743, 30.7359904], [46.4746867, 30.7359824], [46.4746707, 30.7362196], [46.4748378, 30.7362472], [46.4748484, 30.7360956], [46.474799, 30.7360886], [46.4747983, 30.7361], [46.4747363, 30.7360912], [46.474743, 30.7359904]]], "df_ids": [45391]}