{"polygon": [[[46.4883277, 30.7255895], [46.4878575, 30.7261774], [46.4872107, 30.7250859], [46.4874166, 30.7248284], [46.4879034, 30.7256499], [46.4881677, 30.7253195], [46.4883277, 30.7255895]]], "df_ids": [6512]}