{"polygon": [[[46.4777881, 30.7370001], [46.4776383, 30.7369777], [46.4776066, 30.7374239], [46.4776434, 30.7374294], [46.4776384, 30.7374999], [46.4777159, 30.7375115], [46.4777209, 30.737441], [46.4777564, 30.7374463], [46.4777881, 30.7370001]]], "df_ids": [165606]}