{"polygon": [[[46.4509892, 30.7253102], [46.4509472, 30.7253102], [46.4509467, 30.7253213], [46.4509413, 30.725343], [46.4509311, 30.7253607], [46.4509174, 30.7253723], [46.4509007, 30.7253764], [46.4508851, 30.7253719], [46.4508715, 30.72536], [46.4508615, 30.7253421], [46.4508564, 30.7253205], [46.4508567, 30.7253102], [46.4508091, 30.7253102], [46.4508091, 30.7249467], [46.4509892, 30.7249467], [46.4509892, 30.7253102]]], "df_ids": [29488]}