{"polygon": [[[46.4734401, 30.7350503], [46.4733039, 30.7350335], [46.4730946, 30.7350086], [46.4730852, 30.7351805], [46.4732283, 30.7352101], [46.4732337, 30.7351246], [46.4733422, 30.735139], [46.4733368, 30.7352245], [46.4734314, 30.735237], [46.4734401, 30.7350503]]], "df_ids": [165477]}