{"polygon": [[[46.45869, 30.7125634], [46.4586021, 30.7125673], [46.4585691, 30.7126008], [46.4585718, 30.7133168], [46.4586057, 30.7133603], [46.4587955, 30.7133636], [46.4588796, 30.7133652], [46.4588824, 30.7131668], [46.4588175, 30.7131663], [46.4587974, 30.7131655], [46.4586929, 30.7131681], [46.4586915, 30.7127436], [46.45869, 30.7125634]]], "df_ids": [179285]}