{"polygon": [[[46.4796292, 30.7324501], [46.4798237, 30.7324765], [46.4798198, 30.7325375], [46.4798521, 30.7325419], [46.4798486, 30.7325969], [46.4798124, 30.732592], [46.4796359, 30.7325681], [46.4795695, 30.7325591], [46.4795794, 30.7324058], [46.4795819, 30.7323737], [46.4796337, 30.7323802], [46.4796292, 30.7324501]]], "df_ids": [84242]}