{"polygon": [[[46.4370756, 30.7291686], [46.4370603, 30.7291655], [46.4370669, 30.7290966], [46.4369445, 30.7290721], [46.4369107, 30.7294284], [46.437033, 30.7294529], [46.4370402, 30.7293774], [46.4370555, 30.7293805], [46.4370756, 30.7291686]]], "df_ids": [79654]}