{"polygon": [[[46.437611, 30.7294142], [46.4377492, 30.7294427], [46.4377336, 30.7296021], [46.4377116, 30.7295975], [46.4376972, 30.7297444], [46.4377192, 30.7297489], [46.4377026, 30.7299174], [46.4375645, 30.7298889], [46.437611, 30.7294142]]], "df_ids": [53623]}