{"polygon": [[[46.4761509, 30.7298344], [46.4760188, 30.7298146], [46.4760165, 30.7298388], [46.4759998, 30.7300816], [46.4760198, 30.7300846], [46.4761319, 30.7301014], [46.4761492, 30.7298579], [46.4761509, 30.7298344]]], "df_ids": [75055]}