{"polygon": [[[46.4731418, 30.7344326], [46.4734804, 30.7344885], [46.4734485, 30.7349067], [46.4733123, 30.7348899], [46.4733258, 30.7346905], [46.4733039, 30.734649], [46.4732556, 30.7346462], [46.4732342, 30.7346755], [46.4732317, 30.7347336], [46.4732271, 30.7348408], [46.4731965, 30.7348382], [46.4731136, 30.7348301], [46.4731217, 30.7347163], [46.4731418, 30.7344326]]], "df_ids": [2571]}