{"polygon": [[[46.4104377, 30.7231749], [46.4108358, 30.7230842], [46.4108084, 30.7228312], [46.4103656, 30.7229321], [46.4103864, 30.7231237], [46.4103565, 30.723192], [46.4103824, 30.7232269], [46.4104121, 30.7232342], [46.4104377, 30.7231749]]], "df_ids": [75024]}