{"polygon": [[[46.5936366, 30.8028193], [46.5937691, 30.8025959], [46.5937294, 30.8025461], [46.5940031, 30.8020843], [46.5940853, 30.8021875], [46.5938102, 30.8026514], [46.593846, 30.8026965], [46.5937149, 30.8029176], [46.5936366, 30.8028193]]], "df_ids": [90761]}