{"polygon": [[[46.5915246, 30.7997249], [46.5910362, 30.8007561], [46.5911349, 30.8008551], [46.5916233, 30.7998239], [46.5915246, 30.7997249]]], "df_ids": [147933]}