{"polygon": [[[46.5973512, 30.7997957], [46.5973754, 30.7997449], [46.597343, 30.7997122], [46.5973642, 30.7996677], [46.5974063, 30.7997102], [46.597438, 30.7996437], [46.5978036, 30.8000132], [46.5980109, 30.7998676], [46.5979984, 30.7998301], [46.598108, 30.799753], [46.5982037, 30.8000416], [46.5978943, 30.800259], [46.5980382, 30.8006926], [46.5980682, 30.8006716], [46.5980977, 30.8007605], [46.5980695, 30.8007803], [46.598104, 30.8008842], [46.5980011, 30.8009564], [46.5977329, 30.8001481], [46.5974011, 30.7998133], [46.5973906, 30.7998355], [46.5973512, 30.7997957]]], "df_ids": [64010]}