{"polygon": [[[46.4544617, 30.6828227], [46.454478, 30.6830419], [46.4541345, 30.6830956], [46.4541401, 30.683171], [46.4538148, 30.6832218], [46.4537993, 30.6830136], [46.4541158, 30.6829641], [46.4541094, 30.6828778], [46.4544617, 30.6828227]]], "df_ids": [135400]}