{"polygon": [[[46.5855193, 30.7918758], [46.5855447, 30.7918863], [46.585565, 30.791907], [46.5855772, 30.7919394], [46.5855776, 30.7922861], [46.5855689, 30.7923161], [46.5855534, 30.7923362], [46.5855343, 30.7923451], [46.5854897, 30.7923453], [46.5854771, 30.7923822], [46.585457, 30.792412], [46.5854286, 30.7924315], [46.585406, 30.7924346], [46.5853872, 30.7924276], [46.5853642, 30.7924041], [46.5853503, 30.7923805], [46.5853398, 30.7923496], [46.5852951, 30.7923468], [46.5852809, 30.7923373], [46.5852695, 30.7923183], [46.5852624, 30.7922913], [46.5852637, 30.791948], [46.5852683, 30.791922], [46.5852812, 30.7919009], [46.5852982, 30.7918859], [46.585388, 30.7918818], [46.5854406, 30.7918794], [46.5855193, 30.7918758]]], "df_ids": [28223]}