{"polygon": [[[46.593284, 30.8023482], [46.5933659, 30.8024511], [46.5934911, 30.8022399], [46.5934525, 30.8021915], [46.5937269, 30.8017288], [46.5936465, 30.8016278], [46.5933723, 30.8020901], [46.5934094, 30.8021367], [46.593284, 30.8023482]]], "df_ids": [90762]}