{"polygon": [[[46.4534195, 30.684967], [46.4532714, 30.6849888], [46.453227, 30.6843561], [46.4532813, 30.684348], [46.4533924, 30.6843316], [46.453399, 30.6844265], [46.453436, 30.684421], [46.4534459, 30.6845626], [46.4533991, 30.6845695], [46.4534105, 30.6847323], [46.4534497, 30.6847266], [46.4534589, 30.6848579], [46.4534124, 30.6848648], [46.4534195, 30.684967]]], "df_ids": [75654]}