{"polygon": [[[46.5883756, 30.8020302], [46.58793, 30.8029935], [46.5878333, 30.8028988], [46.5882789, 30.8019355], [46.5883756, 30.8020302]]], "df_ids": [90766]}