{"polygon": [[[46.4525222, 30.6837972], [46.4524669, 30.683933], [46.4522621, 30.6837571], [46.4522866, 30.6836971], [46.4520843, 30.6835234], [46.4521447, 30.6833753], [46.45235, 30.6835516], [46.4523205, 30.6836239], [46.4525222, 30.6837972]]], "df_ids": [75997]}