{"polygon": [[[46.5890376, 30.8039035], [46.5889553, 30.8038224], [46.5894094, 30.802848], [46.5894916, 30.8029292], [46.5890376, 30.8039035]]], "df_ids": [185076]}