{"polygon": [[[46.451373, 30.6816286], [46.4512529, 30.6816448], [46.4512757, 30.6820012], [46.4512023, 30.6820111], [46.4512252, 30.6823701], [46.4511265, 30.6823834], [46.4511507, 30.6827621], [46.45127, 30.6827461], [46.4512465, 30.6823794], [46.4513459, 30.682366], [46.4513225, 30.6819996], [46.4513961, 30.6819897], [46.451373, 30.6816286]]], "df_ids": [75652]}