{"polygon": [[[46.595969, 30.7963633], [46.5958764, 30.7962426], [46.5960678, 30.7959314], [46.5958808, 30.7956879], [46.5957186, 30.7959518], [46.5955987, 30.7957956], [46.5960397, 30.7950785], [46.5961434, 30.7952135], [46.5959731, 30.7954903], [46.5961619, 30.7957362], [46.5963063, 30.7955013], [46.5964134, 30.7956407], [46.595969, 30.7963633]]], "df_ids": [74131]}