{"polygon": [[[46.4534425, 30.6843242], [46.4533924, 30.6843316], [46.4532813, 30.684348], [46.4532538, 30.6839623], [46.4531801, 30.6839734], [46.4531858, 30.6840529], [46.453115, 30.6840636], [46.4531083, 30.6839697], [46.4530448, 30.6839793], [46.4530293, 30.6837612], [46.4534529, 30.6836977], [46.4534753, 30.6840123], [46.4534424, 30.6840173], [46.4534499, 30.6841226], [46.4534871, 30.684117], [46.4534958, 30.6842384], [46.453437, 30.6842473], [46.4534425, 30.6843242]]], "df_ids": [169243]}