{"polygon": [[[46.4522835, 30.6845307], [46.4522208, 30.6846749], [46.4519447, 30.6844219], [46.4519759, 30.6843501], [46.4517977, 30.6841868], [46.4518632, 30.6840361], [46.4520483, 30.6842057], [46.4520143, 30.6842839], [46.4522835, 30.6845307]]], "df_ids": [11689]}