{"polygon": [[[46.5901229, 30.8007322], [46.5903215, 30.8009276], [46.5903443, 30.8008784], [46.5904991, 30.8010307], [46.5905926, 30.8008295], [46.5905025, 30.8007409], [46.5904701, 30.8008106], [46.5903965, 30.8007381], [46.5903759, 30.8007825], [46.5903161, 30.8007237], [46.5903286, 30.8006968], [46.5901987, 30.8005691], [46.5901229, 30.8007322]]], "df_ids": [90764]}