{"polygon": [[[46.456751, 30.6793326], [46.4566618, 30.6794825], [46.4566291, 30.6794415], [46.4565998, 30.6794908], [46.4564972, 30.6793623], [46.4565371, 30.6792951], [46.4565119, 30.6792635], [46.4563931, 30.6791147], [46.4563552, 30.6791785], [46.4562506, 30.6790474], [46.4563257, 30.6789212], [46.4563165, 30.678917], [46.4563084, 30.6788942], [46.4563137, 30.6788698], [46.4563294, 30.6788579], [46.4563463, 30.6788657], [46.4563509, 30.6788787], [46.4564147, 30.6787715], [46.4565286, 30.6789143], [46.4564884, 30.678982], [46.4565894, 30.6791086], [46.456623, 30.6791507], [46.4566451, 30.6791134], [46.4567556, 30.6792518], [46.4567261, 30.6793014], [46.456751, 30.6793326]]], "df_ids": [29820]}