{"polygon": [[[46.5883704, 30.8008346], [46.5883232, 30.8007883], [46.5883516, 30.8007271], [46.5884559, 30.8008295], [46.5885007, 30.8007327], [46.5883747, 30.8006091], [46.5884363, 30.8004761], [46.5883664, 30.8004075], [46.5882756, 30.8006034], [46.5881886, 30.800518], [46.5881351, 30.8006336], [46.5882662, 30.8007621], [46.5882454, 30.800807], [46.5882307, 30.8007925], [46.5882016, 30.8008552], [46.5882164, 30.8008696], [46.5881844, 30.8009386], [46.5880487, 30.8008054], [46.5879975, 30.8009159], [46.5880945, 30.8010111], [46.5880059, 30.8012024], [46.5880721, 30.8012674], [46.5881297, 30.801143], [46.5882565, 30.8012674], [46.5883087, 30.8011549], [46.5882037, 30.8010519], [46.5882264, 30.801003], [46.5882717, 30.8010475], [46.5883704, 30.8008346]]], "df_ids": [64017]}