{"polygon": [[[46.5910859, 30.7901672], [46.5909965, 30.7900771], [46.5912636, 30.7895156], [46.5913531, 30.7896057], [46.5910859, 30.7901672]]], "df_ids": [90758]}