{"polygon": [[[46.5786699, 30.797231], [46.5787138, 30.7971003], [46.5786207, 30.7970342], [46.5784443, 30.7969091], [46.5783429, 30.7968372], [46.5782991, 30.7969679], [46.5786494, 30.7972165], [46.5786699, 30.797231]]], "df_ids": [75438]}