{"polygon": [[[46.4095191, 30.710564], [46.4092554, 30.7104829], [46.4093282, 30.7099856], [46.4095918, 30.7100667], [46.4095191, 30.710564]]], "df_ids": [74898]}