{"polygon": [[[46.5875858, 30.8000985], [46.5876909, 30.7998963], [46.5877203, 30.7999286], [46.5877487, 30.7998737], [46.587702, 30.7998223], [46.5877336, 30.7997616], [46.5877751, 30.7998072], [46.5878044, 30.7997508], [46.5877757, 30.7997193], [46.5878822, 30.7995145], [46.5877909, 30.799414], [46.5876682, 30.7996501], [46.5875712, 30.7995434], [46.5876665, 30.7993599], [46.5876206, 30.7993094], [46.5876024, 30.7993443], [46.5874963, 30.7992276], [46.5874761, 30.7992664], [46.5874906, 30.7992823], [46.5874164, 30.799425], [46.5875059, 30.7995235], [46.5874853, 30.7995632], [46.5873988, 30.799468], [46.5873068, 30.7996451], [46.5872997, 30.7996372], [46.58728, 30.799675], [46.5873691, 30.7997731], [46.5873554, 30.7997996], [46.587406, 30.7998553], [46.5875013, 30.7996718], [46.587616, 30.799798], [46.5875057, 30.8000103], [46.5875858, 30.8000985]]], "df_ids": [64201]}