{"polygon": [[[46.5797664, 30.7927697], [46.5798223, 30.7926366], [46.5799264, 30.7927293], [46.5801207, 30.7929023], [46.5802177, 30.7929887], [46.5801617, 30.7931218], [46.5797664, 30.7927697]]], "df_ids": [90608]}