{"polygon": [[[46.5797702, 30.7952929], [46.5798212, 30.7953385], [46.5796994, 30.7956274], [46.5797875, 30.795706], [46.5798434, 30.7955733], [46.5799075, 30.7954215], [46.5798651, 30.7953836], [46.5799236, 30.7952447], [46.5800491, 30.7949472], [46.5801721, 30.7946557], [46.5802392, 30.7944965], [46.5802869, 30.7945391], [46.5803457, 30.7943996], [46.5804077, 30.7942526], [46.5803123, 30.7941674], [46.5801916, 30.7944537], [46.5801426, 30.79441], [46.5797702, 30.7952929]]], "df_ids": [90587]}