{"polygon": [[[46.5801047, 30.7919789], [46.5800892, 30.7920109], [46.5801375, 30.7920604], [46.5800897, 30.7921592], [46.5800407, 30.792109], [46.5800209, 30.7921499], [46.5799581, 30.7920856], [46.5799403, 30.7920674], [46.5799236, 30.7920502], [46.5798884, 30.7921229], [46.5798916, 30.7921262], [46.5798406, 30.792074], [46.5798562, 30.7920417], [46.5798117, 30.7919961], [46.579856, 30.7919046], [46.579906, 30.7919558], [46.5799448, 30.7918756], [46.579993, 30.7919249], [46.5800125, 30.7918845], [46.5801047, 30.7919789]]], "df_ids": [40244]}