{"polygon": [[[46.4196569, 30.7601199], [46.4194793, 30.7599405], [46.4194965, 30.7599057], [46.4195618, 30.7597724], [46.419567, 30.7597618], [46.4196441, 30.7598418], [46.4197143, 30.7596994], [46.4198307, 30.75982], [46.4196891, 30.7601148], [46.41968, 30.7601228], [46.4196694, 30.760124], [46.4196569, 30.7601199]]], "df_ids": [169232]}