{"polygon": [[[46.5915935, 30.7958424], [46.5916329, 30.7957755], [46.5916584, 30.7957321], [46.5907438, 30.7945916], [46.5906789, 30.7947018], [46.5915935, 30.7958424]]], "df_ids": [90768]}