{"polygon": [[[46.4708751, 30.7370855], [46.4705893, 30.7370459], [46.4705775, 30.7372258], [46.4708633, 30.7372654], [46.4708751, 30.7370855]]], "df_ids": [11511]}