{"polygon": [[[46.4744127, 30.743026], [46.4744047, 30.7431316], [46.474112, 30.7430785], [46.4739992, 30.7430579], [46.4740184, 30.7427864], [46.4741812, 30.7428091], [46.4743712, 30.742837], [46.4744187, 30.742844], [46.4744146, 30.7429613], [46.4741815, 30.742922], [46.4741818, 30.7428835], [46.4741514, 30.7428787], [46.4741399, 30.7430318], [46.4741702, 30.7430366], [46.4741739, 30.7429881], [46.4742164, 30.7429948], [46.4742149, 30.743015], [46.4743729, 30.74304], [46.4743744, 30.7430199], [46.4744127, 30.743026]]], "df_ids": [44648, 126939]}