{"polygon": [[[46.5755343, 30.8013311], [46.5755999, 30.8011346], [46.5754975, 30.8010624], [46.5754776, 30.8011221], [46.5749892, 30.8007775], [46.5750001, 30.8007449], [46.5749018, 30.8006755], [46.5748453, 30.800845], [46.5754488, 30.8012708], [46.575516, 30.8013182], [46.5755343, 30.8013311]]], "df_ids": [90684]}