{"polygon": [[[46.5758586, 30.8003585], [46.5757131, 30.8002559], [46.5756699, 30.8003855], [46.575713, 30.8004159], [46.5754975, 30.8010624], [46.5755999, 30.8011346], [46.5758586, 30.8003585]]], "df_ids": [90685]}