{"polygon": [[[46.5789962, 30.8071719], [46.5789002, 30.8071039], [46.5791496, 30.8063588], [46.5792456, 30.8064268], [46.5789962, 30.8071719]]], "df_ids": [90675]}