{"polygon": [[[46.5792019, 30.8074553], [46.579554, 30.8077016], [46.5797968, 30.8069653], [46.5796981, 30.8068953], [46.5795057, 30.8074781], [46.5792528, 30.8073012], [46.5792019, 30.8074553]]], "df_ids": [63931]}