{"polygon": [[[46.5797968, 30.8069653], [46.5796981, 30.8068953], [46.5797381, 30.8067757], [46.5792456, 30.8064268], [46.5791496, 30.8063588], [46.5791986, 30.8062123], [46.5798859, 30.8066993], [46.5797968, 30.8069653]]], "df_ids": [90674]}