{"polygon": [[[46.5747264, 30.8033454], [46.5747188, 30.8033645], [46.5748173, 30.8034479], [46.5747123, 30.8037103], [46.5746133, 30.8036265], [46.5746642, 30.8034994], [46.5742917, 30.803184], [46.5743535, 30.8030296], [46.5747264, 30.8033454]]], "df_ids": [75414]}