{"polygon": [[[46.5790346, 30.8072079], [46.5789232, 30.8071262], [46.5788596, 30.8073051], [46.5788984, 30.8073352], [46.5788571, 30.8074612], [46.5789529, 30.8075284], [46.578995, 30.8074084], [46.5789644, 30.807382], [46.5790189, 30.8072955], [46.5790346, 30.8072079]]], "df_ids": [90659]}