{"polygon": [[[46.5730074, 30.803272], [46.5729417, 30.8034743], [46.5730375, 30.8035401], [46.5726708, 30.8046702], [46.5725452, 30.8045822], [46.5729079, 30.8034694], [46.5722355, 30.8030074], [46.5723061, 30.8027901], [46.5730074, 30.803272]]], "df_ids": [75445]}