{"polygon": [[[46.3907035, 30.7066642], [46.3905951, 30.7073289], [46.3899864, 30.7071203], [46.3900249, 30.7068846], [46.3899834, 30.7068704], [46.389945, 30.7071061], [46.3897745, 30.7070476], [46.3898662, 30.7064852], [46.3900343, 30.7065428], [46.390051, 30.7064406], [46.3907035, 30.7066642]]], "df_ids": [51345]}