{"polygon": [[[46.5746729, 30.8038101], [46.5745707, 30.8037271], [46.5743324, 30.8043485], [46.5740241, 30.8040982], [46.5739681, 30.8042443], [46.5743535, 30.8045571], [46.5744048, 30.8044234], [46.5744299, 30.8044438], [46.5746729, 30.8038101]]], "df_ids": [75415]}