{"polygon": [[[46.5749018, 30.8006755], [46.5750001, 30.8007449], [46.5752207, 30.8000831], [46.5754884, 30.8002719], [46.5755393, 30.8001192], [46.5751734, 30.7998611], [46.5749018, 30.8006755]]], "df_ids": [75411]}