{"polygon": [[[46.5820522, 30.7775197], [46.58201, 30.7776776], [46.581624, 30.7774592], [46.5816028, 30.7775386], [46.5812108, 30.7773168], [46.5811908, 30.7773918], [46.5808103, 30.7771766], [46.5808503, 30.7770268], [46.5812413, 30.777248], [46.5812632, 30.7771659], [46.5816526, 30.7773862], [46.5816741, 30.7773057], [46.5820522, 30.7775197]]], "df_ids": [75435]}