{"polygon": [[[46.388473, 30.7058825], [46.3884522, 30.7061399], [46.3884926, 30.7061468], [46.3884672, 30.7064606], [46.3885237, 30.7064702], [46.3884485, 30.7074017], [46.3883406, 30.7073834], [46.38825, 30.7085062], [46.3883149, 30.7085172], [46.3883047, 30.7086431], [46.3882945, 30.7087696], [46.3882296, 30.7087586], [46.38809, 30.7104883], [46.3878693, 30.7104509], [46.3878567, 30.7106074], [46.3876507, 30.7105724], [46.3876381, 30.7107277], [46.3871537, 30.7106455], [46.3872548, 30.709273], [46.3870951, 30.709241], [46.3872496, 30.707395], [46.3869352, 30.7073417], [46.3870722, 30.7056448], [46.3876592, 30.7057444], [46.388473, 30.7058825]]], "df_ids": [169206]}