{"polygon": [[[46.5811443, 30.8097443], [46.5812076, 30.8095693], [46.5811073, 30.8094925], [46.5811375, 30.8094088], [46.580993, 30.8092982], [46.5809322, 30.8094664], [46.5810343, 30.8095446], [46.5810016, 30.809635], [46.5811443, 30.8097443]]], "df_ids": [79684]}