{"polygon": [[[46.3917277, 30.7066713], [46.3917167, 30.7067448], [46.3915859, 30.7076162], [46.3913822, 30.7075519], [46.3907244, 30.7073444], [46.3908662, 30.7063995], [46.3915306, 30.7066091], [46.3916401, 30.7066433], [46.3917277, 30.7066713]]], "df_ids": [51344]}