{"polygon": [[[46.3906211, 30.7064553], [46.3902511, 30.7063588], [46.3902583, 30.7062713], [46.3904357, 30.7062182], [46.3906435, 30.7062704], [46.3906211, 30.7064553]]], "df_ids": [51348]}