{"polygon": [[[46.5797968, 30.8096951], [46.5798232, 30.8096182], [46.5798117, 30.8096099], [46.579851, 30.8094953], [46.5798632, 30.8095041], [46.5799122, 30.8093611], [46.5798993, 30.8093517], [46.5799377, 30.8092395], [46.5799519, 30.8092498], [46.5800174, 30.8090585], [46.5800306, 30.809068], [46.5800555, 30.8089953], [46.5800494, 30.8089909], [46.5800722, 30.8089243], [46.5799459, 30.8088327], [46.5799396, 30.8088513], [46.5799155, 30.8088338], [46.5799213, 30.8088167], [46.5798947, 30.8087974], [46.5799005, 30.8087803], [46.5797964, 30.8087049], [46.5797902, 30.8087231], [46.5797368, 30.8086844], [46.5796845, 30.8088371], [46.5797364, 30.8088747], [46.5797425, 30.8088571], [46.5798214, 30.8089144], [46.5798161, 30.80893], [46.5798656, 30.808966], [46.5798711, 30.80895], [46.5799225, 30.8089873], [46.5799074, 30.8090311], [46.5798959, 30.8090227], [46.5798447, 30.8091721], [46.5798318, 30.8091628], [46.5797814, 30.8093101], [46.5797931, 30.8093187], [46.579767, 30.8093949], [46.5797558, 30.8093868], [46.5797046, 30.8095363], [46.5797165, 30.8095449], [46.5796913, 30.8096186], [46.5797116, 30.8096334], [46.5797968, 30.8096951]]], "df_ids": [75443]}