{"polygon": [[[46.5741089, 30.8030786], [46.5742126, 30.8031642], [46.5738657, 30.8040536], [46.573762, 30.803968], [46.5741089, 30.8030786]]], "df_ids": [75416]}