{"polygon": [[[46.581301, 30.8102024], [46.5813596, 30.810028], [46.5812578, 30.8099556], [46.5812916, 30.8098547], [46.5811433, 30.8097492], [46.5810838, 30.8099264], [46.5811864, 30.8099994], [46.5811534, 30.8100974], [46.581301, 30.8102024]]], "df_ids": [79685]}