{"polygon": [[[46.3915854, 30.7079786], [46.3915558, 30.7081963], [46.3910774, 30.7080612], [46.3901915, 30.7078061], [46.3902182, 30.70761], [46.3904482, 30.7076758], [46.3904515, 30.7076519], [46.3911431, 30.7078498], [46.3911482, 30.7078124], [46.3914555, 30.7079003], [46.3914502, 30.7079399], [46.3915854, 30.7079786]]], "df_ids": [51347]}