{"polygon": [[[46.4743148, 30.7389261], [46.4744234, 30.7389404], [46.4744149, 30.7390598], [46.4744103, 30.7391238], [46.474488, 30.7391324], [46.4744786, 30.7392821], [46.47431, 30.7392534], [46.4742901, 30.7392149], [46.4743051, 30.7390392], [46.4743148, 30.7389261]]], "df_ids": [44655]}