{"polygon": [[[46.4409697, 30.7236484], [46.4409529, 30.7238068], [46.4409447, 30.7238423], [46.4409177, 30.7238511], [46.4406558, 30.7237905], [46.4406843, 30.7235218], [46.4407635, 30.7235395], [46.4407597, 30.7235753], [46.4408885, 30.7236041], [46.4408858, 30.7236297], [46.4409697, 30.7236484]]], "df_ids": [75175]}