{"polygon": [[[46.5562002, 30.7603985], [46.5561122, 30.7602741], [46.5558395, 30.7606821], [46.5559276, 30.7608065], [46.5562002, 30.7603985]]], "df_ids": [42971]}