{"polygon": [[[46.5533545, 30.7610161], [46.5534513, 30.7609447], [46.5536249, 30.761442], [46.5535281, 30.7615134], [46.5533545, 30.7610161]]], "df_ids": [40230]}