{"polygon": [[[46.5781556, 30.7994282], [46.5780409, 30.7993448], [46.5780283, 30.7993816], [46.5779258, 30.799307], [46.5779919, 30.7991144], [46.5780802, 30.7991785], [46.578101, 30.7991177], [46.57823, 30.7992114], [46.5781556, 30.7994282]]], "df_ids": [79667]}