{"polygon": [[[46.5558406, 30.7609129], [46.5557455, 30.7607669], [46.5556904, 30.760843], [46.555714, 30.7608792], [46.5555946, 30.7610438], [46.5555825, 30.7610253], [46.5555278, 30.7611007], [46.5556114, 30.7612289], [46.5558406, 30.7609129]]], "df_ids": [42972]}