{"polygon": [[[46.4400954, 30.723524], [46.440082, 30.7236833], [46.4399975, 30.7236683], [46.4399933, 30.7237179], [46.4399277, 30.7237063], [46.4399319, 30.7236567], [46.4397665, 30.7236273], [46.4397628, 30.7236719], [46.4396108, 30.7236449], [46.4396208, 30.7235253], [46.4395707, 30.7235164], [46.4395657, 30.7235754], [46.4395068, 30.7235649], [46.4395117, 30.723506], [46.4394557, 30.723496], [46.4394674, 30.7233581], [46.4394449, 30.7233541], [46.4394507, 30.7232844], [46.4394732, 30.7232884], [46.4395162, 30.7227789], [46.4395378, 30.7227828], [46.439548, 30.7226619], [46.4396423, 30.7226787], [46.4396404, 30.7227014], [46.4397072, 30.7227133], [46.4397006, 30.722792], [46.4397682, 30.722804], [46.4397714, 30.7227655], [46.4398286, 30.7227757], [46.4398305, 30.7227527], [46.4398962, 30.7227644], [46.4398924, 30.72281], [46.4399451, 30.7228194], [46.4399423, 30.7228528], [46.4399816, 30.7228598], [46.439977, 30.7229138], [46.4399993, 30.7229177], [46.4399922, 30.7230015], [46.4399709, 30.7229978], [46.4399658, 30.7230589], [46.439892, 30.7230458], [46.4398953, 30.7230062], [46.4397344, 30.7229776], [46.4397362, 30.7229561], [46.4396592, 30.7229424], [46.4396624, 30.7229052], [46.4396415, 30.7229015], [46.4396134, 30.7232354], [46.4395957, 30.7232323], [46.4395788, 30.7234323], [46.4400954, 30.723524]]], "df_ids": [151073]}