{"polygon": [[[46.552058, 30.7559845], [46.552087, 30.7559636], [46.5520785, 30.7559385], [46.5522677, 30.755802], [46.5523935, 30.7561707], [46.5524118, 30.7561575], [46.5524275, 30.7562036], [46.5523783, 30.7562391], [46.5524507, 30.7564515], [46.5525005, 30.7564156], [46.5525195, 30.7564714], [46.5524972, 30.7564874], [46.552572, 30.7567065], [46.552695, 30.7566178], [46.5526048, 30.7563533], [46.5525791, 30.7563719], [46.5525589, 30.7563125], [46.5526313, 30.7562602], [46.5526535, 30.7563251], [46.5528873, 30.7561565], [46.5528043, 30.7559131], [46.5527743, 30.7559347], [46.5527364, 30.7558235], [46.5527668, 30.7558017], [46.5527021, 30.755612], [46.5525754, 30.7557033], [46.5526383, 30.7558876], [46.5527164, 30.7558313], [46.5527563, 30.7559484], [46.5525695, 30.7560831], [46.5525903, 30.7561442], [46.5525187, 30.7561959], [46.5524993, 30.756139], [46.5525201, 30.756124], [46.5523843, 30.7557257], [46.5523438, 30.7557548], [46.5523271, 30.7557057], [46.5520348, 30.7559165], [46.5520428, 30.75594], [46.552058, 30.7559845]]], "df_ids": [30461]}