{"polygon": [[[46.5651335, 30.7777869], [46.5652351, 30.7778452], [46.5650657, 30.7785054], [46.5649602, 30.7784446], [46.5651335, 30.7777869]]], "df_ids": [90703]}