{"polygon": [[[46.5651932, 30.7775667], [46.5651335, 30.7777869], [46.5652351, 30.7778452], [46.5652546, 30.7777735], [46.5655497, 30.7779428], [46.5655899, 30.7777943], [46.5651932, 30.7775667]]], "df_ids": [90704]}