{"polygon": [[[46.5836801, 30.7809493], [46.5835716, 30.780891], [46.5833781, 30.7816541], [46.5834866, 30.7817123], [46.5836779, 30.7809581], [46.5836801, 30.7809493]]], "df_ids": [29803]}