{"polygon": [[[46.4400804, 30.724652], [46.4400657, 30.7248394], [46.4399762, 30.7248246], [46.4399728, 30.7248684], [46.4400054, 30.7248738], [46.4399982, 30.7249658], [46.4400094, 30.7249676], [46.4400015, 30.7250678], [46.4399721, 30.7250629], [46.4399653, 30.7251498], [46.4398527, 30.7251312], [46.43986, 30.7250391], [46.4398425, 30.7250363], [46.4398495, 30.7249481], [46.4398598, 30.7249498], [46.4398661, 30.7248695], [46.4398918, 30.7248737], [46.4398967, 30.7248115], [46.4398146, 30.724798], [46.4398293, 30.7246106], [46.4400804, 30.724652]]], "df_ids": [74860]}