{"polygon": [[[46.5779698, 30.7991407], [46.5778542, 30.7990572], [46.5778423, 30.799092], [46.5777397, 30.7990179], [46.5778056, 30.798825], [46.5778941, 30.798889], [46.577915, 30.7988277], [46.5780447, 30.7989214], [46.5779698, 30.7991407]]], "df_ids": [79666]}