{"polygon": [[[46.4406482, 30.7237877], [46.4406725, 30.7235469], [46.440541, 30.723519], [46.440543, 30.7234989], [46.4404827, 30.7234861], [46.4404788, 30.7235248], [46.4404195, 30.7235122], [46.4403971, 30.7237343], [46.4406482, 30.7237877]]], "df_ids": [75173]}