{"polygon": [[[46.5813847, 30.7952171], [46.5815549, 30.7953992], [46.5814571, 30.7955927], [46.5815261, 30.7956666], [46.5816268, 30.7954674], [46.5815852, 30.7954229], [46.5816464, 30.795302], [46.5816909, 30.7953497], [46.581674, 30.7953831], [46.5817833, 30.7955001], [46.581833, 30.7954018], [46.5817208, 30.7952817], [46.5817866, 30.7951515], [46.5817188, 30.795079], [46.5816055, 30.7953031], [46.5814339, 30.7951195], [46.5815462, 30.7948973], [46.5814772, 30.7948235], [46.5813799, 30.7950159], [46.5814235, 30.7950626], [46.5813611, 30.795186], [46.5813135, 30.7951351], [46.5813314, 30.7950997], [46.5812208, 30.7949813], [46.5811696, 30.7950825], [46.5812845, 30.7952054], [46.5812192, 30.7953344], [46.5812881, 30.7954082], [46.5813847, 30.7952171]]], "df_ids": [64073]}