{"polygon": [[[46.5554756, 30.7614395], [46.555362, 30.7612903], [46.5552998, 30.7613904], [46.5553191, 30.7614157], [46.5551316, 30.7617176], [46.5551073, 30.7616857], [46.5550438, 30.761788], [46.5551624, 30.7619438], [46.5554756, 30.7614395]]], "df_ids": [42973]}