{"polygon": [[[46.5652648, 30.7789246], [46.5653086, 30.7787636], [46.5650379, 30.7786074], [46.5650657, 30.7785054], [46.5649602, 30.7784446], [46.5648885, 30.7787076], [46.5652648, 30.7789246]]], "df_ids": [90702]}