{"polygon": [[[46.5827058, 30.7804304], [46.5826667, 30.7805812], [46.5822336, 30.7803437], [46.5822727, 30.7801929], [46.5827058, 30.7804304]]], "df_ids": [90718]}