{"polygon": [[[46.5717543, 30.7991798], [46.5718015, 30.7990323], [46.5713434, 30.7987216], [46.57138, 30.7986076], [46.5713336, 30.7985761], [46.5714301, 30.7982751], [46.5713908, 30.7982485], [46.5714108, 30.7981863], [46.5714828, 30.7979614], [46.5714402, 30.7979334], [46.5713832, 30.7978973], [46.5713684, 30.7979505], [46.5713523, 30.7979396], [46.5712984, 30.7981075], [46.5713146, 30.7981185], [46.5712968, 30.7981737], [46.5713418, 30.7982042], [46.5713197, 30.7982731], [46.5713049, 30.7982631], [46.5712511, 30.798431], [46.5712659, 30.798441], [46.5712472, 30.7984994], [46.5712889, 30.7985277], [46.5712681, 30.7985925], [46.571254, 30.798583], [46.5712077, 30.7987274], [46.5712218, 30.7987369], [46.5712002, 30.7988041], [46.5717543, 30.7991798]]], "df_ids": [79669]}