{"polygon": [[[46.580279, 30.7837383], [46.5803166, 30.7835943], [46.5791403, 30.7829447], [46.5791027, 30.7830886], [46.580279, 30.7837383]]], "df_ids": [75434]}