{"polygon": [[[46.5667547, 30.780204], [46.5667952, 30.780044], [46.5663043, 30.7797806], [46.5663321, 30.779671], [46.5662284, 30.7796154], [46.5661601, 30.7798851], [46.5667547, 30.780204]]], "df_ids": [90701]}