{"polygon": [[[46.5669363, 30.7785258], [46.5668965, 30.77869], [46.5665249, 30.778499], [46.5665648, 30.7783348], [46.5669363, 30.7785258]]], "df_ids": [90752]}