{"polygon": [[[46.5663548, 30.7782257], [46.5663142, 30.7783823], [46.5657429, 30.7780694], [46.5657834, 30.7779128], [46.5663548, 30.7782257]]], "df_ids": [90751]}