{"polygon": [[[46.5719577, 30.799029], [46.5726534, 30.7986591], [46.5727995, 30.7982536], [46.5729542, 30.7983698], [46.5727877, 30.7987901], [46.5727841, 30.7988192], [46.5727731, 30.7988476], [46.5727578, 30.7988612], [46.5727408, 30.7988637], [46.5727272, 30.7988737], [46.572013, 30.7992388], [46.5719577, 30.799029]]], "df_ids": [75442]}