{"polygon": [[[46.5715949, 30.799857], [46.5716173, 30.7997879], [46.5716663, 30.7998216], [46.5716584, 30.7998459], [46.5716856, 30.7998646], [46.5716778, 30.7998885], [46.5717433, 30.7999334], [46.5717509, 30.7999101], [46.5717819, 30.7999314], [46.5717849, 30.7999221], [46.5718137, 30.7999419], [46.5718188, 30.7999262], [46.5718497, 30.7999474], [46.5719096, 30.7997627], [46.5718798, 30.7997423], [46.571875, 30.7997571], [46.5718461, 30.7997373], [46.5718405, 30.7997544], [46.5718072, 30.7997315], [46.5718142, 30.7997099], [46.5717504, 30.799666], [46.5717434, 30.7996877], [46.5717153, 30.7996684], [46.5717062, 30.7996967], [46.5716606, 30.7996654], [46.5716489, 30.7997012], [46.5715871, 30.7996588], [46.5715808, 30.7996783], [46.5715469, 30.799655], [46.5715521, 30.799639], [46.5714906, 30.7995969], [46.5714854, 30.7996128], [46.5714579, 30.7995939], [46.5714531, 30.7996087], [46.5713622, 30.7995463], [46.5713681, 30.7995281], [46.5713398, 30.7995086], [46.5713471, 30.799486], [46.571283, 30.799442], [46.5712768, 30.7994611], [46.571249, 30.799442], [46.5712559, 30.7994207], [46.5712211, 30.7993968], [46.5712185, 30.7994051], [46.571162, 30.7993663], [46.5711666, 30.799352], [46.5711304, 30.7993271], [46.5711215, 30.7993545], [46.5710983, 30.7993385], [46.5711066, 30.7993131], [46.571037, 30.7992653], [46.5710287, 30.7992908], [46.5710063, 30.7992754], [46.5709993, 30.7992972], [46.5709556, 30.7992672], [46.5709155, 30.7993907], [46.5709501, 30.7994144], [46.5709407, 30.7994433], [46.570972, 30.7994647], [46.5709643, 30.7994885], [46.5710352, 30.7995372], [46.5710429, 30.7995134], [46.5710704, 30.7995323], [46.5710741, 30.7995208], [46.5711058, 30.7995425], [46.5711114, 30.7995251], [46.5711718, 30.7995665], [46.5711659, 30.7995845], [46.5711894, 30.7996006], [46.5711841, 30.7996169], [46.5712161, 30.7996388], [46.5712086, 30.799662], [46.5712781, 30.7997098], [46.5712857, 30.7996866], [46.571314, 30.799706], [46.5713251, 30.7996718], [46.5714065, 30.7997277], [46.5713978, 30.7997546], [46.5714263, 30.7997741], [46.5714148, 30.7998095], [46.5714814, 30.7998553], [46.571488, 30.799835], [46.5715199, 30.7998568], [46.5715248, 30.7998418], [46.5715566, 30.7998636], [46.5715654, 30.7998367], [46.5715949, 30.799857]]], "df_ids": [75410]}