{"polygon": [[[46.5530035, 30.7579869], [46.5530536, 30.7581367], [46.5528701, 30.7582665], [46.55282, 30.7581167], [46.5530035, 30.7579869]]], "df_ids": [77890]}