{"polygon": [[[46.5767476, 30.7787774], [46.5768603, 30.7788377], [46.5767794, 30.7791579], [46.5770735, 30.7793152], [46.577167, 30.7789451], [46.5772698, 30.7790001], [46.5770426, 30.7798991], [46.5769384, 30.7798434], [46.5770299, 30.7794812], [46.5767348, 30.7793234], [46.5766467, 30.779672], [46.5765365, 30.7796131], [46.5767476, 30.7787774]]], "df_ids": [74124]}