{"polygon": [[[46.460173, 30.7302812], [46.4602756, 30.7300441], [46.4601817, 30.7299585], [46.4601426, 30.7300489], [46.4600116, 30.7299294], [46.4600489, 30.7298431], [46.4599516, 30.7297543], [46.4598508, 30.7299874], [46.4600145, 30.7301367], [46.460173, 30.7302812]]], "df_ids": [133261]}