{"polygon": [[[46.4649954, 30.7361306], [46.4650383, 30.7354053], [46.4650358, 30.7353729], [46.4650308, 30.7353428], [46.4650142, 30.7353247], [46.4649266, 30.7352369], [46.4649019, 30.7353535], [46.4649255, 30.735391], [46.4649126, 30.735626], [46.4649055, 30.7357565], [46.464891, 30.7358901], [46.4648802, 30.7361152], [46.4649954, 30.7361306]]], "df_ids": [1845]}