{"polygon": [[[46.4625991, 30.7323458], [46.4626183, 30.7322996], [46.4625615, 30.7322498], [46.4626346, 30.7320743], [46.4627364, 30.7321637], [46.4626964, 30.7322599], [46.4628651, 30.7324079], [46.4629536, 30.7321954], [46.4630608, 30.7322894], [46.4629712, 30.7325046], [46.4630799, 30.7326], [46.4631156, 30.7325142], [46.4632296, 30.7326142], [46.463157, 30.7327886], [46.4630969, 30.7327359], [46.4630827, 30.73277], [46.4625991, 30.7323458]]], "df_ids": [27516]}