{"polygon": [[[46.48684, 30.6875372], [46.4870555, 30.6875654], [46.487046, 30.6877195], [46.4869947, 30.6877128], [46.4869867, 30.6878423], [46.4871196, 30.6878597], [46.4871092, 30.6880278], [46.486812, 30.6879889], [46.48684, 30.6875372]]], "df_ids": [51495]}