{"polygon": [[[46.4490835, 30.712652], [46.4491066, 30.7126041], [46.4492272, 30.7127266], [46.4492048, 30.712773], [46.4492238, 30.7127924], [46.4491549, 30.7129352], [46.4491074, 30.712887], [46.4490091, 30.7130908], [46.4490408, 30.713123], [46.4489638, 30.7132827], [46.4489338, 30.7132522], [46.4488295, 30.7134685], [46.4488686, 30.7135082], [46.4487933, 30.7136645], [46.4487734, 30.7136443], [46.4487477, 30.7136976], [46.4486371, 30.7135852], [46.4488705, 30.7130985], [46.448889, 30.7130596], [46.4490835, 30.712652]]], "df_ids": [26661]}