{"polygon": [[[46.4866194, 30.6838184], [46.4864973, 30.6837977], [46.4865329, 30.6833545], [46.4866551, 30.6833752], [46.4866194, 30.6838184]]], "df_ids": [76377]}