{"polygon": [[[46.4505541, 30.7202146], [46.450558, 30.7199614], [46.4494188, 30.7199243], [46.4494176, 30.7200003], [46.4492747, 30.7199956], [46.4492692, 30.7203513], [46.4493947, 30.7203554], [46.4493975, 30.7201769], [46.4505541, 30.7202146]]], "df_ids": [151071]}