{"polygon": [[[46.5828888, 30.8065883], [46.5829386, 30.8064386], [46.5824745, 30.8061052], [46.5826122, 30.8056999], [46.5825052, 30.805623], [46.5823167, 30.8061778], [46.5828888, 30.8065883]]], "df_ids": [79659]}