{"polygon": [[[46.5713601, 30.7945993], [46.571302, 30.7945544], [46.5713267, 30.7944865], [46.5713054, 30.79447], [46.57133, 30.7944025], [46.5712966, 30.7943768], [46.5713259, 30.7942964], [46.5713735, 30.794333], [46.5713839, 30.7943045], [46.5714342, 30.7943434], [46.5714579, 30.7942783], [46.5715349, 30.7943377], [46.5714731, 30.7945072], [46.5715142, 30.7945389], [46.5714856, 30.7946171], [46.5714349, 30.794578], [46.571427, 30.7945996], [46.5713747, 30.7945592], [46.5713601, 30.7945993]]], "df_ids": [75723]}