{"polygon": [[[46.5801157, 30.8101642], [46.5801455, 30.8101853], [46.5801384, 30.8102066], [46.5802231, 30.8102665], [46.5802302, 30.8102451], [46.5802551, 30.8102627], [46.5802495, 30.8102793], [46.5802716, 30.8102949], [46.580267, 30.8103085], [46.5803731, 30.8103835], [46.5803779, 30.810369], [46.5804832, 30.8104434], [46.5804782, 30.8104582], [46.5805602, 30.8105162], [46.5805651, 30.8105014], [46.5806153, 30.8105368], [46.5806664, 30.8103838], [46.5806068, 30.8103417], [46.5806031, 30.8103527], [46.580536, 30.8103054], [46.5805397, 30.8102943], [46.5804217, 30.8102109], [46.5804178, 30.8102225], [46.5803476, 30.8101728], [46.5803515, 30.8101612], [46.5802958, 30.8101219], [46.5802515, 30.8100906], [46.5802615, 30.8100609], [46.5802731, 30.8100691], [46.580325, 30.8099138], [46.5803133, 30.8099055], [46.5804867, 30.8093863], [46.5807532, 30.8095746], [46.5808106, 30.8094028], [46.580451, 30.8091487], [46.5804033, 30.8092915], [46.5803912, 30.809283], [46.5801152, 30.8101095], [46.5801303, 30.8101202], [46.5801157, 30.8101642]]], "df_ids": [169551]}