{"polygon": [[[46.5742748, 30.7971525], [46.5743915, 30.7972343], [46.5741661, 30.7979138], [46.5746003, 30.7982186], [46.5745381, 30.7984059], [46.5739873, 30.7980192], [46.5742748, 30.7971525]]], "df_ids": [63910]}