{"polygon": [[[46.5833447, 30.8038492], [46.583293, 30.8040012], [46.5834774, 30.804134], [46.5837435, 30.8043255], [46.5836115, 30.8047205], [46.5837181, 30.8047939], [46.5839028, 30.8042511], [46.58353, 30.8039827], [46.5833447, 30.8038492]]], "df_ids": [79722, 79723]}