{"polygon": [[[46.5813743, 30.8054641], [46.5814354, 30.8052835], [46.5813627, 30.8052315], [46.5813831, 30.8051713], [46.5814091, 30.8051899], [46.581449, 30.8050717], [46.581345, 30.8049972], [46.5813082, 30.805106], [46.581067, 30.8049334], [46.5811035, 30.8048254], [46.5810031, 30.8047536], [46.5809644, 30.804868], [46.5809874, 30.8048844], [46.5809658, 30.8049482], [46.5808938, 30.8048967], [46.580833, 30.8050763], [46.5809824, 30.8051832], [46.5810196, 30.8050734], [46.5810902, 30.8051239], [46.5810531, 30.8052336], [46.5811552, 30.8053067], [46.5811923, 30.8051968], [46.5812609, 30.8052459], [46.5812236, 30.8053563], [46.5813743, 30.8054641]]], "df_ids": [64198]}