{"polygon": [[[46.5788823, 30.8045899], [46.5789085, 30.8045133], [46.5789533, 30.8045463], [46.5789641, 30.8045151], [46.5790183, 30.804555], [46.5790408, 30.8044903], [46.5791158, 30.8045454], [46.5790563, 30.8047162], [46.5791018, 30.8047497], [46.5790702, 30.8048404], [46.5790034, 30.8047914], [46.5789762, 30.8048698], [46.5789264, 30.8048332], [46.5789311, 30.8048198], [46.5788821, 30.8047838], [46.5789051, 30.8047174], [46.5788899, 30.8047062], [46.5789205, 30.8046179], [46.5788823, 30.8045899]]], "df_ids": [63932]}