{"polygon": [[[46.5706626, 30.7974237], [46.5706613, 30.7974689], [46.5706871, 30.7974704], [46.5706843, 30.797575], [46.5706585, 30.7975735], [46.5706574, 30.7976117], [46.5705918, 30.7976079], [46.5705911, 30.7976337], [46.5704555, 30.7976258], [46.5704562, 30.7976001], [46.5703747, 30.7975954], [46.5703799, 30.7974073], [46.5704586, 30.7974119], [46.5704593, 30.7973856], [46.5705985, 30.7973937], [46.5705978, 30.79742], [46.5706626, 30.7974237]]], "df_ids": [79671]}