{"polygon": [[[46.5711475, 30.794853], [46.5710848, 30.7948032], [46.5711102, 30.7947356], [46.5710949, 30.7947234], [46.5711223, 30.7946506], [46.571087, 30.7946226], [46.5711169, 30.7945432], [46.5711664, 30.7945826], [46.5711772, 30.7945538], [46.5712234, 30.7945906], [46.5712453, 30.7945324], [46.5713221, 30.7945936], [46.57126, 30.7947587], [46.5713032, 30.7947932], [46.5712737, 30.7948716], [46.5712251, 30.7948328], [46.5712166, 30.7948553], [46.5711627, 30.7948125], [46.5711475, 30.794853]]], "df_ids": [75722]}