{"polygon": [[[46.583735, 30.8032536], [46.5838207, 30.8033145], [46.5838428, 30.8032488], [46.5839768, 30.8033441], [46.5839086, 30.8035473], [46.5838174, 30.8034825], [46.5837933, 30.8035545], [46.5836647, 30.8034631], [46.583735, 30.8032536]]], "df_ids": [141856]}