{"polygon": [[[46.5716281, 30.7847526], [46.5716898, 30.7847867], [46.5716982, 30.7847544], [46.571742, 30.7847786], [46.5717336, 30.7848109], [46.5718016, 30.7848485], [46.5717844, 30.7849143], [46.5717649, 30.7849036], [46.571699, 30.7851559], [46.5715683, 30.7850836], [46.5716314, 30.7848421], [46.571608, 30.7848292], [46.5716281, 30.7847526]]], "df_ids": [28844]}