{"polygon": [[[46.5703388, 30.7976559], [46.5703385, 30.7976873], [46.5703521, 30.7976876], [46.5703504, 30.7978289], [46.5703368, 30.7978285], [46.5703365, 30.7978566], [46.5702623, 30.7978548], [46.5702621, 30.7978722], [46.5701281, 30.7978688], [46.5701283, 30.7978514], [46.5700583, 30.7978497], [46.5700607, 30.7976489], [46.5701308, 30.7976507], [46.5701311, 30.7976256], [46.5702693, 30.797629], [46.570269, 30.7976541], [46.5703388, 30.7976559]]], "df_ids": [79672]}