{"polygon": [[[46.5709325, 30.7976981], [46.5709301, 30.7978918], [46.5708654, 30.7978901], [46.5708651, 30.7979119], [46.5707252, 30.7979082], [46.5707255, 30.7978864], [46.5706572, 30.7978846], [46.5706597, 30.7976908], [46.5707256, 30.7976926], [46.570726, 30.7976625], [46.5708603, 30.797666], [46.5708599, 30.7976961], [46.5709325, 30.7976981]]], "df_ids": [79670]}