{"polygon": [[[46.5821236, 30.8055575], [46.5820871, 30.8056698], [46.5820617, 30.8056523], [46.5820408, 30.8057167], [46.5821126, 30.8057662], [46.5820531, 30.8059491], [46.5819045, 30.8058468], [46.5819396, 30.805739], [46.581868, 30.8056896], [46.5818343, 30.8057932], [46.5817331, 30.8057234], [46.5817686, 30.8056142], [46.5816994, 30.8055665], [46.5816651, 30.8056717], [46.5815132, 30.805567], [46.5815733, 30.8053826], [46.5816475, 30.8054338], [46.5816682, 30.80537], [46.5816445, 30.8053536], [46.5816815, 30.8052398], [46.581786, 30.8053118], [46.5817505, 30.8054208], [46.5819885, 30.8055848], [46.5820206, 30.8054865], [46.5821236, 30.8055575]]], "df_ids": [64194]}