{"polygon": [[[46.4367596, 30.7629169], [46.4365566, 30.7632056], [46.4365925, 30.7632604], [46.4364989, 30.7634019], [46.4363278, 30.7631565], [46.4364572, 30.7629544], [46.4364412, 30.7628071], [46.4366322, 30.7627263], [46.4367596, 30.7629169]]], "df_ids": [169184]}