{"polygon": [[[46.5820995, 30.8092108], [46.5821932, 30.8092805], [46.5822041, 30.8092496], [46.5822152, 30.8092578], [46.582231, 30.8092127], [46.5822191, 30.8092039], [46.5822571, 30.809096], [46.5822747, 30.8090459], [46.5822906, 30.8090007], [46.5823038, 30.8090105], [46.5823144, 30.8089802], [46.5823241, 30.8089526], [46.5823101, 30.8089422], [46.582346, 30.8088399], [46.5823577, 30.8088486], [46.5823758, 30.808797], [46.5823628, 30.8087874], [46.5823769, 30.8087475], [46.5822861, 30.8086799], [46.5822071, 30.8089047], [46.5820995, 30.8092108]]], "df_ids": [90657]}