{"polygon": [[[46.4521556, 30.6808786], [46.4521443, 30.680711], [46.4521684, 30.6807075], [46.4521664, 30.6806787], [46.4522223, 30.6806707], [46.4522185, 30.6806152], [46.4522962, 30.6806041], [46.4523019, 30.6806885], [46.4523984, 30.6806748], [46.4523966, 30.6806477], [46.4524489, 30.6806403], [46.452445, 30.6805825], [46.4525303, 30.6805703], [46.452536, 30.6806552], [46.4526089, 30.6806449], [46.4526202, 30.6808125], [46.4525632, 30.6808206], [46.4525651, 30.6808486], [46.4525289, 30.6808537], [46.4525305, 30.6808778], [46.4524407, 30.6808906], [46.4524372, 30.6808386], [46.4523306, 30.6808537], [46.4523331, 30.6808897], [46.4522032, 30.6809082], [46.4522008, 30.6808722], [46.4521556, 30.6808786]]], "df_ids": [169264]}