{"polygon": [[[46.4346018, 30.7583036], [46.4347226, 30.7582426], [46.4347445, 30.7583338], [46.4347696, 30.7583211], [46.434862, 30.7587065], [46.4349208, 30.7589517], [46.4347536, 30.7590361], [46.4346015, 30.7584019], [46.4346228, 30.7583912], [46.4346018, 30.7583036]]], "df_ids": [65774]}