{"polygon": [[[46.5693655, 30.7881469], [46.5691573, 30.7880365], [46.5691387, 30.7881105], [46.5691253, 30.7881033], [46.5689076, 30.7879879], [46.5688894, 30.7880605], [46.568659, 30.7879383], [46.5687, 30.7877745], [46.5689192, 30.7878908], [46.5689382, 30.7878153], [46.5691597, 30.7879329], [46.5691767, 30.7878652], [46.5694056, 30.7879866], [46.5693655, 30.7881469]]], "df_ids": [90696]}