{"polygon": [[[46.4464148, 30.6820143], [46.4463166, 30.6820289], [46.4463303, 30.6822237], [46.4462174, 30.6822405], [46.4462051, 30.6820662], [46.4461053, 30.682081], [46.4461323, 30.6824646], [46.4462332, 30.6824496], [46.4462238, 30.6823163], [46.4463372, 30.6822994], [46.446346, 30.6824247], [46.4464428, 30.6824103], [46.4464148, 30.6820143]]], "df_ids": [64179]}