{"polygon": [[[46.5701154, 30.7885412], [46.5700927, 30.7886266], [46.5698806, 30.7885068], [46.5698609, 30.7885802], [46.569631, 30.7884504], [46.5696706, 30.788302], [46.5697481, 30.7883458], [46.569753, 30.7883276], [46.5698148, 30.7883625], [46.5698091, 30.7883837], [46.5698809, 30.7884243], [46.5699025, 30.7883436], [46.5699937, 30.7883951], [46.5699987, 30.7883763], [46.5700573, 30.7884094], [46.570052, 30.7884291], [46.5701234, 30.7884694], [46.5701442, 30.7883917], [46.5702309, 30.7884407], [46.5702371, 30.7884176], [46.5702902, 30.7884476], [46.5702852, 30.7884662], [46.5703779, 30.7885186], [46.5703383, 30.7886671], [46.5701154, 30.7885412]]], "df_ids": [90697]}