{"polygon": [[[46.5683857, 30.7876138], [46.5681712, 30.7874955], [46.5681533, 30.7875643], [46.5679506, 30.7874526], [46.5679335, 30.7875183], [46.5677016, 30.7873904], [46.5677418, 30.7872362], [46.567946, 30.7873488], [46.5679655, 30.7872737], [46.5681871, 30.7873959], [46.5682045, 30.7873292], [46.5684278, 30.7874523], [46.5683857, 30.7876138]]], "df_ids": [90695]}