{"polygon": [[[46.5690677, 30.7798871], [46.5693952, 30.7800693], [46.5693447, 30.7802615], [46.5691086, 30.7801301], [46.569063, 30.7803035], [46.569164, 30.7803597], [46.5691795, 30.7803008], [46.5695627, 30.780514], [46.5696658, 30.7801219], [46.5697673, 30.7801784], [46.5696642, 30.7805705], [46.5696906, 30.7805852], [46.5696461, 30.7807544], [46.5691444, 30.7804753], [46.5691553, 30.7804338], [46.5690449, 30.7803724], [46.5689778, 30.7806274], [46.5691787, 30.7807392], [46.5691381, 30.7808936], [46.5688458, 30.780731], [46.5690677, 30.7798871]]], "df_ids": [65796]}