{"polygon": [[[46.5670182, 30.7872086], [46.5670361, 30.7871385], [46.567049, 30.7871455], [46.5670715, 30.7870574], [46.5670513, 30.7870465], [46.5670667, 30.7869858], [46.5671838, 30.7870488], [46.5672103, 30.7869447], [46.5671628, 30.7869191], [46.5671678, 30.7868994], [46.5671107, 30.7868686], [46.5671056, 30.7868884], [46.5670587, 30.7868631], [46.5671009, 30.7866972], [46.5670346, 30.7866616], [46.5670148, 30.7867398], [46.5670003, 30.786732], [46.5669806, 30.7868094], [46.5669951, 30.7868172], [46.5669787, 30.7868815], [46.5668089, 30.7867901], [46.5668249, 30.7867272], [46.5668344, 30.7867323], [46.5668528, 30.7866602], [46.5668433, 30.7866551], [46.5668632, 30.7865767], [46.5667974, 30.7865413], [46.5667533, 30.7867146], [46.5667008, 30.7866864], [46.5667147, 30.7866317], [46.5666566, 30.7866004], [46.5666427, 30.7866551], [46.5665938, 30.7866288], [46.5665726, 30.7867121], [46.5666934, 30.7867772], [46.5666789, 30.7868346], [46.5666588, 30.7868238], [46.5666183, 30.7869829], [46.5667022, 30.787028], [46.5667488, 30.7868449], [46.5667929, 30.7868686], [46.5667725, 30.7869489], [46.5669377, 30.7870378], [46.5669582, 30.7869576], [46.5669973, 30.7869786], [46.5669483, 30.787171], [46.5670182, 30.7872086]]], "df_ids": [64180]}