{"polygon": [[[46.4346065, 30.7291187], [46.4347166, 30.729141], [46.4346405, 30.7299321], [46.4345304, 30.7299098], [46.4346065, 30.7291187]]], "df_ids": [51217]}