{"polygon": [[[46.4383301, 30.7295648], [46.4383109, 30.7297667], [46.4381149, 30.7297277], [46.4381121, 30.7297572], [46.4380339, 30.7297416], [46.4380367, 30.7297121], [46.4378374, 30.7296723], [46.4378565, 30.7294704], [46.4383301, 30.7295648]]], "df_ids": [51225]}