{"polygon": [[[46.4642928, 30.7339661], [46.4642267, 30.7341177], [46.4642894, 30.7341744], [46.4643544, 30.7342329], [46.4644224, 30.7342946], [46.4645277, 30.7343825], [46.4645586, 30.7343442], [46.4645762, 30.7339626], [46.4644469, 30.7339546], [46.4644454, 30.7340972], [46.4644166, 30.7340725], [46.4642928, 30.7339661]]], "df_ids": [178901]}