{"polygon": [[[46.4377167, 30.7283266], [46.4378486, 30.7283538], [46.437839, 30.7284524], [46.4380943, 30.728505], [46.4380721, 30.7287324], [46.4378167, 30.7286797], [46.4378052, 30.7287971], [46.4376733, 30.7287699], [46.4377167, 30.7283266]]], "df_ids": [26970]}