{"polygon": [[[46.5130168, 30.7227558], [46.5129928, 30.7227756], [46.5129629, 30.722803], [46.512763, 30.7229653], [46.5127814, 30.7230126], [46.5127512, 30.7230376], [46.5127628, 30.7230671], [46.5127797, 30.7230531], [46.512813, 30.7231383], [46.512794, 30.723154], [46.5128225, 30.7232269], [46.5128142, 30.7232337], [46.5128238, 30.7232585], [46.5127342, 30.7233325], [46.512612, 30.72302], [46.5126358, 30.7230004], [46.5125769, 30.72285], [46.512585, 30.7228433], [46.5125813, 30.7228339], [46.5126659, 30.722764], [46.5126728, 30.7227818], [46.5129406, 30.7225608], [46.5130168, 30.7227558]]], "df_ids": [51295]}