{"polygon": [[[46.4110048, 30.755843], [46.4110411, 30.7558218], [46.4110754, 30.7558223], [46.4111098, 30.755843], [46.4111354, 30.7558798], [46.4111499, 30.755931], [46.4111499, 30.7559821], [46.4111349, 30.7560342], [46.4111103, 30.7560696], [46.4110596, 30.7561164], [46.4109136, 30.7561299], [46.4107503, 30.756145], [46.4107472, 30.7559283], [46.4109537, 30.7559087], [46.4110048, 30.755843]]], "df_ids": [75061]}