{"polygon": [[[46.5531984, 30.7566541], [46.5532904, 30.7565289], [46.5536212, 30.757043], [46.5535292, 30.7571682], [46.5531984, 30.7566541]]], "df_ids": [29245]}