{"polygon": [[[46.3958541, 30.7160855], [46.3957967, 30.7160966], [46.3958002, 30.7161346], [46.3956935, 30.7161552], [46.3954991, 30.7161927], [46.3954064, 30.7162107], [46.395411, 30.7162605], [46.3952951, 30.7162828], [46.395111, 30.7163184], [46.3948902, 30.7163611], [46.394784, 30.7163816], [46.394768, 30.7162076], [46.3953858, 30.7160883], [46.3953794, 30.7160188], [46.395781, 30.7159412], [46.3957754, 30.7158803], [46.3958898, 30.7158582], [46.3959057, 30.7160311], [46.3958741, 30.7160372], [46.3958501, 30.7160419], [46.3958541, 30.7160855]]], "df_ids": [42215]}