{"polygon": [[[46.5565445, 30.7659796], [46.5565881, 30.766125], [46.5562413, 30.7663451], [46.5561977, 30.7661997], [46.5565445, 30.7659796]]], "df_ids": [30462]}