{"polygon": [[[46.4126713, 30.7512036], [46.4126246, 30.7514068], [46.4125048, 30.7513489], [46.4124996, 30.7513717], [46.4124343, 30.7513401], [46.4124395, 30.7513173], [46.4123289, 30.7512639], [46.4123756, 30.7510606], [46.4126713, 30.7512036]]], "df_ids": [87658]}