{"polygon": [[[46.5076593, 30.7225431], [46.5076676, 30.7226911], [46.5076585, 30.7226922], [46.5076641, 30.7227926], [46.5076686, 30.7228724], [46.5076751, 30.7229884], [46.5076856, 30.7229871], [46.5076937, 30.7231251], [46.5076061, 30.7231371], [46.5074773, 30.7231513], [46.5074693, 30.7230079], [46.5075071, 30.7230034], [46.5076072, 30.7229916], [46.5075914, 30.7227082], [46.5074876, 30.7227204], [46.5074489, 30.722725], [46.5074402, 30.7225689], [46.5074755, 30.7225648], [46.5076593, 30.7225431]]], "df_ids": [27125]}