{"polygon": [[[46.4051511, 30.7401639], [46.4050366, 30.7401958], [46.4050012, 30.7401722], [46.404985, 30.7401556], [46.4049707, 30.7401182], [46.4049736, 30.7400684], [46.4049841, 30.7400421], [46.4049812, 30.7400199], [46.4051282, 30.7399811], [46.4051345, 30.7400313], [46.4051513, 30.7400269], [46.4051617, 30.7401098], [46.4051449, 30.7401142], [46.4051511, 30.7401639]]], "df_ids": [63424]}