{"polygon": [[[46.419984, 30.7496794], [46.4200115, 30.7495808], [46.4198985, 30.7495144], [46.4199618, 30.749288], [46.4201135, 30.7493773], [46.4201361, 30.7492962], [46.4199683, 30.7491975], [46.41994, 30.7492988], [46.419716, 30.749167], [46.4196308, 30.7494718], [46.419984, 30.7496794]]], "df_ids": [33218]}