{"polygon": [[[46.3808472, 30.7445753], [46.3808284, 30.7444676], [46.3808589, 30.7443351], [46.3809207, 30.7442347], [46.3810012, 30.7441786], [46.3810939, 30.744171], [46.3811791, 30.7442145], [46.3812461, 30.7443006], [46.381287, 30.7444238], [46.3812911, 30.7445587], [46.3812601, 30.7446816], [46.381199, 30.7447784], [46.3811159, 30.7448348], [46.3810312, 30.7448418], [46.3809401, 30.7447961], [46.3808739, 30.7447096], [46.3808525, 30.7445874], [46.3806826, 30.7446499], [46.3807098, 30.7448051], [46.3806361, 30.7448322], [46.380609, 30.7446776], [46.3804796, 30.7447252], [46.3805062, 30.7448774], [46.38043, 30.7449054], [46.3803672, 30.7445463], [46.3804427, 30.7445186], [46.3804764, 30.7447118], [46.3806076, 30.7446637], [46.380573, 30.7444653], [46.3806528, 30.744436], [46.3806873, 30.7446339], [46.3808472, 30.7445753]]], "df_ids": [29750]}