{"polygon": [[[46.4092237, 30.7318291], [46.4090603, 30.7317713], [46.4090192, 30.7320154], [46.4091827, 30.7320732], [46.4092237, 30.7318291]]], "df_ids": [63142]}