{"polygon": [[[46.4163607, 30.7584453], [46.4164705, 30.7583414], [46.4167516, 30.7589662], [46.4166418, 30.7590701], [46.4163607, 30.7584453]]], "df_ids": [29072]}