{"polygon": [[[46.3806601, 30.7458455], [46.3807864, 30.7457756], [46.3809515, 30.7464028], [46.3809977, 30.7463772], [46.3810111, 30.7464281], [46.3809624, 30.746455], [46.3809713, 30.746489], [46.3808475, 30.7465575], [46.3806601, 30.7458455]]], "df_ids": [27939]}