{"polygon": [[[46.3913937, 30.7091667], [46.3912253, 30.709121], [46.3912174, 30.7091582], [46.3911857, 30.7091474], [46.3909396, 30.7090638], [46.3908427, 30.7090309], [46.3908367, 30.7090781], [46.3907292, 30.7090395], [46.3907174, 30.709121], [46.3905093, 30.7090523], [46.3904807, 30.7092296], [46.3902448, 30.7091607], [46.39023, 30.7092536], [46.3902014, 30.7092393], [46.3900262, 30.7104192], [46.3905613, 30.7105854], [46.3905554, 30.710642], [46.3906738, 30.7106777], [46.3906854, 30.7106076], [46.3911108, 30.7107512], [46.391094, 30.7108442], [46.3911466, 30.7108597], [46.391234, 30.7102606], [46.3913937, 30.7091667]]], "df_ids": [51346]}