{"polygon": [[[46.412084, 30.7513134], [46.4121311, 30.7513367], [46.4121503, 30.7512553], [46.4122716, 30.7513153], [46.4122084, 30.7515842], [46.4121828, 30.7515716], [46.4121638, 30.7516523], [46.412021, 30.7515816], [46.412084, 30.7513134]]], "df_ids": [33926]}