{"polygon": [[[46.5114006, 30.7245724], [46.5110398, 30.7246099], [46.5110005, 30.7244141], [46.5113332, 30.7243811], [46.5113909, 30.7243751], [46.5114006, 30.7245724]]], "df_ids": [30153]}