{"polygon": [[[46.4659333, 30.7161923], [46.465853, 30.7160789], [46.4657686, 30.7162047], [46.4657364, 30.7161592], [46.4656769, 30.716248], [46.4657101, 30.7162948], [46.4656495, 30.7163852], [46.4657289, 30.7164973], [46.4659333, 30.7161923]]], "df_ids": [51809]}