{"polygon": [[[46.4766892, 30.7538512], [46.4767508, 30.7538569], [46.4767518, 30.7538349], [46.4768112, 30.7538404], [46.4768102, 30.7538625], [46.4768653, 30.7538677], [46.4768555, 30.7540861], [46.4766795, 30.7540696], [46.4766892, 30.7538512]]], "df_ids": [75047]}