{"polygon": [[[46.510797, 30.7274384], [46.5107787, 30.7281232], [46.5098007, 30.7280679], [46.509819, 30.7273831], [46.510797, 30.7274384]]], "df_ids": [30150]}