{"polygon": [[[46.3958791, 30.7460752], [46.3960055, 30.7460877], [46.3959696, 30.7468531], [46.3958959, 30.7468459], [46.3958936, 30.7468954], [46.3958181, 30.746888], [46.3958241, 30.7467603], [46.3958469, 30.7467625], [46.3958791, 30.7460752]]], "df_ids": [33927]}