{"polygon": [[[46.4306586, 30.7664753], [46.4306583, 30.7664482], [46.4306817, 30.7664476], [46.430681, 30.7663865], [46.4306576, 30.7663871], [46.430657, 30.7663387], [46.4306675, 30.7663384], [46.4306669, 30.76629], [46.4306564, 30.7662902], [46.4306561, 30.7662659], [46.4306379, 30.7662664], [46.4306374, 30.7662219], [46.4305967, 30.7662229], [46.4305972, 30.7662674], [46.4305793, 30.7662679], [46.43058, 30.7663251], [46.4305646, 30.7663255], [46.4305654, 30.7663972], [46.4305808, 30.7663968], [46.4305818, 30.7664772], [46.4306586, 30.7664753]]], "df_ids": [27667]}