{"polygon": [[[46.3536316, 30.703873], [46.3536267, 30.7036909], [46.3533573, 30.7037061], [46.3533475, 30.7033439], [46.3535921, 30.7033301], [46.3535876, 30.7031632], [46.3532919, 30.7031798], [46.3529914, 30.7031968], [46.3529959, 30.7033643], [46.3532317, 30.703351], [46.3532415, 30.7037138], [46.3530132, 30.7037267], [46.3530181, 30.7039076], [46.3536316, 30.703873]]], "df_ids": [51818]}