{"polygon": [[[46.4637573, 30.7396353], [46.4637534, 30.7398445], [46.4640242, 30.7398549], [46.4645115, 30.7398736], [46.4645169, 30.7395763], [46.4644522, 30.7395738], [46.4644527, 30.7395445], [46.4644553, 30.7394007], [46.4644244, 30.7393995], [46.464392, 30.7393983], [46.4643104, 30.7393952], [46.4643067, 30.7396031], [46.4643353, 30.7396042], [46.4643344, 30.7396574], [46.464028, 30.7396457], [46.4637573, 30.7396353]]], "df_ids": [5229]}