{"polygon": [[[46.465085, 30.6871179], [46.4651135, 30.6869193], [46.4646443, 30.6867778], [46.4646158, 30.6869764], [46.465085, 30.6871179]]], "df_ids": [76367]}