{"polygon": [[[46.4273009, 30.7643541], [46.4273991, 30.7642359], [46.4271686, 30.763833], [46.427127, 30.763883], [46.4270608, 30.7637673], [46.4270834, 30.76374], [46.4270628, 30.763704], [46.4271147, 30.7636416], [46.4270827, 30.7635855], [46.4270992, 30.7635656], [46.4270501, 30.7634797], [46.4270335, 30.7634996], [46.4269992, 30.7634396], [46.4269247, 30.7635294], [46.4269048, 30.7634946], [46.4268372, 30.7635759], [46.4268607, 30.7636168], [46.4268469, 30.7636334], [46.4269545, 30.7638215], [46.4269683, 30.7638049], [46.426985, 30.7638341], [46.4270156, 30.7637972], [46.4270901, 30.7639274], [46.4270704, 30.7639512], [46.4273009, 30.7643541]]], "df_ids": [27019]}