{"polygon": [[[46.4769515, 30.7533815], [46.4767764, 30.7533702], [46.4767695, 30.7535941], [46.476829, 30.7535979], [46.4768281, 30.7536258], [46.4768858, 30.7536296], [46.4768867, 30.7536017], [46.4769446, 30.7536054], [46.4769515, 30.7533815]]], "df_ids": [75048]}