{"polygon": [[[46.5155918, 30.7245653], [46.5152865, 30.7244474], [46.5152367, 30.7247228], [46.5155422, 30.7248396], [46.5155524, 30.7247834], [46.5155918, 30.7245653]]], "df_ids": [30164]}