{"polygon": [[[46.5118395, 30.7226536], [46.5116441, 30.7227172], [46.511647, 30.7227353], [46.5115907, 30.7227643], [46.5115307, 30.7227953], [46.511524, 30.7227772], [46.5113483, 30.7229112], [46.5112868, 30.7227758], [46.5112964, 30.7227618], [46.5111879, 30.722512], [46.5113031, 30.7224087], [46.5113944, 30.722632], [46.5114203, 30.7226153], [46.5114491, 30.7225986], [46.5114433, 30.722572], [46.511573, 30.7224967], [46.5115807, 30.722519], [46.5116777, 30.722519], [46.511671, 30.7222817], [46.5117084, 30.7222734], [46.5117065, 30.7222203], [46.5118362, 30.7222036], [46.5118458, 30.7223111], [46.511815, 30.7223194], [46.5118395, 30.7226536]]], "df_ids": [1943]}