{"polygon": [[[46.4766, 30.754231], [46.4765912, 30.7544474], [46.4765543, 30.7544442], [46.4765532, 30.7544703], [46.4764821, 30.7544643], [46.4764831, 30.7544382], [46.4764257, 30.7544333], [46.4764345, 30.7542169], [46.4764917, 30.7542218], [46.4764925, 30.754203], [46.4765666, 30.7542093], [46.4765658, 30.7542281], [46.4766, 30.754231]]], "df_ids": [75046]}