{"polygon": [[[46.5112163, 30.7230487], [46.5111575, 30.7231298], [46.5111095, 30.723221], [46.5110746, 30.7233053], [46.5110875, 30.723319], [46.5110545, 30.7233963], [46.5110232, 30.7234697], [46.5110107, 30.7234627], [46.510971, 30.7235576], [46.5109461, 30.7236233], [46.5109227, 30.7237078], [46.5106251, 30.7237322], [46.5106258, 30.7236756], [46.510617, 30.7235335], [46.5108506, 30.7235208], [46.5109013, 30.7234032], [46.5108794, 30.7233763], [46.5109175, 30.723282], [46.5109092, 30.7232693], [46.5109348, 30.7232143], [46.5109448, 30.7232263], [46.5109812, 30.7231439], [46.5109869, 30.7231504], [46.5110262, 30.723089], [46.5108937, 30.7228852], [46.5110176, 30.722708], [46.5110887, 30.7228196], [46.5110743, 30.7228392], [46.5112163, 30.7230487]]], "df_ids": [1942]}