{"polygon": [[[46.4630049, 30.7392803], [46.4626105, 30.7392195], [46.4626194, 30.7390987], [46.4626458, 30.7391028], [46.4626674, 30.7391055], [46.4630135, 30.7391599], [46.4630049, 30.7392803]]], "df_ids": [242993]}