{"polygon": [[[46.4344556, 30.7587153], [46.4343763, 30.7586564], [46.4343699, 30.7586279], [46.4342635, 30.7586775], [46.4342698, 30.758706], [46.4341088, 30.758781], [46.4340928, 30.7587086], [46.4339856, 30.7587586], [46.4340016, 30.7588309], [46.4338143, 30.7589181], [46.4338093, 30.7588953], [46.4337292, 30.7589326], [46.4337342, 30.7589554], [46.433695, 30.7589737], [46.4336665, 30.7590595], [46.433721, 30.7593058], [46.4337638, 30.7592858], [46.4337694, 30.7593115], [46.4338909, 30.7592549], [46.4338837, 30.7592223], [46.4340328, 30.7591529], [46.43404, 30.7591855], [46.4341731, 30.7591235], [46.4341662, 30.7590871], [46.4343326, 30.7590113], [46.4343401, 30.7590457], [46.4344596, 30.75899], [46.4344538, 30.7589638], [46.4345053, 30.7589399], [46.4344556, 30.7587153]]], "df_ids": [74814]}