{"polygon": [[[46.35292, 30.7055932], [46.3529202, 30.7056114], [46.3529429, 30.705611], [46.3529479, 30.7061534], [46.352793, 30.7061564], [46.3527903, 30.7058745], [46.3528029, 30.7058742], [46.3528024, 30.7058228], [46.3525151, 30.7058284], [46.3525141, 30.7057154], [46.3525482, 30.7057147], [46.3525472, 30.7056005], [46.3527987, 30.7055956], [46.3527983, 30.7055487], [46.3528684, 30.7055473], [46.3528688, 30.7055942], [46.35292, 30.7055932]]], "df_ids": [29479]}