{"polygon": [[[46.3985795, 30.7469574], [46.3986805, 30.747018], [46.3986928, 30.746975], [46.3989519, 30.7471304], [46.3988914, 30.7473426], [46.3986227, 30.7471814], [46.3984873, 30.747656], [46.3987045, 30.7477862], [46.3986696, 30.7479085], [46.398361, 30.7477234], [46.3985795, 30.7469574]]], "df_ids": [74078]}