{"polygon": [[[46.4347194, 30.736459], [46.4345378, 30.7364407], [46.4345252, 30.7367023], [46.4347068, 30.7367207], [46.4347194, 30.736459]]], "df_ids": [172290]}