{"polygon": [[[46.4318315, 30.7574621], [46.4318835, 30.7576084], [46.4318401, 30.7576409], [46.431852, 30.7576746], [46.431788, 30.7577226], [46.431724, 30.7575426], [46.4318315, 30.7574621]]], "df_ids": [33150]}