{"polygon": [[[46.5084686, 30.7224143], [46.5084827, 30.7226278], [46.5083916, 30.7226404], [46.5083902, 30.7226191], [46.5080985, 30.7226596], [46.5081059, 30.7227704], [46.507981, 30.7227877], [46.5079629, 30.7224845], [46.5084686, 30.7224143]]], "df_ids": [30449]}