{"polygon": [[[46.5043262, 30.7251116], [46.5043344, 30.7252923], [46.50421, 30.7253042], [46.5041471, 30.7253102], [46.5041389, 30.7251295], [46.5043262, 30.7251116]]], "df_ids": [136313]}