{"polygon": [[[46.481791, 30.7437579], [46.481703, 30.7437424], [46.4816676, 30.7441659], [46.4817389, 30.7441785], [46.4817471, 30.7440794], [46.4817639, 30.7440823], [46.481791, 30.7437579]]], "df_ids": [195691]}