{"polygon": [[[46.478084, 30.7388233], [46.4780735, 30.7390083], [46.4780427, 30.7390047], [46.4780022, 30.7389998], [46.4778415, 30.7389807], [46.4777617, 30.7389712], [46.4777721, 30.7387861], [46.4778958, 30.7388009], [46.478084, 30.7388233]]], "df_ids": [28260]}