{"polygon": [[[46.4111892, 30.7381638], [46.4112589, 30.7386119], [46.411267, 30.7386092], [46.4112757, 30.7386653], [46.4112676, 30.7386679], [46.4112707, 30.7386877], [46.411252, 30.7387081], [46.4112296, 30.7387199], [46.4110928, 30.7387592], [46.4111041, 30.7388412], [46.4108758, 30.7389018], [46.4108476, 30.7387215], [46.4109244, 30.7386986], [46.410921, 30.7386756], [46.4110137, 30.7386527], [46.4110178, 30.7386746], [46.4110793, 30.7386625], [46.4110702, 30.7385871], [46.4111204, 30.7385691], [46.4111007, 30.7384215], [46.4110844, 30.7384253], [46.411051, 30.7382084], [46.4110618, 30.738207], [46.4110634, 30.7381907], [46.4110706, 30.738171], [46.411081, 30.7381629], [46.4110946, 30.7381571], [46.4111713, 30.7381363], [46.4111753, 30.7381664], [46.4111892, 30.7381638]]], "df_ids": [70959]}