{"polygon": [[[46.3815242, 30.7471151], [46.3814711, 30.7473337], [46.3814308, 30.7473132], [46.381445, 30.7472547], [46.3810974, 30.7470771], [46.3810841, 30.7471318], [46.3810421, 30.7471103], [46.3810943, 30.7468955], [46.3811098, 30.7469035], [46.3811147, 30.7468834], [46.3811644, 30.7469088], [46.3811595, 30.7469289], [46.3812415, 30.7469708], [46.3812481, 30.7469439], [46.3812935, 30.7469671], [46.381287, 30.746994], [46.3813414, 30.7470218], [46.3813469, 30.746999], [46.3813933, 30.7470226], [46.3813848, 30.7470574], [46.381461, 30.7470963], [46.3814639, 30.7470843], [46.3815242, 30.7471151]]], "df_ids": [258104]}