{"polygon": [[[46.4890111, 30.7512592], [46.4884166, 30.7515374], [46.4884129, 30.7515391], [46.487887, 30.7517851], [46.4877105, 30.7509895], [46.4877946, 30.7509501], [46.4877515, 30.7507556], [46.4881936, 30.7505488], [46.488195, 30.7505481], [46.4886888, 30.7503171], [46.4887287, 30.7504972], [46.4888315, 30.7504491], [46.4890111, 30.7512592]]], "df_ids": [152722]}