{"polygon": [[[46.4882252, 30.7464891], [46.488051, 30.746285], [46.4887803, 30.7449719], [46.4889545, 30.7451761], [46.4882252, 30.7464891]]], "df_ids": [152721]}