{"polygon": [[[46.4041978, 30.7085938], [46.4041961, 30.7084079], [46.4040183, 30.7084112], [46.4040176, 30.7083261], [46.4039572, 30.7083273], [46.4039576, 30.7083745], [46.4038859, 30.7083758], [46.4038869, 30.7084922], [46.4039571, 30.7084909], [46.4039581, 30.7085983], [46.4040136, 30.7085972], [46.4040141, 30.7086618], [46.4041507, 30.7086592], [46.4041501, 30.7085947], [46.4041978, 30.7085938]]], "df_ids": [76006]}