{"polygon": [[[46.4050955, 30.7085068], [46.4052033, 30.7086213], [46.4050684, 30.70891], [46.4050355, 30.7089649], [46.4050075, 30.7089911], [46.4049516, 30.7089744], [46.4049409, 30.7090043], [46.4048175, 30.7089732], [46.4048216, 30.7089434], [46.4047097, 30.7089124], [46.4046949, 30.708941], [46.4045279, 30.7088814], [46.4045271, 30.7088504], [46.4044917, 30.7087776], [46.4044777, 30.7087704], [46.4044744, 30.7086297], [46.4044613, 30.7086249], [46.4044539, 30.7084483], [46.4044679, 30.70844], [46.404472, 30.7083505], [46.4045937, 30.7083505], [46.4046011, 30.7086786], [46.4049228, 30.7087692], [46.4049269, 30.7087919], [46.4049195, 30.7088635], [46.4049516, 30.7088623], [46.4049976, 30.7087597], [46.4049828, 30.7087382], [46.4050955, 30.7085068]]], "df_ids": [75107]}