{"polygon": [[[46.5085977, 30.7276821], [46.5085956, 30.7282127], [46.5071517, 30.7282007], [46.5071538, 30.7276701], [46.5078585, 30.727676], [46.5078917, 30.7276762], [46.5085977, 30.7276821]]], "df_ids": [30706]}