{"polygon": [[[46.3604895, 30.702867], [46.3607523, 30.7028646], [46.360753, 30.7030276], [46.3606987, 30.7030281], [46.3607, 30.7033511], [46.3607542, 30.7033506], [46.3607549, 30.7035032], [46.3604922, 30.7035056], [46.3604895, 30.702867]]], "df_ids": [29486]}