{"polygon": [[[46.4855924, 30.6953764], [46.485576, 30.6956041], [46.4854997, 30.6955925], [46.4855036, 30.6955373], [46.4853355, 30.6955118], [46.485348, 30.6953393], [46.4855924, 30.6953764]]], "df_ids": [10126]}