{"polygon": [[[46.4891456, 30.6953662], [46.4891948, 30.6955239], [46.4892486, 30.6956961], [46.4892281, 30.6957095], [46.489236, 30.6957348], [46.4891398, 30.6957983], [46.4891011, 30.6956746], [46.489039, 30.6957155], [46.4890653, 30.6957997], [46.4890161, 30.6958322], [46.4889899, 30.6957481], [46.4889309, 30.695787], [46.4889655, 30.6958978], [46.4888495, 30.6959742], [46.4887346, 30.6956062], [46.4888483, 30.6955313], [46.4888821, 30.6956396], [46.4889382, 30.6956026], [46.4889153, 30.695529], [46.4889446, 30.6955097], [46.4889747, 30.6954899], [46.4889976, 30.6955633], [46.4890462, 30.6955313], [46.4890124, 30.6954229], [46.4891136, 30.6953562], [46.4891216, 30.695382], [46.4891456, 30.6953662]]], "df_ids": [52333]}