{"polygon": [[[46.440286, 30.7449727], [46.440167, 30.7450385], [46.4402182, 30.745233], [46.4403371, 30.7451672], [46.440286, 30.7449727]]], "df_ids": [48644]}