{"polygon": [[[46.4853549, 30.6942114], [46.4853399, 30.694407], [46.4847778, 30.6943163], [46.4847928, 30.6941207], [46.4853549, 30.6942114]]], "df_ids": [11662]}