{"polygon": [[[46.488242, 30.6949731], [46.4882371, 30.6950327], [46.4882763, 30.6950395], [46.4882593, 30.6952452], [46.4882017, 30.6952352], [46.4881598, 30.6952279], [46.4881679, 30.6951295], [46.4879988, 30.6951001], [46.487978, 30.6953532], [46.4878459, 30.6953303], [46.4878669, 30.6950744], [46.4877242, 30.6950497], [46.4877178, 30.6951264], [46.4876113, 30.6951079], [46.4876268, 30.6949194], [46.4876477, 30.694923], [46.4876689, 30.6949267], [46.4876732, 30.6948743], [46.4879516, 30.6949227], [46.488242, 30.6949731]]], "df_ids": [26978]}