{"polygon": [[[46.3961565, 30.7478347], [46.3961317, 30.7481376], [46.3960644, 30.748126], [46.3960747, 30.7480011], [46.3959645, 30.7479741], [46.3958847, 30.7479685], [46.3958757, 30.7480784], [46.3957952, 30.7480645], [46.3958187, 30.7477766], [46.3961565, 30.7478347]]], "df_ids": [33929]}