{"polygon": [[[46.4722975, 30.7523676], [46.472285, 30.7525608], [46.471975, 30.7525186], [46.4719874, 30.7523254], [46.4722975, 30.7523676]]], "df_ids": [53355]}