{"polygon": [[[46.4857234, 30.6942839], [46.485705, 30.6944808], [46.485452, 30.6944309], [46.4854704, 30.694234], [46.4857234, 30.6942839]]], "df_ids": [10123]}