{"polygon": [[[46.4856552, 30.6947411], [46.4855383, 30.694719], [46.485492, 30.6952357], [46.4856088, 30.6952578], [46.4856552, 30.6947411]]], "df_ids": [11939]}