{"polygon": [[[46.4716697, 30.754608], [46.471929, 30.7547069], [46.4719075, 30.7548254], [46.4718757, 30.7548133], [46.4718785, 30.754798], [46.4717904, 30.7547644], [46.4717806, 30.7548182], [46.471795, 30.7548237], [46.4717738, 30.7549411], [46.47162, 30.7548824], [46.4716697, 30.754608]]], "df_ids": [45102]}