{"polygon": [[[46.4024055, 30.7188967], [46.4024361, 30.7191506], [46.4021075, 30.7192338], [46.4021346, 30.7194586], [46.4025532, 30.7193527], [46.4025441, 30.7192772], [46.4025616, 30.7192728], [46.4025516, 30.7191902], [46.4025828, 30.7191823], [46.4025679, 30.7190584], [46.4025924, 30.7190522], [46.4025858, 30.7189977], [46.4025583, 30.7190047], [46.4025483, 30.7189213], [46.4025737, 30.7189149], [46.4025595, 30.7187966], [46.402412, 30.7188339], [46.4024191, 30.7188932], [46.4024055, 30.7188967]]], "df_ids": [169229]}