{"polygon": [[[46.3912864, 30.7135646], [46.3913993, 30.713601], [46.3915547, 30.713651], [46.3915684, 30.7135612], [46.3917476, 30.7123916], [46.3914794, 30.7123052], [46.3912864, 30.7135646]]], "df_ids": [51886]}