{"polygon": [[[46.4936233, 30.732376], [46.493546, 30.7325242], [46.4934071, 30.7323651], [46.4935267, 30.7321446], [46.4936456, 30.7319257], [46.493784, 30.7320842], [46.4937167, 30.7322082], [46.4936976, 30.7321863], [46.4936445, 30.732284], [46.4936056, 30.7323558], [46.4936233, 30.732376]]], "df_ids": [158633]}