{"polygon": [[[46.3852202, 30.7328769], [46.3853061, 30.7327201], [46.3853324, 30.7327504], [46.3853446, 30.7327282], [46.3853742, 30.7327623], [46.3853621, 30.7327846], [46.385408, 30.7328375], [46.3854195, 30.7328166], [46.3854517, 30.7328538], [46.3854463, 30.7328637], [46.3854783, 30.7329006], [46.3854861, 30.7328864], [46.385521, 30.7329265], [46.3855132, 30.7329407], [46.3855613, 30.7329961], [46.3855692, 30.7329816], [46.3856008, 30.733018], [46.3855929, 30.7330325], [46.3856153, 30.7330583], [46.3855235, 30.733226], [46.3854672, 30.7331612], [46.3854523, 30.7331884], [46.3854006, 30.7331289], [46.3854155, 30.7331017], [46.3853225, 30.7329947], [46.3853073, 30.7330224], [46.3852546, 30.7329618], [46.3852698, 30.732934], [46.3852202, 30.7328769]]], "df_ids": [75511]}