{"polygon": [[[46.4398538, 30.7689853], [46.4399839, 30.7692551], [46.4398822, 30.7693585], [46.4398144, 30.769218], [46.439752, 30.7690886], [46.4398538, 30.7689853]]], "df_ids": [34291]}