{"polygon": [[[46.5029679, 30.7224813], [46.5029762, 30.7226592], [46.5028713, 30.7226698], [46.5028702, 30.7226476], [46.5025989, 30.7226744], [46.5026006, 30.7227111], [46.5024885, 30.7227222], [46.50248, 30.7225408], [46.5025813, 30.7225308], [46.5025799, 30.7224998], [46.5028704, 30.7224711], [46.5028714, 30.7224908], [46.5029679, 30.7224813]]], "df_ids": [27130]}