{"polygon": [[[46.4965274, 30.6981433], [46.4965585, 30.6982405], [46.4965708, 30.6982322], [46.4966235, 30.698397], [46.4966104, 30.6984059], [46.496645, 30.698514], [46.4964811, 30.6986246], [46.4963627, 30.6982545], [46.4965274, 30.6981433]]], "df_ids": [35399]}