{"polygon": [[[46.4950939, 30.6918685], [46.4950655, 30.6922456], [46.4949178, 30.6922222], [46.4949461, 30.691845], [46.4950939, 30.6918685]]], "df_ids": [193014]}