{"polygon": [[[46.4272754, 30.7499763], [46.4269723, 30.7501367], [46.4270222, 30.750335], [46.4270461, 30.7503224], [46.4271091, 30.7505731], [46.4270852, 30.7505857], [46.4271424, 30.7508132], [46.4271508, 30.7508088], [46.4274558, 30.7506474], [46.4274168, 30.7504922], [46.4272207, 30.750596], [46.4272056, 30.7505359], [46.4272533, 30.7505106], [46.4271844, 30.7502368], [46.4271351, 30.7502629], [46.427128, 30.7502343], [46.4273153, 30.7501352], [46.4272754, 30.7499763]]], "df_ids": [33360]}