{"polygon": [[[46.5030768, 30.723058], [46.5030941, 30.7233087], [46.5029895, 30.7233239], [46.5029864, 30.7232779], [46.5028327, 30.7233002], [46.5028352, 30.7233375], [46.5027196, 30.7233543], [46.5027029, 30.7231123], [46.5030768, 30.723058]]], "df_ids": [27121]}