{"polygon": [[[46.4745875, 30.751081], [46.4745293, 30.7516952], [46.4744026, 30.751677], [46.4744508, 30.7510542], [46.4745875, 30.751081]]], "df_ids": [33321]}