{"polygon": [[[46.4931922, 30.689892], [46.4931792, 30.6900499], [46.4929576, 30.6900116], [46.4929706, 30.6898537], [46.4931922, 30.689892]]], "df_ids": [4919]}