{"polygon": [[[46.4926468, 30.6903029], [46.4926804, 30.6903029], [46.4926804, 30.6904742], [46.4926716, 30.6904763], [46.4926716, 30.6905215], [46.4926547, 30.6905238], [46.4926468, 30.6905422], [46.4926341, 30.6905553], [46.4926195, 30.690557], [46.4926053, 30.6905504], [46.4925953, 30.6905362], [46.4925893, 30.6905177], [46.4925708, 30.6905169], [46.4925713, 30.6904855], [46.4925655, 30.6904855], [46.4925648, 30.69031], [46.4925869, 30.6903108], [46.4925866, 30.6902443], [46.4925801, 30.6902449], [46.492579, 30.6901752], [46.4925996, 30.6901759], [46.4925997, 30.6901614], [46.4926502, 30.6901614], [46.4926515, 30.6902434], [46.4926465, 30.6902437], [46.4926468, 30.6903029]]], "df_ids": [30395]}