{"polygon": [[[46.4784829, 30.7048969], [46.4786158, 30.7048936], [46.478604, 30.7038712], [46.478471, 30.7038745], [46.4784829, 30.7048969]]], "df_ids": [51638]}