{"polygon": [[[46.4247464, 30.7569279], [46.4248391, 30.7572814], [46.4246062, 30.75741], [46.4245755, 30.7572928], [46.4246193, 30.7572686], [46.4246133, 30.7572457], [46.4246845, 30.7572065], [46.4246905, 30.7572293], [46.4247295, 30.7572078], [46.4246964, 30.7570817], [46.4246542, 30.7571051], [46.4246572, 30.7571168], [46.4245901, 30.7571538], [46.4245871, 30.7571421], [46.4245459, 30.7571648], [46.4245169, 30.7570546], [46.4247464, 30.7569279]]], "df_ids": [169621]}