{"polygon": [[[46.4783407, 30.7038115], [46.4783278, 30.7040422], [46.4778794, 30.7039893], [46.4778924, 30.7037585], [46.4783407, 30.7038115]]], "df_ids": [51640]}