{"polygon": [[[46.4939944, 30.6941568], [46.4939659, 30.6945254], [46.4938287, 30.694503], [46.4938602, 30.694096], [46.4939577, 30.694112], [46.4939547, 30.6941503], [46.4939944, 30.6941568]]], "df_ids": [193013]}