{"polygon": [[[46.4798689, 30.7049644], [46.4797609, 30.7049486], [46.4797197, 30.7055425], [46.4798276, 30.7055583], [46.4798689, 30.7049644]]], "df_ids": [27212]}