{"polygon": [[[46.5235706, 30.7275976], [46.5237182, 30.7267707], [46.5234571, 30.7266722], [46.5234752, 30.7265708], [46.5232126, 30.7264717], [46.5230468, 30.7274], [46.5235706, 30.7275976]]], "df_ids": [30189]}