{"polygon": [[[46.4660839, 30.7478958], [46.4654833, 30.7478126], [46.4654744, 30.7479478], [46.466075, 30.748031], [46.4660839, 30.7478958]]], "df_ids": [37349]}