{"polygon": [[[46.4853483, 30.6763803], [46.4859456, 30.6767556], [46.4859347, 30.6767922], [46.486051, 30.6768652], [46.4858764, 30.6774512], [46.4858637, 30.6774939], [46.4858335, 30.6775952], [46.4857173, 30.6775221], [46.4854732, 30.6783416], [46.4848759, 30.6779662], [46.4853483, 30.6763803]]], "df_ids": [51419]}