{"polygon": [[[46.4930941, 30.7022583], [46.4931229, 30.7023492], [46.4931398, 30.7023379], [46.4931633, 30.7023222], [46.4932125, 30.70229], [46.4932181, 30.7023073], [46.4932391, 30.7023745], [46.493168, 30.7024229], [46.493034, 30.702514], [46.4929524, 30.70226], [46.4930165, 30.7022166], [46.4930715, 30.7021799], [46.4930941, 30.7022583]]], "df_ids": [1162]}