{"polygon": [[[46.6212233, 30.8232874], [46.6201809, 30.8224255], [46.6188809, 30.8257579], [46.6199233, 30.8266199], [46.6212233, 30.8232874]]], "df_ids": [258085]}