{"polygon": [[[46.4660502, 30.7486567], [46.4654443, 30.7486091], [46.4654382, 30.748772], [46.4660442, 30.7488196], [46.4660502, 30.7486567]]], "df_ids": [37350]}