{"polygon": [[[46.4937614, 30.7048459], [46.4936747, 30.7048646], [46.4936977, 30.7051047], [46.4937396, 30.7051499], [46.4938087, 30.7051302], [46.4938838, 30.7051088], [46.4938649, 30.7049895], [46.4938136, 30.7050119], [46.4937948, 30.7050181], [46.4937821, 30.7050238], [46.4937614, 30.7048459]]], "df_ids": [175685]}