{"polygon": [[[46.4898262, 30.6923157], [46.4898078, 30.6925454], [46.489671, 30.6925223], [46.4896739, 30.6924859], [46.4894569, 30.6924493], [46.4894541, 30.6924839], [46.4893323, 30.6924627], [46.4892285, 30.6924458], [46.4892312, 30.6924113], [46.4889985, 30.692372], [46.4889962, 30.6923999], [46.488871, 30.6923787], [46.48889, 30.692141], [46.4890139, 30.6921619], [46.4890105, 30.6922052], [46.4892471, 30.6922451], [46.4892501, 30.6922087], [46.4894685, 30.6922456], [46.4894656, 30.692282], [46.489685, 30.692319], [46.4896872, 30.6922922], [46.4898262, 30.6923157]]], "df_ids": [228722]}