{"polygon": [[[46.4652594, 30.7467167], [46.4650967, 30.7466958], [46.4650477, 30.7472862], [46.4650867, 30.7472919], [46.4652122, 30.7473141], [46.4652594, 30.7467167]]], "df_ids": [30979]}