{"polygon": [[[46.4933347, 30.702597], [46.4933486, 30.7026409], [46.4933291, 30.7026539], [46.4933621, 30.7027585], [46.4934082, 30.7027274], [46.4934211, 30.7027187], [46.4934446, 30.7027005], [46.4934524, 30.7026954], [46.4933883, 30.7024958], [46.4933677, 30.702429], [46.493295, 30.7024753], [46.4933347, 30.702597]]], "df_ids": [180853]}