{"polygon": [[[46.6236772, 30.8236872], [46.6233534, 30.8245107], [46.6220148, 30.8233949], [46.6219796, 30.8234844], [46.6217819, 30.8233197], [46.6221409, 30.8224066], [46.6236772, 30.8236872]]], "df_ids": [258166]}