{"polygon": [[[46.4710335, 30.6698747], [46.4704471, 30.669578], [46.4701919, 30.6706414], [46.4707075, 30.6709023], [46.4707782, 30.6709381], [46.4710335, 30.6698747]]], "df_ids": [33124]}