{"polygon": [[[46.5038066, 30.722955], [46.5039561, 30.7229307], [46.5039701, 30.7231323], [46.503901, 30.7231425], [46.503921, 30.7234287], [46.5039464, 30.7234261], [46.5039505, 30.7234933], [46.5038468, 30.7235072], [46.5038162, 30.7230932], [46.5038066, 30.722955]]], "df_ids": [189161]}