{"polygon": [[[46.4816385, 30.7610557], [46.4809248, 30.7620431], [46.4807794, 30.7618215], [46.481493, 30.760834], [46.4816385, 30.7610557]]], "df_ids": [95930]}