{"polygon": [[[46.5006784, 30.7155435], [46.5007554, 30.7154934], [46.5007723, 30.7155482], [46.5008487, 30.7154984], [46.5008615, 30.71554], [46.5008854, 30.7156175], [46.5008685, 30.7156285], [46.5009043, 30.7157447], [46.500941, 30.7158636], [46.5009573, 30.715853], [46.500975, 30.7159105], [46.5009926, 30.7159676], [46.5009214, 30.7160138], [46.5009282, 30.7160358], [46.5007032, 30.7161821], [46.5006642, 30.7160555], [46.5008075, 30.7159623], [46.5007306, 30.715713], [46.5004955, 30.7158659], [46.5005081, 30.7159066], [46.5004407, 30.7159504], [46.5003806, 30.7157552], [46.500683, 30.7155585], [46.5006784, 30.7155435]]], "df_ids": [52114]}