{"polygon": [[[46.501614, 30.7263749], [46.5013572, 30.7264589], [46.5014207, 30.7260442], [46.5015695, 30.7260111], [46.5015874, 30.7261519], [46.501614, 30.7263749]]], "df_ids": [236114]}