{"polygon": [[[46.4715035, 30.6749576], [46.4712955, 30.6748482], [46.4712823, 30.6749012], [46.47113, 30.6748215], [46.4710931, 30.6748013], [46.4708411, 30.6758], [46.4710892, 30.6759305], [46.4712409, 30.6760103], [46.4715035, 30.6749576]]], "df_ids": [28726]}