{"polygon": [[[46.5083567, 30.7187374], [46.5083422, 30.7189259], [46.508174, 30.7188985], [46.5081685, 30.7189695], [46.5080567, 30.7189513], [46.5080604, 30.7189034], [46.5076675, 30.7188395], [46.507664, 30.7188846], [46.5075531, 30.7188665], [46.5075591, 30.7187888], [46.5073722, 30.7187584], [46.507386, 30.7185794], [46.5083567, 30.7187374]]], "df_ids": [27401]}