{"polygon": [[[46.5022577, 30.7262222], [46.5022608, 30.7263081], [46.5023562, 30.7263008], [46.5024273, 30.7262955], [46.5024217, 30.7262138], [46.5024159, 30.7262124], [46.5024139, 30.7261547], [46.5023839, 30.726157], [46.5023859, 30.7262126], [46.5022577, 30.7262222]]], "df_ids": [137887]}