{"polygon": [[[46.5002023, 30.7257297], [46.4996953, 30.7258891], [46.4996633, 30.7256745], [46.5001704, 30.7255151], [46.5002023, 30.7257297]]], "df_ids": [27671]}