{"polygon": [[[46.5034474, 30.7231459], [46.5035915, 30.7231253], [46.5038162, 30.7230932], [46.5038066, 30.722955], [46.5035792, 30.7229858], [46.5033457, 30.7230174], [46.5033555, 30.723159], [46.5034474, 30.7231459]]], "df_ids": [27127]}