{"polygon": [[[46.4884241, 30.742941], [46.4885008, 30.743088], [46.4882061, 30.7434124], [46.4881294, 30.7432655], [46.4884241, 30.742941]]], "df_ids": [44971]}