{"polygon": [[[46.5035785, 30.7209498], [46.5034375, 30.7209658], [46.5034468, 30.7211393], [46.503508, 30.7211334], [46.5035875, 30.7211223], [46.5035805, 30.7209782], [46.5035785, 30.7209498]]], "df_ids": [173655]}