{"polygon": [[[46.4700178, 30.6744516], [46.4699691, 30.6744259], [46.4699464, 30.6744139], [46.469981, 30.6742754], [46.4695382, 30.6740417], [46.4692741, 30.6750969], [46.4697869, 30.6753674], [46.4698004, 30.6753134], [46.4700178, 30.6744516]]], "df_ids": [20164]}