{"polygon": [[[46.5088706, 30.7208352], [46.5088507, 30.7204336], [46.508043, 30.720518], [46.5080629, 30.7209196], [46.5088706, 30.7208352]]], "df_ids": [29070]}