{"polygon": [[[46.5015874, 30.7261519], [46.5019705, 30.7260921], [46.5020549, 30.7260786], [46.5020675, 30.7262622], [46.5020683, 30.726274], [46.5020688, 30.726282], [46.502075, 30.7262757], [46.5020938, 30.7262804], [46.5021049, 30.7263031], [46.5021016, 30.7263305], [46.502086, 30.7263465], [46.5020671, 30.7263418], [46.5020561, 30.7263191], [46.5020573, 30.7263093], [46.5016494, 30.7263702], [46.5016565, 30.7263952], [46.5016473, 30.7264104], [46.5016307, 30.7264191], [46.5016218, 30.7264189], [46.5016129, 30.7264117], [46.5016101, 30.7263934], [46.501614, 30.7263749], [46.5015874, 30.7261519]]], "df_ids": [2697]}