{"polygon": [[[46.502976, 30.7252304], [46.5029844, 30.7253602], [46.5029887, 30.7254247], [46.5028249, 30.7254498], [46.5026841, 30.7254666], [46.5026714, 30.7252723], [46.502976, 30.7252304]]], "df_ids": [30126]}