{"polygon": [[[46.4707071, 30.6744544], [46.4700976, 30.6741328], [46.4700178, 30.6744516], [46.4698004, 30.6753134], [46.4704142, 30.6756365], [46.4705028, 30.6752649], [46.4707071, 30.6744544]]], "df_ids": [28727]}