{"polygon": [[[46.5523898, 30.7162347], [46.5522868, 30.7162547], [46.552305, 30.716453], [46.5521893, 30.7164755], [46.5521715, 30.716282], [46.5520794, 30.7162999], [46.5521216, 30.716759], [46.5520062, 30.7167814], [46.551993, 30.7166368], [46.5518995, 30.716655], [46.5519363, 30.7170558], [46.5520312, 30.7170373], [46.5520138, 30.7168474], [46.5521277, 30.7168253], [46.552145, 30.7170141], [46.5522451, 30.7169947], [46.552203, 30.7165367], [46.5523108, 30.7165158], [46.5523543, 30.7169901], [46.5524573, 30.7169701], [46.5523898, 30.7162347]]], "df_ids": [63982]}