{"polygon": [[[46.391764, 30.7461336], [46.3918115, 30.746337], [46.3918266, 30.7464027], [46.3918288, 30.7464622], [46.3917899, 30.7465279], [46.391736, 30.7465467], [46.3916949, 30.746553], [46.3916388, 30.7465749], [46.3915935, 30.7464184], [46.3915784, 30.7462995], [46.3915697, 30.7462024], [46.3915309, 30.746168], [46.3915071, 30.7462118], [46.3912977, 30.7461868], [46.391287, 30.7461492], [46.3912783, 30.7460804], [46.3912826, 30.7460178], [46.3912891, 30.7459646], [46.3913064, 30.7459207], [46.3913237, 30.7458488], [46.3914014, 30.7458613], [46.3914402, 30.7458644], [46.391492, 30.7458738], [46.391533, 30.7458863], [46.3915568, 30.7459226], [46.3915827, 30.7459403], [46.3916056, 30.7458894], [46.3916102, 30.7458318], [46.3917354, 30.745595], [46.3917781, 30.7456327], [46.3918224, 30.7456415], [46.3918422, 30.7456725], [46.3918544, 30.7457101], [46.3918651, 30.7457433], [46.3918896, 30.7457787], [46.3918896, 30.7458341], [46.3917873, 30.7460133], [46.391743, 30.7460554], [46.3917354, 30.7460775], [46.391764, 30.7461336]]], "df_ids": [75059]}