{"polygon": [[[46.458771, 30.6772521], [46.4586864, 30.6773703], [46.4585183, 30.677117], [46.4586028, 30.6769988], [46.4586436, 30.6770602], [46.458771, 30.6772521]]], "df_ids": [30689]}