{"polygon": [[[46.466682, 30.6784952], [46.4669178, 30.677615], [46.4663058, 30.6772698], [46.4662923, 30.6773229], [46.4662112, 30.6776412], [46.4660793, 30.678155], [46.466682, 30.6784952]]], "df_ids": [51388]}