{"polygon": [[[46.3928809, 30.7468066], [46.3930365, 30.7470345], [46.3930175, 30.7470656], [46.3930134, 30.7471138], [46.3929965, 30.7471593], [46.3929663, 30.7471833], [46.3929294, 30.747187], [46.3929003, 30.7472194], [46.3927553, 30.7469687], [46.3924803, 30.7470337], [46.3924693, 30.7469796], [46.3924443, 30.7469388], [46.3924371, 30.7469058], [46.3924421, 30.746871], [46.3924554, 30.7468278], [46.3924517, 30.7467643], [46.3927013, 30.7467152], [46.3927746, 30.7463405], [46.3928179, 30.7463531], [46.3928523, 30.7463343], [46.3928883, 30.7463343], [46.3929165, 30.746361], [46.392929, 30.7464015], [46.392971, 30.7464157], [46.3928809, 30.7468066]]], "df_ids": [75060]}