{"polygon": [[[46.5374754, 30.7201049], [46.5370585, 30.7192089], [46.5371133, 30.7191497], [46.5370974, 30.7191186], [46.5372112, 30.7189958], [46.537227, 30.7190269], [46.5372799, 30.7189698], [46.5372981, 30.7190055], [46.5373156, 30.7189866], [46.5373597, 30.7190729], [46.5372165, 30.7192275], [46.5375797, 30.7200015], [46.5374754, 30.7201049]]], "df_ids": [27224]}