{"polygon": [[[46.4193914, 30.7529716], [46.4193597, 30.7529554], [46.4193786, 30.752878], [46.419418, 30.7527162], [46.4194441, 30.7526089], [46.419551, 30.7526636], [46.4194666, 30.7530099], [46.4194357, 30.7529941], [46.4194256, 30.7530357], [46.4193813, 30.753013], [46.4193914, 30.7529716]]], "df_ids": [7022]}