{"polygon": [[[46.3736448, 30.7329231], [46.373577, 30.7327623], [46.3730298, 30.733247], [46.3730976, 30.7334077], [46.3736448, 30.7329231]]], "df_ids": [151047]}