{"polygon": [[[46.4844324, 30.6889676], [46.484401, 30.6894607], [46.4842652, 30.6894425], [46.4842966, 30.6889494], [46.4844324, 30.6889676]]], "df_ids": [20176]}