{"polygon": [[[46.4848033, 30.6890215], [46.4847634, 30.6895394], [46.4846397, 30.6895193], [46.4846796, 30.6890013], [46.4848033, 30.6890215]]], "df_ids": [20175]}