{"polygon": [[[46.4909043, 30.7056747], [46.490991, 30.7054184], [46.4908389, 30.7053098], [46.4908011, 30.7054216], [46.4906892, 30.7053418], [46.4907217, 30.7052459], [46.4905973, 30.7051571], [46.4905648, 30.705253], [46.4904537, 30.7051737], [46.4905089, 30.7050107], [46.4903391, 30.7048895], [46.4902351, 30.705197], [46.4907468, 30.7055634], [46.4907945, 30.7055952], [46.4909043, 30.7056747]]], "df_ids": [27352]}