{"polygon": [[[46.3905455, 30.7318759], [46.3904927, 30.7322121], [46.3907379, 30.7327965], [46.3909671, 30.7328753], [46.3909572, 30.7329359], [46.390942, 30.7330288], [46.3907113, 30.7329497], [46.3906755, 30.7329208], [46.3906534, 30.7328678], [46.3906403, 30.7328793], [46.3903963, 30.7322943], [46.3904076, 30.7322843], [46.3903832, 30.732226], [46.3903906, 30.7321527], [46.3904435, 30.7318422], [46.3905455, 30.7318759]]], "df_ids": [161367]}