{"polygon": [[[46.4193156, 30.7403103], [46.4192336, 30.7403909], [46.4191709, 30.7402567], [46.4190666, 30.7403594], [46.419026, 30.7402727], [46.4190472, 30.7402518], [46.419026, 30.7402064], [46.4191092, 30.7401246], [46.4190515, 30.7400013], [46.4191335, 30.7399207], [46.4193156, 30.7403103]]], "df_ids": [151042]}