{"polygon": [[[46.4886597, 30.7033206], [46.488755, 30.7034907], [46.488195, 30.7041529], [46.4880997, 30.7039829], [46.4886597, 30.7033206]]], "df_ids": [74893]}