{"polygon": [[[46.3439747, 30.6955409], [46.3440578, 30.6955373], [46.3440597, 30.6955518], [46.3444842, 30.6955327], [46.3445226, 30.6955856], [46.3445106, 30.695612], [46.3445861, 30.6957241], [46.3445968, 30.6957077], [46.3446541, 30.6957796], [46.3446773, 30.696545], [46.3447704, 30.6965405], [46.3447679, 30.6964903], [46.3448189, 30.6964867], [46.3448145, 30.6963974], [46.3448289, 30.696391], [46.3448258, 30.6963364], [46.3448157, 30.6963364], [46.3448082, 30.6962061], [46.3447648, 30.6962088], [46.3447578, 30.6960083], [46.3448006, 30.6960065], [46.3447968, 30.6956931], [46.3447314, 30.6956038], [46.3447025, 30.6956448], [46.3446698, 30.6956011], [46.3448937, 30.6952575], [46.3448201, 30.6951546], [46.3445912, 30.6954908], [46.3445641, 30.6954589], [46.3445849, 30.6954134], [46.3445264, 30.6953222], [46.344305, 30.6953313], [46.344305, 30.6953605], [46.3441748, 30.6953614], [46.3441716, 30.6953304], [46.3440748, 30.6953377], [46.3440741, 30.6953213], [46.3440358, 30.6953231], [46.3440358, 30.6953414], [46.3439716, 30.6953468], [46.3439747, 30.6955409]]], "df_ids": [29471]}