{"polygon": [[[46.4055278, 30.7056468], [46.4053695, 30.7054951], [46.4050739, 30.7061436], [46.4052322, 30.7062954], [46.4055278, 30.7056468]]], "df_ids": [169404]}