{"polygon": [[[46.4797565, 30.6886433], [46.4796141, 30.688504], [46.4795621, 30.688616], [46.4795876, 30.6886409], [46.4795718, 30.6886749], [46.4795551, 30.6886586], [46.4795203, 30.6887336], [46.4795076, 30.6887212], [46.479466, 30.6888109], [46.4796123, 30.6889541], [46.4796528, 30.6888668], [46.4797171, 30.6889297], [46.4797861, 30.6887809], [46.4797218, 30.688718], [46.4797565, 30.6886433]]], "df_ids": [74779]}