{"polygon": [[[46.5110898, 30.6892091], [46.5110962, 30.6892167], [46.5111163, 30.6891805], [46.5111589, 30.6892303], [46.5111721, 30.6892065], [46.5111869, 30.6892238], [46.5112141, 30.6891746], [46.5114788, 30.6894838], [46.5114579, 30.6895216], [46.5114728, 30.6895391], [46.5114244, 30.6896267], [46.511155, 30.689312], [46.5107935, 30.6899652], [46.5107194, 30.6898786], [46.5110898, 30.6892091]]], "df_ids": [34476]}