{"polygon": [[[46.4795273, 30.6883965], [46.4793721, 30.6882486], [46.4793406, 30.6883183], [46.4792787, 30.6882593], [46.4792115, 30.6884079], [46.4792734, 30.6884669], [46.4792379, 30.6885455], [46.4793796, 30.6886806], [46.4794157, 30.6886008], [46.4793996, 30.6885855], [46.47945, 30.688474], [46.4794795, 30.6885022], [46.4795273, 30.6883965]]], "df_ids": [74780]}