{"polygon": [[[46.5104167, 30.6895945], [46.5103407, 30.6895025], [46.5107182, 30.6888448], [46.5104593, 30.688531], [46.5104964, 30.6884663], [46.5105165, 30.6884906], [46.5105446, 30.6884416], [46.5108063, 30.6887587], [46.5107798, 30.6888048], [46.510799, 30.6888281], [46.5107809, 30.6888597], [46.5108149, 30.6889008], [46.5104167, 30.6895945]]], "df_ids": [34478]}