{"polygon": [[[46.4911291, 30.7041461], [46.4911597, 30.7042418], [46.4911406, 30.7042547], [46.491182, 30.7043841], [46.4912053, 30.7043683], [46.4912372, 30.7044681], [46.4910327, 30.704606], [46.4909973, 30.7044954], [46.4910798, 30.7044398], [46.4910419, 30.7043213], [46.4909665, 30.7043721], [46.4909359, 30.7042763], [46.4911291, 30.7041461]]], "df_ids": [30092]}