{"polygon": [[[46.5486643, 30.751735], [46.5485732, 30.7518934], [46.548362, 30.7516364], [46.5484531, 30.7514781], [46.5486643, 30.751735]]], "df_ids": [30456]}