{"polygon": [[[46.478941, 30.6867679], [46.4787549, 30.6867832], [46.4787578, 30.6868585], [46.4787598, 30.6869081], [46.478785, 30.686906], [46.478795, 30.687161], [46.4789761, 30.6871461], [46.4789718, 30.6870342], [46.4789515, 30.6870359], [46.478941, 30.6867679]]], "df_ids": [74781]}