{"polygon": [[[46.3926451, 30.688866], [46.3927797, 30.6888377], [46.3927859, 30.6888994], [46.3928229, 30.6888916], [46.3928252, 30.6889151], [46.3928465, 30.6889106], [46.3928517, 30.6889633], [46.3928305, 30.6889677], [46.3928332, 30.6889943], [46.3927961, 30.6890021], [46.3928135, 30.6891755], [46.3926789, 30.6892038], [46.3926451, 30.688866]]], "df_ids": [28520]}