{"polygon": [[[46.4687083, 30.6584964], [46.4687439, 30.6583281], [46.4687098, 30.6583129], [46.4683064, 30.6581327], [46.4682707, 30.6583009], [46.4687083, 30.6584964]]], "df_ids": [64111]}