{"polygon": [[[46.4692203, 30.655245], [46.4693504, 30.6552317], [46.4693416, 30.6550492], [46.4693095, 30.6550524], [46.4692917, 30.6546844], [46.4694695, 30.6546663], [46.4694586, 30.6544401], [46.4692842, 30.6544579], [46.4692794, 30.6543584], [46.4691778, 30.6543688], [46.4692203, 30.655245]]], "df_ids": [63876]}