{"polygon": [[[46.4621615, 30.732771], [46.4620981, 30.7329075], [46.4620813, 30.7329461], [46.4617078, 30.73259], [46.4617863, 30.7324091], [46.4621615, 30.732771]]], "df_ids": [27526]}