{"polygon": [[[46.4106539, 30.6993488], [46.41048, 30.6993645], [46.4105111, 30.7000868], [46.4104636, 30.7000911], [46.4104692, 30.7002224], [46.4107223, 30.7001996], [46.4107168, 30.7000713], [46.410685, 30.7000741], [46.4106539, 30.6993488]]], "df_ids": [256674]}