{"polygon": [[[46.5575537, 30.7344595], [46.5577003, 30.7347082], [46.5573395, 30.7351578], [46.5572926, 30.7352161], [46.557148, 30.7349652], [46.5571837, 30.7349205], [46.5575537, 30.7344595]]], "df_ids": [51387]}