{"polygon": [[[46.4787549, 30.6867832], [46.4787539, 30.6867574], [46.4787354, 30.6867589], [46.4787242, 30.6864738], [46.4786398, 30.6864808], [46.4786408, 30.6865056], [46.4786181, 30.6865074], [46.4786169, 30.6864756], [46.4785581, 30.6864804], [46.4785594, 30.6865123], [46.4785313, 30.6865146], [46.4785332, 30.6865655], [46.4785353, 30.6866187], [46.4785603, 30.6866166], [46.4785704, 30.686874], [46.4787578, 30.6868585], [46.4787549, 30.6867832]]], "df_ids": [74782]}