{"polygon": [[[46.4928074, 30.7131914], [46.4928541, 30.7128125], [46.4928788, 30.7127865], [46.4930572, 30.7128303], [46.4930436, 30.7129601], [46.4929626, 30.7129461], [46.4929255, 30.7132273], [46.4928074, 30.7131914]]], "df_ids": [124554]}