{"polygon": [[[46.5491298, 30.7525518], [46.5487103, 30.7520567], [46.5488045, 30.7518879], [46.549224, 30.752383], [46.5491298, 30.7525518]]], "df_ids": [30457]}