{"polygon": [[[46.50941, 30.6841869], [46.5092466, 30.6844844], [46.5091819, 30.6844094], [46.5093452, 30.6841119], [46.50941, 30.6841869]]], "df_ids": [76406]}