{"polygon": [[[46.5104246, 30.6832459], [46.5102974, 30.6834818], [46.5102118, 30.6833842], [46.510339, 30.6831484], [46.5104246, 30.6832459]]], "df_ids": [77804]}