{"polygon": [[[46.4785313, 30.6865146], [46.4785235, 30.6865153], [46.4785212, 30.686457], [46.4785031, 30.6864585], [46.4784926, 30.6861909], [46.4784306, 30.686196], [46.4784311, 30.6862106], [46.4783953, 30.6862136], [46.4783946, 30.6861952], [46.4783337, 30.6862002], [46.4783346, 30.6862211], [46.4783093, 30.6862232], [46.4783133, 30.6863244], [46.4783365, 30.6863225], [46.4783472, 30.6865969], [46.4784153, 30.6865913], [46.4784146, 30.6865753], [46.4785332, 30.6865655], [46.4785313, 30.6865146]]], "df_ids": [74783]}