{"polygon": [[[46.4072723, 30.7339561], [46.4072896, 30.7341147], [46.4071619, 30.734144], [46.4071446, 30.7339854], [46.4072723, 30.7339561]]], "df_ids": [224711]}