{"polygon": [[[46.4929788, 30.712265], [46.4929404, 30.7125098], [46.4929564, 30.7125572], [46.493108, 30.7126018], [46.4931299, 30.7124397], [46.4930732, 30.7124228], [46.4930767, 30.7124007], [46.4930918, 30.7123047], [46.4929788, 30.712265]]], "df_ids": [124626]}