{"polygon": [[[46.5494269, 30.7528918], [46.5491777, 30.752613], [46.5492589, 30.7524595], [46.5493223, 30.7525305], [46.5493095, 30.7525548], [46.549437, 30.7526974], [46.5494474, 30.7526778], [46.5495057, 30.752743], [46.5494269, 30.7528918]]], "df_ids": [30458]}