{"polygon": [[[46.5091724, 30.6867898], [46.509193, 30.68689], [46.5091501, 30.6869087], [46.5091893, 30.6870991], [46.5092301, 30.6870814], [46.5092526, 30.6871911], [46.5090527, 30.6872778], [46.5090297, 30.6871659], [46.5090519, 30.6871563], [46.5090132, 30.6869681], [46.5089915, 30.6869775], [46.5089709, 30.6868773], [46.5091724, 30.6867898]]], "df_ids": [76413]}