{"polygon": [[[46.5101626, 30.682832], [46.5099366, 30.6832429], [46.509844, 30.6831355], [46.5100701, 30.6827245], [46.5101626, 30.682832]]], "df_ids": [76407]}