{"polygon": [[[46.5522686, 30.7549122], [46.5523024, 30.7551363], [46.5521036, 30.7551997], [46.5520698, 30.7549756], [46.5522686, 30.7549122]]], "df_ids": [43019]}