{"polygon": [[[46.5278766, 30.7309529], [46.5276145, 30.7305182], [46.5277315, 30.7303693], [46.5278113, 30.7305017], [46.5277765, 30.7305461], [46.5278803, 30.7307182], [46.527918, 30.7306702], [46.5279964, 30.7308002], [46.5278766, 30.7309529]]], "df_ids": [8901]}