{"polygon": [[[46.4567516, 30.7146863], [46.4567494, 30.7154933], [46.456807, 30.7154936], [46.4569442, 30.7154944], [46.4569464, 30.7146874], [46.4567516, 30.7146863]]], "df_ids": [147546]}