{"polygon": [[[46.5342376, 30.7302165], [46.5336664, 30.7308201], [46.5336034, 30.7306941], [46.5341746, 30.7300905], [46.5342376, 30.7302165]]], "df_ids": [51120]}