{"polygon": [[[46.4648657, 30.7379156], [46.4648473, 30.7382605], [46.4644357, 30.7382174], [46.4644466, 30.7380163], [46.464791, 30.7380557], [46.464799, 30.7379056], [46.4648657, 30.7379156]]], "df_ids": [37616]}