{"polygon": [[[46.5220764, 30.7274026], [46.5221053, 30.7272406], [46.5219487, 30.7271815], [46.5219559, 30.727141], [46.5218246, 30.7270915], [46.521783, 30.7273241], [46.5219109, 30.7273724], [46.5219163, 30.7273422], [46.5220764, 30.7274026]]], "df_ids": [30190]}