{"polygon": [[[46.4649706, 30.7365227], [46.4649617, 30.7366422], [46.4649538, 30.7367602], [46.4648468, 30.736745], [46.4647963, 30.736739], [46.4648001, 30.736676], [46.4648013, 30.7366619], [46.4648413, 30.7366676], [46.4648442, 30.7366253], [46.4648464, 30.7365918], [46.4645894, 30.7365553], [46.4645958, 30.7364625], [46.4647746, 30.7364949], [46.4648542, 30.7365071], [46.4649706, 30.7365227]]], "df_ids": [181525]}