{"polygon": [[[46.4583886, 30.7067253], [46.4583863, 30.7069515], [46.4582593, 30.7069488], [46.4582616, 30.7067226], [46.4583886, 30.7067253]]], "df_ids": [27219]}