{"polygon": [[[46.5126653, 30.7209234], [46.5125672, 30.7214779], [46.5124273, 30.7214257], [46.5125255, 30.7208712], [46.5125403, 30.7208767], [46.5126653, 30.7209234]]], "df_ids": [53242]}