{"polygon": [[[46.4587605, 30.6999386], [46.4588607, 30.6999386], [46.4588607, 30.700077], [46.4588845, 30.700077], [46.4588845, 30.7001312], [46.4588845, 30.7001843], [46.4588607, 30.7001843], [46.4588607, 30.7003298], [46.4587605, 30.7003298], [46.4587605, 30.7003216], [46.4587605, 30.7003149], [46.4587605, 30.6999498], [46.4587605, 30.6999386]]], "df_ids": [64290]}