{"polygon": [[[46.4619002, 30.7329173], [46.4618192, 30.7337625], [46.4617053, 30.7337472], [46.4616983, 30.7338051], [46.4616243, 30.7337898], [46.461629, 30.7337387], [46.4609054, 30.7335188], [46.4609242, 30.7329642], [46.4610123, 30.7329694], [46.4610228, 30.7329523], [46.4616297, 30.7330904], [46.4616591, 30.7329268], [46.4617072, 30.7329387], [46.4617107, 30.732879], [46.4619002, 30.7329173]]], "df_ids": [27529]}