{"polygon": [[[46.4607568, 30.7314973], [46.4605386, 30.7314822], [46.46051, 30.7323535], [46.4606191, 30.7323611], [46.4607282, 30.7323686], [46.4607413, 30.7319676], [46.4607568, 30.7314973]]], "df_ids": [126995]}