{"polygon": [[[46.4588102, 30.7066421], [46.4588112, 30.7068418], [46.4584881, 30.7068451], [46.4584871, 30.7066454], [46.4588102, 30.7066421]]], "df_ids": [157841]}