{"polygon": [[[46.4605655, 30.7045997], [46.4602643, 30.7045784], [46.4602721, 30.7041888], [46.4604341, 30.7041697], [46.4605629, 30.7041696], [46.4605655, 30.7045997]]], "df_ids": [29752]}