{"polygon": [[[46.5277126, 30.731662], [46.5276503, 30.7320757], [46.5275528, 30.7320447], [46.5275874, 30.7318145], [46.5273517, 30.7317395], [46.5273794, 30.731556], [46.5277126, 30.731662]]], "df_ids": [143132]}