{"polygon": [[[46.4592024, 30.6963778], [46.4590579, 30.6963941], [46.4590732, 30.6966798], [46.4590845, 30.6968919], [46.4590985, 30.6971519], [46.459243, 30.6971356], [46.4592024, 30.6963778]]], "df_ids": [19342]}