{"polygon": [[[46.4605655, 30.7045997], [46.4605905, 30.7045984], [46.4605923, 30.7046702], [46.4606099, 30.7046822], [46.4606187, 30.7047017], [46.4606187, 30.7047245], [46.4606113, 30.7047459], [46.4605919, 30.704756], [46.4605905, 30.7048137], [46.4605443, 30.7048164], [46.4605499, 30.705713], [46.4603177, 30.7057167], [46.4603216, 30.7056088], [46.4602682, 30.7056069], [46.4602643, 30.7045784], [46.4605655, 30.7045997]]], "df_ids": [169617]}