{"polygon": [[[46.4811537, 30.7494595], [46.4811438, 30.7495993], [46.4810096, 30.7495792], [46.4808248, 30.7495514], [46.4808056, 30.7495486], [46.4808156, 30.7494087], [46.4811537, 30.7494595]]], "df_ids": [152589]}