{"polygon": [[[46.452897, 30.7073893], [46.4530068, 30.7072544], [46.4530085, 30.7072141], [46.4526795, 30.7069503], [46.4526326, 30.7070738], [46.4526248, 30.7070944], [46.4528335, 30.7072678], [46.452897, 30.7073893]]], "df_ids": [126958]}