{"polygon": [[[46.4589859, 30.689408], [46.4588546, 30.6894266], [46.4588116, 30.6885411], [46.4588012, 30.6885209], [46.4587826, 30.6885091], [46.4584503, 30.6885428], [46.4584398, 30.6883607], [46.4587884, 30.6883202], [46.4588256, 30.6883236], [46.4588581, 30.6883522], [46.4589243, 30.6884534], [46.4589371, 30.6885007], [46.4589418, 30.6885698], [46.4589859, 30.689408]]], "df_ids": [32571]}