{"polygon": [[[46.4571472, 30.7058297], [46.4568306, 30.7058339], [46.45683, 30.7057451], [46.4567812, 30.7057458], [46.4567805, 30.7056255], [46.4563576, 30.7056311], [46.4563604, 30.7060801], [46.4563025, 30.7060809], [46.4563033, 30.706211], [46.4561907, 30.7062125], [46.4561915, 30.7063321], [46.4571503, 30.7063194], [46.4571472, 30.7058297]]], "df_ids": [195193]}