{"polygon": [[[46.45831, 30.6883698], [46.4579748, 30.6883937], [46.4579468, 30.6884104], [46.4579238, 30.6884509], [46.4579255, 30.6884986], [46.4579616, 30.689498], [46.4580849, 30.689498], [46.4580635, 30.6886274], [46.4580734, 30.688594], [46.4580914, 30.6885869], [46.4583198, 30.6885654], [46.45831, 30.6883698]]], "df_ids": [32569]}