{"polygon": [[[46.4586953, 30.6896169], [46.4587016, 30.6898006], [46.4581742, 30.6898388], [46.4581679, 30.689655], [46.4586953, 30.6896169]]], "df_ids": [162977]}