{"polygon": [[[46.4512414, 30.7094463], [46.4507772, 30.7099344], [46.4507301, 30.7099344], [46.4506998, 30.7099173], [46.4502222, 30.7094453], [46.4502606, 30.7093531], [46.4502438, 30.7093335], [46.4502791, 30.7092627], [46.450301, 30.7092871], [46.4503174, 30.709264], [46.4507251, 30.7096417], [46.4507584, 30.7096417], [46.4507894, 30.7096261], [46.4510975, 30.7092773], [46.4511154, 30.7092825], [46.4511428, 30.7092652], [46.4512022, 30.7093895], [46.451213, 30.7093792], [46.4512414, 30.7094463]]], "df_ids": [63219]}