{"polygon": [[[46.4588423, 30.7069748], [46.458938, 30.7071281], [46.4586939, 30.7074491], [46.4585982, 30.7072958], [46.4588423, 30.7069748]]], "df_ids": [6234]}