{"polygon": [[[46.4772964, 30.6898001], [46.4771683, 30.6900038], [46.47698, 30.6897541], [46.4770169, 30.6896954], [46.4771081, 30.6895504], [46.4772964, 30.6898001]]], "df_ids": [75404]}