{"polygon": [[[46.4648885, 30.7375974], [46.4647864, 30.737582], [46.4647752, 30.7377392], [46.4647637, 30.7379003], [46.464799, 30.7379056], [46.4648657, 30.7379156], [46.4648771, 30.7377565], [46.4648885, 30.7375974]]], "df_ids": [9172]}