{"polygon": [[[46.4791137, 30.7452292], [46.4790942, 30.7452781], [46.4790648, 30.745316], [46.4790138, 30.7453286], [46.4789605, 30.7453192], [46.4789399, 30.7453081], [46.4788997, 30.7453523], [46.4788562, 30.7453807], [46.4788062, 30.745387], [46.4787574, 30.7453728], [46.4786933, 30.745387], [46.4786368, 30.7454075], [46.4785966, 30.7454391], [46.4785661, 30.7454454], [46.4785303, 30.7454186], [46.478489, 30.7454107], [46.4784792, 30.7453412], [46.4784868, 30.7452497], [46.4784912, 30.7451204], [46.4785075, 30.7450825], [46.4785574, 30.7450683], [46.4786085, 30.7450825], [46.4786694, 30.7450935], [46.4787009, 30.7450967], [46.4787302, 30.7450131], [46.4787943, 30.7449847], [46.478878, 30.7449941], [46.4789377, 30.7450399], [46.4789551, 30.7450415], [46.4789779, 30.7450162], [46.4790225, 30.7450131], [46.4790724, 30.7450336], [46.4791105, 30.7450904], [46.4791202, 30.7451724], [46.4791137, 30.7452292]]], "df_ids": [161336]}