{"polygon": [[[46.4587071, 30.6878429], [46.4586992, 30.6875953], [46.4585608, 30.6876045], [46.4585644, 30.6877174], [46.4584853, 30.6877226], [46.4584829, 30.6876476], [46.4582749, 30.6876615], [46.4582772, 30.6877365], [46.4582064, 30.6877412], [46.4582024, 30.6876148], [46.4580446, 30.6876253], [46.4580529, 30.6878865], [46.4587071, 30.6878429]]], "df_ids": [28519]}