{"polygon": [[[46.5005361, 30.7152742], [46.5005097, 30.7154504], [46.5001709, 30.7153433], [46.5001973, 30.7151671], [46.5005361, 30.7152742]]], "df_ids": [64324]}