{"polygon": [[[46.4230565, 30.7673067], [46.423117, 30.7673644], [46.423118, 30.7673869], [46.423211, 30.7674979], [46.4232478, 30.7675092], [46.4232595, 30.7675471], [46.4232798, 30.7675752], [46.4232943, 30.7675935], [46.4232963, 30.7676132], [46.4233234, 30.7676272], [46.4233534, 30.7676244], [46.4233631, 30.7676104], [46.423367, 30.7675794], [46.4233835, 30.7675654], [46.4234, 30.7675583], [46.4234096, 30.7675373], [46.4234222, 30.7675232], [46.4234416, 30.7675232], [46.4235017, 30.7675007], [46.4235511, 30.767467], [46.4235879, 30.7674262], [46.4236141, 30.7673995], [46.4236364, 30.7673897], [46.423647, 30.7673756], [46.4236538, 30.7673348], [46.4236441, 30.7672899], [46.4236218, 30.7672702], [46.4236093, 30.7672561], [46.4236005, 30.7672154], [46.4235647, 30.7671099], [46.4235259, 30.7671338], [46.4234571, 30.7671858], [46.4234397, 30.7671549], [46.4233912, 30.7671858], [46.4233961, 30.7672224], [46.4233651, 30.7672421], [46.4233379, 30.7672322], [46.4233176, 30.7672083], [46.4233215, 30.7671788], [46.4232769, 30.7671296], [46.4232643, 30.7671521], [46.4231722, 30.7670565], [46.4230565, 30.7673067]]], "df_ids": [27023]}