{"polygon": [[[46.4224242, 30.7674923], [46.4224099, 30.7674619], [46.4224146, 30.7674257], [46.4224356, 30.767405], [46.4224605, 30.7674118], [46.4224801, 30.7673396], [46.4225189, 30.7672777], [46.422546, 30.7672215], [46.4225906, 30.7670992], [46.4226381, 30.7670022], [46.4226478, 30.7669671], [46.4226672, 30.7669727], [46.4226873, 30.7668915], [46.4227011, 30.7669095], [46.4227117, 30.7668476], [46.4227185, 30.7668279], [46.422734, 30.7668335], [46.4227515, 30.7667604], [46.4227747, 30.7667548], [46.4227834, 30.7667028], [46.422797, 30.7666803], [46.4228445, 30.7666972], [46.4229995, 30.7668504], [46.4230228, 30.7669095], [46.423015, 30.766946], [46.422983, 30.7669741], [46.4229908, 30.7670022], [46.4229579, 30.7670317], [46.4229453, 30.7670683], [46.4229104, 30.7671175], [46.4229084, 30.7671554], [46.4228687, 30.7672032], [46.4228765, 30.7672271], [46.4228348, 30.7672848], [46.4228416, 30.767303], [46.4227931, 30.7673537], [46.422797, 30.767379], [46.4227476, 30.7674169], [46.4227369, 30.7674549], [46.4227282, 30.7675139], [46.4226972, 30.7675715], [46.4226514, 30.7676093], [46.4226657, 30.7676397], [46.422661, 30.7676759], [46.42264, 30.7676966], [46.4226151, 30.7676898], [46.4226008, 30.7676594], [46.4226055, 30.7676232], [46.4225809, 30.7676264], [46.4225422, 30.7676081], [46.4225034, 30.7675729], [46.4224772, 30.7675308], [46.4224701, 30.7674784], [46.4224491, 30.7674991], [46.4224242, 30.7674923]]], "df_ids": [27022]}