{"polygon": [[[46.4239889, 30.7287845], [46.4240216, 30.7288697], [46.4240318, 30.7289464], [46.424034, 30.7290427], [46.424019, 30.729109], [46.4239344, 30.7291796], [46.4238489, 30.7291925], [46.4237864, 30.7291673], [46.4237457, 30.7290918], [46.4237285, 30.7289738], [46.4237297, 30.7288594], [46.4237795, 30.7287768], [46.423838, 30.7287456], [46.423929, 30.7287329], [46.4239889, 30.7287845]]], "df_ids": [74888]}