{"polygon": [[[46.4214928, 30.7256138], [46.4214931, 30.7256109], [46.4215058, 30.7255972], [46.4215215, 30.7256006], [46.421531, 30.725619], [46.4215286, 30.7256418], [46.421526, 30.7256446], [46.4216015, 30.7260924], [46.4213152, 30.7262011], [46.421257, 30.7257949], [46.4212293, 30.7257753], [46.4212698, 30.7256611], [46.4212972, 30.7256882], [46.4214928, 30.7256138]]], "df_ids": [29492]}