{"polygon": [[[46.5001973, 30.7151671], [46.5000909, 30.7151334], [46.5000107, 30.715108], [46.4999843, 30.7152842], [46.5000676, 30.7153106], [46.5001709, 30.7153433], [46.5001973, 30.7151671]]], "df_ids": [163089]}