{"polygon": [[[46.4234447, 30.7281375], [46.4234775, 30.7282227], [46.4234877, 30.7282994], [46.4234899, 30.7283957], [46.4234749, 30.728462], [46.4233903, 30.7285326], [46.4233048, 30.7285455], [46.4232423, 30.7285203], [46.4232016, 30.7284448], [46.4231844, 30.7283268], [46.4231856, 30.7282124], [46.4232354, 30.7281298], [46.4232939, 30.7280986], [46.4233849, 30.7280859], [46.4234447, 30.7281375]]], "df_ids": [74884]}