{"polygon": [[[46.5149926, 30.7242757], [46.5149303, 30.7246391], [46.5148662, 30.7246158], [46.5148611, 30.7246451], [46.5148467, 30.7247291], [46.5147921, 30.7247093], [46.5147986, 30.7246712], [46.5146283, 30.7246095], [46.5146229, 30.7246413], [46.5145731, 30.7246232], [46.5145926, 30.72451], [46.5145387, 30.7244904], [46.5145969, 30.7241512], [46.5146522, 30.7241713], [46.5146305, 30.7242978], [46.5148821, 30.724389], [46.5149069, 30.7242446], [46.5149926, 30.7242757]]], "df_ids": [30165]}