{"polygon": [[[46.4233152, 30.7275091], [46.4232305, 30.7276613], [46.4231586, 30.7277905], [46.4231835, 30.7278267], [46.4231799, 30.7278912], [46.4231016, 30.7280461], [46.4230732, 30.7280616], [46.4228898, 30.7278034], [46.4230055, 30.727584], [46.4229664, 30.7274316], [46.4230376, 30.727349], [46.4230573, 30.7273419], [46.4231586, 30.7273051], [46.4232209, 30.7273129], [46.4232556, 30.7273432], [46.4233081, 30.7274239], [46.4233152, 30.7275091]]], "df_ids": [74883]}