{"polygon": [[[46.4239131, 30.7273888], [46.4239458, 30.7274741], [46.423956, 30.7275507], [46.4239582, 30.7276471], [46.4239432, 30.7277133], [46.4238586, 30.7277839], [46.4237731, 30.7277968], [46.4237106, 30.7277717], [46.4236699, 30.7276961], [46.4236527, 30.7275781], [46.4236539, 30.7274638], [46.4237037, 30.7273811], [46.4237622, 30.7273499], [46.4238532, 30.7273372], [46.4239131, 30.7273888]]], "df_ids": [74885]}