{"polygon": [[[46.3854799, 30.7486852], [46.3854822, 30.7486848], [46.38549, 30.7486678], [46.3855007, 30.7486544], [46.3855135, 30.7486456], [46.3855278, 30.748642], [46.3855424, 30.7486442], [46.3855559, 30.7486521], [46.3855674, 30.7486651], [46.385576, 30.7486821], [46.3855811, 30.7487019], [46.3855823, 30.7487224], [46.3855796, 30.7487426], [46.3857253, 30.7488269], [46.385731, 30.7488062], [46.385821, 30.7488582], [46.3857501, 30.7491161], [46.3855227, 30.7489847], [46.3855149, 30.7490133], [46.3854017, 30.748948], [46.3854096, 30.7489194], [46.3851864, 30.7487905], [46.3852626, 30.7485136], [46.3853559, 30.7485675], [46.385345, 30.7486072], [46.3854799, 30.7486852]]], "df_ids": [32725]}