{"polygon": [[[46.4500646, 30.7152374], [46.449722, 30.7152223], [46.4497428, 30.7148064], [46.4498528, 30.7148154], [46.4498798, 30.7148757], [46.449884, 30.7149902], [46.4500667, 30.7150053], [46.4500646, 30.7152374]]], "df_ids": [28461]}