{"polygon": [[[46.4603054, 30.6926862], [46.4602943, 30.6923697], [46.4602081, 30.6923761], [46.4602058, 30.6923128], [46.4599836, 30.6923293], [46.4599866, 30.6924149], [46.4596167, 30.6924422], [46.4596319, 30.6928761], [46.4598541, 30.6928597], [46.4598492, 30.6927199], [46.4603054, 30.6926862]]], "df_ids": [29754]}