{"polygon": [[[46.4621272, 30.7151288], [46.4620345, 30.7152706], [46.4618163, 30.7149418], [46.4619146, 30.7147986], [46.4621272, 30.7151288]]], "df_ids": [145765]}