{"polygon": [[[46.4592018, 30.7154965], [46.4589568, 30.7154898], [46.4589554, 30.715596], [46.459016, 30.7155977], [46.4590148, 30.7156834], [46.459034, 30.7156839], [46.4590328, 30.715779], [46.4591599, 30.7157824], [46.4591622, 30.7156031], [46.4592004, 30.7156041], [46.4592018, 30.7154965]]], "df_ids": [113945]}