{"polygon": [[[46.4981564, 30.7268033], [46.4981491, 30.7267539], [46.4981309, 30.7266295], [46.4976456, 30.7267798], [46.4976711, 30.7269536], [46.4981564, 30.7268033]]], "df_ids": [7297]}