{"polygon": [[[46.4973397, 30.7157244], [46.4973232, 30.7157135], [46.4972076, 30.7156373], [46.4970888, 30.7160088], [46.4972265, 30.7160945], [46.4973397, 30.7157244]]], "df_ids": [5845]}