{"polygon": [[[46.4988814, 30.7264099], [46.4989161, 30.726631], [46.4983876, 30.7268059], [46.4983691, 30.726688], [46.4983529, 30.7265847], [46.4988814, 30.7264099]]], "df_ids": [51401]}