{"polygon": [[[46.460221, 30.7148693], [46.4602203, 30.7149735], [46.4602378, 30.7150344], [46.4602666, 30.7150407], [46.4602666, 30.7152373], [46.4602107, 30.7153134], [46.460209, 30.715359], [46.4600806, 30.7153641], [46.4600771, 30.7153197], [46.460015, 30.7152588], [46.4600185, 30.7150458], [46.4600404, 30.7150471], [46.4600561, 30.7149938], [46.4600566, 30.7148539], [46.4600963, 30.714853], [46.4600942, 30.7148237], [46.4601906, 30.7148315], [46.4601911, 30.7148675], [46.460221, 30.7148693]]], "df_ids": [8635]}