{"polygon": [[[46.4488742, 30.7383685], [46.44891, 30.7383503], [46.448914, 30.7383734], [46.4489441, 30.7384858], [46.4490102, 30.7387663], [46.4488863, 30.7388292], [46.4488366, 30.7386226], [46.4484048, 30.7388416], [46.4484154, 30.7388856], [46.4482001, 30.7389947], [46.4481895, 30.7389508], [46.4477538, 30.7391718], [46.4478054, 30.7393859], [46.4476699, 30.7394546], [46.4475679, 30.7390134], [46.4475883, 30.7380878], [46.4477309, 30.738113], [46.4477085, 30.7389598], [46.4481793, 30.738721], [46.4481291, 30.7385546], [46.4480995, 30.7385647], [46.4478943, 30.7377774], [46.4479122, 30.7377727], [46.4480103, 30.7377198], [46.4480682, 30.7376966], [46.4481358, 30.737969], [46.4481868, 30.7381637], [46.4482664, 30.738484], [46.4482334, 30.7384966], [46.4482791, 30.7386675], [46.448738, 30.7384376], [46.4485941, 30.7379219], [46.4485593, 30.7377906], [46.448496, 30.7375654], [46.448649, 30.7374897], [46.4488742, 30.7383685]]], "df_ids": [34802]}