{"polygon": [[[46.4450304, 30.738325], [46.4449916, 30.7385461], [46.4444355, 30.7383403], [46.4444744, 30.7381193], [46.4450304, 30.738325]]], "df_ids": [33624]}