{"polygon": [[[46.49784, 30.7235637], [46.4978172, 30.723516], [46.4975344, 30.7234014], [46.497499, 30.7235909], [46.4975798, 30.7236278], [46.4977115, 30.7236819], [46.4977429, 30.7238639], [46.4977529, 30.7239218], [46.4978843, 30.7238716], [46.49784, 30.7235637]]], "df_ids": [6355]}