{"polygon": [[[46.4591817, 30.7160717], [46.4591699, 30.7158236], [46.4590391, 30.7158367], [46.4590409, 30.7158728], [46.4587138, 30.7159056], [46.4587239, 30.7161176], [46.4591817, 30.7160717]]], "df_ids": [113947]}