{"polygon": [[[46.4473664, 30.7473812], [46.4471476, 30.7467216], [46.4463547, 30.7472756], [46.4464953, 30.7476996], [46.4466173, 30.7476144], [46.4465482, 30.7474059], [46.4465345, 30.7474155], [46.4465135, 30.7473522], [46.4465367, 30.747336], [46.4465443, 30.747359], [46.4470775, 30.7469865], [46.4470714, 30.7469681], [46.4470934, 30.7469527], [46.4471141, 30.7470151], [46.447101, 30.7470243], [46.4472324, 30.7474204], [46.4472504, 30.7474078], [46.447265, 30.747452], [46.4473664, 30.7473812]]], "df_ids": [169255]}