{"polygon": [[[46.4724555, 30.7510535], [46.4723366, 30.7510359], [46.4722594, 30.7521355], [46.4723783, 30.7521531], [46.4724555, 30.7510535]]], "df_ids": [74577]}