{"polygon": [[[46.3879782, 30.7455932], [46.3879806, 30.7457141], [46.3879939, 30.7457136], [46.387993, 30.7457471], [46.3880191, 30.7457515], [46.3880365, 30.7457671], [46.3880529, 30.7457841], [46.3880759, 30.7458427], [46.3880805, 30.7458887], [46.3880831, 30.7459562], [46.3881388, 30.7459493], [46.3881481, 30.7462657], [46.3879786, 30.7462711], [46.387969, 30.7459637], [46.3880507, 30.7459547], [46.3880478, 30.7458798], [46.3880368, 30.7458373], [46.3880148, 30.7458056], [46.3879904, 30.7457978], [46.3879949, 30.7458593], [46.3879435, 30.7458604], [46.387943, 30.7458353], [46.3878673, 30.7458385], [46.3878679, 30.7458684], [46.3878057, 30.745871], [46.3878028, 30.7458012], [46.3877717, 30.7458075], [46.3877471, 30.7458421], [46.3877398, 30.7458694], [46.3877391, 30.7459187], [46.387742, 30.745968], [46.3878013, 30.7459638], [46.3878107, 30.7462879], [46.3876537, 30.7463026], [46.3876436, 30.7459795], [46.3877109, 30.7459711], [46.387708, 30.7459124], [46.3877116, 30.7458547], [46.387721, 30.7458117], [46.387742, 30.7457833], [46.3877717, 30.7457634], [46.3878028, 30.745755], [46.3878029, 30.7457314], [46.3878174, 30.7457308], [46.3878148, 30.7456], [46.3879782, 30.7455932]]], "df_ids": [27938]}