{"polygon": [[[46.3873767, 30.7496285], [46.3873828, 30.7495841], [46.3874311, 30.7495979], [46.3874533, 30.7494345], [46.387405, 30.7494207], [46.3874108, 30.7493785], [46.3872281, 30.7493262], [46.3871941, 30.7495762], [46.3873767, 30.7496285]]], "df_ids": [28469]}