{"polygon": [[[46.4587281, 30.7578916], [46.4587782, 30.757985], [46.4587565, 30.7580094], [46.4589654, 30.758399], [46.4588516, 30.7585276], [46.4587767, 30.758388], [46.458634, 30.7585493], [46.4587167, 30.7587036], [46.4585425, 30.7589005], [46.4583733, 30.7585851], [46.4584132, 30.7585399], [46.4583155, 30.7583577], [46.4584224, 30.758237], [46.4583949, 30.7581858], [46.4584306, 30.7581454], [46.4584581, 30.7581966], [46.4587281, 30.7578916]]], "df_ids": [34147]}