{"polygon": [[[46.4588625, 30.7592438], [46.4587998, 30.7589719], [46.4585538, 30.7590914], [46.4585357, 30.7590127], [46.4584482, 30.7590552], [46.4585115, 30.7593297], [46.4585638, 30.7593043], [46.4585814, 30.7593804], [46.4588625, 30.7592438]]], "df_ids": [1924]}