{"polygon": [[[46.4629537, 30.7336945], [46.4629182, 30.7340704], [46.4630004, 30.7340898], [46.4630115, 30.7340107], [46.4631004, 30.7340285], [46.4630969, 30.7340889], [46.4630896, 30.7342123], [46.4630726, 30.7342084], [46.4627848, 30.7341817], [46.4628437, 30.7336155], [46.4629015, 30.7336284], [46.4629004, 30.7336768], [46.4629537, 30.7336945]]], "df_ids": [51456]}