{"polygon": [[[46.4631552, 30.7575813], [46.46316, 30.757603], [46.4632358, 30.7575676], [46.4632572, 30.7576643], [46.4631814, 30.7576997], [46.4631874, 30.7577267], [46.4630876, 30.7577733], [46.4630815, 30.7577458], [46.4630461, 30.7577623], [46.4630253, 30.7576684], [46.4630607, 30.7576518], [46.4630554, 30.7576279], [46.4631552, 30.7575813]]], "df_ids": [33270]}