{"polygon": [[[46.4403208, 30.747339], [46.4403094, 30.7471582], [46.4402639, 30.7471643], [46.4402646, 30.7471256], [46.4401534, 30.747134], [46.4401549, 30.7471787], [46.44007, 30.74719], [46.4400814, 30.7473708], [46.4403208, 30.747339]]], "df_ids": [28897]}