{"polygon": [[[46.4851175, 30.6857268], [46.484951, 30.6854528], [46.4848607, 30.6855687], [46.4849477, 30.6857119], [46.4847952, 30.6859075], [46.4847326, 30.6858044], [46.484625, 30.6859424], [46.4847671, 30.6861762], [46.4851175, 30.6857268]]], "df_ids": [63234]}