{"polygon": [[[46.4426283, 30.7278594], [46.4425902, 30.7284575], [46.4425607, 30.7284716], [46.4422807, 30.7284427], [46.4422705, 30.7286518], [46.4425505, 30.7286806], [46.4425913, 30.7287412], [46.4425652, 30.7292085], [46.4427098, 30.7292255], [46.442736, 30.7287583], [46.442778, 30.7287255], [46.4431097, 30.728773], [46.4431235, 30.7285692], [46.4427918, 30.7285217], [46.442762, 30.7284806], [46.4427638, 30.7284668], [46.4427673, 30.7283968], [46.4427949, 30.7284005], [46.4428276, 30.7278861], [46.4426283, 30.7278594]]], "df_ids": [5842]}