{"polygon": [[[46.4576146, 30.7283365], [46.4578425, 30.7283527], [46.4578357, 30.7285538], [46.4576078, 30.7285376], [46.4576146, 30.7283365]]], "df_ids": [220332]}