{"polygon": [[[46.459603, 30.7255404], [46.4596501, 30.7253373], [46.4596296, 30.7253273], [46.4597648, 30.7247441], [46.4596046, 30.7246659], [46.4594695, 30.7252491], [46.4593705, 30.7252008], [46.4593854, 30.7251366], [46.4592936, 30.7250917], [46.4592788, 30.725156], [46.4590055, 30.7250225], [46.4590864, 30.7246736], [46.4590023, 30.7246326], [46.4588744, 30.7251846], [46.4592487, 30.7253674], [46.4592352, 30.7254256], [46.4593258, 30.7254698], [46.4593393, 30.7254116], [46.459603, 30.7255404]]], "df_ids": [9183, 198761]}