{"polygon": [[[46.4859008, 30.6845576], [46.4858843, 30.6847573], [46.4856929, 30.6847238], [46.4857095, 30.6845241], [46.4859008, 30.6845576]]], "df_ids": [20150]}