{"polygon": [[[46.4840914, 30.6827825], [46.4839108, 30.6830367], [46.483834, 30.6829216], [46.4839174, 30.6828042], [46.4838967, 30.6827732], [46.4839939, 30.6826364], [46.4840914, 30.6827825]]], "df_ids": [76099]}