{"polygon": [[[46.4850011, 30.684992], [46.484978, 30.6850282], [46.4850223, 30.6850979], [46.4849928, 30.6851475], [46.4850048, 30.6851784], [46.4848893, 30.6853232], [46.4848173, 30.6852079], [46.4848386, 30.6851811], [46.4848219, 30.6851475], [46.4848561, 30.6851073], [46.4848533, 30.6850456], [46.4848164, 30.6849973], [46.4848386, 30.6849665], [46.4848044, 30.6848941], [46.4847545, 30.6849584], [46.4847314, 30.6849115], [46.4846936, 30.6849048], [46.4846569, 30.6849657], [46.4845551, 30.6847921], [46.4845918, 30.6847344], [46.4845885, 30.6846886], [46.4844862, 30.6845075], [46.4844535, 30.6844904], [46.4844086, 30.6845359], [46.4843944, 30.6845127], [46.4843425, 30.6845753], [46.4843633, 30.6846115], [46.4843074, 30.684679], [46.4843219, 30.6847043], [46.4842582, 30.6847813], [46.484251, 30.6847687], [46.4842225, 30.6848031], [46.4842012, 30.684766], [46.4841672, 30.684807], [46.4840849, 30.6846634], [46.4844105, 30.6842699], [46.484425, 30.6842953], [46.4844713, 30.6842394], [46.4845071, 30.6843019], [46.4845449, 30.6842562], [46.4850011, 30.684992]]], "df_ids": [63231]}