{"polygon": [[[46.479522, 30.6867849], [46.4795008, 30.6867492], [46.4796328, 30.6865781], [46.4798069, 30.6868424], [46.4796783, 30.6870206], [46.479522, 30.6867849]]], "df_ids": [169242]}