{"polygon": [[[46.4566602, 30.7145004], [46.456471, 30.7144955], [46.4564629, 30.7151513], [46.4566521, 30.7151562], [46.4566602, 30.7145004]]], "df_ids": [147545]}