{"polygon": [[[46.4980636, 30.7218773], [46.4979057, 30.7218254], [46.4978674, 30.7218383], [46.4978473, 30.7218713], [46.4978558, 30.7219519], [46.4978727, 30.7221119], [46.497879, 30.7221705], [46.4978838, 30.7222162], [46.4978927, 30.7223003], [46.4979009, 30.7223802], [46.4979107, 30.7224723], [46.4979165, 30.7225257], [46.4979194, 30.7225505], [46.498214, 30.7226491], [46.4982344, 30.722529], [46.4980279, 30.722087], [46.4980636, 30.7218773]]], "df_ids": [51311]}