{"polygon": [[[46.4862292, 30.6846069], [46.4862135, 30.6848167], [46.486014, 30.6847852], [46.4860297, 30.6845753], [46.4862292, 30.6846069]]], "df_ids": [20152]}