{"polygon": [[[46.4502853, 30.7193115], [46.4502852, 30.7194346], [46.4503052, 30.7194346], [46.4503052, 30.7195414], [46.4501893, 30.7195414], [46.4501894, 30.7194357], [46.4502039, 30.7194357], [46.4502039, 30.7193529], [46.450217, 30.7193529], [46.450217, 30.7193114], [46.4502853, 30.7193115]]], "df_ids": [4473]}