{"polygon": [[[46.5629273, 30.724915], [46.5630032, 30.7254808], [46.5629839, 30.7254863], [46.5629888, 30.7255229], [46.5629273, 30.7255404], [46.5629224, 30.7255038], [46.5628392, 30.7255274], [46.5628435, 30.7255594], [46.562759, 30.7255834], [46.5627547, 30.7255514], [46.5626704, 30.7255753], [46.5626755, 30.7256137], [46.5625912, 30.7256411], [46.5625859, 30.7256082], [46.5625686, 30.7254546], [46.5625468, 30.7254598], [46.5625439, 30.7254342], [46.5624972, 30.7250824], [46.5626365, 30.7250418], [46.5626751, 30.7253294], [46.5628505, 30.7252796], [46.5628122, 30.7249941], [46.5628305, 30.7249889], [46.5628245, 30.7249442], [46.5629273, 30.724915]]], "df_ids": [29107]}