{"polygon": [[[46.4838413, 30.6831215], [46.4836607, 30.6833858], [46.4835861, 30.6832784], [46.4836745, 30.6831491], [46.4837188, 30.6830843], [46.4837668, 30.683014], [46.4838413, 30.6831215]]], "df_ids": [76098]}