{"polygon": [[[46.3878187, 30.7202826], [46.3878475, 30.7200135], [46.3878868, 30.7200223], [46.387894, 30.7199552], [46.3879698, 30.7199723], [46.3879629, 30.7200365], [46.3879955, 30.7200438], [46.3879827, 30.7201628], [46.3879501, 30.7201554], [46.3879337, 30.7203085], [46.3878187, 30.7202826]]], "df_ids": [70243]}