{"polygon": [[[46.4836194, 30.6950016], [46.483953, 30.6950552], [46.4839626, 30.6949288], [46.4837306, 30.6948915], [46.4837693, 30.6943837], [46.4840638, 30.6944311], [46.4840802, 30.6942164], [46.4837938, 30.6941703], [46.4837918, 30.6941967], [46.4836822, 30.6941791], [46.4836194, 30.6950016]]], "df_ids": [26974]}