{"polygon": [[[46.4501159, 30.7195222], [46.4500281, 30.7195225], [46.450032, 30.7193352], [46.4501175, 30.7193367], [46.4501159, 30.7195222]]], "df_ids": [192663]}