{"polygon": [[[46.4628314, 30.6877877], [46.4624766, 30.6870697], [46.4627003, 30.6868134], [46.462758, 30.6868362], [46.4630866, 30.6875213], [46.4628314, 30.6877877]]], "df_ids": [33130]}