{"polygon": [[[46.5805861, 30.7859256], [46.5805448, 30.7860828], [46.5805348, 30.7861209], [46.5804337, 30.7860646], [46.580485, 30.7858694], [46.5805861, 30.7859256]]], "df_ids": [27809]}