{"polygon": [[[46.5710498, 30.7812193], [46.5709173, 30.7817206], [46.5708815, 30.7817006], [46.5708218, 30.7819263], [46.5707717, 30.7818983], [46.5708345, 30.7816606], [46.5708018, 30.7816424], [46.5708312, 30.7815312], [46.5708161, 30.7815227], [46.570916, 30.7811445], [46.5710498, 30.7812193]]], "df_ids": [74878]}