{"polygon": [[[46.4664674, 30.6194162], [46.4660656, 30.6194955], [46.4660463, 30.6192892], [46.466212, 30.6192565], [46.4662088, 30.6192223], [46.4663057, 30.6192032], [46.4663089, 30.6192374], [46.4664481, 30.6192099], [46.4664674, 30.6194162]]], "df_ids": [76097]}