{"polygon": [[[46.4634893, 30.6883098], [46.4634683, 30.6883301], [46.4635041, 30.688408], [46.4634653, 30.6884455], [46.4634826, 30.688483], [46.4633909, 30.6885606], [46.4632828, 30.6886637], [46.4632567, 30.6886834], [46.463169, 30.6884802], [46.4632408, 30.6884108], [46.4632505, 30.6884318], [46.4633554, 30.6883303], [46.4632674, 30.6881389], [46.4631545, 30.6882482], [46.4631701, 30.6882821], [46.4631011, 30.6883489], [46.4629963, 30.6881205], [46.4630556, 30.6880631], [46.4632217, 30.6879023], [46.4632505, 30.687965], [46.4633062, 30.6879111], [46.4634893, 30.6883098]]], "df_ids": [33132]}