{"polygon": [[[46.4727617, 30.6358478], [46.4727182, 30.6358513], [46.4727156, 30.6357814], [46.4727087, 30.6355978], [46.4726505, 30.6356024], [46.4726474, 30.6355187], [46.4726245, 30.6355205], [46.4726152, 30.6352723], [46.4726361, 30.6352706], [46.4726327, 30.6351807], [46.4727262, 30.6351733], [46.4727228, 30.6350838], [46.4730728, 30.6350561], [46.4730782, 30.6352015], [46.4728075, 30.6352229], [46.4728191, 30.635533], [46.4730903, 30.6355116], [46.4730957, 30.6356572], [46.4727556, 30.6356841], [46.4727591, 30.6357793], [46.4727617, 30.6358478]]], "df_ids": [74119]}