{"polygon": [[[46.3938726, 30.724665], [46.3938699, 30.7247315], [46.3938718, 30.7251082], [46.3944431, 30.7251023], [46.394441, 30.7246615], [46.3938726, 30.724665]]], "df_ids": [26988]}