{"polygon": [[[46.4942985, 30.6927517], [46.494256, 30.6932484], [46.4941132, 30.6932226], [46.4941295, 30.6930317], [46.4941357, 30.6929592], [46.4941556, 30.6927259], [46.4942985, 30.6927517]]], "df_ids": [248937]}