{"polygon": [[[46.4700012, 30.6650905], [46.4699628, 30.6652831], [46.469915, 30.665263], [46.4698709, 30.665484], [46.4700185, 30.6655461], [46.4699877, 30.6657007], [46.4696151, 30.6655441], [46.4696467, 30.6653856], [46.4697833, 30.6654431], [46.4698266, 30.6652258], [46.4694971, 30.6650856], [46.469527, 30.6649346], [46.4695351, 30.6648946], [46.4700012, 30.6650905]]], "df_ids": [80407]}