{"polygon": [[[46.469527, 30.6649346], [46.4694971, 30.6650856], [46.4693669, 30.6650314], [46.4693508, 30.6651127], [46.4691725, 30.6650385], [46.4691896, 30.6649516], [46.4690629, 30.6648989], [46.4690928, 30.6647475], [46.4692296, 30.6648045], [46.4692351, 30.6647764], [46.4693948, 30.6648428], [46.4693881, 30.6648768], [46.469527, 30.6649346]]], "df_ids": [27351]}