{"polygon": [[[46.4695816, 30.6715054], [46.4694331, 30.6720885], [46.4693045, 30.6720194], [46.4692979, 30.6720451], [46.4688761, 30.6718186], [46.4690296, 30.6712158], [46.469163, 30.6712874], [46.4691213, 30.6714511], [46.4690929, 30.6714358], [46.4690255, 30.6717003], [46.4693624, 30.6718812], [46.469473, 30.6714471], [46.4695816, 30.6715054]]], "df_ids": [20211]}