{"polygon": [[[46.4855605, 30.7198066], [46.4855369, 30.7198166], [46.485562, 30.7199417], [46.485527, 30.7199565], [46.4854937, 30.7199706], [46.4854686, 30.7198454], [46.4854358, 30.7198593], [46.4853797, 30.7195795], [46.4855043, 30.7195267], [46.4855605, 30.7198066]]], "df_ids": [6752]}