{"polygon": [[[46.4427799, 30.7614778], [46.4429651, 30.7620552], [46.4428599, 30.7621419], [46.4428524, 30.7621378], [46.4428465, 30.762128], [46.4428444, 30.7621139], [46.4428454, 30.7620992], [46.4428796, 30.7620749], [46.4427539, 30.7617286], [46.4425335, 30.7618892], [46.4425387, 30.7619112], [46.4425161, 30.7619293], [46.4425253, 30.7619614], [46.4425259, 30.7619979], [46.4425053, 30.7620302], [46.4424768, 30.7620473], [46.4424499, 30.7620399], [46.4424288, 30.7620057], [46.4423886, 30.7620241], [46.4423776, 30.761999], [46.4422038, 30.7621201], [46.4423217, 30.7624477], [46.442346, 30.7624384], [46.4423558, 30.7624435], [46.4423635, 30.7624581], [46.4423657, 30.7624718], [46.4423623, 30.7624915], [46.4422521, 30.7625658], [46.4420581, 30.761991], [46.4424977, 30.7616784], [46.4424897, 30.7616548], [46.4427033, 30.7615029], [46.4427113, 30.7615265], [46.4427799, 30.7614778]]], "df_ids": [34154]}