{"polygon": [[[46.4931814, 30.6936325], [46.4930982, 30.6936182], [46.4931011, 30.6935831], [46.4928611, 30.6935419], [46.4928585, 30.6935732], [46.4927685, 30.6935578], [46.4927818, 30.6933875], [46.4929439, 30.6934152], [46.4929493, 30.6933488], [46.4930395, 30.6933642], [46.4930338, 30.693435], [46.4931952, 30.6934627], [46.4931829, 30.6936144], [46.4931814, 30.6936325]]], "df_ids": [193001]}