{"polygon": [[[46.4697241, 30.6709], [46.4696145, 30.6713701], [46.4694833, 30.6713056], [46.4695929, 30.6708355], [46.4697241, 30.6709]]], "df_ids": [89593]}