{"polygon": [[[46.4461901, 30.7671571], [46.4463504, 30.7671624], [46.4463488, 30.7672643], [46.4463091, 30.767263], [46.4463058, 30.767478], [46.4464166, 30.7674817], [46.4464145, 30.7676167], [46.446183, 30.767609], [46.4461881, 30.7673478], [46.4461901, 30.7671571]]], "df_ids": [34288]}