{"polygon": [[[46.5574479, 30.7774833], [46.5573573, 30.7768747], [46.5573922, 30.7768637], [46.5573806, 30.7767852], [46.5574653, 30.7767585], [46.5574769, 30.7768369], [46.5577768, 30.7767425], [46.557805, 30.7769318], [46.5575922, 30.7769988], [46.5575882, 30.7769714], [46.5575065, 30.7769972], [46.557573, 30.777444], [46.5574479, 30.7774833]]], "df_ids": [30453]}