{"polygon": [[[46.4862107, 30.7370877], [46.4863383, 30.7371076], [46.4863417, 30.7370615], [46.4863505, 30.7369422], [46.4862229, 30.7369224], [46.4862107, 30.7370877]]], "df_ids": [7250]}