{"polygon": [[[46.5579734, 30.7794349], [46.5577003, 30.7795202], [46.5576636, 30.7792715], [46.5577183, 30.7792544], [46.5576943, 30.7790919], [46.557739, 30.779078], [46.5577178, 30.7789344], [46.5577696, 30.7789182], [46.557746, 30.7787585], [46.5578679, 30.7787205], [46.5579734, 30.7794349]]], "df_ids": [30455]}