{"polygon": [[[46.4864771, 30.7340445], [46.4863105, 30.7340202], [46.4862832, 30.7344152], [46.4864351, 30.7344374], [46.4864498, 30.7344395], [46.4864771, 30.7340445]]], "df_ids": [45220]}