{"polygon": [[[46.5576512, 30.7758791], [46.5574341, 30.7759424], [46.5574306, 30.7759172], [46.5573496, 30.7759408], [46.5573598, 30.7760146], [46.5572628, 30.7760429], [46.557253, 30.7759719], [46.5572213, 30.7759812], [46.5571403, 30.7753932], [46.5572701, 30.7753553], [46.557329, 30.7757821], [46.5576259, 30.7756955], [46.5576512, 30.7758791]]], "df_ids": [30452]}