{"polygon": [[[46.558833, 30.7776778], [46.5587122, 30.7777056], [46.5586364, 30.7770109], [46.5587571, 30.776983], [46.558833, 30.7776778]]], "df_ids": [30454]}