{"polygon": [[[46.4635612, 30.7521319], [46.4635488, 30.752287], [46.4635053, 30.7522798], [46.4634995, 30.7523527], [46.4630675, 30.7522803], [46.4630856, 30.7520522], [46.4633374, 30.7520944], [46.4633391, 30.7520735], [46.4633977, 30.7520833], [46.463396, 30.7521042], [46.4635612, 30.7521319]]], "df_ids": [30967]}