{"polygon": [[[46.4627018, 30.7534189], [46.462709, 30.7532839], [46.462735, 30.7532868], [46.462742, 30.7531555], [46.4632218, 30.7532094], [46.4632139, 30.7533573], [46.463241, 30.7533604], [46.4632351, 30.7534703], [46.463126, 30.753458], [46.4631285, 30.7534106], [46.4628147, 30.7533754], [46.4628117, 30.7534312], [46.4627018, 30.7534189]]], "df_ids": [30955]}