{"polygon": [[[46.4433529, 30.7411799], [46.4430048, 30.7413615], [46.442945, 30.7411203], [46.4429956, 30.7410939], [46.4430105, 30.7411541], [46.4432463, 30.741031], [46.4432314, 30.740971], [46.4432931, 30.7409388], [46.4433529, 30.7411799]]], "df_ids": [45981]}