{"polygon": [[[46.4646406, 30.7517507], [46.4645484, 30.7517411], [46.4645349, 30.7520137], [46.4646272, 30.7520233], [46.4646406, 30.7517507]]], "df_ids": [30952]}