{"polygon": [[[46.4542281, 30.7402358], [46.4542903, 30.7404328], [46.4541992, 30.7404933], [46.4541371, 30.7402963], [46.4542281, 30.7402358]]], "df_ids": [151698]}