{"polygon": [[[46.4627259, 30.7526574], [46.4628574, 30.7526712], [46.4628549, 30.752723], [46.4631552, 30.7527546], [46.4631576, 30.7527063], [46.4632694, 30.7527181], [46.4632643, 30.7528195], [46.4632281, 30.7528157], [46.4632216, 30.7529452], [46.4627363, 30.7528942], [46.4627438, 30.7527435], [46.4627218, 30.7527411], [46.4627259, 30.7526574]]], "df_ids": [30958]}