{"polygon": [[[46.4556816, 30.7438388], [46.4555892, 30.7440254], [46.4552826, 30.7437055], [46.455375, 30.7435189], [46.4556816, 30.7438388]]], "df_ids": [45806]}