{"polygon": [[[46.5134464, 30.7240167], [46.512928, 30.7238136], [46.5128977, 30.7239768], [46.5134161, 30.7241799], [46.5134464, 30.7240167]]], "df_ids": [43021]}