{"polygon": [[[46.5142217, 30.7252066], [46.514198, 30.72536], [46.5140375, 30.7253075], [46.5140613, 30.7251542], [46.5141411, 30.7251803], [46.5142217, 30.7252066]]], "df_ids": [46086]}