{"polygon": [[[46.4737597, 30.7033801], [46.473616, 30.7031427], [46.4731948, 30.7036803], [46.4732446, 30.7037626], [46.4733385, 30.7039176], [46.4737597, 30.7033801]]], "df_ids": [27408]}