{"polygon": [[[46.4835373, 30.7485907], [46.4835265, 30.7487427], [46.4837234, 30.7487599], [46.4838889, 30.7487742], [46.4839004, 30.7486276], [46.4837334, 30.7486056], [46.4836241, 30.7485949], [46.4835373, 30.7485907]]], "df_ids": [28641]}