{"polygon": [[[46.4665356, 30.698812], [46.4665879, 30.6983075], [46.4666415, 30.6983192], [46.466971, 30.6983913], [46.4673133, 30.6984662], [46.4672609, 30.6989707], [46.4665356, 30.698812]]], "df_ids": [111600]}