{"polygon": [[[46.4697715, 30.7036585], [46.4697537, 30.703885], [46.4689131, 30.7037457], [46.4689309, 30.7035192], [46.4697715, 30.7036585]]], "df_ids": [27137]}