{"polygon": [[[46.4716186, 30.701929], [46.4713861, 30.7018892], [46.4711906, 30.7018558], [46.4711585, 30.7022513], [46.4711292, 30.7026131], [46.4722994, 30.7028122], [46.4723499, 30.7021826], [46.4723601, 30.7020556], [46.4716186, 30.701929]]], "df_ids": [33009]}