{"polygon": [[[46.4746818, 30.6982233], [46.474366, 30.6977104], [46.4743495, 30.6977318], [46.4742155, 30.6975141], [46.4741284, 30.6976272], [46.4742577, 30.6978373], [46.4742765, 30.6978129], [46.4745925, 30.6983262], [46.4745729, 30.6983517], [46.4747328, 30.6986115], [46.4748198, 30.6984986], [46.4746643, 30.698246], [46.4746818, 30.6982233]]], "df_ids": [74732]}