{"polygon": [[[46.4844811, 30.7474636], [46.484488, 30.7473499], [46.4844537, 30.7473455], [46.4844568, 30.7472939], [46.4843541, 30.7472806], [46.4843551, 30.7472645], [46.4843252, 30.7472606], [46.4842816, 30.747255], [46.4842806, 30.7472711], [46.484188, 30.7472591], [46.4841849, 30.7473107], [46.4841359, 30.7473044], [46.4841289, 30.7474181], [46.4844811, 30.7474636]]], "df_ids": [44970]}