{"polygon": [[[46.3973305, 30.7515728], [46.3968916, 30.7513511], [46.3969713, 30.7510197], [46.3970598, 30.7510645], [46.3970389, 30.7511515], [46.3973892, 30.7513285], [46.3973305, 30.7515728]]], "df_ids": [33931]}