{"polygon": [[[46.472337, 30.7018863], [46.4723495, 30.7017266], [46.4723755, 30.7017315], [46.4724329, 30.7009529], [46.4724139, 30.7009499], [46.4716558, 30.7008304], [46.4715825, 30.7017613], [46.471631, 30.7017693], [46.472337, 30.7018863]]], "df_ids": [33008, 147335]}