{"polygon": [[[46.4838889, 30.7487742], [46.4839004, 30.7486276], [46.4839212, 30.7483555], [46.4839464, 30.7483596], [46.4839814, 30.7483653], [46.4839691, 30.7485339], [46.4839865, 30.7485385], [46.4839842, 30.748569], [46.4840066, 30.7485747], [46.484044, 30.7485842], [46.4840582, 30.7483986], [46.4840598, 30.748378], [46.4841188, 30.7483877], [46.4841103, 30.7484977], [46.4841306, 30.748501], [46.4841267, 30.7485522], [46.4841086, 30.7485493], [46.4840996, 30.7486649], [46.484117, 30.7486677], [46.4841126, 30.7487247], [46.4840944, 30.7487217], [46.4840888, 30.7487944], [46.4840873, 30.7488063], [46.4839914, 30.7487908], [46.4838889, 30.7487742]]], "df_ids": [135316]}