{"polygon": [[[46.4821454, 30.7313094], [46.482112, 30.7313048], [46.4820697, 30.7312989], [46.4820871, 30.7310323], [46.4821629, 30.7310427], [46.4821454, 30.7313094]]], "df_ids": [5181]}