{"polygon": [[[46.4873547, 30.7276248], [46.4872744, 30.7277718], [46.4873522, 30.7278613], [46.4872686, 30.7280145], [46.4872393, 30.7279807], [46.4871971, 30.728058], [46.4872227, 30.7280875], [46.4871947, 30.7281388], [46.4872481, 30.7282003], [46.4873852, 30.7279489], [46.4874821, 30.7277714], [46.4873547, 30.7276248]]], "df_ids": [6426, 194033]}