{"polygon": [[[46.4800841, 30.6969701], [46.4800672, 30.6972164], [46.4799375, 30.6971977], [46.4799424, 30.697126], [46.4797908, 30.6971042], [46.4798028, 30.6969295], [46.4800841, 30.6969701]]], "df_ids": [2498]}