{"polygon": [[[46.4844333, 30.7488542], [46.4842989, 30.7488329], [46.4841607, 30.748811], [46.4841679, 30.7486686], [46.4841801, 30.7486699], [46.484186, 30.7485516], [46.4842677, 30.7485603], [46.4842612, 30.7486352], [46.4843649, 30.7486496], [46.4843692, 30.7486006], [46.4844113, 30.7486056], [46.4844097, 30.7486185], [46.4844646, 30.7486292], [46.4844611, 30.7487343], [46.4844434, 30.7487327], [46.4844333, 30.7488542]]], "df_ids": [28635]}