{"polygon": [[[46.4000391, 30.7504098], [46.3996362, 30.7503997], [46.399639, 30.7501616], [46.4000091, 30.7501709], [46.4000078, 30.7502828], [46.4000406, 30.7502837], [46.4000391, 30.7504098]]], "df_ids": [26915]}