{"polygon": [[[46.3933715, 30.75179], [46.3932234, 30.7517654], [46.3932261, 30.7517316], [46.393179, 30.7517238], [46.3931764, 30.7517575], [46.393103, 30.7517453], [46.3931188, 30.7515457], [46.393314, 30.7515782], [46.393317, 30.7515412], [46.3933902, 30.7515533], [46.3933715, 30.75179]]], "df_ids": [33933]}