{"polygon": [[[46.475241, 30.698752], [46.4750594, 30.6989821], [46.4749802, 30.6988504], [46.4751618, 30.6986202], [46.475241, 30.698752]]], "df_ids": [85851]}