{"polygon": [[[46.4658267, 30.6807911], [46.4654222, 30.6806102], [46.4654507, 30.680476], [46.4655596, 30.6805247], [46.4655924, 30.6803702], [46.4654871, 30.6803231], [46.465514, 30.6801964], [46.4657615, 30.6803071], [46.4657335, 30.6804392], [46.4656438, 30.6803991], [46.4656122, 30.6805482], [46.4658552, 30.6806569], [46.4658267, 30.6807911]]], "df_ids": [64110]}