{"polygon": [[[46.4756377, 30.6991449], [46.4755466, 30.6992604], [46.475241, 30.698752], [46.4753322, 30.6986365], [46.4756377, 30.6991449]]], "df_ids": [85852]}