{"polygon": [[[46.3916315, 30.7473746], [46.3915272, 30.7473746], [46.3914847, 30.7473765], [46.391459, 30.747397], [46.3914474, 30.7474362], [46.3914474, 30.7474717], [46.3914435, 30.7477368], [46.3914937, 30.7477349], [46.391495, 30.7477648], [46.3915967, 30.7477573], [46.3915903, 30.7476603], [46.3915362, 30.7476696], [46.3915427, 30.7475613], [46.3915568, 30.7475874], [46.3915839, 30.7475949], [46.3916122, 30.7475912], [46.3916341, 30.7475464], [46.3916367, 30.747481], [46.3916367, 30.747425], [46.3916315, 30.7473746]]], "df_ids": [28467]}