{"polygon": [[[46.4674681, 30.6886401], [46.4675587, 30.6884758], [46.4670708, 30.6877825], [46.4669634, 30.6879379], [46.4674681, 30.6886401]]], "df_ids": [5231]}