{"polygon": [[[46.4690956, 30.6761688], [46.468988, 30.6761095], [46.468813, 30.6767789], [46.4689207, 30.6768382], [46.4690956, 30.6761688]]], "df_ids": [20163]}