{"polygon": [[[46.4666492, 30.6993667], [46.4666055, 30.6997977], [46.4665156, 30.6997785], [46.4665417, 30.6995209], [46.4665592, 30.6993475], [46.4666492, 30.6993667]]], "df_ids": [8913]}