{"polygon": [[[46.4105715, 30.7545948], [46.410644, 30.7547643], [46.410545, 30.7548534], [46.4104725, 30.754684], [46.4105715, 30.7545948]]], "df_ids": [229799]}