{"polygon": [[[46.5013414, 30.723705], [46.5012779, 30.7240324], [46.5011697, 30.723997], [46.5012316, 30.7236603], [46.5013414, 30.723705]]], "df_ids": [143621]}