{"polygon": [[[46.4705904, 30.7535456], [46.4705217, 30.7535326], [46.4704983, 30.7537926], [46.470567, 30.7538056], [46.4705904, 30.7535456]]], "df_ids": [133527]}