{"polygon": [[[46.502215, 30.7255046], [46.5020278, 30.7254448], [46.5018668, 30.7253933], [46.5018773, 30.7253311], [46.5019048, 30.7251834], [46.5020624, 30.7252327], [46.5022461, 30.7252901], [46.502215, 30.7255046]]], "df_ids": [30100]}