{"polygon": [[[46.5000357, 30.722576], [46.4998821, 30.7225167], [46.4997557, 30.7224679], [46.499719, 30.7226687], [46.4998498, 30.7227133], [46.499922, 30.7227402], [46.5000007, 30.7227644], [46.5000357, 30.722576]]], "df_ids": [4248]}