{"polygon": [[[46.5022084, 30.7246064], [46.5022246, 30.7248745], [46.5021267, 30.7248516], [46.5021012, 30.7248425], [46.5018629, 30.7247574], [46.5018373, 30.7247482], [46.5018113, 30.7247389], [46.5018198, 30.7246817], [46.501845, 30.7245111], [46.5021216, 30.7246214], [46.5022084, 30.7246064]]], "df_ids": [111289]}