{"polygon": [[[46.5006082, 30.7256279], [46.5003408, 30.7256953], [46.5003372, 30.725665], [46.5003203, 30.7255241], [46.5005877, 30.7254567], [46.500607, 30.7256181], [46.5006082, 30.7256279]]], "df_ids": [63267]}