{"polygon": [[[46.4694207, 30.753428], [46.469411, 30.7535662], [46.4693984, 30.7537446], [46.4692953, 30.7537293], [46.4693035, 30.753612], [46.4692738, 30.7536076], [46.4692835, 30.7534698], [46.4692925, 30.7534711], [46.4692957, 30.7534257], [46.4692271, 30.7534155], [46.4691964, 30.7534109], [46.4692095, 30.7532257], [46.469211, 30.7532042], [46.4693615, 30.7532265], [46.4693908, 30.7532309], [46.4693774, 30.7534216], [46.4694207, 30.753428]]], "df_ids": [469]}