{"polygon": [[[46.5009956, 30.7238945], [46.5009809, 30.7239808], [46.5009262, 30.7243012], [46.5008897, 30.7243439], [46.5008538, 30.7243474], [46.5007723, 30.7243125], [46.5007364, 30.72429], [46.5007066, 30.7242465], [46.5007049, 30.7241817], [46.5007232, 30.7240618], [46.5007414, 30.7239615], [46.5007583, 30.7238708], [46.5007688, 30.7238176], [46.5009956, 30.7238945]]], "df_ids": [34303]}