{"polygon": [[[46.4742325, 30.7502084], [46.4742313, 30.7502246], [46.4742236, 30.7503348], [46.47422, 30.7503872], [46.4741749, 30.7503805], [46.4741677, 30.7504827], [46.4740459, 30.7504648], [46.4740522, 30.7503755], [46.4740268, 30.7503717], [46.4740392, 30.7501799], [46.4741029, 30.7501893], [46.4741358, 30.7501942], [46.4742325, 30.7502084]]], "df_ids": [29609]}