{"polygon": [[[46.5005187, 30.7247245], [46.5004847, 30.7250285], [46.5005144, 30.7250355], [46.5004956, 30.7252041], [46.5004941, 30.7252176], [46.5004283, 30.7252021], [46.5004249, 30.7252324], [46.5003591, 30.7252169], [46.500362, 30.7251913], [46.5003029, 30.7251773], [46.5003054, 30.7251551], [46.5003144, 30.7250744], [46.500332, 30.7250786], [46.5003753, 30.7246914], [46.5004195, 30.7247019], [46.5004231, 30.7246692], [46.500486, 30.7246841], [46.5004825, 30.7247159], [46.5005187, 30.7247245]]], "df_ids": [6570]}