{"polygon": [[[46.5014586, 30.7251116], [46.5014638, 30.7250495], [46.5014415, 30.7249953], [46.5014026, 30.7249812], [46.5013388, 30.724958], [46.5013011, 30.7249443], [46.5011702, 30.7248966], [46.5011687, 30.7249054], [46.5011522, 30.7250052], [46.5012362, 30.7250318], [46.5013209, 30.7250635], [46.5013411, 30.7250711], [46.5014586, 30.7251116]]], "df_ids": [165244]}