{"polygon": [[[46.4588488, 30.6808817], [46.4587316, 30.6810397], [46.4586925, 30.6809785], [46.4587257, 30.6809338], [46.4585763, 30.6807002], [46.4585398, 30.6807494], [46.4585062, 30.6806969], [46.4586267, 30.6805345], [46.4588488, 30.6808817]]], "df_ids": [30696]}