{"polygon": [[[46.4922149, 30.696137], [46.4919834, 30.6962962], [46.4919166, 30.6960719], [46.4918525, 30.6958568], [46.4918611, 30.6958152], [46.4918976, 30.6958065], [46.4920819, 30.695811], [46.4920764, 30.6958866], [46.4920192, 30.6958859], [46.4919721, 30.6958853], [46.4920104, 30.6960129], [46.4920349, 30.6960945], [46.4920182, 30.6961347], [46.4920238, 30.6961562], [46.4921074, 30.6960854], [46.4921189, 30.6960757], [46.4922149, 30.696137]]], "df_ids": [175440]}