{"polygon": [[[46.4885926, 30.6925027], [46.4885424, 30.6931471], [46.4885003, 30.6931402], [46.4884987, 30.6931604], [46.4884654, 30.6931549], [46.4884331, 30.6931496], [46.4884346, 30.6931294], [46.4883994, 30.6931236], [46.4884497, 30.6924792], [46.4884897, 30.6924857], [46.4884912, 30.6924667], [46.4885241, 30.6924723], [46.4885647, 30.6924788], [46.4885632, 30.6924978], [46.4885926, 30.6925027]]], "df_ids": [228719]}