{"polygon": [[[46.4883413, 30.6939413], [46.4883357, 30.694012], [46.488349, 30.6940142], [46.4883422, 30.6941007], [46.4883289, 30.6940985], [46.4883236, 30.6941656], [46.4882461, 30.6941527], [46.4882481, 30.6941271], [46.488121, 30.6941059], [46.4881185, 30.6941377], [46.4880445, 30.6941254], [46.488047, 30.6940936], [46.4880292, 30.6940906], [46.4879984, 30.6940855], [46.4879962, 30.6941136], [46.487923, 30.6941014], [46.4879252, 30.6940734], [46.487724, 30.6940399], [46.4877275, 30.6939952], [46.4877075, 30.6939919], [46.487711, 30.6939469], [46.4877146, 30.693901], [46.4877347, 30.6939043], [46.4877379, 30.6938641], [46.4879372, 30.6938972], [46.4879392, 30.6938726], [46.4880099, 30.6938843], [46.488008, 30.693909], [46.4880428, 30.6939148], [46.4880735, 30.6939199], [46.488076, 30.6938878], [46.4881362, 30.6938978], [46.4881336, 30.6939299], [46.4882661, 30.693952], [46.4882679, 30.6939291], [46.4883413, 30.6939413]]], "df_ids": [5634]}