{"polygon": [[[46.4895525, 30.6917459], [46.4894616, 30.6917317], [46.4894633, 30.6917092], [46.489376, 30.6916956], [46.4892797, 30.6916806], [46.4892785, 30.6916967], [46.4892066, 30.6916855], [46.4892237, 30.691454], [46.4893084, 30.6914672], [46.4893041, 30.6915262], [46.4893508, 30.6915335], [46.4893583, 30.6914319], [46.4893705, 30.6914339], [46.489376, 30.69136], [46.4893342, 30.6913535], [46.4893434, 30.6912281], [46.4894577, 30.6912459], [46.4894493, 30.6913594], [46.4894285, 30.6913562], [46.4894249, 30.6914047], [46.4894215, 30.6914507], [46.4894325, 30.6914525], [46.4894253, 30.69155], [46.489481, 30.6915587], [46.4894852, 30.6915018], [46.4895696, 30.691515], [46.4895525, 30.6917459]]], "df_ids": [44573]}