{"polygon": [[[46.4875111, 30.6919191], [46.4874992, 30.6920811], [46.4871367, 30.6920247], [46.4871344, 30.6920553], [46.4870877, 30.692048], [46.4870859, 30.6920724], [46.4869681, 30.6920541], [46.4869699, 30.6920297], [46.4869336, 30.692024], [46.4869358, 30.6919935], [46.4866763, 30.6919531], [46.4866745, 30.6919768], [46.4865583, 30.6919587], [46.4865739, 30.691747], [46.4866898, 30.691765], [46.4866878, 30.6917911], [46.4869424, 30.6918307], [46.4869451, 30.6917935], [46.4869785, 30.6917986], [46.4869818, 30.6917534], [46.4871196, 30.6917748], [46.4871163, 30.6918201], [46.4871545, 30.691826], [46.4871518, 30.6918633], [46.4875111, 30.6919191]]], "df_ids": [7249]}