{"polygon": [[[46.4870341, 30.6924329], [46.4872589, 30.6924723], [46.4872614, 30.6924414], [46.4874031, 30.6924662], [46.4874028, 30.6924698], [46.4873842, 30.6926935], [46.4872452, 30.6926692], [46.4872485, 30.6926292], [46.487021, 30.6925893], [46.4869976, 30.6928723], [46.4871013, 30.6928905], [46.4870962, 30.6929537], [46.4871149, 30.6929902], [46.4871123, 30.6930235], [46.4871084, 30.6930611], [46.4870847, 30.693084], [46.4870805, 30.6931412], [46.4869767, 30.693123], [46.4869529, 30.6934089], [46.4871808, 30.6934488], [46.487184, 30.6934107], [46.4873098, 30.6934327], [46.4873073, 30.693463], [46.4872915, 30.6936509], [46.4872908, 30.6936605], [46.4871621, 30.693638], [46.4871652, 30.6936], [46.4869337, 30.6935594], [46.4869282, 30.6936256], [46.4868057, 30.6936042], [46.4868107, 30.6935454], [46.4865792, 30.6935049], [46.486577, 30.693532], [46.4865761, 30.6935428], [46.4864386, 30.6935187], [46.4864574, 30.6932916], [46.4864723, 30.6932942], [46.4865951, 30.6933158], [46.4865928, 30.693344], [46.4868242, 30.6933846], [46.4868929, 30.6925582], [46.4866738, 30.6925198], [46.4866707, 30.6925577], [46.4865324, 30.6925334], [46.4865514, 30.6923049], [46.4866855, 30.6923284], [46.4866824, 30.6923667], [46.4869167, 30.6924078], [46.4869207, 30.6923592], [46.4870385, 30.6923798], [46.4870341, 30.6924329]]], "df_ids": [228723]}