{"polygon": [[[46.4893738, 30.6927599], [46.4893686, 30.692824], [46.4897253, 30.6928851], [46.489679, 30.6934547], [46.4895576, 30.6934339], [46.489589, 30.693047], [46.4893538, 30.6930068], [46.4893332, 30.6932604], [46.4894336, 30.6932776], [46.4894338, 30.6933359], [46.4894475, 30.6933776], [46.4894446, 30.6934402], [46.4894245, 30.6934694], [46.4894125, 30.6935379], [46.4893121, 30.6935207], [46.4892906, 30.6937854], [46.4895144, 30.6938237], [46.4895354, 30.6935652], [46.4896656, 30.6935875], [46.4896276, 30.6940563], [46.4894966, 30.6940338], [46.4894997, 30.6939954], [46.4892767, 30.6939572], [46.4892733, 30.6939988], [46.489142, 30.6939763], [46.4891459, 30.6939276], [46.4889183, 30.6938886], [46.4889165, 30.6939109], [46.4887875, 30.6938888], [46.4888051, 30.693671], [46.4889341, 30.6936931], [46.4889314, 30.6937266], [46.4891591, 30.6937655], [46.4891852, 30.6933584], [46.489224, 30.6929655], [46.4890041, 30.6929279], [46.4890008, 30.6929683], [46.4888651, 30.6929451], [46.4888835, 30.6927185], [46.4890041, 30.6927391], [46.4890025, 30.69276], [46.4892374, 30.6928002], [46.4892425, 30.6927375], [46.4893738, 30.6927599]]], "df_ids": [123350]}