{"polygon": [[[46.4930711, 30.6959681], [46.4930479, 30.6962148], [46.4927352, 30.6961528], [46.4927584, 30.6959062], [46.4930711, 30.6959681]]], "df_ids": [58265]}