{"polygon": [[[46.4865054, 30.6903241], [46.4867616, 30.6903606], [46.4867464, 30.6905845], [46.4866629, 30.6905726], [46.4866421, 30.6908805], [46.4867117, 30.6908904], [46.4866948, 30.6911403], [46.4864526, 30.6911057], [46.4865054, 30.6903241]]], "df_ids": [89580]}