{"polygon": [[[46.3862754, 30.7287987], [46.3862468, 30.7287879], [46.3862421, 30.7287685], [46.3861839, 30.728743], [46.3861811, 30.7287242], [46.386133, 30.7287041], [46.3861158, 30.7287115], [46.3860305, 30.729151], [46.3861297, 30.7292001], [46.3861506, 30.7291929], [46.3861996, 30.729211], [46.386219, 30.7291111], [46.3861626, 30.7290917], [46.386194, 30.7289341], [46.3862477, 30.7289536], [46.3862754, 30.7287987]]], "df_ids": [169552]}