{"polygon": [[[46.4516457, 30.7633131], [46.4517199, 30.7637847], [46.4516129, 30.7638202], [46.4515387, 30.7633485], [46.4515776, 30.7633356], [46.4516226, 30.7633207], [46.4516457, 30.7633131]]], "df_ids": [184963]}