{"polygon": [[[46.4511648, 30.764031], [46.4511424, 30.7639085], [46.4512592, 30.7638634], [46.4512816, 30.7639859], [46.4511648, 30.764031]]], "df_ids": [152724]}