{"polygon": [[[46.4512151, 30.7635268], [46.451088, 30.7635611], [46.451071, 30.7634283], [46.4511981, 30.763394], [46.4512151, 30.7635268]]], "df_ids": [152723]}