{"polygon": [[[46.4473227, 30.7610849], [46.447376, 30.7613643], [46.4472808, 30.7614025], [46.4472715, 30.7613535], [46.4471037, 30.7614209], [46.4471123, 30.7614663], [46.447004, 30.7615098], [46.4469514, 30.761234], [46.4473227, 30.7610849]]], "df_ids": [5850]}