{"polygon": [[[46.443615, 30.7639625], [46.4436868, 30.7639331], [46.4436938, 30.7639691], [46.4437692, 30.7639382], [46.4437947, 30.7640695], [46.4437193, 30.7641003], [46.4437254, 30.7641316], [46.4436536, 30.764161], [46.443615, 30.7639625]]], "df_ids": [6508]}