{"polygon": [[[46.4513507, 30.7644148], [46.4512481, 30.7644528], [46.4512266, 30.7643306], [46.4513292, 30.7642926], [46.4513507, 30.7644148]]], "df_ids": [152725]}