{"polygon": [[[46.4494056, 30.7611841], [46.4493818, 30.7610921], [46.4493514, 30.7611087], [46.4493334, 30.7610394], [46.4493471, 30.7610319], [46.4493273, 30.7609554], [46.4492763, 30.7609832], [46.4492706, 30.760961], [46.4492104, 30.7609938], [46.4492176, 30.7610216], [46.4491677, 30.7610488], [46.4492052, 30.7611936], [46.4491903, 30.7612017], [46.449213, 30.7612891], [46.4492406, 30.761274], [46.4492504, 30.761312], [46.4492778, 30.7612971], [46.4492877, 30.7613355], [46.4493327, 30.761311], [46.4493718, 30.7612897], [46.4493618, 30.7612513], [46.4494014, 30.7612297], [46.4493915, 30.7611917], [46.4494056, 30.7611841]]], "df_ids": [1926]}