{"polygon": [[[46.443904, 30.7638196], [46.4439823, 30.7641977], [46.4439073, 30.7642304], [46.443829, 30.7638524], [46.443904, 30.7638196]]], "df_ids": [6509]}