{"polygon": [[[46.4467156, 30.7614949], [46.4467775, 30.7617257], [46.446502, 30.7618815], [46.44644, 30.7616508], [46.4467156, 30.7614949]]], "df_ids": [5849]}