{"polygon": [[[46.4486797, 30.7604463], [46.4488071, 30.7603625], [46.44889, 30.760628], [46.4488689, 30.7606419], [46.4489065, 30.7607622], [46.4488256, 30.7608154], [46.4487907, 30.7607038], [46.4487654, 30.7607205], [46.4486797, 30.7604463]]], "df_ids": [46050]}