{"polygon": [[[46.4513754, 30.7645592], [46.4512675, 30.7645929], [46.4512858, 30.7647157], [46.4513936, 30.764682], [46.4513754, 30.7645592]]], "df_ids": [152726]}