{"polygon": [[[46.4473507, 30.762227], [46.4471545, 30.7623177], [46.4470769, 30.761964], [46.446876, 30.7620568], [46.4468391, 30.7618885], [46.4474257, 30.7616176], [46.4474687, 30.7618137], [46.4472793, 30.7619012], [46.4473507, 30.762227]]], "df_ids": [5848]}