{"polygon": [[[46.4644089, 30.7348697], [46.4643458, 30.7355119], [46.4645738, 30.7355522], [46.4645529, 30.7356758], [46.4643395, 30.7356245], [46.4642579, 30.7356027], [46.4642822, 30.7353003], [46.4643301, 30.7347025], [46.4644239, 30.7347901], [46.4644089, 30.7348697]]], "df_ids": [201867, 247967]}