{"polygon": [[[46.4641696, 30.735854], [46.4639661, 30.7358084], [46.4639468, 30.7359896], [46.4641503, 30.7360352], [46.4641696, 30.735854]]], "df_ids": [162605]}