{"polygon": [[[46.465872, 30.7330063], [46.4658588, 30.7332921], [46.4657767, 30.733284], [46.4657694, 30.7334419], [46.4657036, 30.7334355], [46.4657122, 30.7332509], [46.4657244, 30.7332521], [46.4657364, 30.732993], [46.465872, 30.7330063]]], "df_ids": [38029]}