{"polygon": [[[46.4647126, 30.734035], [46.4647489, 30.7339399], [46.4646944, 30.7338782], [46.4646944, 30.7338406], [46.4647111, 30.7338219], [46.4647286, 30.7338205], [46.4647813, 30.7338728], [46.4648069, 30.73383], [46.4650714, 30.7340864], [46.464977, 30.7342914], [46.4647126, 30.734035]]], "df_ids": [136]}