{"polygon": [[[46.4673283, 30.7332968], [46.4670915, 30.7332525], [46.4670982, 30.7331771], [46.4673349, 30.7332214], [46.4673283, 30.7332968]]], "df_ids": [38028]}