{"polygon": [[[46.4670561, 30.736455], [46.4670483, 30.7365841], [46.4669821, 30.7365757], [46.4669899, 30.7364466], [46.4670077, 30.7364488], [46.4670561, 30.736455]]], "df_ids": [38887]}