{"polygon": [[[46.4973876, 30.7065836], [46.4972736, 30.7066601], [46.4971912, 30.7064012], [46.4973053, 30.7063246], [46.4973876, 30.7065836]]], "df_ids": [154489]}