{"polygon": [[[46.4660971, 30.7352317], [46.466119, 30.7349055], [46.4662246, 30.7349205], [46.4662028, 30.7352467], [46.4660971, 30.7352317]]], "df_ids": [38702]}