{"polygon": [[[46.4662383, 30.735935], [46.4662544, 30.7356607], [46.4663632, 30.733987], [46.4665102, 30.7340061], [46.4666414, 30.7340264], [46.4666699, 30.7340306], [46.4667195, 30.7340379], [46.4667579, 30.7340436], [46.4668937, 30.7340567], [46.4668299, 30.7349504], [46.4668645, 30.734955], [46.466859, 30.7350398], [46.4668751, 30.735042], [46.4669256, 30.7350491], [46.466977, 30.7350562], [46.4669126, 30.7360286], [46.4668553, 30.7360206], [46.466795, 30.7360121], [46.4667571, 30.7360068], [46.4667044, 30.7360001], [46.4666573, 30.735993], [46.4666215, 30.7359877], [46.4665827, 30.7359819], [46.4665391, 30.7359755], [46.466505, 30.7359704], [46.4663716, 30.73595], [46.4662383, 30.735935]]], "df_ids": [137]}