{"polygon": [[[46.4663307, 30.7334535], [46.4662867, 30.7341625], [46.4661195, 30.7341407], [46.4661635, 30.7334316], [46.4663307, 30.7334535]]], "df_ids": [12039]}