{"polygon": [[[46.4636277, 30.7340609], [46.4639718, 30.7343929], [46.4639329, 30.7346581], [46.4639102, 30.7346509], [46.4638786, 30.7346452], [46.4638312, 30.7346349], [46.4638114, 30.7346284], [46.4636896, 30.7346036], [46.4636932, 30.7344967], [46.4638829, 30.7345341], [46.4638863, 30.7345209], [46.4635902, 30.7342347], [46.463598, 30.7340791], [46.4636277, 30.7340609]]], "df_ids": [4926]}