{"polygon": [[[46.4679656, 30.7330078], [46.4680976, 30.7330276], [46.4680721, 30.733387], [46.46794, 30.7333672], [46.4679656, 30.7330078]]], "df_ids": [51670]}