{"polygon": [[[46.5252369, 30.7299131], [46.5250396, 30.7298409], [46.5248815, 30.7307533], [46.5250788, 30.7308255], [46.5252369, 30.7299131]]], "df_ids": [46575]}