{"polygon": [[[46.5191249, 30.7255753], [46.5190023, 30.7262656], [46.5188411, 30.7262051], [46.5189637, 30.7255148], [46.5190513, 30.7255477], [46.5191249, 30.7255753]]], "df_ids": [111236]}