{"polygon": [[[46.4937199, 30.708483], [46.4936787, 30.7086976], [46.4935781, 30.7086569], [46.4936187, 30.7084452], [46.4937199, 30.708483]]], "df_ids": [189438]}