{"polygon": [[[46.4910754, 30.7584106], [46.4911227, 30.7586749], [46.4911065, 30.7586813], [46.4911309, 30.7588296], [46.4910037, 30.7588779], [46.4909778, 30.7587243], [46.4908624, 30.7587619], [46.4908321, 30.7585696], [46.4909497, 30.7585298], [46.4909356, 30.7584536], [46.4910754, 30.7584106]]], "df_ids": [23579]}