{"polygon": [[[46.4697506, 30.6724648], [46.4698619, 30.6725235], [46.4698324, 30.6726417], [46.469855, 30.6726536], [46.4698354, 30.672732], [46.4698127, 30.6727201], [46.4697594, 30.6729334], [46.4697814, 30.6729449], [46.4697612, 30.6730257], [46.4697392, 30.6730141], [46.4696834, 30.6732373], [46.4697051, 30.6732487], [46.4696871, 30.6733209], [46.4696653, 30.6733095], [46.4696316, 30.6734442], [46.4695203, 30.6733855], [46.4697506, 30.6724648]]], "df_ids": [33123]}