{"polygon": [[[46.428151, 30.7294346], [46.4279151, 30.7298721], [46.4277175, 30.7302386], [46.4273361, 30.7298057], [46.4271392, 30.7295823], [46.4271901, 30.729488], [46.4275727, 30.7287783], [46.4277352, 30.7289627], [46.428151, 30.7294346]]], "df_ids": [168050]}