{"polygon": [[[46.4969441, 30.71975], [46.4968785, 30.7198046], [46.4969704, 30.7200381], [46.4970361, 30.7199835], [46.4969441, 30.71975]]], "df_ids": [251003]}