{"polygon": [[[46.4868826, 30.6800178], [46.4870842, 30.6803329], [46.4869736, 30.6804935], [46.486898, 30.6803857], [46.4866825, 30.6806825], [46.4865817, 30.6805606], [46.4866055, 30.680528], [46.4865635, 30.6804752], [46.4868826, 30.6800178]]], "df_ids": [29779]}