{"polygon": [[[46.4677275, 30.7576642], [46.4677186, 30.7577695], [46.467567, 30.7577425], [46.4675715, 30.7576889], [46.4675758, 30.7576373], [46.4677275, 30.7576642]]], "df_ids": [45401]}