{"polygon": [[[46.4730637, 30.7595618], [46.4730437, 30.7598353], [46.4728795, 30.75981], [46.4728994, 30.7595366], [46.4730637, 30.7595618]]], "df_ids": [1934]}