{"polygon": [[[46.5047965, 30.721607], [46.5050462, 30.7215723], [46.5050514, 30.721684], [46.5049112, 30.7217036], [46.5049455, 30.7222206], [46.5048382, 30.7222356], [46.5047965, 30.721607]]], "df_ids": [46207]}