{"polygon": [[[46.4725972, 30.7578748], [46.4725615, 30.7579671], [46.4722745, 30.7577331], [46.4723101, 30.7576408], [46.4725972, 30.7578748]]], "df_ids": [44760]}