{"polygon": [[[46.5055706, 30.7227381], [46.5055764, 30.7229109], [46.5055771, 30.7229324], [46.5054808, 30.7229393], [46.5054788, 30.722881], [46.5054641, 30.722882], [46.505397, 30.7228868], [46.5054002, 30.7229824], [46.505343, 30.7229865], [46.5053352, 30.7227549], [46.5054584, 30.7227461], [46.5055706, 30.7227381]]], "df_ids": [192044]}