{"polygon": [[[46.4722567, 30.7588266], [46.4723967, 30.7589026], [46.4724037, 30.7588753], [46.472485, 30.7589194], [46.4724582, 30.7590239], [46.4723863, 30.7589849], [46.4723446, 30.759147], [46.4721952, 30.7590659], [46.4722567, 30.7588266]]], "df_ids": [44757]}