{"polygon": [[[46.4634831, 30.7370492], [46.4632857, 30.7370224], [46.463264, 30.737044], [46.4632453, 30.7373293], [46.4632333, 30.7375148], [46.4633607, 30.7375326], [46.4633722, 30.7373455], [46.4633783, 30.7372449], [46.4634705, 30.7372567], [46.4634831, 30.7370492]]], "df_ids": [165885]}