{"polygon": [[[46.4635964, 30.7381102], [46.4637109, 30.738126], [46.4638064, 30.7381386], [46.4638172, 30.737975], [46.4637242, 30.7379628], [46.4636072, 30.7379466], [46.4635964, 30.7381102]]], "df_ids": [53434]}