{"polygon": [[[46.5339619, 30.7352908], [46.5338893, 30.7354163], [46.5337307, 30.7352225], [46.5338033, 30.735097], [46.5339619, 30.7352908]]], "df_ids": [51892]}