{"polygon": [[[46.4633607, 30.7375326], [46.4633379, 30.7378779], [46.4634243, 30.7378899], [46.4634115, 30.7380846], [46.4632151, 30.7380589], [46.4631982, 30.7380197], [46.4632174, 30.7377505], [46.4632333, 30.7375148], [46.4633607, 30.7375326]]], "df_ids": [165898]}