{"polygon": [[[46.4638172, 30.737975], [46.4638265, 30.7378496], [46.4638321, 30.7377579], [46.4638818, 30.7377647], [46.4638683, 30.7379707], [46.4639197, 30.7379789], [46.4639927, 30.7379886], [46.4639934, 30.7379777], [46.4640192, 30.7379812], [46.4640185, 30.7379921], [46.464007, 30.738167], [46.4639069, 30.7381536], [46.4638064, 30.7381386], [46.4638172, 30.737975]]], "df_ids": [27587]}