{"polygon": [[[46.3726527, 30.7180061], [46.3727228, 30.7181439], [46.3726787, 30.7181909], [46.3727071, 30.7182466], [46.3726659, 30.7182906], [46.3725971, 30.7183641], [46.3725688, 30.7183084], [46.3725258, 30.7183544], [46.3724557, 30.7182167], [46.3726527, 30.7180061]]], "df_ids": [27942]}