{"polygon": [[[46.5849926, 30.7937116], [46.5842631, 30.7949214], [46.5838117, 30.7943438], [46.5833085, 30.7937028], [46.5840381, 30.792493], [46.5849926, 30.7937116]]], "df_ids": [169572]}