{"polygon": [[[46.4045277, 30.7521326], [46.4045165, 30.7521843], [46.4044833, 30.7522093], [46.4044477, 30.752193], [46.4044406, 30.7521733], [46.4041264, 30.7522769], [46.404118, 30.7523156], [46.4040849, 30.7523406], [46.4040492, 30.7523244], [46.4040319, 30.7522763], [46.4040432, 30.7522245], [46.4040642, 30.7522087], [46.4040503, 30.7521256], [46.4040178, 30.7521107], [46.4040005, 30.7520626], [46.4040118, 30.7520109], [46.4040449, 30.7519859], [46.4040806, 30.7520022], [46.4040835, 30.7520103], [46.4044051, 30.7519159], [46.4044115, 30.7518866], [46.4044446, 30.7518615], [46.4044803, 30.7518778], [46.4044975, 30.7519259], [46.4044863, 30.7519776], [46.404466, 30.751993], [46.4044784, 30.7520698], [46.4045105, 30.7520845], [46.4045277, 30.7521326]]], "df_ids": [169553]}