{"polygon": [[[46.4595259, 30.6765773], [46.4593819, 30.6768158], [46.4594074, 30.6768483], [46.459366, 30.6769168], [46.4593297, 30.6768707], [46.4593076, 30.6769073], [46.4591975, 30.6767673], [46.459405, 30.6764236], [46.4595259, 30.6765773]]], "df_ids": [51555]}