{"polygon": [[[46.4658054, 30.6983016], [46.4657787, 30.6986575], [46.4656932, 30.698644], [46.4656845, 30.6987598], [46.4656428, 30.6987533], [46.4656781, 30.6982815], [46.4657461, 30.6982922], [46.4658054, 30.6983016]]], "df_ids": [51377]}