{"polygon": [[[46.3930352, 30.748835], [46.3930317, 30.7489125], [46.3930552, 30.7489148], [46.3930517, 30.7489909], [46.3930612, 30.7489918], [46.3930505, 30.749226], [46.3930365, 30.7492246], [46.3930335, 30.749291], [46.3930088, 30.7492886], [46.3930054, 30.7493624], [46.3928442, 30.749347], [46.3928682, 30.748819], [46.3930352, 30.748835]]], "df_ids": [84986]}