{"polygon": [[[46.394088, 30.7481186], [46.3940597, 30.7483009], [46.3937863, 30.7482115], [46.3938147, 30.7480292], [46.394088, 30.7481186]]], "df_ids": [33934]}