{"polygon": [[[46.4775939, 30.7455245], [46.4775084, 30.7455119], [46.4775193, 30.7453564], [46.477472, 30.7453494], [46.4774808, 30.7452235], [46.4776136, 30.7452431], [46.4775939, 30.7455245]]], "df_ids": [153245]}