{"polygon": [[[46.4853735, 30.7406925], [46.4855346, 30.7407172], [46.4855243, 30.7408564], [46.4858164, 30.7409011], [46.4858144, 30.7409291], [46.4858047, 30.7410636], [46.4858023, 30.741097], [46.4858244, 30.7411], [46.4858154, 30.7412159], [46.4858068, 30.7413267], [46.4857877, 30.7413241], [46.4857737, 30.741489], [46.4857729, 30.7415013], [46.4857682, 30.7415735], [46.4857672, 30.7415891], [46.4856843, 30.7415776], [46.4856876, 30.7415268], [46.4854796, 30.7414979], [46.4854662, 30.7416412], [46.4853051, 30.7416165], [46.4853145, 30.7415041], [46.4852873, 30.7414996], [46.4852538, 30.7414873], [46.4852304, 30.7414741], [46.4851985, 30.7414493], [46.4851714, 30.7414201], [46.4851486, 30.7413881], [46.4851239, 30.7413413], [46.4851144, 30.7413178], [46.4851053, 30.7412906], [46.4850933, 30.7412411], [46.4850873, 30.7411983], [46.4850865, 30.7411848], [46.4850269, 30.7411753], [46.4850114, 30.7411485], [46.4850194, 30.7410386], [46.4850382, 30.7410197], [46.4850996, 30.741027], [46.4851112, 30.7409878], [46.4851216, 30.7409607], [46.485134, 30.7409342], [46.4851482, 30.7409093], [46.4851693, 30.7408791], [46.4851811, 30.740865], [46.4852064, 30.7408404], [46.4852259, 30.7408255], [46.4852577, 30.7408075], [46.4852926, 30.7407958], [46.4853242, 30.7407916], [46.4853485, 30.7407923], [46.4853661, 30.7407947], [46.4853735, 30.7406925]]], "df_ids": [6285]}