{"polygon": [[[46.4872991, 30.7384489], [46.4873869, 30.7386086], [46.4871491, 30.738894], [46.4871419, 30.7389026], [46.4871075, 30.7389433], [46.4870038, 30.7387794], [46.487041, 30.7387349], [46.4871247, 30.7386417], [46.487118, 30.7386234], [46.4871155, 30.7386029], [46.4871176, 30.738582], [46.4871239, 30.7385636], [46.4871337, 30.7385488], [46.4871464, 30.7385392], [46.4871605, 30.7385357], [46.4871746, 30.7385387], [46.4871874, 30.7385479], [46.4871976, 30.7385625], [46.4872991, 30.7384489]]], "df_ids": [7294]}