{"polygon": [[[46.475454, 30.734402], [46.4754706, 30.7341534], [46.4758414, 30.7342095], [46.4758308, 30.7343311], [46.4758217, 30.7344567], [46.475454, 30.734402]]], "df_ids": [45975]}