{"polygon": [[[46.471031, 30.7399256], [46.4710226, 30.7400416], [46.4709689, 30.7408695], [46.4703682, 30.7407873], [46.47038, 30.7406096], [46.4703888, 30.7404776], [46.4705259, 30.7404963], [46.4705199, 30.7405892], [46.4707771, 30.7406244], [46.4708168, 30.7400128], [46.4708276, 30.7398969], [46.471031, 30.7399256]]], "df_ids": [32534]}