{"polygon": [[[46.4774579, 30.7475068], [46.4774888, 30.7470689], [46.4773641, 30.7470496], [46.4773333, 30.7474888], [46.4774579, 30.7475068]]], "df_ids": [26117]}