{"polygon": [[[46.4567389, 30.7515421], [46.4567899, 30.7516937], [46.4564239, 30.7519533], [46.4563729, 30.7518017], [46.4567389, 30.7515421]]], "df_ids": [34455]}