{"polygon": [[[46.4569976, 30.7523379], [46.4570863, 30.7525561], [46.4567771, 30.7528209], [46.456691, 30.7526092], [46.4567858, 30.752528], [46.4568032, 30.7525708], [46.4569308, 30.7524615], [46.4569108, 30.7524123], [46.4569976, 30.7523379]]], "df_ids": [76512]}