{"polygon": [[[46.477676, 30.7446402], [46.4777009, 30.7442524], [46.4777145, 30.7440395], [46.4775851, 30.7440204], [46.4775793, 30.744132], [46.4775555, 30.7446018], [46.4775773, 30.744629], [46.4775915, 30.7446305], [46.477676, 30.7446402]]], "df_ids": [28248]}