{"polygon": [[[46.4772568, 30.7451878], [46.4772457, 30.7453607], [46.477351, 30.7453763], [46.4773261, 30.7457652], [46.4773818, 30.7457735], [46.4774209, 30.7452147], [46.4772568, 30.7451878]]], "df_ids": [6562]}