{"polygon": [[[46.4462072, 30.7592196], [46.4462482, 30.7591547], [46.4462851, 30.7590966], [46.4462178, 30.7590201], [46.446157, 30.7590929], [46.4460924, 30.7591561], [46.446021, 30.7591939], [46.4459839, 30.7592059], [46.4459462, 30.759212], [46.4459036, 30.7592158], [46.4458744, 30.7592114], [46.4458111, 30.7591922], [46.4457589, 30.7591692], [46.4457273, 30.7592841], [46.445778, 30.7593135], [46.4458256, 30.7593282], [46.4458305, 30.7593467], [46.4457469, 30.7593787], [46.4459951, 30.7608314], [46.4464902, 30.7606412], [46.446282, 30.7593414], [46.4463258, 30.7593254], [46.4463017, 30.7591859], [46.4462072, 30.7592196]]], "df_ids": [34470]}