{"polygon": [[[46.4765247, 30.7472129], [46.476518, 30.7473006], [46.4764015, 30.7472818], [46.4763872, 30.7474676], [46.4763856, 30.7474894], [46.4763181, 30.7474785], [46.4762667, 30.7474702], [46.4762682, 30.747451], [46.4762894, 30.7471748], [46.4765247, 30.7472129]]], "df_ids": [123349]}