{"polygon": [[[46.4763181, 30.7474785], [46.4763094, 30.7476335], [46.476537, 30.7476655], [46.4765486, 30.7475081], [46.4763856, 30.7474894], [46.4763181, 30.7474785]]], "df_ids": [33248]}