{"polygon": [[[46.477409, 30.7422941], [46.477394, 30.7425104], [46.4773391, 30.7431188], [46.4772671, 30.7431115], [46.47722, 30.7431016], [46.4772327, 30.7429249], [46.4772501, 30.7429275], [46.477282, 30.7424827], [46.4771819, 30.7424675], [46.4771492, 30.7429221], [46.4771923, 30.7429287], [46.4771795, 30.7431073], [46.4770355, 30.7430855], [46.4770827, 30.7424276], [46.4770962, 30.7422427], [46.477409, 30.7422941]]], "df_ids": [6444]}