{"polygon": [[[46.4778082, 30.742576], [46.4777464, 30.7435405], [46.4775754, 30.7435196], [46.4776313, 30.7425543], [46.4778082, 30.742576]]], "df_ids": [28258]}