{"polygon": [[[46.4766574, 30.745093], [46.4768408, 30.745122], [46.4768281, 30.7452991], [46.4767519, 30.7452875], [46.476644, 30.7452709], [46.4766574, 30.745093]]], "df_ids": [175581]}