{"polygon": [[[46.4768408, 30.745122], [46.4768281, 30.7452991], [46.4769975, 30.7453241], [46.4770105, 30.7451488], [46.4768408, 30.745122]]], "df_ids": [1635]}