{"polygon": [[[46.4763991, 30.7450521], [46.4763857, 30.7452298], [46.476644, 30.7452709], [46.4766574, 30.745093], [46.4763991, 30.7450521]]], "df_ids": [1897]}