{"polygon": [[[46.4778059, 30.7423594], [46.4778194, 30.7424009], [46.4778082, 30.742576], [46.4776313, 30.7425543], [46.477394, 30.7425104], [46.477409, 30.7422941], [46.4778059, 30.7423594]]], "df_ids": [32365]}