{"polygon": [[[46.4765546, 30.7435132], [46.4765689, 30.7433329], [46.4765804, 30.7431757], [46.4767251, 30.7431966], [46.476865, 30.7432183], [46.476858, 30.743328], [46.4767256, 30.7433102], [46.4767227, 30.7433562], [46.4767202, 30.7433947], [46.4766924, 30.743391], [46.4766901, 30.743428], [46.4767434, 30.7434352], [46.4767366, 30.7435418], [46.4766826, 30.7435338], [46.4766377, 30.7435256], [46.4765546, 30.7435132]]], "df_ids": [33253]}