{"polygon": [[[46.4778934, 30.7415395], [46.4776732, 30.7415023], [46.4776659, 30.7415944], [46.477774, 30.7416121], [46.4777614, 30.7417742], [46.477653, 30.7417581], [46.4776407, 30.741914], [46.4778614, 30.7419495], [46.4778934, 30.7415395]]], "df_ids": [32356, 32358]}