{"polygon": [[[46.4772498, 30.744844], [46.4772634, 30.7446484], [46.4772807, 30.7444095], [46.4772928, 30.7442353], [46.4772361, 30.744227], [46.4772062, 30.7446597], [46.4771429, 30.7446505], [46.4771718, 30.7442327], [46.4771036, 30.7442228], [46.477066, 30.7448207], [46.4772498, 30.744844]]], "df_ids": [255081, 255082]}