{"polygon": [[[46.4767251, 30.7431966], [46.4767263, 30.7431792], [46.4767367, 30.743027], [46.4769493, 30.7430577], [46.4769451, 30.74312], [46.4770066, 30.7431288], [46.4770254, 30.7428546], [46.4769667, 30.7428461], [46.4769635, 30.742893], [46.4767501, 30.7428623], [46.4767632, 30.74267], [46.4767322, 30.742664], [46.4766188, 30.742649], [46.476605, 30.7428379], [46.4766757, 30.7428481], [46.4766743, 30.7428686], [46.4766655, 30.7429983], [46.476664, 30.7430197], [46.4765925, 30.7430094], [46.4765818, 30.7431564], [46.4765804, 30.7431757], [46.4767251, 30.7431966]]], "df_ids": [33256]}