{"polygon": [[[46.4766138, 30.7444739], [46.4764883, 30.7444553], [46.476467, 30.744742], [46.4766155, 30.7447641], [46.4766918, 30.7447724], [46.4767069, 30.7445611], [46.476712, 30.7444885], [46.4766647, 30.7444815], [46.4766327, 30.7444767], [46.4766138, 30.7444739]]], "df_ids": [33252]}