{"polygon": [[[46.4772634, 30.7446484], [46.4772498, 30.744844], [46.4774348, 30.7448674], [46.4774439, 30.7446638], [46.4772634, 30.7446484]]], "df_ids": [51724]}