{"polygon": [[[46.4768628, 30.7447982], [46.4768933, 30.7443714], [46.4768327, 30.7443623], [46.4768173, 30.7445782], [46.4767822, 30.7445729], [46.4767654, 30.7445703], [46.4767813, 30.7443481], [46.4767227, 30.7443393], [46.476712, 30.7444885], [46.4767069, 30.7445611], [46.4766918, 30.7447724], [46.4767672, 30.7447838], [46.4768628, 30.7447982]]], "df_ids": [1549]}