{"polygon": [[[46.6197637, 30.8268493], [46.6192096, 30.8263913], [46.6191293, 30.8265973], [46.6196834, 30.8270552], [46.6197637, 30.8268493]]], "df_ids": [30700]}