{"polygon": [[[46.4132833, 30.7609503], [46.4132081, 30.7608814], [46.413217, 30.7608612], [46.4131102, 30.760739], [46.4130698, 30.7608187], [46.4130346, 30.7609217], [46.4130088, 30.7610801], [46.4130109, 30.7612254], [46.4130404, 30.7613796], [46.4131033, 30.7615298], [46.413165, 30.761618], [46.4132277, 30.7616782], [46.4132863, 30.7617162], [46.4133583, 30.7617435], [46.4134436, 30.7617517], [46.4135096, 30.7617407], [46.4135841, 30.761709], [46.4136427, 30.7616673], [46.4137051, 30.7616023], [46.4137692, 30.7615011], [46.4136149, 30.7613244], [46.4136077, 30.7613399], [46.4135673, 30.7612941], [46.4135411, 30.7613366], [46.4135017, 30.761376], [46.4134698, 30.7613947], [46.413436, 30.7614045], [46.4133932, 30.7614037], [46.4133531, 30.7613895], [46.4133028, 30.761349], [46.4132619, 30.7612848], [46.4132392, 30.7612142], [46.4132316, 30.7611264], [46.4132367, 30.7610733], [46.4132489, 30.761023], [46.4132833, 30.7609503]]], "df_ids": [33194]}