{"polygon": [[[46.424081, 30.7675324], [46.4240847, 30.7677349], [46.4240666, 30.7677356], [46.4240663, 30.7677173], [46.4240034, 30.7677197], [46.4240049, 30.7678021], [46.4239829, 30.767803], [46.4239826, 30.7677833], [46.4239249, 30.7677856], [46.4239264, 30.7678656], [46.4239027, 30.7678665], [46.4239023, 30.7678442], [46.4238396, 30.7678467], [46.423841, 30.767923], [46.4238232, 30.7679237], [46.4238229, 30.7679035], [46.4237657, 30.7679057], [46.4237672, 30.7679882], [46.4237422, 30.7679892], [46.4237418, 30.7679651], [46.4236842, 30.7679674], [46.4236857, 30.7680499], [46.4236024, 30.7680531], [46.4236034, 30.7681083], [46.4235165, 30.7681117], [46.4235126, 30.7679007], [46.423565, 30.7678987], [46.4235645, 30.7678696], [46.4235886, 30.7678687], [46.423588, 30.7678366], [46.4236414, 30.7678345], [46.4236408, 30.7678038], [46.423671, 30.7678026], [46.4236705, 30.7677742], [46.4237208, 30.7677722], [46.4237202, 30.7677421], [46.4237518, 30.7677409], [46.4237512, 30.7677058], [46.4238027, 30.7677038], [46.4238023, 30.7676823], [46.4238337, 30.7676811], [46.4238331, 30.7676467], [46.4238877, 30.7676446], [46.4238873, 30.767623], [46.4239105, 30.7676221], [46.4239099, 30.7675919], [46.4239667, 30.7675897], [46.4239662, 30.7675609], [46.4239932, 30.7675598], [46.4239928, 30.7675358], [46.424081, 30.7675324]]], "df_ids": [74901]}