{"polygon": [[[46.5399883, 30.7128146], [46.5398599, 30.7129598], [46.5397834, 30.7128166], [46.5398306, 30.7127632], [46.5397218, 30.7125596], [46.5396745, 30.712613], [46.53962, 30.712511], [46.5397485, 30.7123659], [46.5399883, 30.7128146]]], "df_ids": [27227]}