{"polygon": [[[46.5398604, 30.7131274], [46.5396866, 30.7133338], [46.5395906, 30.713163], [46.5397645, 30.7129566], [46.5398604, 30.7131274]]], "df_ids": [27228]}