{"polygon": [[[46.5909859, 30.7973858], [46.5912973, 30.7977745], [46.5912549, 30.7978464], [46.591238, 30.7978253], [46.591132, 30.7980051], [46.5908375, 30.7976375], [46.5909859, 30.7973858]]], "df_ids": [28229]}