{"polygon": [[[46.4834937, 30.7331133], [46.4835209, 30.733115], [46.4835151, 30.7332222], [46.4835815, 30.7332297], [46.4835734, 30.7333813], [46.4835111, 30.7333742], [46.4835036, 30.7335127], [46.4834096, 30.733502], [46.483431, 30.7331047], [46.4834937, 30.7331133]]], "df_ids": [4750]}