{"polygon": [[[46.4824178, 30.737982], [46.4822648, 30.7379643], [46.4822681, 30.7379044], [46.4820919, 30.7378841], [46.4820861, 30.7379905], [46.482185, 30.7380019], [46.482182, 30.7380572], [46.4824122, 30.7380838], [46.4824178, 30.737982]]], "df_ids": [787]}