{"polygon": [[[46.3789632, 30.7446334], [46.3790744, 30.7451351], [46.3789903, 30.7451743], [46.3788792, 30.7446725], [46.3789632, 30.7446334]]], "df_ids": [6710]}