{"polygon": [[[46.3775233, 30.7447471], [46.3772172, 30.7448696], [46.3772111, 30.7448374], [46.3771709, 30.7448535], [46.3771623, 30.744808], [46.377123, 30.7448238], [46.3771724, 30.7450831], [46.3772476, 30.745053], [46.37724, 30.7450131], [46.3775503, 30.744889], [46.3775233, 30.7447471]]], "df_ids": [6713]}