{"polygon": [[[46.3802831, 30.7433855], [46.3796417, 30.7436679], [46.379676, 30.7438316], [46.3800218, 30.7436789], [46.3800596, 30.7436631], [46.3803174, 30.7435491], [46.3802831, 30.7433855]]], "df_ids": [6717]}