{"polygon": [[[46.3800606, 30.743792], [46.3800457, 30.7437983], [46.3797, 30.7439507], [46.3797353, 30.7441195], [46.380096, 30.7439607], [46.3800606, 30.743792]]], "df_ids": [6716]}