{"polygon": [[[46.4323353, 30.7613842], [46.432205, 30.7614489], [46.4322297, 30.7615644], [46.4322713, 30.7617314], [46.4323158, 30.7619181], [46.4323383, 30.7619069], [46.4323878, 30.7619991], [46.4323999, 30.7620038], [46.4324092, 30.7619979], [46.4324144, 30.7619816], [46.4324184, 30.7618763], [46.432448, 30.7618616], [46.4324034, 30.7616728], [46.4323353, 30.7613842]]], "df_ids": [27668]}