{"polygon": [[[46.4332612, 30.7496656], [46.4333207, 30.7499065], [46.4334162, 30.7498569], [46.4334787, 30.7501099], [46.4333815, 30.7501604], [46.4334412, 30.7504022], [46.4336057, 30.7503166], [46.4335543, 30.7501087], [46.4337082, 30.7500288], [46.4336226, 30.7496824], [46.4334657, 30.7497639], [46.4334209, 30.7495826], [46.4332612, 30.7496656]]], "df_ids": [64168]}