{"polygon": [[[46.4335572, 30.7482816], [46.4338917, 30.7480836], [46.434012, 30.7485114], [46.4338952, 30.7485805], [46.4338259, 30.7483341], [46.4336082, 30.748463], [46.4335572, 30.7482816]]], "df_ids": [76340]}