{"polygon": [[[46.4309546, 30.7498667], [46.4309159, 30.7497112], [46.4314834, 30.7494133], [46.4315222, 30.7495689], [46.4309546, 30.7498667]]], "df_ids": [63429]}