{"polygon": [[[46.4305244, 30.7425137], [46.4306201, 30.742628], [46.4301616, 30.7434365], [46.4300658, 30.7433223], [46.4305244, 30.7425137]]], "df_ids": [166115]}