{"polygon": [[[46.4404827, 30.720096], [46.4405663, 30.7201807], [46.4405534, 30.7202076], [46.4405973, 30.720252], [46.4405827, 30.7202822], [46.4406403, 30.7203405], [46.4406304, 30.7203611], [46.4407337, 30.7204658], [46.4407421, 30.7204483], [46.4408368, 30.7205442], [46.440802, 30.7206164], [46.4408307, 30.7206454], [46.4407406, 30.7208327], [46.4407017, 30.7207934], [46.4407107, 30.7207748], [46.4406827, 30.7207464], [46.4406948, 30.7207213], [46.440382, 30.7204045], [46.4404223, 30.7203207], [46.4403903, 30.7202882], [46.4404827, 30.720096]]], "df_ids": [79735]}