{"polygon": [[[46.4844712, 30.7405311], [46.4844796, 30.7404371], [46.4843912, 30.740424], [46.484384, 30.7405179], [46.4844017, 30.7405206], [46.4844712, 30.7405311]]], "df_ids": [136316]}