{"polygon": [[[46.4842975, 30.7407609], [46.484315, 30.7407636], [46.4844517, 30.7407845], [46.4844587, 30.740687], [46.4844652, 30.7405965], [46.4844677, 30.7405618], [46.4843824, 30.7405488], [46.4843137, 30.7405385], [46.4842975, 30.7407609]]], "df_ids": [6765]}