{"polygon": [[[46.4842911, 30.739922], [46.4845158, 30.7399793], [46.4846484, 30.7400032], [46.4846588, 30.7398915], [46.4846418, 30.7398599], [46.4844093, 30.7398245], [46.4843863, 30.739854], [46.4842985, 30.7398378], [46.4842911, 30.739922]]], "df_ids": [135324]}