{"polygon": [[[46.4416429, 30.7467903], [46.4414903, 30.7467497], [46.441469, 30.7469184], [46.4416217, 30.7469589], [46.4416429, 30.7467903]]], "df_ids": [28882]}