{"polygon": [[[46.4934909, 30.7026659], [46.4935152, 30.7027334], [46.4935399, 30.7028215], [46.4935724, 30.7029184], [46.4934859, 30.7029801], [46.4934106, 30.7030339], [46.4933677, 30.7028954], [46.4934408, 30.7028476], [46.4934818, 30.7028209], [46.493472, 30.7027892], [46.4934446, 30.7027005], [46.4934524, 30.7026954], [46.4934881, 30.7026721], [46.4934909, 30.7026659]]], "df_ids": [52869]}