{"polygon": [[[46.46776, 30.7235348], [46.4676602, 30.7236324], [46.4677652, 30.7238587], [46.4677751, 30.7238801], [46.4678068, 30.7239485], [46.4679094, 30.7238481], [46.4678726, 30.7237689], [46.4678962, 30.7237458], [46.4678521, 30.7236508], [46.4678258, 30.7236766], [46.46776, 30.7235348]]], "df_ids": [310]}