{"polygon": [[[46.4423005, 30.7489127], [46.4422585, 30.7488927], [46.442265, 30.748864], [46.4421991, 30.7488326], [46.4421643, 30.748986], [46.44224, 30.7490221], [46.4422495, 30.7489802], [46.4422817, 30.7489955], [46.4423005, 30.7489127]]], "df_ids": [28887]}