{"polygon": [[[46.4682013, 30.7251959], [46.4681709, 30.7251403], [46.4680674, 30.7252597], [46.4680029, 30.7251418], [46.4680966, 30.7250337], [46.4681254, 30.7250005], [46.4681719, 30.7249469], [46.4681899, 30.724926], [46.4682467, 30.7250297], [46.4682247, 30.7250551], [46.468266, 30.7251306], [46.4682906, 30.7251022], [46.4683298, 30.7251739], [46.468272, 30.7252406], [46.4683019, 30.7252929], [46.4682595, 30.7253418], [46.4682553, 30.7253341], [46.4682057, 30.7253913], [46.4682102, 30.7253995], [46.4681656, 30.725451], [46.4681447, 30.7254129], [46.468133, 30.7254265], [46.4681234, 30.7254376], [46.4680808, 30.7253597], [46.4680913, 30.7253476], [46.468107, 30.7253295], [46.4680998, 30.7253163], [46.4681488, 30.7252597], [46.4681542, 30.7252695], [46.4681969, 30.7252202], [46.4681905, 30.7252084], [46.4682013, 30.7251959]]], "df_ids": [174]}