{"polygon": [[[46.4526691, 30.7134929], [46.452673, 30.7132225], [46.4525663, 30.7132192], [46.4525641, 30.7133733], [46.4525116, 30.7133717], [46.4525113, 30.7133974], [46.4525099, 30.7134886], [46.4525184, 30.7134899], [46.4526691, 30.7134929]]], "df_ids": [386]}