{"polygon": [[[46.4387563, 30.74594], [46.4387025, 30.7459364], [46.4387047, 30.7458669], [46.4386275, 30.7458617], [46.4386195, 30.746113], [46.4387267, 30.7461202], [46.438729, 30.7460468], [46.4387528, 30.7460484], [46.4387563, 30.74594]]], "df_ids": [28898]}