{"polygon": [[[46.4513639, 30.7161626], [46.4511307, 30.7160896], [46.4511085, 30.716239], [46.4513416, 30.716312], [46.4513639, 30.7161626]]], "df_ids": [1202]}