{"polygon": [[[46.4689086, 30.7242024], [46.4688577, 30.724118], [46.4688077, 30.7240277], [46.4687324, 30.7241156], [46.4687261, 30.724123], [46.4687424, 30.7241524], [46.4687167, 30.7241824], [46.4687863, 30.7243081], [46.4688208, 30.7242679], [46.4688343, 30.7242924], [46.4689086, 30.7242024]]], "df_ids": [262]}