{"polygon": [[[46.4574299, 30.7549418], [46.4573079, 30.7550287], [46.4573799, 30.7552416], [46.4575019, 30.7551547], [46.4574299, 30.7549418]]], "df_ids": [136257]}