{"polygon": [[[46.4724587, 30.7596583], [46.4724617, 30.7596352], [46.4724727, 30.7595089], [46.4724016, 30.7594931], [46.4723938, 30.7595732], [46.4723511, 30.7595643], [46.4723442, 30.7596346], [46.4724587, 30.7596583]]], "df_ids": [212280]}