{"polygon": [[[46.4579756, 30.7561528], [46.4580287, 30.7562976], [46.4579147, 30.7563857], [46.4579232, 30.7564087], [46.4578866, 30.756437], [46.4578251, 30.7562692], [46.4579756, 30.7561528]]], "df_ids": [39240]}