{"polygon": [[[46.4701341, 30.7519995], [46.4700189, 30.7519875], [46.4700276, 30.7518106], [46.470143, 30.7518257], [46.4701341, 30.7519995]]], "df_ids": [137888]}