{"polygon": [[[46.4347893, 30.7508893], [46.4347254, 30.7507064], [46.4345617, 30.7508268], [46.4346256, 30.7510097], [46.4347893, 30.7508893]]], "df_ids": [19252]}