{"polygon": [[[46.4570722, 30.7283609], [46.4569096, 30.7283471], [46.4569064, 30.7284257], [46.4569031, 30.7285072], [46.4569297, 30.7285096], [46.4569279, 30.728564], [46.4569373, 30.7285817], [46.4569579, 30.7285827], [46.4569699, 30.728564], [46.4569717, 30.728513], [46.4570657, 30.7285211], [46.4570722, 30.7283609]]], "df_ids": [6782]}