{"polygon": [[[46.438823, 30.7458572], [46.4388507, 30.7457515], [46.438871, 30.7457628], [46.4388833, 30.7457162], [46.4390099, 30.7457862], [46.4389699, 30.7459385], [46.438823, 30.7458572]]], "df_ids": [48645]}