{"polygon": [[[46.4741923, 30.7604227], [46.4742067, 30.7602086], [46.4741806, 30.7602049], [46.4741886, 30.7600858], [46.4740645, 30.7600682], [46.474056, 30.7601941], [46.4740052, 30.7601869], [46.4739913, 30.7603942], [46.4741923, 30.7604227]]], "df_ids": [46077]}