{"polygon": [[[46.467697, 30.7230517], [46.4676503, 30.7230975], [46.4676676, 30.7231347], [46.467658, 30.7231441], [46.4677219, 30.7232814], [46.4677889, 30.7234253], [46.4677993, 30.7234151], [46.4678166, 30.7234522], [46.4678648, 30.7234049], [46.4678042, 30.7232746], [46.4678362, 30.7232432], [46.4677947, 30.7231542], [46.4677604, 30.7231879], [46.467697, 30.7230517]]], "df_ids": [351]}