{"polygon": [[[46.4769905, 30.7611964], [46.4768999, 30.7609566], [46.4768957, 30.7609421], [46.4768911, 30.7609339], [46.476883, 30.7609297], [46.4768745, 30.76093], [46.4768657, 30.7609358], [46.4767036, 30.7610412], [46.4767518, 30.7611983], [46.4768169, 30.7611561], [46.476856, 30.7612835], [46.4769905, 30.7611964]]], "df_ids": [29114]}