{"polygon": [[[46.4512285, 30.7152171], [46.4511924, 30.7154243], [46.4513118, 30.715431], [46.4513168, 30.7153309], [46.451305, 30.715331], [46.4513103, 30.7152317], [46.4512285, 30.7152171]]], "df_ids": [151826]}