{"polygon": [[[46.451058, 30.718686], [46.4510584, 30.7186299], [46.45104, 30.7186296], [46.4510411, 30.7185448], [46.4509166, 30.7185484], [46.4509158, 30.7186843], [46.451058, 30.718686]]], "df_ids": [2175]}