{"polygon": [[[46.4720614, 30.7558937], [46.4720275, 30.7561221], [46.4721496, 30.7561604], [46.4721749, 30.7559898], [46.4723526, 30.7560454], [46.4723214, 30.7562549], [46.4724683, 30.7563008], [46.472508, 30.7560336], [46.4720614, 30.7558937]]], "df_ids": [124468]}