{"polygon": [[[46.4671119, 30.723963], [46.4671491, 30.7240313], [46.4670546, 30.7241397], [46.4671302, 30.7242787], [46.4672247, 30.7241703], [46.4672569, 30.7242294], [46.4673634, 30.7241073], [46.4672893, 30.7239713], [46.4672183, 30.7238408], [46.4671119, 30.723963]]], "df_ids": [361]}