{"polygon": [[[46.4406649, 30.7470888], [46.4405758, 30.7470815], [46.4405778, 30.7470292], [46.4405316, 30.7470254], [46.440538, 30.7468608], [46.4405755, 30.7468639], [46.4405776, 30.7468091], [46.4406755, 30.7468171], [46.4406649, 30.7470888]]], "df_ids": [28877]}