{"polygon": [[[46.4420686, 30.747003], [46.4421277, 30.7470215], [46.4421356, 30.7469687], [46.4421724, 30.7469803], [46.4421826, 30.7469119], [46.4421995, 30.7469172], [46.442222, 30.7467667], [46.4421339, 30.7467389], [46.4421275, 30.7467816], [46.4421029, 30.7467737], [46.4420686, 30.747003]]], "df_ids": [212687]}