{"polygon": [[[46.4513204, 30.7164752], [46.4510824, 30.7164148], [46.4510661, 30.71655], [46.4513042, 30.7166104], [46.4513204, 30.7164752]]], "df_ids": [1203]}