{"polygon": [[[46.4738334, 30.7570823], [46.4737371, 30.7569843], [46.4736557, 30.757153], [46.4737521, 30.757251], [46.4738334, 30.7570823]]], "df_ids": [45354]}