{"polygon": [[[46.4394727, 30.7482385], [46.4393301, 30.7482925], [46.4392797, 30.7480125], [46.4394223, 30.7479585], [46.4394727, 30.7482385]]], "df_ids": [28878]}