{"polygon": [[[46.4791884, 30.7537794], [46.4792359, 30.7536481], [46.4791355, 30.7535716], [46.4790881, 30.7537028], [46.4791884, 30.7537794]]], "df_ids": [45146]}