{"polygon": [[[46.4603306, 30.7568529], [46.4602283, 30.7568986], [46.4602757, 30.7571221], [46.4602237, 30.7571454], [46.4602397, 30.7572211], [46.4602604, 30.7573188], [46.4603139, 30.7572949], [46.4603268, 30.7573553], [46.4604195, 30.7573138], [46.4603979, 30.757212], [46.4603859, 30.7572174], [46.4603318, 30.7569622], [46.4603519, 30.7569532], [46.4603306, 30.7568529]]], "df_ids": [34148]}