{"polygon": [[[46.4678894, 30.7226175], [46.4679311, 30.7226901], [46.4679422, 30.7226767], [46.4679809, 30.7227442], [46.467969, 30.7227587], [46.4679939, 30.7228021], [46.4679122, 30.7229012], [46.4678266, 30.7230048], [46.4677211, 30.7228213], [46.4678894, 30.7226175]]], "df_ids": [355]}