{"polygon": [[[46.4416358, 30.7465015], [46.4414867, 30.7464609], [46.4414737, 30.7465608], [46.4414025, 30.7465414], [46.4413886, 30.7466493], [46.441585, 30.7467029], [46.4415907, 30.7466589], [46.441634, 30.7466707], [46.4416416, 30.7466122], [46.4416221, 30.7466069], [46.4416358, 30.7465015]]], "df_ids": [28883]}