{"polygon": [[[46.4510517, 30.7177426], [46.4509455, 30.7177337], [46.4509399, 30.7178739], [46.451047, 30.7178821], [46.4510481, 30.717814], [46.4510517, 30.7177426]]], "df_ids": [187730]}