{"polygon": [[[46.4384516, 30.7457522], [46.4383673, 30.7458029], [46.4384085, 30.7459474], [46.4384929, 30.7458966], [46.4384516, 30.7457522]]], "df_ids": [28899]}