{"polygon": [[[46.4544759, 30.7243658], [46.4543822, 30.7244064], [46.4544725, 30.7248458], [46.4545662, 30.7248052], [46.4544759, 30.7243658]]], "df_ids": [14131]}