{"polygon": [[[46.4722908, 30.7562965], [46.4721383, 30.7562441], [46.4721078, 30.7564314], [46.4722602, 30.7564838], [46.4722908, 30.7562965]]], "df_ids": [194933]}