{"polygon": [[[46.4784785, 30.7389843], [46.4786739, 30.7390058], [46.4786763, 30.7389593], [46.4784809, 30.7389378], [46.4784853, 30.7388527], [46.4786833, 30.7388758], [46.478777, 30.7388851], [46.4787752, 30.7389659], [46.4787652, 30.7390849], [46.4784743, 30.7390541], [46.4784785, 30.7389843]]], "df_ids": [141147]}