{"polygon": [[[46.4749941, 30.7430763], [46.4748547, 30.7430482], [46.4746903, 30.7430349], [46.4746855, 30.7431069], [46.4746681, 30.7433669], [46.4746642, 30.7434259], [46.4747626, 30.7434386], [46.4749273, 30.7434699], [46.4749572, 30.7434671], [46.474964, 30.7433642], [46.4747888, 30.7433396], [46.4748004, 30.7431648], [46.4749864, 30.7431909], [46.4749941, 30.7430763]]], "df_ids": [1911]}