{"polygon": [[[46.4924054, 30.7196481], [46.492222, 30.7195919], [46.4921946, 30.719742], [46.4922929, 30.7197723], [46.4923833, 30.7198002], [46.4924054, 30.7196481]]], "df_ids": [1757]}