{"polygon": [[[46.4817363, 30.7433428], [46.481703, 30.7437424], [46.481791, 30.7437579], [46.4818306, 30.7437649], [46.4818575, 30.7437696], [46.4818612, 30.743725], [46.4818299, 30.7437195], [46.4818358, 30.7436485], [46.4818567, 30.7436521], [46.4818713, 30.7434767], [46.481847, 30.7434725], [46.4818492, 30.7434456], [46.4818858, 30.743452], [46.4818926, 30.7433703], [46.4818029, 30.7433546], [46.4817363, 30.7433428]]], "df_ids": [738]}