{"polygon": [[[46.4789114, 30.7413121], [46.4788266, 30.741301], [46.4787352, 30.741289], [46.478669, 30.7412804], [46.4786587, 30.7414465], [46.4787782, 30.7414621], [46.4789011, 30.7414782], [46.4789114, 30.7413121]]], "df_ids": [32354]}