{"polygon": [[[46.4802063, 30.7435982], [46.4801566, 30.7435891], [46.4800979, 30.7435783], [46.4800529, 30.7440932], [46.4801613, 30.7441132], [46.4801711, 30.7440015], [46.4802063, 30.7435982]]], "df_ids": [194032]}