{"polygon": [[[46.4763653, 30.7408735], [46.4760515, 30.7408254], [46.4758623, 30.7407964], [46.4758673, 30.7409279], [46.4761272, 30.7409755], [46.4761281, 30.7410067], [46.4761402, 30.7410244], [46.4761816, 30.7410337], [46.4761957, 30.7410126], [46.4761993, 30.7409817], [46.4763562, 30.7410072], [46.4763653, 30.7408735]]], "df_ids": [33259]}