{"polygon": [[[46.4774758, 30.7410677], [46.4775338, 30.7410737], [46.4775562, 30.7410807], [46.4775592, 30.741127], [46.4776499, 30.7411415], [46.4776267, 30.7414196], [46.4775492, 30.741409], [46.4775392, 30.74148], [46.4774615, 30.7414671], [46.4774635, 30.7414391], [46.4774758, 30.7410677]]], "df_ids": [255147]}