{"polygon": [[[46.4803383, 30.7373367], [46.4801634, 30.7373062], [46.4800802, 30.7372983], [46.4800689, 30.7374502], [46.4802313, 30.7374753], [46.4802191, 30.7377429], [46.4803161, 30.7377521], [46.4803383, 30.7373367]]], "df_ids": [126965]}