{"polygon": [[[46.475099, 30.752196], [46.4750829, 30.7524723], [46.474747, 30.752431], [46.4747631, 30.7521543], [46.4748102, 30.7521601], [46.474814, 30.7520948], [46.4748679, 30.7521015], [46.4748574, 30.7522812], [46.4750158, 30.7523007], [46.4750225, 30.7521866], [46.475099, 30.752196]]], "df_ids": [33307]}