{"polygon": [[[46.4891949, 30.7262753], [46.4892154, 30.7263023], [46.4892671, 30.7263872], [46.4892017, 30.726477], [46.4890551, 30.7266689], [46.4890399, 30.7266434], [46.4889786, 30.7265405], [46.4891949, 30.7262753]]], "df_ids": [153156]}