{"polygon": [[[46.4890569, 30.7316054], [46.4889584, 30.7314382], [46.4888598, 30.7315607], [46.4887489, 30.7316985], [46.4888474, 30.7318658], [46.4890569, 30.7316054]]], "df_ids": [97797]}