{"polygon": [[[46.4793903, 30.7367433], [46.4793061, 30.7367329], [46.4792573, 30.7367244], [46.4792345, 30.7371372], [46.4793676, 30.7371527], [46.4793798, 30.7369328], [46.4793903, 30.7367433]]], "df_ids": [88108]}