{"polygon": [[[46.4780886, 30.7323397], [46.4780097, 30.732325], [46.4779728, 30.732743], [46.4780517, 30.7327577], [46.4780696, 30.7325548], [46.4780886, 30.7323397]]], "df_ids": [162598]}