{"polygon": [[[46.4894709, 30.7239982], [46.4893664, 30.7238145], [46.4892735, 30.7236388], [46.4892357, 30.7235732], [46.4891834, 30.7236364], [46.4889891, 30.7239005], [46.4889325, 30.7239693], [46.489016, 30.7241124], [46.4890639, 30.7240543], [46.4891908, 30.7239001], [46.4892121, 30.7238742], [46.4892565, 30.7239515], [46.4893102, 30.724045], [46.489337, 30.7240249], [46.4893892, 30.724112], [46.4894709, 30.7239982]]], "df_ids": [136469]}