{"polygon": [[[46.4798867, 30.7417831], [46.4798536, 30.7422297], [46.4796197, 30.7421932], [46.4796528, 30.7417466], [46.4798867, 30.7417831]]], "df_ids": [6656]}