{"polygon": [[[46.4694153, 30.7288885], [46.4693942, 30.7292393], [46.469296, 30.7292266], [46.4693117, 30.7289666], [46.4693171, 30.7288761], [46.4694153, 30.7288885]]], "df_ids": [180290]}