{"polygon": [[[46.4948774, 30.7248813], [46.494757, 30.7246857], [46.4946583, 30.724824], [46.4946091, 30.7247436], [46.4945245, 30.7248533], [46.4946189, 30.7250066], [46.4946621, 30.7249504], [46.4947341, 30.7250673], [46.4948774, 30.7248813]]], "df_ids": [6766]}