{"polygon": [[[46.4773593, 30.7551005], [46.477359, 30.7554478], [46.4773184, 30.7554477], [46.4773183, 30.7555424], [46.4772999, 30.7555424], [46.4772187, 30.7555423], [46.4772038, 30.7555422], [46.4772042, 30.7551003], [46.4773593, 30.7551005]]], "df_ids": [5204]}