{"polygon": [[[46.4799624, 30.7414444], [46.4802215, 30.7414771], [46.4803729, 30.7414961], [46.4803708, 30.7415315], [46.480365, 30.7416279], [46.4803634, 30.7416543], [46.4799544, 30.7415959], [46.4799624, 30.7414444]]], "df_ids": [28386]}