{"polygon": [[[46.4907089, 30.7325024], [46.4906041, 30.7326273], [46.4902802, 30.7320539], [46.4903849, 30.7319291], [46.4907089, 30.7325024]]], "df_ids": [32884]}