{"polygon": [[[46.4766944, 30.7379611], [46.4766745, 30.738199], [46.4765344, 30.7381761], [46.4765538, 30.737937], [46.4766944, 30.7379611]]], "df_ids": [10003]}