{"polygon": [[[46.4879261, 30.7386103], [46.487917, 30.7393965], [46.4878351, 30.7393945], [46.4878382, 30.7391298], [46.4877949, 30.7391287], [46.4877983, 30.7388354], [46.4878622, 30.738837], [46.4878648, 30.7386088], [46.4879261, 30.7386103]]], "df_ids": [6237]}