{"polygon": [[[46.4498936, 30.7399677], [46.4500737, 30.7406595], [46.4497778, 30.7408217], [46.4495978, 30.7401299], [46.4498936, 30.7399677]]], "df_ids": [33622]}