{"polygon": [[[46.4790468, 30.7307329], [46.47895, 30.7308422], [46.4791052, 30.7311333], [46.4791222, 30.7311649], [46.4792135, 30.7310449], [46.4792008, 30.7310209], [46.4790468, 30.7307329]]], "df_ids": [121260]}