{"polygon": [[[46.4848201, 30.7364211], [46.4846583, 30.7363981], [46.4846474, 30.7365602], [46.4847364, 30.7365728], [46.484733, 30.7366238], [46.4848057, 30.7366341], [46.4848201, 30.7364211]]], "df_ids": [5252]}