{"polygon": [[[46.5759405, 30.7909145], [46.5758541, 30.7912293], [46.5759083, 30.7912608], [46.5758253, 30.7915632], [46.575735, 30.7915108], [46.5758033, 30.7912595], [46.5758164, 30.791212], [46.5758212, 30.7911962], [46.5757661, 30.7911642], [46.5758491, 30.7908615], [46.5759405, 30.7909145]]], "df_ids": [90647]}