{"polygon": [[[46.5751647, 30.7918591], [46.5750866, 30.7921729], [46.5751412, 30.7922017], [46.5750601, 30.7925278], [46.574958, 30.792474], [46.5750165, 30.7922385], [46.5750377, 30.7921536], [46.5749866, 30.7921267], [46.5750661, 30.7918072], [46.5751647, 30.7918591]]], "df_ids": [90648]}