{"polygon": [[[46.578781, 30.7907393], [46.5786135, 30.7906503], [46.5785886, 30.7907496], [46.578756, 30.7908387], [46.578781, 30.7907393]]], "df_ids": [29078]}