{"polygon": [[[46.4862921, 30.7378675], [46.4862834, 30.7380575], [46.4860354, 30.7380333], [46.4860502, 30.7378443], [46.4862921, 30.7378675]]], "df_ids": [6204]}