{"polygon": [[[46.487075, 30.7364355], [46.4870499, 30.7364071], [46.4870269, 30.7363983], [46.487004, 30.7363994], [46.4869862, 30.736404], [46.4869696, 30.7364356], [46.486951, 30.7364511], [46.4869243, 30.7364673], [46.4869151, 30.7365629], [46.4869075, 30.7366651], [46.4868685, 30.7372271], [46.4869398, 30.7372792], [46.4869895, 30.7372803], [46.4870322, 30.7372753], [46.4870799, 30.7372186], [46.4870953, 30.7371448], [46.4870923, 30.737071], [46.4870714, 30.73702], [46.4870528, 30.7369904], [46.4870764, 30.7366812], [46.4873682, 30.7370281], [46.4874013, 30.7369923], [46.4874206, 30.7369423], [46.4874251, 30.7368896], [46.4874126, 30.7368361], [46.487075, 30.7364355]]], "df_ids": [169407]}