{"polygon": [[[46.5736147, 30.7999948], [46.5732757, 30.7997389], [46.5732422, 30.7998329], [46.5729515, 30.7996135], [46.5730215, 30.7994173], [46.5732878, 30.7996183], [46.5733235, 30.7995183], [46.5736869, 30.7997926], [46.5736147, 30.7999948]]], "df_ids": [75129]}