{"polygon": [[[46.5724635, 30.803477], [46.5722702, 30.8040247], [46.5721579, 30.8039409], [46.5723511, 30.8033931], [46.5724635, 30.803477]]], "df_ids": [169306]}