{"polygon": [[[46.4650576, 30.7243315], [46.4649731, 30.7242003], [46.4649244, 30.7242666], [46.4649063, 30.7242912], [46.4649462, 30.7243529], [46.4648798, 30.7244434], [46.4649236, 30.7245111], [46.4650576, 30.7243315]]], "df_ids": [235704]}