{"polygon": [[[46.4779574, 30.7477032], [46.4779454, 30.7478908], [46.4777265, 30.7478613], [46.4777385, 30.7476737], [46.4779574, 30.7477032]]], "df_ids": [28246]}