{"polygon": [[[46.4804404, 30.7408689], [46.4804114, 30.7411924], [46.4804561, 30.7412008], [46.4804413, 30.7413667], [46.4805248, 30.7413825], [46.480536, 30.741257], [46.4805612, 30.7412617], [46.480576, 30.7410969], [46.4805897, 30.7409438], [46.4805368, 30.7409338], [46.4805409, 30.7408878], [46.4804404, 30.7408689]]], "df_ids": [136474]}