{"polygon": [[[46.4664313, 30.7264711], [46.4661073, 30.7269277], [46.4660569, 30.7268511], [46.466106, 30.7267741], [46.4662585, 30.7265591], [46.4663778, 30.726391], [46.4664313, 30.7264711]]], "df_ids": [3444]}