{"polygon": [[[46.4801513, 30.7385223], [46.4801381, 30.7387144], [46.480122, 30.7389424], [46.4802131, 30.7389551], [46.4802237, 30.7387959], [46.4802807, 30.7388039], [46.4802979, 30.738545], [46.4801513, 30.7385223]]], "df_ids": [28304]}