{"polygon": [[[46.466406, 30.7255699], [46.4663463, 30.7254753], [46.4661448, 30.7257433], [46.4661081, 30.7257921], [46.4661678, 30.7258867], [46.466406, 30.7255699]]], "df_ids": [14285]}