{"polygon": [[[46.4832, 30.7417503], [46.4830091, 30.7417142], [46.4829927, 30.7418966], [46.4831836, 30.7419328], [46.4832, 30.7417503]]], "df_ids": [137394]}