{"polygon": [[[46.4661706, 30.7559871], [46.4661534, 30.7559836], [46.4660358, 30.7559598], [46.4660045, 30.7562843], [46.4661398, 30.7563117], [46.4661502, 30.7562034], [46.466271, 30.7562279], [46.466285, 30.7560821], [46.4661638, 30.7560575], [46.4661706, 30.7559871]]], "df_ids": [147615]}