{"polygon": [[[46.4730065, 30.7430967], [46.4730003, 30.7431807], [46.4727407, 30.7431404], [46.4727469, 30.7430563], [46.4730065, 30.7430967]]], "df_ids": [173563]}