{"polygon": [[[46.4804292, 30.7374386], [46.4804129, 30.7377781], [46.4803326, 30.73777], [46.4803489, 30.7374305], [46.4804292, 30.7374386]]], "df_ids": [208554]}