{"polygon": [[[46.465615, 30.7242512], [46.4653372, 30.7246153], [46.4652694, 30.724509], [46.4655464, 30.7241389], [46.465615, 30.7242512]]], "df_ids": [175208]}