{"polygon": [[[46.4752244, 30.7380201], [46.4752035, 30.7383346], [46.4752021, 30.7383558], [46.4751349, 30.7383463], [46.4751178, 30.7383439], [46.4751298, 30.7381643], [46.4751402, 30.7380083], [46.4752244, 30.7380201]]], "df_ids": [192905]}