{"polygon": [[[46.529065, 30.7283606], [46.529118, 30.7290838], [46.5292395, 30.729065], [46.5291866, 30.7283418], [46.529065, 30.7283606]]], "df_ids": [51469]}