{"polygon": [[[46.4551492, 30.7448581], [46.4548364, 30.7445303], [46.4549358, 30.7443304], [46.4552486, 30.7446583], [46.4551492, 30.7448581]]], "df_ids": [45807]}