{"polygon": [[[46.4606118, 30.749071], [46.4604249, 30.7490457], [46.4604796, 30.7481914], [46.4607332, 30.7482256], [46.460746, 30.7480256], [46.4606814, 30.7480169], [46.4606774, 30.7480791], [46.4604254, 30.7480451], [46.4604304, 30.7479682], [46.4603733, 30.7479605], [46.4603648, 30.7480934], [46.4602553, 30.7480787], [46.4602474, 30.748202], [46.4603924, 30.7482216], [46.4603866, 30.7483121], [46.4602758, 30.7482972], [46.4602698, 30.7483916], [46.4603743, 30.7484057], [46.4603665, 30.7485269], [46.4603198, 30.7485206], [46.4603097, 30.7486782], [46.4603584, 30.7486848], [46.4603429, 30.7489256], [46.4602886, 30.7489183], [46.4602811, 30.7490369], [46.4603396, 30.7490448], [46.460329, 30.7492115], [46.4606005, 30.7492481], [46.4606118, 30.749071]]], "df_ids": [58236]}