{"polygon": [[[46.5485178, 30.7504484], [46.5483182, 30.7508019], [46.5484209, 30.7509245], [46.5484717, 30.7508345], [46.54846, 30.7508206], [46.5485476, 30.7506656], [46.5485976, 30.7507253], [46.5486397, 30.7506506], [46.5486002, 30.7506034], [46.5486193, 30.7505696], [46.5485178, 30.7504484]]], "df_ids": [42974]}