{"polygon": [[[46.4634053, 30.7351307], [46.4632989, 30.7351091], [46.4632866, 30.7352366], [46.4632741, 30.7353669], [46.4633641, 30.7353864], [46.4633803, 30.7353899], [46.4633931, 30.7352571], [46.4634053, 30.7351307]]], "df_ids": [127034]}