{"polygon": [[[46.4870614, 30.7292311], [46.4869335, 30.7293901], [46.4868394, 30.729241], [46.4868954, 30.7291534], [46.4869217, 30.7291881], [46.4869792, 30.7291014], [46.4870614, 30.7292311]]], "df_ids": [135566]}