{"polygon": [[[46.4584942, 30.7508242], [46.458481, 30.7511502], [46.4583929, 30.7511427], [46.4584062, 30.7508167], [46.4584942, 30.7508242]]], "df_ids": [75648]}