{"polygon": [[[46.4595063, 30.7404228], [46.4592222, 30.7403733], [46.459115, 30.7404759], [46.4591003, 30.7406458], [46.459173, 30.740803], [46.4594203, 30.7408461], [46.4594746, 30.7407821], [46.4595063, 30.7404228]]], "df_ids": [169236]}