{"polygon": [[[46.4603527, 30.7526395], [46.4603781, 30.752099], [46.4602131, 30.7520826], [46.4601877, 30.7526232], [46.4603527, 30.7526395]]], "df_ids": [34420]}