{"polygon": [[[46.4662922, 30.7396517], [46.4659474, 30.7396088], [46.4659589, 30.7394148], [46.4663037, 30.7394577], [46.4662922, 30.7396517]]], "df_ids": [37363]}