{"polygon": [[[46.467533, 30.7451857], [46.4675475, 30.7452385], [46.4675732, 30.7452615], [46.467601, 30.7452701], [46.4676333, 30.74525], [46.4676591, 30.7452193], [46.4676644, 30.7451675], [46.4676617, 30.7450918], [46.4676446, 30.7450611], [46.4676182, 30.745039], [46.4675911, 30.7450333], [46.4675647, 30.7450477], [46.4675501, 30.7450726], [46.4675382, 30.7451081], [46.4675032, 30.7451148], [46.4675013, 30.7451819], [46.467533, 30.7451857]]], "df_ids": [139959]}