{"polygon": [[[46.4652533, 30.7394658], [46.4652243, 30.7398682], [46.4650346, 30.7398394], [46.465046, 30.7396812], [46.4650734, 30.7396854], [46.4650911, 30.7394411], [46.4652533, 30.7394658]]], "df_ids": [33104]}