{"polygon": [[[46.5782179, 30.7988731], [46.5778634, 30.7986239], [46.5777318, 30.7985314], [46.5777109, 30.7985944], [46.5776228, 30.7985325], [46.5775156, 30.798457], [46.5776415, 30.7980904], [46.5779362, 30.7982976], [46.5783195, 30.798567], [46.5782179, 30.7988731]]], "df_ids": [79668]}