{"polygon": [[[46.4603451, 30.7527752], [46.4600174, 30.7527406], [46.4600226, 30.7526068], [46.4601877, 30.7526232], [46.4603527, 30.7526395], [46.4603451, 30.7527752]]], "df_ids": [34421]}