{"polygon": [[[46.4590053, 30.7516656], [46.4585871, 30.7516331], [46.4585946, 30.7514302], [46.4590203, 30.7514632], [46.4590228, 30.7513961], [46.4591478, 30.7514058], [46.459135, 30.7517547], [46.4590024, 30.7517444], [46.4590053, 30.7516656]]], "df_ids": [27645]}