{"polygon": [[[46.4622571, 30.7366858], [46.46219, 30.7366781], [46.4621267, 30.7366695], [46.4621389, 30.7364799], [46.4622022, 30.7364884], [46.4622675, 30.7364973], [46.4622571, 30.7366858]]], "df_ids": [10505]}