{"polygon": [[[46.464055, 30.7371143], [46.4639667, 30.7371038], [46.4638678, 30.737092], [46.4638575, 30.7372747], [46.4639538, 30.7372862], [46.4640446, 30.737297], [46.464055, 30.7371143]]], "df_ids": [165844]}