{"polygon": [[[46.4625497, 30.7365368], [46.4625381, 30.7367177], [46.4624069, 30.7367032], [46.4622571, 30.7366858], [46.4622675, 30.7364973], [46.462295, 30.7359996], [46.4623587, 30.736007], [46.4623554, 30.736068], [46.462532, 30.7360885], [46.4625352, 30.7360297], [46.4625954, 30.7360367], [46.4625818, 30.7362841], [46.462531, 30.7362782], [46.4625324, 30.7362534], [46.4623271, 30.7362296], [46.4623252, 30.7362644], [46.4623953, 30.7362726], [46.462385, 30.7364595], [46.4623685, 30.7364576], [46.4623658, 30.7365059], [46.4623094, 30.7364994], [46.4623084, 30.7365179], [46.4624165, 30.7365305], [46.4625148, 30.7365419], [46.4625153, 30.7365324], [46.4625497, 30.7365368]]], "df_ids": [165952]}