{"polygon": [[[46.4624513, 30.7370568], [46.4623878, 30.7370494], [46.4623307, 30.7370427], [46.4623281, 30.737091], [46.4622143, 30.7370778], [46.4622264, 30.7368593], [46.4623972, 30.7368792], [46.4625076, 30.736892], [46.4624973, 30.7370785], [46.4624951, 30.7371192], [46.4624482, 30.7371137], [46.4624513, 30.7370568]]], "df_ids": [165904]}