{"polygon": [[[46.4594772, 30.7385875], [46.4589522, 30.7385365], [46.4589856, 30.7377796], [46.459507, 30.737828], [46.4594772, 30.7385875]]], "df_ids": [111616]}