{"polygon": [[[46.4626321, 30.7296553], [46.4623191, 30.7296249], [46.4623303, 30.7293799], [46.4623562, 30.7293819], [46.4626436, 30.7294054], [46.4626321, 30.7296553]]], "df_ids": [27524]}