{"polygon": [[[46.4625381, 30.7367177], [46.4626548, 30.7367335], [46.4627759, 30.7367499], [46.462783, 30.7366406], [46.4627871, 30.736576], [46.4627876, 30.736569], [46.4626664, 30.7365526], [46.4625497, 30.7365368], [46.4625381, 30.7367177]]], "df_ids": [165951]}