{"polygon": [[[46.4637298, 30.7372562], [46.4636655, 30.7372485], [46.463664, 30.7372753], [46.4636514, 30.7375201], [46.4637153, 30.7375273], [46.4637298, 30.7372562]]], "df_ids": [127059]}