{"polygon": [[[46.4630343, 30.7388804], [46.4629567, 30.7388688], [46.462876, 30.738855], [46.462687, 30.7388259], [46.4626798, 30.738922], [46.4628832, 30.738954], [46.4628863, 30.7389117], [46.4629072, 30.7389149], [46.4629003, 30.7390085], [46.4628933, 30.739102], [46.4628691, 30.7390982], [46.4628723, 30.7390559], [46.4626734, 30.7390246], [46.4626674, 30.7391055], [46.4630135, 30.7391599], [46.4630233, 30.7390278], [46.4630343, 30.7388804]]], "df_ids": [7571, 242992]}