{"polygon": [[[46.4624386, 30.737208], [46.4622075, 30.737173], [46.4622007, 30.7372676], [46.4621937, 30.737364], [46.4622465, 30.737372], [46.4622481, 30.7373494], [46.4623701, 30.7373679], [46.4623685, 30.7373898], [46.4624249, 30.7373984], [46.4624386, 30.737208]]], "df_ids": [53011]}