{"polygon": [[[46.4636965, 30.7368817], [46.4637841, 30.7368943], [46.4638762, 30.7369075], [46.4638886, 30.7367262], [46.4639114, 30.7363914], [46.4638455, 30.7363819], [46.4638207, 30.7367469], [46.4637919, 30.7367427], [46.4637617, 30.7367384], [46.4637863, 30.7363759], [46.4637315, 30.736368], [46.4637067, 30.7367315], [46.4636965, 30.7368817]]], "df_ids": [10562, 10563]}