{"polygon": [[[46.4778783, 30.7648408], [46.4776726, 30.7648823], [46.4776533, 30.7648636], [46.4776276, 30.7648542], [46.4775922, 30.7648659], [46.47756, 30.7648356], [46.4774103, 30.7648681], [46.4774066, 30.7648317], [46.4772046, 30.7648754], [46.4772159, 30.764985], [46.4771387, 30.765041], [46.477142, 30.7650994], [46.4771709, 30.7651344], [46.477187, 30.7652512], [46.4771629, 30.7652956], [46.4771711, 30.7653826], [46.4772802, 30.7653608], [46.477249, 30.7650322], [46.4774506, 30.7649919], [46.4774549, 30.7650375], [46.4775482, 30.7650188], [46.4775507, 30.7650456], [46.4777504, 30.7650054], [46.4777609, 30.765116], [46.4779019, 30.7650876], [46.4778783, 30.7648408]]], "df_ids": [29113]}