{"polygon": [[[46.5135374, 30.7212632], [46.5135227, 30.721397], [46.5133653, 30.7213605], [46.5133594, 30.7214142], [46.5133252, 30.7214062], [46.5133215, 30.7214397], [46.5132205, 30.7214163], [46.5132447, 30.7211954], [46.5135374, 30.7212632]]], "df_ids": [64353]}