{"polygon": [[[46.4639831, 30.7383345], [46.463571, 30.7382869], [46.4635577, 30.7385274], [46.4639694, 30.7385755], [46.4639743, 30.7384793], [46.4639831, 30.7383345]]], "df_ids": [5230]}