{"polygon": [[[46.4638762, 30.7369075], [46.4639795, 30.7369238], [46.4640751, 30.736935], [46.4640854, 30.7367492], [46.4639925, 30.7367383], [46.4638886, 30.7367262], [46.4638762, 30.7369075]]], "df_ids": [124294]}