{"polygon": [[[46.4650131, 30.7332348], [46.4649765, 30.7332293], [46.4647289, 30.7331923], [46.4647382, 30.7330601], [46.4647447, 30.7329684], [46.4647477, 30.7329266], [46.4650373, 30.7329699], [46.4650316, 30.7330495], [46.4648645, 30.7330245], [46.4648609, 30.7330753], [46.464856, 30.7331442], [46.4650178, 30.7331684], [46.4650131, 30.7332348]]], "df_ids": [251103]}