{"polygon": [[[46.4600153, 30.739021], [46.4600204, 30.7388882], [46.4598739, 30.7388762], [46.4598707, 30.7389611], [46.4599562, 30.738968], [46.4599543, 30.739016], [46.4600153, 30.739021]]], "df_ids": [45760]}