{"polygon": [[[46.4644379, 30.7371716], [46.4645427, 30.7371869], [46.464636, 30.7372006], [46.4646222, 30.737399], [46.4645919, 30.7373946], [46.4645938, 30.7373669], [46.4645318, 30.7373578], [46.4644742, 30.7373494], [46.4644261, 30.7373424], [46.4644379, 30.7371716]]], "df_ids": [165837]}