{"polygon": [[[46.3788232, 30.7447275], [46.3786418, 30.7448106], [46.3787528, 30.7452746], [46.3789268, 30.7451942], [46.3788232, 30.7447275]]], "df_ids": [6711]}