{"polygon": [[[46.4306325, 30.760373], [46.4302074, 30.7605179], [46.4301743, 30.7603132], [46.4305993, 30.7601683], [46.4306325, 30.760373]]], "df_ids": [27018]}