{"polygon": [[[46.4841253, 30.7501116], [46.4841434, 30.7500463], [46.484196, 30.749842], [46.4843541, 30.7499294], [46.4843339, 30.7500065], [46.4843184, 30.7499979], [46.4842903, 30.750105], [46.4843037, 30.7501124], [46.4842812, 30.7501985], [46.4842279, 30.750169], [46.484219, 30.7502031], [46.4841535, 30.7501669], [46.4841626, 30.7501322], [46.4841253, 30.7501116]]], "df_ids": [8967]}