{"polygon": [[[46.4841527, 30.7478452], [46.4839615, 30.7478147], [46.4839244, 30.7483055], [46.4839501, 30.7483096], [46.4839464, 30.7483596], [46.4839814, 30.7483653], [46.4840118, 30.7483702], [46.4840173, 30.7482973], [46.4840303, 30.7482994], [46.484046, 30.748092], [46.4841283, 30.7481051], [46.4841364, 30.7479976], [46.4841043, 30.7479925], [46.4841082, 30.7479406], [46.4841451, 30.7479465], [46.4841527, 30.7478452]]], "df_ids": [5941]}