{"polygon": [[[46.4743166, 30.7515571], [46.474164, 30.7515296], [46.4741567, 30.7516152], [46.4743092, 30.7516427], [46.4743166, 30.7515571]]], "df_ids": [4185]}