{"polygon": [[[46.481584, 30.7491172], [46.481288, 30.7490709], [46.4812753, 30.7492419], [46.4815713, 30.7492882], [46.481584, 30.7491172]]], "df_ids": [842]}