{"polygon": [[[46.4825007, 30.7500428], [46.482586, 30.7500574], [46.4825633, 30.7503368], [46.482478, 30.7503222], [46.4824925, 30.7501438], [46.4825007, 30.7500428]]], "df_ids": [45190]}