{"polygon": [[[46.4280194, 30.76598], [46.4283399, 30.7649622], [46.4282073, 30.7648742], [46.4281349, 30.7651043], [46.4279566, 30.7656703], [46.4278868, 30.7658921], [46.4280194, 30.76598]]], "df_ids": [27014]}