{"polygon": [[[46.4327566, 30.765108], [46.432983, 30.764567], [46.4329499, 30.7643158], [46.4325762, 30.7639649], [46.4324843, 30.7641709], [46.4327829, 30.7644512], [46.4328001, 30.7645403], [46.4326148, 30.764983], [46.4327566, 30.765108]]], "df_ids": [169555]}