{"polygon": [[[46.482747, 30.7473026], [46.4826528, 30.7472869], [46.4826098, 30.7478334], [46.4827036, 30.7478486], [46.4827122, 30.7477512], [46.482728, 30.7475441], [46.4827394, 30.747399], [46.482747, 30.7473026]]], "df_ids": [46102]}