{"polygon": [[[46.4743945, 30.7513817], [46.474165, 30.7513415], [46.4741562, 30.7514475], [46.4743857, 30.7514877], [46.4743945, 30.7513817]]], "df_ids": [4184]}