{"polygon": [[[46.4827945, 30.7475568], [46.482728, 30.7475441], [46.4827122, 30.7477512], [46.4827036, 30.7478486], [46.4829161, 30.7478883], [46.4829473, 30.7475364], [46.4829099, 30.7475294], [46.4829067, 30.7475653], [46.4828742, 30.7475592], [46.4828555, 30.7477701], [46.4828549, 30.7477779], [46.4827818, 30.7477642], [46.4827758, 30.7477631], [46.4827932, 30.7475712], [46.4827945, 30.7475568]]], "df_ids": [34572, 180657]}