{"polygon": [[[46.4739745, 30.7507756], [46.4738436, 30.7507525], [46.473824, 30.750987], [46.473955, 30.75101], [46.4739745, 30.7507756]]], "df_ids": [670]}