{"polygon": [[[46.4307299, 30.7675297], [46.4304698, 30.7673331], [46.430433, 30.7674357], [46.4303067, 30.767504], [46.4303541, 30.7676887], [46.4304224, 30.7677767], [46.4305012, 30.7677261], [46.4305505, 30.7675886], [46.4306203, 30.7676413], [46.4305814, 30.7677495], [46.4306361, 30.7677908], [46.4307299, 30.7675297]]], "df_ids": [27020]}