{"polygon": [[[46.4547404, 30.7579135], [46.4547499, 30.7578821], [46.4547689, 30.7578622], [46.4547586, 30.7578415], [46.4547897, 30.7578086], [46.454812, 30.7577978], [46.4548316, 30.7577969], [46.4548525, 30.7577871], [46.4548627, 30.7577704], [46.4548823, 30.7576831], [46.4548796, 30.757638], [46.4548714, 30.7576075], [46.4548573, 30.7576155], [46.4548458, 30.7575969], [46.454837, 30.7575684], [46.4548357, 30.7575331], [46.454855, 30.7575135], [46.4548546, 30.7575125], [46.4548438, 30.7574518], [46.4548559, 30.7574223], [46.4548843, 30.7574214], [46.4549262, 30.7573861], [46.4549464, 30.7573576], [46.4549674, 30.7573596], [46.4549812, 30.7574051], [46.4550176, 30.7573818], [46.4550767, 30.7575765], [46.4550501, 30.7575935], [46.4550565, 30.7576145], [46.4550721, 30.7576155], [46.4551443, 30.7576949], [46.4551612, 30.7577341], [46.4551639, 30.7577772], [46.4551518, 30.7578723], [46.4551315, 30.7579145], [46.4551052, 30.757942], [46.4550234, 30.7579557], [46.4550072, 30.7579743], [46.454991, 30.7579645], [46.4549751, 30.7579774], [46.4549887, 30.7580127], [46.4548517, 30.7581242], [46.454837, 30.7580861], [46.4548127, 30.758092], [46.4548019, 30.7580792], [46.4547904, 30.758088], [46.4547783, 30.7580694], [46.4547769, 30.7580312], [46.4547519, 30.7579665], [46.4547364, 30.7579429], [46.4547404, 30.7579135]]], "df_ids": [63206]}