{"polygon": [[[46.4265501, 30.7663898], [46.4265777, 30.7663723], [46.4265999, 30.7663427], [46.4266143, 30.7663042], [46.4266192, 30.766261], [46.4266141, 30.7662178], [46.4265997, 30.7661797], [46.4265777, 30.7661505], [46.4265503, 30.7661331], [46.4265205, 30.7661295], [46.4264915, 30.7661401], [46.4264664, 30.7661637], [46.4264479, 30.7661978], [46.4264381, 30.7662387], [46.4264378, 30.7662821], [46.4264473, 30.7663232], [46.4264656, 30.766358], [46.4264908, 30.7663823], [46.42652, 30.7663933], [46.4265501, 30.7663898]]], "df_ids": [27026]}