{"polygon": [[[46.4288378, 30.766906], [46.4288332, 30.7665667], [46.4288035, 30.766569], [46.4288074, 30.7663685], [46.4287155, 30.766366], [46.4287164, 30.7669057], [46.4288378, 30.766906]]], "df_ids": [5188]}