{"polygon": [[[46.4855706, 30.7386766], [46.4856775, 30.7386916], [46.4856663, 30.7388645], [46.4855602, 30.7388496], [46.4855706, 30.7386766]]], "df_ids": [47479]}