{"polygon": [[[46.4371666, 30.7712143], [46.4368207, 30.7715174], [46.436782, 30.7714629], [46.4367422, 30.7714292], [46.436698, 30.7714212], [46.4367093, 30.7708249], [46.4368954, 30.7708302], [46.4368923, 30.7710521], [46.4368991, 30.7710797], [46.4369083, 30.7710993], [46.4369292, 30.7711055], [46.4369445, 30.7710931], [46.4370882, 30.7709728], [46.4371666, 30.7712143]]], "df_ids": [169663]}