{"polygon": [[[46.4625113, 30.762968], [46.4624724, 30.7625734], [46.462254, 30.762555], [46.4622522, 30.7626733], [46.4623664, 30.7626917], [46.4624008, 30.7627444], [46.4624343, 30.7629916], [46.4625113, 30.762968]]], "df_ids": [30778]}