{"polygon": [[[46.424068, 30.7680421], [46.4241119, 30.7680215], [46.4241047, 30.7679891], [46.4241101, 30.7679867], [46.4241239, 30.7680513], [46.4241892, 30.768022], [46.4241794, 30.767976], [46.4242506, 30.7679442], [46.4242442, 30.7679141], [46.4242754, 30.7679002], [46.424286, 30.7679506], [46.4243231, 30.7679342], [46.4243157, 30.7678994], [46.4243568, 30.7678811], [46.4243492, 30.7678453], [46.4243998, 30.7678228], [46.4243958, 30.7678041], [46.4244328, 30.7677876], [46.4244276, 30.7677632], [46.4245008, 30.7677302], [46.4244918, 30.7676883], [46.4245427, 30.7676652], [46.4245367, 30.7676373], [46.42461, 30.7676038], [46.4246034, 30.7675736], [46.4246823, 30.7675371], [46.4246761, 30.7675089], [46.4247191, 30.7674887], [46.4247261, 30.7675201], [46.4247705, 30.7674991], [46.4247781, 30.7675332], [46.4247947, 30.7675253], [46.4248195, 30.7676339], [46.424756, 30.7676644], [46.4247661, 30.7677085], [46.424688, 30.7677462], [46.4246962, 30.7677817], [46.4246186, 30.7678193], [46.4246263, 30.7678526], [46.4245452, 30.767892], [46.424555, 30.7679346], [46.4244722, 30.7679747], [46.4244774, 30.7679973], [46.4243913, 30.7680388], [46.4244027, 30.7680889], [46.4243253, 30.7681261], [46.4243153, 30.7680822], [46.4242121, 30.7681316], [46.4242207, 30.7681692], [46.4241712, 30.7681927], [46.4241602, 30.7681436], [46.4240973, 30.7681732], [46.424068, 30.7680421]]], "df_ids": [74900]}