{"polygon": [[[46.4347622, 30.7604266], [46.4348034, 30.7604933], [46.4348257, 30.7605001], [46.4348399, 30.7605198], [46.4348493, 30.7605521], [46.4348433, 30.7605825], [46.4348291, 30.7606011], [46.4348068, 30.760605], [46.4348003, 30.7606148], [46.4348271, 30.7606523], [46.4348028, 30.7607014], [46.4347697, 30.7607386], [46.4347588, 30.7607234], [46.4347, 30.7608119], [46.4347041, 30.7608443], [46.4346865, 30.7608776], [46.434627, 30.7609296], [46.4346095, 30.7609541], [46.4346047, 30.7609854], [46.4345919, 30.7610129], [46.4345716, 30.7610305], [46.4345487, 30.7610305], [46.4345243, 30.7610197], [46.4345102, 30.7609874], [46.4344345, 30.7609746], [46.4344149, 30.7609854], [46.4339494, 30.7609482], [46.4337473, 30.7608031], [46.433723, 30.7607658], [46.4337075, 30.760755], [46.4336926, 30.7607296], [46.4336906, 30.7606992], [46.4337054, 30.7606747], [46.4337277, 30.7606639], [46.4337622, 30.7605952], [46.4337527, 30.7605727], [46.4337568, 30.7605423], [46.4337641, 30.7605315], [46.4337755, 30.7605228], [46.4337912, 30.7605202], [46.4338011, 30.7605241], [46.4338117, 30.7605342], [46.4338189, 30.7605455], [46.4338218, 30.7605593], [46.4338658, 30.7605656], [46.4339003, 30.7605948], [46.4339455, 30.7606585], [46.4345105, 30.7607123], [46.4345193, 30.7606804], [46.4345677, 30.760613], [46.4345967, 30.7605956], [46.4346194, 30.7605631], [46.434609, 30.7605478], [46.4346863, 30.7604372], [46.4346868, 30.7604214], [46.4346924, 30.7604088], [46.4347028, 30.7603937], [46.4347179, 30.760384], [46.4347344, 30.7603828], [46.434747, 30.760395], [46.4347562, 30.7604104], [46.4347622, 30.7604266]]], "df_ids": [45448]}