{"polygon": [[[46.4558946, 30.7618749], [46.4558127, 30.7619148], [46.4558028, 30.7619605], [46.4557401, 30.7619928], [46.45573, 30.7619513], [46.4557083, 30.7619624], [46.455695, 30.7619074], [46.4557226, 30.7618933], [46.4556895, 30.7617568], [46.4557161, 30.7617432], [46.455709, 30.7617136], [46.4557358, 30.7617], [46.4557269, 30.7616627], [46.4557691, 30.7616414], [46.4557625, 30.7616138], [46.455816, 30.761587], [46.4558221, 30.7616126], [46.4558633, 30.7615921], [46.4558714, 30.7616267], [46.4559059, 30.7616096], [46.4559163, 30.7616539], [46.4559426, 30.7616409], [46.4559522, 30.7616817], [46.4559775, 30.7616692], [46.4559874, 30.7617116], [46.4560206, 30.7616952], [46.456029, 30.7617312], [46.4560514, 30.7617436], [46.4560413, 30.7617819], [46.4560548, 30.7618331], [46.4560326, 30.7618454], [46.4560412, 30.761878], [46.4560069, 30.7618971], [46.4559987, 30.7619487], [46.4559503, 30.7619157], [46.4559292, 30.761926], [46.4559196, 30.7618844], [46.4559426, 30.7618732], [46.4559276, 30.7618088], [46.4558842, 30.76183], [46.4558946, 30.7618749]]], "df_ids": [75643]}