{"polygon": [[[46.4546913, 30.7613481], [46.4546183, 30.7613832], [46.4546251, 30.7614127], [46.4543916, 30.7615251], [46.4543819, 30.7614828], [46.454363, 30.7614919], [46.4543242, 30.7615106], [46.454276, 30.7615338], [46.4542569, 30.761543], [46.4542663, 30.7615844], [46.4540601, 30.7616839], [46.4540454, 30.7616528], [46.453947, 30.7617026], [46.4542533, 30.7629759], [46.4544619, 30.7628702], [46.4544053, 30.7626347], [46.4543144, 30.7626806], [46.454283, 30.7625494], [46.4543403, 30.7625206], [46.45421, 30.7619745], [46.4541501, 30.7620045], [46.4541212, 30.7618832], [46.4541919, 30.7618479], [46.4541815, 30.7618039], [46.4542251, 30.7617823], [46.4542336, 30.7618188], [46.4543046, 30.761784], [46.4543123, 30.7618174], [46.4544616, 30.7617448], [46.4544505, 30.7616965], [46.4545218, 30.761662], [46.4545131, 30.7616244], [46.4545774, 30.7615934], [46.4545863, 30.7616322], [46.4546557, 30.7616], [46.4547034, 30.7615764], [46.4547394, 30.7615587], [46.4546913, 30.7613481]]], "df_ids": [34151]}