{"polygon": [[[46.4542911, 30.7631305], [46.4539736, 30.7632971], [46.4540529, 30.7636154], [46.4541388, 30.7635703], [46.4541, 30.7634146], [46.4542771, 30.7633217], [46.4543167, 30.763481], [46.4543712, 30.7634524], [46.4542911, 30.7631305]]], "df_ids": [34150]}