{"polygon": [[[46.4647754, 30.7571472], [46.464645, 30.7571289], [46.4646635, 30.7568502], [46.4647939, 30.7568685], [46.4647754, 30.7571472]]], "df_ids": [34095]}