{"polygon": [[[46.4670517, 30.7565558], [46.4668651, 30.7565233], [46.4668544, 30.756644], [46.4668751, 30.7566479], [46.4670429, 30.7566791], [46.4670517, 30.7565558]]], "df_ids": [136035]}