{"polygon": [[[46.4647629, 30.7568043], [46.4646265, 30.7567897], [46.4646274, 30.7567322], [46.4646164, 30.7567225], [46.4646122, 30.7566956], [46.4646122, 30.7566711], [46.4646206, 30.7566516], [46.46464, 30.7566479], [46.46464, 30.7565832], [46.4646896, 30.7565917], [46.4646922, 30.7565624], [46.4647578, 30.7565709], [46.4647477, 30.756698], [46.4647679, 30.7567005], [46.4647629, 30.7568043]]], "df_ids": [34098]}