{"polygon": [[[46.4674432, 30.7542084], [46.4673595, 30.7542005], [46.4673622, 30.7541405], [46.4673706, 30.7539634], [46.4672879, 30.7539666], [46.4672838, 30.7540657], [46.4672463, 30.7540662], [46.4672493, 30.7541298], [46.4672431, 30.7542677], [46.4673169, 30.7542747], [46.4674397, 30.7542863], [46.4674432, 30.7542084]]], "df_ids": [34588]}