{"polygon": [[[46.4712753, 30.7541084], [46.4711674, 30.7540856], [46.4711375, 30.7540763], [46.4711198, 30.7542371], [46.4711132, 30.7542965], [46.4712273, 30.754323], [46.4712356, 30.7542477], [46.4712587, 30.7542531], [46.4712753, 30.7541084]]], "df_ids": [465]}