{"polygon": [[[46.4704644, 30.7548901], [46.470477, 30.754756], [46.470487, 30.7546491], [46.4704464, 30.7546411], [46.4704317, 30.7546381], [46.4704339, 30.7546146], [46.4703808, 30.7546041], [46.470371, 30.7546022], [46.4703677, 30.7546375], [46.4702619, 30.7546166], [46.4702404, 30.7548459], [46.4704644, 30.7548901]]], "df_ids": [133520]}