{"polygon": [[[46.4647207, 30.7575303], [46.4645953, 30.7575131], [46.4646172, 30.757237], [46.4646525, 30.7572394], [46.4646552, 30.7572266], [46.4646679, 30.7572071], [46.4646803, 30.7572021], [46.4646934, 30.7572039], [46.4647025, 30.7572068], [46.4647109, 30.7572165], [46.4647162, 30.7572331], [46.4647162, 30.7572566], [46.4647342, 30.7572585], [46.4647207, 30.7575303]]], "df_ids": [34089]}