{"polygon": [[[46.4285426, 30.7672738], [46.4284331, 30.7672845], [46.4284194, 30.7669911], [46.4285289, 30.7669804], [46.4285426, 30.7672738]]], "df_ids": [27024]}