{"polygon": [[[46.4410483, 30.7636013], [46.4409468, 30.763321], [46.4409101, 30.763349], [46.4408902, 30.7633642], [46.4408503, 30.7632539], [46.4407891, 30.7633006], [46.4407776, 30.763269], [46.4407643, 30.7632323], [46.4405539, 30.7633928], [46.4406072, 30.7635401], [46.4408114, 30.7633844], [46.4408216, 30.7634124], [46.4408346, 30.7634025], [46.4409373, 30.763686], [46.4410483, 30.7636013]]], "df_ids": [144464]}