{"polygon": [[[46.4010494, 30.7542236], [46.4004488, 30.7538008], [46.4003847, 30.7539923], [46.4009853, 30.7544151], [46.4010494, 30.7542236]]], "df_ids": [75127]}