{"polygon": [[[46.4331227, 30.6557079], [46.4331186, 30.6553187], [46.4330004, 30.6553213], [46.4330045, 30.6557105], [46.4331227, 30.6557079]]], "df_ids": [76096]}