{"polygon": [[[46.4697074, 30.6784466], [46.4698124, 30.67805], [46.4697659, 30.678024], [46.4694034, 30.6778216], [46.4692984, 30.6782182], [46.4697074, 30.6784466]]], "df_ids": [33121]}