{"polygon": [[[46.4759027, 30.7056295], [46.4754154, 30.7053933], [46.4753627, 30.7056223], [46.4758501, 30.7058585], [46.4759027, 30.7056295]]], "df_ids": [27407]}