{"polygon": [[[46.4004459, 30.7536452], [46.3995224, 30.753092], [46.3994499, 30.7533463], [46.4003734, 30.7538995], [46.4004459, 30.7536452]]], "df_ids": [75128]}