{"polygon": [[[46.4676559, 30.6945034], [46.4674331, 30.6949185], [46.4675294, 30.6950274], [46.4677522, 30.6946124], [46.4676559, 30.6945034]]], "df_ids": [51364]}