{"polygon": [[[46.4160916, 30.7595803], [46.416054, 30.7593251], [46.4159443, 30.759359], [46.4159819, 30.7596143], [46.4160916, 30.7595803]]], "df_ids": [7183]}