{"polygon": [[[46.4402712, 30.7697318], [46.4401224, 30.7693934], [46.4402382, 30.7692862], [46.440387, 30.7696246], [46.4402712, 30.7697318]]], "df_ids": [46074]}