{"polygon": [[[46.4339891, 30.7627551], [46.4335553, 30.7623284], [46.4339075, 30.7615746], [46.4340372, 30.7617022], [46.433787, 30.7622376], [46.4340911, 30.7625368], [46.4339891, 30.7627551]]], "df_ids": [169244]}