{"polygon": [[[46.4384768, 30.7630432], [46.4383907, 30.7626624], [46.4384928, 30.7626155], [46.438559, 30.7629186], [46.4386383, 30.7628822], [46.438632, 30.7628532], [46.4386504, 30.7628117], [46.4386858, 30.7627917], [46.4387198, 30.762816], [46.4387252, 30.762841], [46.4388431, 30.7627868], [46.4389119, 30.7631088], [46.4387857, 30.7631712], [46.4387715, 30.7631136], [46.4385196, 30.763228], [46.4384768, 30.7630432]]], "df_ids": [164258]}