{"polygon": [[[46.432121, 30.7617925], [46.4320815, 30.7616242], [46.4320094, 30.7613168], [46.4318221, 30.7614093], [46.4316435, 30.7614975], [46.431757, 30.7619816], [46.4318314, 30.7622983], [46.4320102, 30.76221], [46.4321973, 30.7621176], [46.432121, 30.7617925]]], "df_ids": [169687]}