{"polygon": [[[46.4581865, 30.6748584], [46.457903, 30.6748047], [46.4579192, 30.6746251], [46.4582004, 30.6746686], [46.4581865, 30.6748584]]], "df_ids": [30686]}