{"polygon": [[[46.4100901, 30.7326366], [46.4101905, 30.7326713], [46.4101591, 30.7328625], [46.4101842, 30.7328711], [46.4101692, 30.7329625], [46.4101258, 30.7329475], [46.4101115, 30.7330345], [46.4101557, 30.7330497], [46.4101391, 30.7331505], [46.4101165, 30.7331427], [46.4100875, 30.7333192], [46.4099818, 30.7332827], [46.4100239, 30.7330258], [46.4099032, 30.7329842], [46.4098678, 30.7331997], [46.4098059, 30.7331783], [46.4098117, 30.7331426], [46.4096871, 30.7330996], [46.4096998, 30.7330221], [46.4097211, 30.7330295], [46.4097394, 30.7329181], [46.4098295, 30.7329492], [46.4098465, 30.7328454], [46.4097582, 30.7328149], [46.4097827, 30.732666], [46.409761, 30.7326586], [46.4097742, 30.7325782], [46.4099125, 30.7326259], [46.4099186, 30.7325887], [46.40997, 30.7326065], [46.4099291, 30.732856], [46.4100474, 30.7328968], [46.4100901, 30.7326366]]], "df_ids": [63138]}