{"polygon": [[[46.4084887, 30.7328692], [46.4083857, 30.7335282], [46.4084834, 30.7335604], [46.4085865, 30.7329013], [46.4085402, 30.7328861], [46.4084887, 30.7328692]]], "df_ids": [70963]}