{"polygon": [[[46.4418624, 30.7489666], [46.4417407, 30.748917], [46.4417129, 30.7490859], [46.4418334, 30.7491372], [46.4418624, 30.7489666]]], "df_ids": [28886]}