{"polygon": [[[46.5796048, 30.8002838], [46.5795033, 30.8005732], [46.579299, 30.8004216], [46.5794006, 30.8001321], [46.5796048, 30.8002838]]], "df_ids": [79650]}