{"polygon": [[[46.4736402, 30.7124431], [46.4736696, 30.7124278], [46.4736555, 30.7122432], [46.4736509, 30.7121974], [46.4737889, 30.712168], [46.4737952, 30.7122135], [46.4738219, 30.7122204], [46.473836, 30.7124005], [46.4738125, 30.7124119], [46.4738187, 30.7125259], [46.4738046, 30.7125555], [46.4736498, 30.712589], [46.4736402, 30.7124431]]], "df_ids": [63247]}