{"polygon": [[[46.4865411, 30.7305854], [46.4865857, 30.7305236], [46.4865239, 30.7304279], [46.4864937, 30.7304671], [46.4864491, 30.7305303], [46.4865119, 30.7306259], [46.4865411, 30.7305854]]], "df_ids": [116265]}