{"polygon": [[[46.4822495, 30.7270199], [46.4821946, 30.727083], [46.4822048, 30.7271019], [46.4822563, 30.7271924], [46.4823392, 30.7273343], [46.4823662, 30.727372], [46.4825258, 30.7271721], [46.4824592, 30.7270473], [46.4824279, 30.7270857], [46.48238, 30.7270036], [46.4823554, 30.7270339], [46.4823313, 30.7269806], [46.4823466, 30.7269329], [46.4823285, 30.7269107], [46.4822495, 30.7270199]]], "df_ids": [190052]}