{"polygon": [[[46.4488525, 30.7470638], [46.4489384, 30.7473648], [46.4487573, 30.7474737], [46.448754, 30.7474622], [46.4486901, 30.7475006], [46.448694, 30.7475141], [46.4485034, 30.7476288], [46.4485006, 30.7476192], [46.4484541, 30.7476472], [46.4484576, 30.7476595], [46.448234, 30.7477941], [46.4481801, 30.7476053], [46.4482439, 30.7475669], [46.4482379, 30.7475459], [46.4482576, 30.7475341], [46.4482502, 30.7475082], [46.4483193, 30.7474667], [46.4483263, 30.7474914], [46.448363, 30.7474693], [46.448368, 30.7474868], [46.4484829, 30.7474177], [46.4484774, 30.7473984], [46.4484996, 30.747385], [46.4484909, 30.7473545], [46.4485594, 30.7473133], [46.4485677, 30.7473426], [46.4486038, 30.7473209], [46.4486105, 30.7473444], [46.4487529, 30.7472588], [46.4487204, 30.747145], [46.4487679, 30.7471165], [46.4487609, 30.7470921], [46.4488124, 30.7470611], [46.448819, 30.747084], [46.4488525, 30.7470638]]], "df_ids": [74571]}