{"polygon": [[[46.5498244, 30.7521984], [46.5495952, 30.7526366], [46.5494891, 30.7525193], [46.5495522, 30.7523986], [46.5495697, 30.752418], [46.5496686, 30.7522288], [46.5496511, 30.7522095], [46.5497183, 30.7520811], [46.5498244, 30.7521984]]], "df_ids": [30459]}