{"polygon": [[[46.4416255, 30.7275841], [46.4417749, 30.7276095], [46.4417422, 30.7280055], [46.4417244, 30.728223], [46.4415628, 30.7281919], [46.4415788, 30.7279643], [46.4415959, 30.7279661], [46.4416255, 30.7275841]]], "df_ids": [228617]}