{"polygon": [[[46.4699739, 30.740554], [46.4699624, 30.7407318], [46.4696078, 30.7406833], [46.4696519, 30.740005], [46.4699822, 30.7400502], [46.4699794, 30.7400937], [46.4700036, 30.740097], [46.4700022, 30.740118], [46.4699963, 30.7402103], [46.4699318, 30.7402015], [46.4699347, 30.7401574], [46.4697951, 30.7401383], [46.46977, 30.7405261], [46.4699739, 30.740554]]], "df_ids": [4740]}