{"polygon": [[[46.4701755, 30.7405816], [46.4701167, 30.7405736], [46.4700367, 30.7405626], [46.4699739, 30.740554], [46.4699624, 30.7407318], [46.470164, 30.7407594], [46.4701755, 30.7405816]]], "df_ids": [4365]}