{"polygon": [[[46.4570397, 30.7264062], [46.4560155, 30.725373], [46.455907, 30.7255996], [46.4569312, 30.7266328], [46.4570397, 30.7264062]]], "df_ids": [10333]}