{"polygon": [[[46.4943431, 30.7296583], [46.4942075, 30.7299789], [46.4940783, 30.7302843], [46.4939563, 30.7301753], [46.4942211, 30.7295494], [46.4943431, 30.7296583]]], "df_ids": [58260]}