{"polygon": [[[46.4959809, 30.7165054], [46.4959475, 30.7163051], [46.4958668, 30.7163335], [46.495889, 30.7164669], [46.4959001, 30.7165338], [46.4959809, 30.7165054]]], "df_ids": [7024]}