{"polygon": [[[46.4879809, 30.7088849], [46.4879567, 30.7089298], [46.4878068, 30.7087594], [46.4877012, 30.7089554], [46.4877589, 30.7090336], [46.4879055, 30.7092003], [46.4880343, 30.7089613], [46.4879809, 30.7088849]]], "df_ids": [75788]}