{"polygon": [[[46.4679744, 30.7285701], [46.4679537, 30.7290674], [46.4681594, 30.7290855], [46.4681648, 30.7289556], [46.4680949, 30.7289495], [46.4680995, 30.7288388], [46.4681005, 30.7288151], [46.4681043, 30.7287231], [46.468172, 30.728729], [46.4681779, 30.728588], [46.4679744, 30.7285701]]], "df_ids": [9981]}