{"polygon": [[[46.4916774, 30.712585], [46.4916371, 30.7128107], [46.4915037, 30.7127605], [46.491544, 30.7125348], [46.4916774, 30.712585]]], "df_ids": [27196]}