{"polygon": [[[46.461307, 30.7285344], [46.4613375, 30.729003], [46.4612342, 30.7290172], [46.4612464, 30.7292041], [46.4611996, 30.7292106], [46.461213, 30.729417], [46.4615551, 30.72937], [46.4615753, 30.7296792], [46.4611772, 30.7297339], [46.4611421, 30.7291954], [46.4610621, 30.7292064], [46.4610209, 30.7285737], [46.461307, 30.7285344]]], "df_ids": [145764]}