{"polygon": [[[46.5718198, 30.7972197], [46.5711904, 30.7967747], [46.5711151, 30.7970001], [46.5717444, 30.7974452], [46.5718198, 30.7972197]]], "df_ids": [79674]}