{"polygon": [[[46.3792335, 30.7464593], [46.3791155, 30.7464991], [46.3791258, 30.7465631], [46.3790989, 30.7465722], [46.3790887, 30.7465088], [46.3790287, 30.7465291], [46.3790624, 30.7467391], [46.3791245, 30.7467182], [46.3791157, 30.7466632], [46.3791446, 30.7466534], [46.3791536, 30.7467095], [46.3792675, 30.7466711], [46.3792335, 30.7464593]]], "df_ids": [74079]}