{"polygon": [[[46.399981, 30.7494082], [46.3999184, 30.7490008], [46.4000051, 30.7489728], [46.3999882, 30.7488629], [46.3997318, 30.7489457], [46.3998113, 30.749463], [46.399981, 30.7494082]]], "df_ids": [87657]}