{"polygon": [[[46.4761008, 30.7537552], [46.4761243, 30.7533852], [46.4760975, 30.75329], [46.4759775, 30.7530749], [46.4758764, 30.7530062], [46.4756348, 30.752973], [46.4755923, 30.752769], [46.4759365, 30.7527966], [46.4760409, 30.7528717], [46.4762385, 30.753211], [46.4762672, 30.7533478], [46.4762335, 30.7538758], [46.4761008, 30.7537552]]], "df_ids": [75043]}