{"polygon": [[[46.4769805, 30.7598705], [46.4770212, 30.760157], [46.4769397, 30.7602043], [46.4769152, 30.7602351], [46.4768614, 30.7603298], [46.4766886, 30.7602564], [46.4766935, 30.7601167], [46.476687, 30.7600717], [46.4765451, 30.7598729], [46.4763772, 30.7599036], [46.4763022, 30.7600315], [46.4761228, 30.7599605], [46.4761375, 30.7598231], [46.476131, 30.7597782], [46.4760756, 30.7596479], [46.4762256, 30.759468], [46.476312, 30.7595485], [46.4763332, 30.759558], [46.4764978, 30.7595035], [46.4765745, 30.7592526], [46.476568, 30.7592123], [46.4765141, 30.7590679], [46.4766674, 30.7588879], [46.476748, 30.7589778], [46.4767669, 30.758985], [46.4768582, 30.7589827], [46.4769038, 30.759281], [46.4768099, 30.7593282], [46.4767978, 30.7593473], [46.4767245, 30.7596451], [46.4768361, 30.7598401], [46.47685, 30.7598521], [46.4769805, 30.7598705]]], "df_ids": [74879]}