{"polygon": [[[46.5845184, 30.7874742], [46.5850748, 30.7865365], [46.5833403, 30.7843578], [46.5829609, 30.7849973], [46.583246, 30.7853555], [46.5830691, 30.7856537], [46.5845184, 30.7874742]]], "df_ids": [169566]}