{"polygon": [[[46.4769633, 30.7553658], [46.4767213, 30.7553832], [46.4767372, 30.7558492], [46.4769792, 30.7558318], [46.4769633, 30.7553658]]], "df_ids": [169570]}