{"polygon": [[[46.4755148, 30.753274], [46.475282, 30.7532522], [46.4752563, 30.7538316], [46.475492, 30.7538536], [46.4754997, 30.7536815], [46.4754064, 30.7536728], [46.4754158, 30.7534594], [46.4755062, 30.7534679], [46.4755148, 30.753274]]], "df_ids": [75042]}