{"polygon": [[[46.4765932, 30.7513621], [46.4765188, 30.7513525], [46.4765132, 30.751445], [46.4764488, 30.7514366], [46.4764545, 30.7513442], [46.476379, 30.7513344], [46.4763665, 30.7515374], [46.4765807, 30.7515651], [46.4765932, 30.7513621]]], "df_ids": [33305]}