{"polygon": [[[46.4753645, 30.7510655], [46.4751729, 30.7510406], [46.4751788, 30.7509447], [46.475067, 30.7509302], [46.4750612, 30.7510242], [46.4748604, 30.7509981], [46.4748148, 30.7517388], [46.4749284, 30.7517535], [46.4749599, 30.7512415], [46.4752367, 30.7512773], [46.475205, 30.7517928], [46.4753189, 30.7518076], [46.4753645, 30.7510655]]], "df_ids": [6347]}