{"polygon": [[[46.4851501, 30.736683], [46.4851681, 30.736416], [46.4851911, 30.7360743], [46.4849668, 30.7360425], [46.4849504, 30.7362851], [46.4850616, 30.7363009], [46.4850546, 30.7364046], [46.485047, 30.7365172], [46.4849397, 30.736502], [46.4849297, 30.7366517], [46.4850408, 30.7366675], [46.4851501, 30.736683]]], "df_ids": [27595, 208555]}