{"polygon": [[[46.4752606, 30.750219], [46.475359, 30.7502317], [46.475557, 30.7502572], [46.4756406, 30.750268], [46.475634, 30.7503763], [46.4758071, 30.7503986], [46.4758051, 30.7504302], [46.4760027, 30.7504556], [46.4760076, 30.7503753], [46.4761949, 30.7503994], [46.4761991, 30.7503304], [46.4763647, 30.7503517], [46.476361, 30.7504126], [46.4766074, 30.7504443], [46.4766187, 30.7502596], [46.4762074, 30.7502066], [46.4762041, 30.7502611], [46.4761193, 30.7502502], [46.4760301, 30.7502387], [46.4760269, 30.7502902], [46.4759255, 30.7502772], [46.4758226, 30.7502639], [46.475826, 30.7502084], [46.4757495, 30.7501985], [46.4756616, 30.7501872], [46.4756674, 30.7500922], [46.4752715, 30.7500412], [46.4752606, 30.750219]]], "df_ids": [29607]}