{"polygon": [[[46.4811106, 30.7378143], [46.4810843, 30.7382433], [46.4810611, 30.7382403], [46.4806149, 30.7381827], [46.4806325, 30.7378948], [46.4807063, 30.7379043], [46.4807011, 30.7379892], [46.4809221, 30.7380099], [46.480933, 30.7378667], [46.4807239, 30.7378377], [46.4807261, 30.7377567], [46.4809363, 30.7377932], [46.4809668, 30.7377957], [46.4811106, 30.7378143]]], "df_ids": [28302]}