{"polygon": [[[46.4794455, 30.7378619], [46.4794541, 30.7377035], [46.4794559, 30.7376697], [46.4793358, 30.737656], [46.4793439, 30.7375063], [46.4793939, 30.737512], [46.4793913, 30.7375607], [46.4794321, 30.7375654], [46.4794759, 30.7375704], [46.4795807, 30.7375823], [46.4795727, 30.7377144], [46.4795551, 30.7380025], [46.4795295, 30.7380282], [46.4793314, 30.7379944], [46.4793421, 30.7378421], [46.4794455, 30.7378619]]], "df_ids": [4175]}