{"polygon": [[[46.4775714, 30.7397757], [46.4771848, 30.739722], [46.4771963, 30.7395473], [46.4772644, 30.7395568], [46.4774364, 30.7395807], [46.4774657, 30.7391349], [46.4775946, 30.7391528], [46.4775647, 30.7396071], [46.4775823, 30.7396095], [46.4775714, 30.7397757]]], "df_ids": [32674]}