{"polygon": [[[46.47885, 30.7377316], [46.4788522, 30.7377015], [46.4785685, 30.7376606], [46.4785784, 30.7374742], [46.4785803, 30.7374382], [46.4785529, 30.7374329], [46.4785571, 30.7373429], [46.4784488, 30.7373317], [46.4784402, 30.7374541], [46.4784162, 30.7377936], [46.47844, 30.7378406], [46.4788367, 30.7379212], [46.47885, 30.7377316]]], "df_ids": [28268]}