{"polygon": [[[46.4776248, 30.7389824], [46.4777437, 30.7390015], [46.4777118, 30.7394194], [46.477593, 30.7394003], [46.4776248, 30.7389824]]], "df_ids": [4417]}