{"polygon": [[[46.4777925, 30.7397976], [46.4778246, 30.7392299], [46.4779881, 30.7392494], [46.4780594, 30.7392579], [46.4780273, 30.7398256], [46.4777925, 30.7397976]]], "df_ids": [7186]}