{"polygon": [[[46.4751827, 30.7498277], [46.474927, 30.7497953], [46.4748719, 30.7507124], [46.4751218, 30.750744], [46.4751333, 30.7505518], [46.4749808, 30.7505325], [46.4749873, 30.7504241], [46.4750332, 30.7504299], [46.4750526, 30.7501067], [46.4750116, 30.7501015], [46.4750175, 30.7500021], [46.4751711, 30.7500215], [46.4751827, 30.7498277]]], "df_ids": [51205]}