{"polygon": [[[46.4868972, 30.7393464], [46.4867245, 30.7393211], [46.4867083, 30.7393198], [46.4866962, 30.739319], [46.4866827, 30.7395271], [46.4866926, 30.7395275], [46.4867506, 30.7395363], [46.48673, 30.7398555], [46.4868395, 30.7398707], [46.4868627, 30.7398797], [46.4868841, 30.7395487], [46.4868972, 30.7393464]]], "df_ids": [6437]}