{"polygon": [[[46.4906485, 30.7384063], [46.4906642, 30.7384403], [46.4906725, 30.7384794], [46.4906726, 30.7385203], [46.4906646, 30.7385595], [46.4906492, 30.7385938], [46.4906276, 30.73862], [46.4906591, 30.7386893], [46.4906929, 30.7386482], [46.4907171, 30.7385946], [46.4907296, 30.7385332], [46.4907294, 30.7384691], [46.4907165, 30.7384079], [46.4906919, 30.7383547], [46.4906485, 30.7384063]]], "df_ids": [5363]}