{"polygon": [[[46.486175, 30.7429974], [46.4859783, 30.7432186], [46.485952, 30.7432142], [46.485908, 30.7432069], [46.4858193, 30.7431921], [46.4858462, 30.7428643], [46.485892, 30.7428803], [46.4858914, 30.743006], [46.4859845, 30.743018], [46.4860082, 30.7429875], [46.4859543, 30.7428887], [46.4860196, 30.7428982], [46.4860267, 30.742796], [46.4860656, 30.7427946], [46.4860735, 30.7428147], [46.486175, 30.7429974]]], "df_ids": [5447]}