{"polygon": [[[46.4902899, 30.738651], [46.4902559, 30.7386431], [46.4900691, 30.7385999], [46.4900668, 30.7386209], [46.4900645, 30.7386463], [46.4899859, 30.7386309], [46.4899542, 30.7389725], [46.4900388, 30.738989], [46.4900356, 30.7390237], [46.490178, 30.7390516], [46.4901797, 30.7390333], [46.4902487, 30.7390467], [46.4902599, 30.7389249], [46.4902886, 30.7389305], [46.4903268, 30.7388938], [46.4903343, 30.7388236], [46.4903038, 30.7387721], [46.4902773, 30.738766], [46.4902899, 30.738651]]], "df_ids": [5361]}