{"polygon": [[[46.4828511, 30.7436797], [46.482953, 30.7436943], [46.4829761, 30.743396], [46.4829458, 30.7433919], [46.4829496, 30.7433335], [46.4830228, 30.7433435], [46.4831152, 30.7433562], [46.4831105, 30.7434294], [46.4830961, 30.7434274], [46.4830879, 30.7435532], [46.4831725, 30.7435648], [46.4831988, 30.7431808], [46.4830339, 30.7431606], [46.4828944, 30.7431414], [46.4828511, 30.7436797]]], "df_ids": [5154]}