{"polygon": [[[46.4878469, 30.7354357], [46.4875452, 30.7354512], [46.4875326, 30.7354518], [46.4875365, 30.7352327], [46.4875412, 30.7352151], [46.4875502, 30.7352154], [46.4875645, 30.7352158], [46.4875636, 30.7351085], [46.4876442, 30.7351229], [46.4876425, 30.7351858], [46.487759, 30.7351921], [46.4877656, 30.7349354], [46.4878701, 30.7349447], [46.4878632, 30.7351303], [46.4878469, 30.7354357]]], "df_ids": [5630, 44798]}