{"polygon": [[[46.4873869, 30.7386086], [46.4874069, 30.7385895], [46.4874172, 30.7385742], [46.4875003, 30.7383669], [46.4873992, 30.7382327], [46.4873163, 30.7384214], [46.4872991, 30.7384489], [46.4873869, 30.7386086]]], "df_ids": [28293]}