{"polygon": [[[46.4889054, 30.7399487], [46.488812, 30.7397708], [46.4887652, 30.7398238], [46.4886397, 30.7399657], [46.4887331, 30.7401373], [46.4889054, 30.7399487]]], "df_ids": [9377]}