{"polygon": [[[46.4891319, 30.7393855], [46.4892406, 30.7395817], [46.4895263, 30.7392689], [46.489291, 30.7388001], [46.4892204, 30.7388729], [46.4891801, 30.7389144], [46.4892726, 30.739091], [46.489304, 30.7390608], [46.4893499, 30.7391451], [46.4891993, 30.7393052], [46.4891319, 30.7393855]]], "df_ids": [6013]}