{"polygon": [[[46.4828944, 30.7431414], [46.4826866, 30.7431078], [46.4824578, 30.7430666], [46.4824285, 30.7434979], [46.4824167, 30.7436719], [46.4825474, 30.7436866], [46.4825804, 30.7436914], [46.482594, 30.7435135], [46.4826038, 30.7433864], [46.4828184, 30.7434211], [46.4828117, 30.7435093], [46.4827825, 30.7435046], [46.482772, 30.7436424], [46.4827984, 30.7436467], [46.4827925, 30.7437225], [46.4828476, 30.7437306], [46.4828511, 30.7436797], [46.4828944, 30.7431414]]], "df_ids": [32306]}