{"polygon": [[[46.4847388, 30.7403362], [46.48473, 30.7404507], [46.4848827, 30.7404755], [46.4848975, 30.7402744], [46.4849158, 30.7400497], [46.4847471, 30.7400214], [46.4847172, 30.740017], [46.4847077, 30.7401405], [46.4847434, 30.7401463], [46.4847389, 30.7402056], [46.4847787, 30.740212], [46.4847754, 30.740255], [46.4847725, 30.7402922], [46.4847425, 30.7402873], [46.4847388, 30.7403362]]], "df_ids": [29129]}