{"polygon": [[[46.4851939, 30.7383651], [46.4851706, 30.7387864], [46.4851716, 30.738799], [46.4851744, 30.7388137], [46.485179, 30.7388234], [46.4851905, 30.7388303], [46.4853746, 30.7388557], [46.4855583, 30.738881], [46.4855602, 30.7388496], [46.4855706, 30.7386766], [46.4855901, 30.7383501], [46.4854911, 30.7383376], [46.4854703, 30.7386856], [46.4853159, 30.7386661], [46.4853315, 30.7383875], [46.4851939, 30.7383651]]], "df_ids": [6314]}