{"polygon": [[[46.4887331, 30.7401373], [46.4886309, 30.7402492], [46.488608, 30.7402743], [46.4885154, 30.7403757], [46.4884125, 30.7401762], [46.4884839, 30.7400786], [46.4884439, 30.7400059], [46.4885208, 30.7399167], [46.4885428, 30.7399567], [46.4885986, 30.7398921], [46.4886397, 30.7399657], [46.4887331, 30.7401373]]], "df_ids": [32152]}