{"polygon": [[[46.486331, 30.7428284], [46.4862266, 30.7426389], [46.4864859, 30.7423582], [46.4865965, 30.7425503], [46.486582, 30.7425655], [46.4863499, 30.7428086], [46.486331, 30.7428284]]], "df_ids": [5446]}