{"polygon": [[[46.4886103, 30.735464], [46.488421, 30.7354469], [46.4884299, 30.7352385], [46.4886192, 30.7352556], [46.4886103, 30.735464]]], "df_ids": [153127]}