{"polygon": [[[46.4820687, 30.742171], [46.4819785, 30.7421597], [46.4819734, 30.7422416], [46.4819666, 30.7423504], [46.481838, 30.7423335], [46.4818067, 30.7423293], [46.4818052, 30.7423532], [46.4817927, 30.7425528], [46.4818236, 30.7425568], [46.4818504, 30.7425604], [46.4820427, 30.7425858], [46.4820687, 30.742171]]], "df_ids": [32311]}