{"polygon": [[[46.484965, 30.7394324], [46.484799, 30.7394045], [46.4847773, 30.7396775], [46.4847537, 30.7396736], [46.4847439, 30.7397958], [46.4847648, 30.7397994], [46.4847601, 30.7398581], [46.4847471, 30.7400214], [46.4849158, 30.7400497], [46.4849235, 30.7399523], [46.4849289, 30.7398854], [46.4849349, 30.7398096], [46.484965, 30.7394324]]], "df_ids": [29130]}