{"polygon": [[[46.488421, 30.7354469], [46.4884299, 30.7352385], [46.4883814, 30.7352322], [46.4883882, 30.7347785], [46.4882294, 30.7347735], [46.4882226, 30.7352292], [46.4881844, 30.735228], [46.488162, 30.7352272], [46.4881582, 30.7354469], [46.4881789, 30.7354441], [46.4881943, 30.7354445], [46.48831, 30.7354474], [46.488421, 30.7354469]]], "df_ids": [6801]}