{"polygon": [[[46.4878111, 30.7409033], [46.4877754, 30.740945], [46.4877577, 30.7409944], [46.4877485, 30.7410545], [46.4877483, 30.7411018], [46.4877545, 30.7411461], [46.4877723, 30.7412002], [46.4877827, 30.7412317], [46.487743, 30.7412728], [46.4876588, 30.7413602], [46.4875727, 30.7411965], [46.487595, 30.7411515], [46.4875851, 30.741094], [46.4875811, 30.741039], [46.4875934, 30.7409866], [46.4876165, 30.7409475], [46.4876427, 30.7409193], [46.4874674, 30.7405949], [46.4874366, 30.7405379], [46.4873056, 30.7406812], [46.4872463, 30.7405664], [46.4873037, 30.7405034], [46.487374, 30.740395], [46.4874808, 30.7402779], [46.4875802, 30.7404661], [46.4878111, 30.7409033]]], "df_ids": [4050]}