{"polygon": [[[46.4892406, 30.7395817], [46.4891319, 30.7393855], [46.4889699, 30.7395836], [46.4890641, 30.7397749], [46.4892406, 30.7395817]]], "df_ids": [32148]}