{"polygon": [[[46.486331, 30.7428284], [46.4863251, 30.7428348], [46.4863174, 30.7428431], [46.4861922, 30.7429788], [46.486175, 30.7429974], [46.4860735, 30.7428147], [46.4862266, 30.7426389], [46.486331, 30.7428284]]], "df_ids": [9387]}