{"polygon": [[[46.4881624, 30.735207], [46.488087, 30.7352043], [46.4879989, 30.7352011], [46.4879139, 30.735198], [46.4879151, 30.7351312], [46.4878632, 30.7351303], [46.4878469, 30.7354357], [46.4879943, 30.735441], [46.4881582, 30.7354469], [46.488162, 30.7352272], [46.4881624, 30.735207]]], "df_ids": [5067]}