{"polygon": [[[46.4848092, 30.739151], [46.4845778, 30.7391122], [46.4843911, 30.739082], [46.4843788, 30.7392571], [46.4843737, 30.7393059], [46.4845607, 30.7393367], [46.4847907, 30.7393751], [46.4848092, 30.739151]]], "df_ids": [16010]}