{"polygon": [[[46.4866279, 30.738685], [46.4865788, 30.7386785], [46.4865724, 30.7386777], [46.4865658, 30.7387841], [46.4865107, 30.7387769], [46.4864821, 30.7387731], [46.4864489, 30.7387688], [46.4864508, 30.7387385], [46.4864599, 30.7387397], [46.4864653, 30.7386532], [46.4864568, 30.7386521], [46.4863955, 30.7386441], [46.4863903, 30.7387273], [46.4863737, 30.7389934], [46.4864981, 30.7390105], [46.4866067, 30.7390255], [46.4866208, 30.7387996], [46.4866279, 30.738685]]], "df_ids": [6033]}