{"polygon": [[[46.4873901, 30.7416557], [46.4874083, 30.7416357], [46.4874261, 30.7416161], [46.4876295, 30.7413924], [46.4876588, 30.7413602], [46.4875727, 30.7411965], [46.4873056, 30.7406812], [46.4872463, 30.7405664], [46.4871873, 30.7404529], [46.4871297, 30.7405289], [46.4873109, 30.740887], [46.4873951, 30.7410533], [46.4874577, 30.7411777], [46.4874634, 30.7411891], [46.4873277, 30.7413459], [46.4871591, 30.7410349], [46.4869844, 30.7407127], [46.4869048, 30.7407797], [46.4869925, 30.7409356], [46.4870346, 30.7410101], [46.4870775, 30.7410678], [46.4873901, 30.7416557]]], "df_ids": [5442]}