{"polygon": [[[46.4889699, 30.7395836], [46.4890641, 30.7397749], [46.4889054, 30.7399487], [46.488812, 30.7397708], [46.4888692, 30.739703], [46.4889128, 30.7396513], [46.4889699, 30.7395836]]], "df_ids": [6402]}