{"polygon": [[[46.4858915, 30.7386881], [46.4858744, 30.7386861], [46.4857691, 30.738674], [46.4857693, 30.7386323], [46.4856817, 30.7386213], [46.4856775, 30.7386916], [46.4856663, 30.7388645], [46.4856631, 30.7388954], [46.48586, 30.7389226], [46.4859386, 30.7389334], [46.485955, 30.7386703], [46.4859565, 30.7386146], [46.4859758, 30.738333], [46.4859069, 30.7383216], [46.485892, 30.738453], [46.4859105, 30.7384541], [46.4858915, 30.7386881]]], "df_ids": [773, 162132]}