{"polygon": [[[46.4820005, 30.7432876], [46.4818115, 30.7432516], [46.4818029, 30.7433546], [46.4818926, 30.7433703], [46.4819921, 30.7433878], [46.4820005, 30.7432876]]], "df_ids": [175298]}