{"polygon": [[[46.4875326, 30.7354518], [46.4871966, 30.7354328], [46.4871945, 30.7352155], [46.4875365, 30.7352327], [46.4875326, 30.7354518]]], "df_ids": [27836]}