{"polygon": [[[46.4849861, 30.7391818], [46.4848092, 30.739151], [46.4847907, 30.7393751], [46.4847885, 30.7394022], [46.484799, 30.7394045], [46.484965, 30.7394324], [46.4849702, 30.7393742], [46.4849861, 30.7391818]]], "df_ids": [8004]}