{"polygon": [[[46.4791515, 30.7338031], [46.4789317, 30.7337703], [46.4789451, 30.7335796], [46.4790916, 30.7336015], [46.4791026, 30.7334461], [46.4791759, 30.7334571], [46.4791714, 30.7335216], [46.4791515, 30.7338031]]], "df_ids": [189464]}