{"polygon": [[[46.4795794, 30.7324058], [46.4795819, 30.7323737], [46.4795936, 30.7321776], [46.4794331, 30.7321548], [46.4792848, 30.7321336], [46.47927, 30.7323637], [46.479345, 30.7323739], [46.4794228, 30.7323845], [46.4795794, 30.7324058]]], "df_ids": [46386]}