{"polygon": [[[46.4799165, 30.7334974], [46.4798853, 30.7339133], [46.4796898, 30.7338824], [46.4797015, 30.7337267], [46.4797837, 30.7337398], [46.4797998, 30.7335218], [46.4798033, 30.7334808], [46.4799165, 30.7334974]]], "df_ids": [194092]}