{"polygon": [[[46.4807016, 30.7385776], [46.480689, 30.7387588], [46.480677, 30.7389315], [46.4805943, 30.7389194], [46.4806008, 30.7388264], [46.4805779, 30.7388231], [46.480599, 30.7385666], [46.4807016, 30.7385776]]], "df_ids": [28303]}