{"polygon": [[[46.4784101, 30.7326353], [46.478424, 30.732446], [46.4785408, 30.7324641], [46.4785114, 30.7328629], [46.4783947, 30.7328448], [46.4783317, 30.732835], [46.4783472, 30.7326255], [46.4784101, 30.7326353]]], "df_ids": [7298]}