{"polygon": [[[46.4794906, 30.7340264], [46.4791021, 30.733967], [46.4790953, 30.7341437], [46.4794812, 30.7341968], [46.4794906, 30.7340264]]], "df_ids": [26401]}