{"polygon": [[[46.4797013, 30.7340504], [46.4794906, 30.7340264], [46.4794812, 30.7341968], [46.4796895, 30.7342193], [46.4797013, 30.7340504]]], "df_ids": [26412]}