{"polygon": [[[46.478733, 30.7337407], [46.4787624, 30.7333251], [46.478896, 30.7333451], [46.4790075, 30.7333617], [46.4790015, 30.7334469], [46.47889, 30.7334303], [46.4788801, 30.73357], [46.4789451, 30.7335796], [46.4789317, 30.7337703], [46.478733, 30.7337407]]], "df_ids": [771]}