{"polygon": [[[46.4787939, 30.7328998], [46.4787624, 30.7333251], [46.478896, 30.7333451], [46.4789263, 30.7329169], [46.4787939, 30.7328998]]], "df_ids": [28271]}