{"polygon": [[[46.4806149, 30.7381827], [46.4804547, 30.7381651], [46.4803078, 30.7381489], [46.4803289, 30.737818], [46.4804223, 30.7378306], [46.4804149, 30.7379469], [46.480465, 30.7379536], [46.4804988, 30.7379582], [46.4805006, 30.7379305], [46.4805502, 30.7379372], [46.4805484, 30.7379648], [46.4805738, 30.7379683], [46.4805812, 30.737852], [46.4805579, 30.7378489], [46.4805626, 30.7377754], [46.4806381, 30.7377685], [46.4806325, 30.7378948], [46.4806149, 30.7381827]]], "df_ids": [45031]}