{"polygon": [[[46.4809543, 30.7398052], [46.4807542, 30.7397757], [46.48077, 30.7395553], [46.4808283, 30.7395681], [46.4809666, 30.7395914], [46.4809543, 30.7398052]]], "df_ids": [124372]}