{"polygon": [[[46.4777162, 30.7334116], [46.4777949, 30.7334234], [46.4778684, 30.7334342], [46.4780254, 30.7334574], [46.4780149, 30.7336171], [46.4778617, 30.7335947], [46.4777048, 30.7335718], [46.4777162, 30.7334116]]], "df_ids": [153044]}