{"polygon": [[[46.4801557, 30.7339821], [46.4801902, 30.7335076], [46.4802205, 30.7330904], [46.4803274, 30.7331068], [46.4804647, 30.7331282], [46.4804787, 30.7331309], [46.4804687, 30.7332674], [46.4804322, 30.7332614], [46.4804038, 30.7336518], [46.4803385, 30.7336418], [46.480312, 30.734006], [46.4803008, 30.7340043], [46.4801557, 30.7339821]]], "df_ids": [7246]}