{"polygon": [[[46.4788121, 30.7326024], [46.4788026, 30.7327564], [46.4787939, 30.7328998], [46.4789263, 30.7329169], [46.4789594, 30.7329212], [46.4789649, 30.7328313], [46.4789331, 30.7328272], [46.4789365, 30.7327712], [46.4789395, 30.7327222], [46.4790221, 30.7327329], [46.4790284, 30.7326303], [46.478987, 30.7326185], [46.4788121, 30.7326024]]], "df_ids": [6972]}