{"polygon": [[[46.4791021, 30.733967], [46.4787211, 30.7339096], [46.4787081, 30.7340931], [46.4790953, 30.7341437], [46.4791021, 30.733967]]], "df_ids": [26410]}