{"polygon": [[[46.4783481, 30.7320039], [46.4783338, 30.7322095], [46.478227, 30.7321934], [46.4781196, 30.7321773], [46.4781341, 30.731971], [46.4782382, 30.731987], [46.4783481, 30.7320039]]], "df_ids": [45490]}