{"polygon": [[[46.4811461, 30.7323969], [46.4809734, 30.7323736], [46.480818, 30.7323521], [46.480804, 30.7325773], [46.4809176, 30.7325927], [46.4809188, 30.7325745], [46.4809674, 30.7325811], [46.4810283, 30.7325894], [46.4810275, 30.7326024], [46.481132, 30.7326165], [46.4811461, 30.7323969]]], "df_ids": [31591]}