{"polygon": [[[46.4783947, 30.7328448], [46.4785114, 30.7328629], [46.4784881, 30.7331917], [46.4783701, 30.7331742], [46.4783755, 30.7331045], [46.4783808, 30.7330329], [46.4782844, 30.7330179], [46.4782983, 30.7328298], [46.4783317, 30.732835], [46.4783947, 30.7328448]]], "df_ids": [141331, 194014]}