{"polygon": [[[46.4783481, 30.7320039], [46.4783338, 30.7322095], [46.4784403, 30.7322248], [46.4785571, 30.7322431], [46.4785701, 30.7320654], [46.4785538, 30.7320356], [46.4784489, 30.7320225], [46.4783481, 30.7320039]]], "df_ids": [3267]}