{"polygon": [[[46.4811461, 30.7323969], [46.4812942, 30.7324181], [46.4814596, 30.7324418], [46.4814339, 30.7328532], [46.4812559, 30.7328305], [46.4812657, 30.7326915], [46.4813359, 30.7327009], [46.4813442, 30.7325716], [46.4812057, 30.732553], [46.4812015, 30.7326186], [46.4811325, 30.7326094], [46.481132, 30.7326165], [46.4811461, 30.7323969]]], "df_ids": [5416]}