{"polygon": [[[46.4778046, 30.7342456], [46.4777918, 30.7344587], [46.4778071, 30.7344607], [46.4778836, 30.7344704], [46.4779002, 30.7344725], [46.4779096, 30.7343169], [46.4779131, 30.7342588], [46.4778428, 30.7342499], [46.4778503, 30.7341243], [46.4778122, 30.7341194], [46.4778072, 30.7342033], [46.4778046, 30.7342456]]], "df_ids": [6222]}