{"polygon": [[[46.47885, 30.7377316], [46.4788367, 30.7379212], [46.4789972, 30.737945], [46.4793314, 30.7379944], [46.4793421, 30.7378421], [46.4793447, 30.7378048], [46.4790068, 30.7377548], [46.47885, 30.7377316]]], "df_ids": [28305]}