{"polygon": [[[46.4778354, 30.7337771], [46.4776917, 30.7337572], [46.4776743, 30.7337554], [46.4776611, 30.7339394], [46.4776812, 30.7339504], [46.4777381, 30.733964], [46.4777237, 30.7341918], [46.4778072, 30.7342033], [46.4778122, 30.7341194], [46.4778247, 30.7339405], [46.4778354, 30.7337771]]], "df_ids": [1313]}