{"polygon": [[[46.4780761, 30.7338106], [46.4779803, 30.7337974], [46.4779662, 30.7337955], [46.4779555, 30.7339588], [46.4779679, 30.7339605], [46.4780654, 30.7339739], [46.4780761, 30.7338106]]], "df_ids": [153042]}