{"polygon": [[[46.4776611, 30.7339394], [46.4776743, 30.7337554], [46.4775726, 30.7337401], [46.4775068, 30.7337301], [46.477495, 30.7338948], [46.4775629, 30.7339051], [46.4776067, 30.7339117], [46.4776053, 30.7339309], [46.4776611, 30.7339394]]], "df_ids": [45962]}