{"polygon": [[[46.4796281, 30.7367706], [46.4795123, 30.7367579], [46.4795021, 30.7369539], [46.4794965, 30.7370601], [46.479412, 30.7370507], [46.479409, 30.7371073], [46.4793835, 30.7371044], [46.4793813, 30.7371459], [46.4794818, 30.737157], [46.4796088, 30.737171], [46.4796175, 30.7370061], [46.4796196, 30.7369659], [46.4796281, 30.7367706]]], "df_ids": [834]}