{"polygon": [[[46.4779662, 30.7337955], [46.4778584, 30.7337823], [46.4778354, 30.7337771], [46.4778247, 30.7339405], [46.4778493, 30.733944], [46.4779555, 30.7339588], [46.4779662, 30.7337955]]], "df_ids": [153043]}