{"polygon": [[[46.5595152, 30.7313167], [46.5593076, 30.731484], [46.5588197, 30.7318771], [46.5590268, 30.7324205], [46.5597222, 30.7318599], [46.5595152, 30.7313167]]], "df_ids": [29108]}