{"polygon": [[[46.4841919, 30.7352879], [46.4840171, 30.7352634], [46.4840306, 30.7350589], [46.4839392, 30.7350461], [46.4839628, 30.7346912], [46.4842317, 30.7347289], [46.4841919, 30.7352879]]], "df_ids": [5813]}