{"polygon": [[[46.4773273, 30.7352268], [46.4771543, 30.7352022], [46.4771461, 30.7353887], [46.4772366, 30.7353973], [46.4772646, 30.7353998], [46.4772583, 30.735538], [46.4773116, 30.7355431], [46.4773169, 30.7354026], [46.4773273, 30.7352268]]], "df_ids": [160894]}