{"polygon": [[[46.4777522, 30.7352842], [46.4776182, 30.7352625], [46.4776084, 30.7354244], [46.4775957, 30.7356354], [46.4776356, 30.7356405], [46.4776584, 30.7356434], [46.4776694, 30.7354613], [46.4777442, 30.7354709], [46.4777522, 30.7352842]]], "df_ids": [5007, 254001]}