{"polygon": [[[46.5575206, 30.7309322], [46.5576496, 30.731265], [46.557708, 30.7312172], [46.5577691, 30.7311671], [46.5578331, 30.7313322], [46.5581987, 30.7310333], [46.5580068, 30.7305357], [46.5575206, 30.7309322]]], "df_ids": [66990]}