{"polygon": [[[46.4840136, 30.7377943], [46.483879, 30.7377738], [46.4838804, 30.7377538], [46.4836853, 30.7377244], [46.4836887, 30.737677], [46.4835629, 30.737658], [46.483576, 30.7374746], [46.4835592, 30.7374721], [46.4835706, 30.7373125], [46.4838756, 30.7373572], [46.483903, 30.7374088], [46.4840396, 30.7374294], [46.4840276, 30.7375973], [46.4840136, 30.7377943]]], "df_ids": [28188]}