{"polygon": [[[46.4833739, 30.7326922], [46.483222, 30.7326712], [46.4832093, 30.7326758], [46.4831949, 30.7328732], [46.483192, 30.7329084], [46.4832571, 30.7329173], [46.4832595, 30.7328845], [46.4832621, 30.7328493], [46.4833623, 30.7328635], [46.4833739, 30.7326922]]], "df_ids": [6080]}