{"polygon": [[[46.5582642, 30.7287524], [46.5583163, 30.7287111], [46.5583678, 30.7286703], [46.5584313, 30.7288399], [46.5588117, 30.7285386], [46.5586264, 30.7280439], [46.5581424, 30.7284272], [46.5582642, 30.7287524]]], "df_ids": [66989]}