{"polygon": [[[46.4821157, 30.7374571], [46.4822139, 30.7374685], [46.4824479, 30.7374955], [46.4824535, 30.737392], [46.4821478, 30.7373567], [46.4821549, 30.7372285], [46.4824526, 30.7372629], [46.482588, 30.7372786], [46.4825662, 30.737676], [46.4824354, 30.7376609], [46.4821066, 30.7376229], [46.4821127, 30.7375114], [46.4821157, 30.7374571]]], "df_ids": [8904]}