{"polygon": [[[46.4820149, 30.7336561], [46.4823884, 30.733712], [46.482377, 30.7338726], [46.4820052, 30.7338169], [46.4820149, 30.7336561]]], "df_ids": [27510]}