{"polygon": [[[46.4853657, 30.7329386], [46.485352, 30.7331295], [46.4852805, 30.7331189], [46.4851231, 30.7330937], [46.485096, 30.7330893], [46.4850982, 30.7330596], [46.4851097, 30.7328997], [46.4851354, 30.7329036], [46.4853657, 30.7329386]]], "df_ids": [6290]}