{"polygon": [[[46.4851097, 30.7328997], [46.4850982, 30.7330596], [46.4849615, 30.7330409], [46.4849332, 30.733037], [46.4849247, 30.7331685], [46.4848195, 30.733152], [46.4848319, 30.7329869], [46.4848411, 30.7328624], [46.4849729, 30.7328807], [46.4851097, 30.7328997]]], "df_ids": [6289]}