{"polygon": [[[46.4848411, 30.7328624], [46.4848319, 30.7329869], [46.4848252, 30.7329852], [46.4847827, 30.7329802], [46.4847686, 30.7332107], [46.4847405, 30.7332079], [46.4846218, 30.7331927], [46.4846465, 30.7328753], [46.4846809, 30.7328397], [46.4848309, 30.7328622], [46.4848411, 30.7328624]]], "df_ids": [26890]}