{"polygon": [[[46.4825486, 30.7379971], [46.4824178, 30.737982], [46.4824354, 30.7376609], [46.4825662, 30.737676], [46.4825486, 30.7379971]]], "df_ids": [27917]}