{"polygon": [[[46.482588, 30.7372786], [46.4824526, 30.7372629], [46.4821549, 30.7372285], [46.4821447, 30.737218], [46.4821532, 30.7371], [46.4824451, 30.7371443], [46.4824513, 30.7370578], [46.4824592, 30.7369485], [46.4826135, 30.7369719], [46.482588, 30.7372786]]], "df_ids": [27919]}