{"polygon": [[[46.4779137, 30.7352987], [46.4777522, 30.7352842], [46.4777442, 30.7354709], [46.4777351, 30.7356855], [46.4777332, 30.7357293], [46.4777846, 30.7357339], [46.4777953, 30.7354815], [46.4778483, 30.7354862], [46.4778471, 30.7355143], [46.4778348, 30.7355132], [46.4778324, 30.7355696], [46.4778612, 30.7355722], [46.4779021, 30.7355759], [46.4779073, 30.7354758], [46.4779137, 30.7352987]]], "df_ids": [45375]}