{"polygon": [[[46.4776182, 30.7352625], [46.4773273, 30.7352268], [46.4773169, 30.7354026], [46.4773919, 30.7354104], [46.4774399, 30.7354141], [46.4776084, 30.7354244], [46.4776182, 30.7352625]]], "df_ids": [438]}