{"polygon": [[[46.4926668, 30.729321], [46.4926623, 30.7293264], [46.4925603, 30.7291488], [46.4925804, 30.7291244], [46.4925227, 30.729024], [46.4925702, 30.7289666], [46.4925557, 30.7289553], [46.4927283, 30.7287553], [46.4928077, 30.7288894], [46.492672, 30.7290538], [46.4927603, 30.7292076], [46.4926668, 30.729321]]], "df_ids": [32853]}