{"polygon": [[[46.475576, 30.7488711], [46.4755646, 30.7490121], [46.4755564, 30.7491011], [46.4754907, 30.7490903], [46.4755096, 30.7488597], [46.475576, 30.7488711]]], "df_ids": [46785]}