{"polygon": [[[46.4905791, 30.7264047], [46.4907785, 30.72616], [46.4908147, 30.7262229], [46.4908626, 30.7263059], [46.4908748, 30.7263244], [46.4906758, 30.7265708], [46.4905791, 30.7264047]]], "df_ids": [48555]}