{"polygon": [[[46.4609773, 30.7316968], [46.4609618, 30.7319834], [46.4607413, 30.7319676], [46.4607568, 30.7314973], [46.4609773, 30.7316968]]], "df_ids": [5197]}