{"polygon": [[[46.4735198, 30.715073], [46.4735325, 30.7148348], [46.4736898, 30.7148525], [46.4736854, 30.7149368], [46.4737584, 30.714945], [46.4737621, 30.7148762], [46.4738349, 30.7148844], [46.473823, 30.7151074], [46.4737535, 30.7150995], [46.4737522, 30.7151228], [46.4737273, 30.71512], [46.4737019, 30.7151171], [46.4737032, 30.7150936], [46.4735198, 30.715073]]], "df_ids": [436]}