{"polygon": [[[46.4868179, 30.7388254], [46.4866208, 30.7387996], [46.4866067, 30.7390255], [46.4868037, 30.7390526], [46.4868179, 30.7388254]]], "df_ids": [9267]}