{"polygon": [[[46.4835067, 30.725841], [46.4835466, 30.7259035], [46.4834812, 30.7259879], [46.483396, 30.7260935], [46.4833579, 30.7260332], [46.4835067, 30.725841]]], "df_ids": [2074]}