{"polygon": [[[46.4834951, 30.7297967], [46.483635, 30.7299219], [46.4837416, 30.730019], [46.4836717, 30.7301808], [46.4834013, 30.7299343], [46.4834951, 30.7297967]]], "df_ids": [45848]}