{"polygon": [[[46.4821127, 30.7375114], [46.4818211, 30.7374824], [46.4818193, 30.7375132], [46.4818173, 30.7375479], [46.4818451, 30.7375427], [46.4818568, 30.7375583], [46.4818596, 30.7376186], [46.4819011, 30.7376234], [46.4819194, 30.7376285], [46.4819176, 30.7376675], [46.4820323, 30.7376829], [46.4820599, 30.7376861], [46.4820644, 30.7376337], [46.4821032, 30.7376354], [46.4821066, 30.7376229], [46.4821127, 30.7375114]]], "df_ids": [788]}