{"polygon": [[[46.4823426, 30.7245265], [46.4821849, 30.7242787], [46.4819201, 30.7246261], [46.4819726, 30.7247383], [46.4819982, 30.7247053], [46.4820328, 30.7247612], [46.4821926, 30.7245591], [46.4822468, 30.7246475], [46.4823426, 30.7245265]]], "df_ids": [6296]}