{"polygon": [[[46.4875964, 30.7345085], [46.4874817, 30.7344907], [46.487455, 30.7348544], [46.4874755, 30.7348576], [46.4875696, 30.7348722], [46.4875964, 30.7345085]]], "df_ids": [194935]}