{"polygon": [[[46.4772004, 30.7242217], [46.4771679, 30.7242701], [46.4772145, 30.7243553], [46.4772516, 30.7243097], [46.4772004, 30.7242217]]], "df_ids": [193175]}