{"polygon": [[[46.4827949, 30.7176848], [46.4828746, 30.7176674], [46.4828652, 30.717577], [46.4828609, 30.7175351], [46.4827812, 30.7175524], [46.4827904, 30.717642], [46.4827949, 30.7176848]]], "df_ids": [136150]}