{"polygon": [[[46.4860587, 30.7399672], [46.4860394, 30.7402102], [46.4861791, 30.7402272], [46.4862854, 30.7402382], [46.4862895, 30.7401519], [46.4862183, 30.7401415], [46.4862286, 30.7399917], [46.4860587, 30.7399672]]], "df_ids": [161545]}