{"polygon": [[[46.4885154, 30.7403757], [46.4883931, 30.7405096], [46.4882964, 30.7403156], [46.4883838, 30.7402107], [46.4884125, 30.7401762], [46.4885154, 30.7403757]]], "df_ids": [9176]}