{"polygon": [[[46.473644, 30.7163949], [46.4735444, 30.7163781], [46.4734983, 30.7163727], [46.4735038, 30.7163018], [46.4735239, 30.7160409], [46.4736695, 30.7160646], [46.473644, 30.7163949]]], "df_ids": [52868]}