{"polygon": [[[46.4813215, 30.7236498], [46.4812554, 30.7237396], [46.4811649, 30.723611], [46.4812258, 30.7235206], [46.4812581, 30.7235447], [46.4813215, 30.7236498]]], "df_ids": [29083]}