{"polygon": [[[46.4118026, 30.7540292], [46.4117362, 30.7539591], [46.4116639, 30.7541032], [46.4117304, 30.7541733], [46.4118026, 30.7540292]]], "df_ids": [230143]}