{"polygon": [[[46.4891665, 30.7190637], [46.4897055, 30.7190544], [46.4897065, 30.719223], [46.4891675, 30.71923], [46.4891665, 30.7190637]]], "df_ids": [2672]}