{"polygon": [[[46.5644549, 30.7247715], [46.564439, 30.7245292], [46.5645697, 30.724511], [46.5645633, 30.7244128], [46.5646245, 30.7244043], [46.5646301, 30.7244899], [46.5646435, 30.7244881], [46.5646522, 30.7246207], [46.5646368, 30.7246229], [46.5646348, 30.7246387], [46.5646259, 30.7246569], [46.5646054, 30.724668], [46.5645901, 30.7246651], [46.564578, 30.7246493], [46.5645765, 30.7246272], [46.5645642, 30.7246289], [46.5645676, 30.7246808], [46.5645968, 30.7246767], [46.5646017, 30.7247511], [46.5644549, 30.7247715]]], "df_ids": [29109]}