{"polygon": [[[46.4992817, 30.7232802], [46.4993198, 30.723082], [46.4992864, 30.7230684], [46.4992647, 30.7230596], [46.4992566, 30.7231015], [46.4991492, 30.723058], [46.4991576, 30.7230145], [46.4991019, 30.722992], [46.4990636, 30.7231918], [46.4991894, 30.7232428], [46.4992817, 30.7232802]]], "df_ids": [30097]}