{"polygon": [[[46.4823521, 30.738384], [46.4822216, 30.738372], [46.4820433, 30.7383556], [46.4820542, 30.7381051], [46.4821321, 30.7381122], [46.4821298, 30.7381655], [46.4822302, 30.7381748], [46.4823607, 30.7381868], [46.4823577, 30.7382544], [46.4823521, 30.738384]]], "df_ids": [786, 193771]}