{"polygon": [[[46.4795349, 30.7227155], [46.4794422, 30.7222126], [46.4791379, 30.7222917], [46.479117, 30.7223403], [46.4791635, 30.722685], [46.4792328, 30.7226605], [46.479237, 30.7226018], [46.4792649, 30.7225896], [46.4792398, 30.7224639], [46.4793891, 30.7224396], [46.4794143, 30.7226707], [46.479438, 30.7227051], [46.4794617, 30.7227051], [46.4794673, 30.7227335], [46.4795349, 30.7227155]]], "df_ids": [174290]}