{"polygon": [[[46.5623317, 30.7256688], [46.5623113, 30.7254885], [46.5619128, 30.7255715], [46.5619331, 30.7257593], [46.5623317, 30.7256688]]], "df_ids": [7259]}