{"polygon": [[[46.4641492, 30.7146245], [46.4641144, 30.7145701], [46.4639056, 30.7147178], [46.4640272, 30.7149669], [46.4640316, 30.7149812], [46.4640746, 30.7149343], [46.464126, 30.714879], [46.4641205, 30.7148664], [46.4640502, 30.71471], [46.4641492, 30.7146245]]], "df_ids": [26979]}