{"polygon": [[[46.4785533, 30.7485703], [46.4784898, 30.7485614], [46.4784948, 30.7484872], [46.4783593, 30.7484683], [46.4783757, 30.7482197], [46.4785747, 30.7482474], [46.4785533, 30.7485703]]], "df_ids": [67419]}