{"polygon": [[[46.4802016, 30.714365], [46.4803238, 30.7143666], [46.4803242, 30.7142907], [46.4803449, 30.714291], [46.4803454, 30.7142093], [46.4803237, 30.714209], [46.4803243, 30.7141023], [46.4803469, 30.7141026], [46.4803474, 30.7140238], [46.4803291, 30.7140236], [46.4803295, 30.7139494], [46.4802042, 30.7139449], [46.4802016, 30.714365]]], "df_ids": [182311]}