{"polygon": [[[46.4632933, 30.7164328], [46.4633863, 30.7165868], [46.4634422, 30.7166794], [46.4634809, 30.7167434], [46.4633947, 30.716853], [46.4632995, 30.7166909], [46.4632071, 30.7165425], [46.4632278, 30.7165162], [46.4632678, 30.7164653], [46.4632933, 30.7164328]]], "df_ids": [235720]}