{"polygon": [[[46.4621996, 30.714508], [46.462192, 30.7144969], [46.4621307, 30.7144079], [46.4619357, 30.7146902], [46.4620048, 30.7147906], [46.4621996, 30.714508]]], "df_ids": [145766]}