{"polygon": [[[46.4783593, 30.7484683], [46.4783494, 30.7486172], [46.4781781, 30.7485933], [46.4781808, 30.7485529], [46.4781507, 30.7485487], [46.4781642, 30.7483444], [46.4781743, 30.7481916], [46.4783757, 30.7482197], [46.4783593, 30.7484683]]], "df_ids": [67367]}