{"polygon": [[[46.4877542, 30.7197391], [46.4877895, 30.7198448], [46.4876993, 30.719914], [46.4876322, 30.7199597], [46.4875742, 30.7197574], [46.4876356, 30.7197267], [46.4876573, 30.7197965], [46.4877243, 30.7197586], [46.4877542, 30.7197391]]], "df_ids": [33024]}