{"polygon": [[[46.4898303, 30.7190488], [46.4904215, 30.7190307], [46.4904261, 30.7192061], [46.4898349, 30.7192303], [46.4898303, 30.7190488]]], "df_ids": [2673]}