{"polygon": [[[46.4762212, 30.7271478], [46.4761258, 30.7271338], [46.4760427, 30.7271215], [46.4760467, 30.7270068], [46.4761305, 30.7270155], [46.4761772, 30.7270203], [46.4761798, 30.7269201], [46.4762332, 30.7269233], [46.4762212, 30.7271478]]], "df_ids": [45977]}