{"polygon": [[[46.4725337, 30.7298891], [46.4725391, 30.7297786], [46.472444, 30.7297687], [46.4723947, 30.7297636], [46.4723522, 30.7297592], [46.4721745, 30.7297408], [46.4721691, 30.7298513], [46.4725337, 30.7298891]]], "df_ids": [162678]}