{"polygon": [[[46.486879, 30.7323901], [46.4870622, 30.7321558], [46.4871831, 30.7323552], [46.487023, 30.7325898], [46.4869039, 30.7324026], [46.486879, 30.7323901]]], "df_ids": [5235]}