{"polygon": [[[46.4760336, 30.7228912], [46.4760131, 30.7227591], [46.4760536, 30.7227444], [46.4765769, 30.7225699], [46.4766169, 30.7228218], [46.4760526, 30.7230106], [46.4760336, 30.7228912]]], "df_ids": [6217]}