{"polygon": [[[46.5648597, 30.724573], [46.5648426, 30.7244917], [46.564963, 30.7244383], [46.5649548, 30.7243992], [46.5650159, 30.7243721], [46.5650211, 30.7244133], [46.5651091, 30.7243736], [46.5651308, 30.7244529], [46.5649244, 30.7245443], [46.5648597, 30.724573]]], "df_ids": [29110]}