{"polygon": [[[46.4744415, 30.7308078], [46.4744473, 30.730706], [46.4743191, 30.7306908], [46.4742916, 30.7306876], [46.4742858, 30.7307893], [46.4744415, 30.7308078]]], "df_ids": [236041]}