{"polygon": [[[46.4719417, 30.7251679], [46.4718561, 30.7250221], [46.4715031, 30.7254586], [46.4715887, 30.7256044], [46.4719417, 30.7251679]]], "df_ids": [10707]}