{"polygon": [[[46.4882075, 30.7343891], [46.4881654, 30.7343835], [46.4881292, 30.7343787], [46.4881388, 30.7342262], [46.4879958, 30.7342073], [46.4879865, 30.7343555], [46.4879141, 30.7343486], [46.4879418, 30.7338995], [46.4880224, 30.7339102], [46.488017, 30.7339954], [46.4881631, 30.7340148], [46.4881667, 30.7339573], [46.4882341, 30.7339662], [46.4882075, 30.7343891]]], "df_ids": [35263]}