{"polygon": [[[46.4755096, 30.7488597], [46.475576, 30.7488711], [46.4755962, 30.7486221], [46.4755624, 30.7486169], [46.4755573, 30.7486797], [46.4753977, 30.7486524], [46.4754016, 30.7485923], [46.4753734, 30.7485858], [46.4753534, 30.7488329], [46.4755096, 30.7488597]]], "df_ids": [46783]}