{"polygon": [[[46.4896678, 30.7314944], [46.489536, 30.7316501], [46.4895251, 30.7316629], [46.4895414, 30.731692], [46.4895643, 30.7317329], [46.4896238, 30.7318391], [46.4896355, 30.7318253], [46.4898121, 30.7316166], [46.4898334, 30.7315915], [46.4897896, 30.7315133], [46.4897347, 30.7315782], [46.4896798, 30.7314802], [46.4896678, 30.7314944]]], "df_ids": [32942]}