{"polygon": [[[46.4814383, 30.7403446], [46.4813823, 30.7403364], [46.481335, 30.7403294], [46.4813452, 30.7401615], [46.4814151, 30.7401704], [46.4814218, 30.7400602], [46.4813519, 30.7400512], [46.4813584, 30.7399452], [46.4815245, 30.7399665], [46.4815448, 30.7396329], [46.4815666, 30.7396357], [46.4815693, 30.7395903], [46.4816493, 30.7396006], [46.4816457, 30.7396596], [46.4816795, 30.7396639], [46.481661, 30.739956], [46.4816535, 30.7400955], [46.4814553, 30.740067], [46.4814383, 30.7403446]]], "df_ids": [1647, 179623]}