{"polygon": [[[46.4859565, 30.7386146], [46.4860406, 30.7386299], [46.4860563, 30.7384483], [46.4861324, 30.7384622], [46.4861642, 30.7380939], [46.4860325, 30.73807], [46.4860115, 30.7383389], [46.4859758, 30.738333], [46.4859565, 30.7386146]]], "df_ids": [6221]}