{"polygon": [[[46.490492, 30.7215651], [46.4904384, 30.7216368], [46.490516, 30.7217593], [46.4904693, 30.7218217], [46.4904992, 30.7218689], [46.4905995, 30.7217348], [46.490492, 30.7215651]]], "df_ids": [127303]}