{"polygon": [[[46.4880669, 30.7362226], [46.4881506, 30.7362481], [46.4881636, 30.7361027], [46.4881759, 30.7359661], [46.4880851, 30.7359695], [46.4880762, 30.7360938], [46.488075, 30.7361104], [46.4880669, 30.7362226]]], "df_ids": [32731]}