{"polygon": [[[46.472972, 30.7296421], [46.4728811, 30.7296303], [46.4728802, 30.7296446], [46.4728793, 30.7296594], [46.4728607, 30.729657], [46.4728616, 30.7296426], [46.4728625, 30.7296278], [46.4727655, 30.7296152], [46.4727646, 30.72963], [46.4727552, 30.7297821], [46.4728522, 30.7297947], [46.4728537, 30.72977], [46.4728699, 30.7297721], [46.4728684, 30.7297969], [46.4729617, 30.729809], [46.4729711, 30.7296564], [46.472972, 30.7296421]]], "df_ids": [27395]}