{"polygon": [[[46.492471, 30.7279908], [46.4922756, 30.7276418], [46.4923663, 30.7275357], [46.4925619, 30.7278833], [46.492471, 30.7279908]]], "df_ids": [97771]}