{"polygon": [[[46.4891698, 30.7194367], [46.4893724, 30.7194306], [46.4893752, 30.7196286], [46.4891726, 30.7196347], [46.4891698, 30.7194367]]], "df_ids": [2557]}