{"polygon": [[[46.4794868, 30.7355464], [46.4796617, 30.7355631], [46.4797078, 30.7356151], [46.4796992, 30.7358053], [46.4797368, 30.7358089], [46.4797234, 30.7361053], [46.4796031, 30.7360938], [46.479621, 30.735699], [46.4794796, 30.7356854], [46.4794868, 30.7355464]]], "df_ids": [28409]}