{"polygon": [[[46.4807327, 30.7292468], [46.4805687, 30.728971], [46.4804619, 30.7291049], [46.480574, 30.7292933], [46.4805113, 30.7293719], [46.4805633, 30.7294593], [46.4806438, 30.7293585], [46.4807327, 30.7292468]]], "df_ids": [163157]}