{"polygon": [[[46.4896002, 30.7363031], [46.4895335, 30.7363], [46.4895267, 30.7366011], [46.489526, 30.736633], [46.4895259, 30.7368352], [46.4897241, 30.7368538], [46.4897355, 30.7363644], [46.4897364, 30.7363114], [46.4896692, 30.7363082], [46.4896635, 30.7365582], [46.4895946, 30.736554], [46.4896002, 30.7363031]]], "df_ids": [5807]}