{"polygon": [[[46.473201, 30.7498387], [46.4732119, 30.7496805], [46.4730983, 30.749664], [46.4730593, 30.7496583], [46.4730555, 30.7497125], [46.4730909, 30.7497177], [46.4730838, 30.7498217], [46.4731036, 30.7498246], [46.473201, 30.7498387]]], "df_ids": [52422]}