{"polygon": [[[46.4750831, 30.7229082], [46.4751588, 30.7228518], [46.4751906, 30.7229606], [46.4750774, 30.7230604], [46.4750357, 30.7229389], [46.4750831, 30.7229082]]], "df_ids": [46669]}