{"polygon": [[[46.4867133, 30.7154755], [46.4862662, 30.7156546], [46.4862838, 30.715747], [46.4867292, 30.7155668], [46.4867133, 30.7154755]]], "df_ids": [161669]}