{"polygon": [[[46.4609513, 30.7321781], [46.4609618, 30.7319834], [46.4609773, 30.7316968], [46.4615325, 30.7321996], [46.4615518, 30.732217], [46.4615263, 30.7323517], [46.4614487, 30.7323487], [46.4613102, 30.7322634], [46.4609513, 30.7321781]]], "df_ids": [52133]}