{"polygon": [[[46.4809879, 30.7274314], [46.4809833, 30.7274378], [46.4808723, 30.7275845], [46.4809545, 30.7277154], [46.4810075, 30.7276452], [46.4810255, 30.727674], [46.4810358, 30.7276603], [46.4810616, 30.7276263], [46.4810506, 30.7276087], [46.4810689, 30.7275843], [46.4810771, 30.7275736], [46.4809879, 30.7274314]]], "df_ids": [141768]}