{"polygon": [[[46.4719079, 30.7258726], [46.4717759, 30.7256477], [46.471686, 30.725759], [46.471818, 30.7259839], [46.4719079, 30.7258726]]], "df_ids": [10705]}