{"polygon": [[[46.4781244, 30.7315697], [46.4783113, 30.7315963], [46.478502, 30.7316234], [46.478521, 30.7314073], [46.4783262, 30.7313728], [46.4781379, 30.7313395], [46.4781244, 30.7315697]]], "df_ids": [31558]}