{"polygon": [[[46.4629227, 30.7554529], [46.4627447, 30.755525], [46.4627727, 30.7556706], [46.4629542, 30.7555971], [46.4629227, 30.7554529]]], "df_ids": [53342]}