{"polygon": [[[46.4758158, 30.7283684], [46.4759293, 30.7283821], [46.4759463, 30.7280918], [46.4758351, 30.7280788], [46.4758158, 30.7283684]]], "df_ids": [133845]}