{"polygon": [[[46.4810816, 30.7305092], [46.4810384, 30.7305479], [46.4809915, 30.7306141], [46.4809448, 30.7306802], [46.4808952, 30.7307465], [46.4809558, 30.7308727], [46.4811568, 30.7305991], [46.4810816, 30.7305092]]], "df_ids": [189483]}