{"polygon": [[[46.4827984, 30.7185765], [46.4828174, 30.718754], [46.482835, 30.718899], [46.4829556, 30.7188725], [46.4829381, 30.7187114], [46.4829335, 30.7186692], [46.4829205, 30.7185499], [46.4827984, 30.7185765]]], "df_ids": [144257]}