{"polygon": [[[46.4723745, 30.7292878], [46.4721796, 30.7292643], [46.4721664, 30.7292627], [46.4721577, 30.7294142], [46.4721945, 30.7294186], [46.4723658, 30.7294392], [46.4723745, 30.7292878]]], "df_ids": [255100]}