{"polygon": [[[46.47342, 30.7573638], [46.4734734, 30.757432], [46.473386, 30.7575826], [46.4733976, 30.7575968], [46.473348, 30.7576821], [46.4732848, 30.7575996], [46.4733014, 30.7575762], [46.47342, 30.7573638]]], "df_ids": [127040]}