{"polygon": [[[46.4926312, 30.7269964], [46.4926973, 30.7269059], [46.4923867, 30.7263696], [46.492319, 30.7264571], [46.4924571, 30.7266956], [46.4924923, 30.7267558], [46.4926312, 30.7269964]]], "df_ids": [51285]}