{"polygon": [[[46.491062, 30.7321903], [46.4909553, 30.7324323], [46.4907206, 30.732214], [46.490786, 30.7320656], [46.4908123, 30.73209], [46.4909259, 30.7321958], [46.4909764, 30.7322428], [46.4909898, 30.7322125], [46.4909769, 30.7322005], [46.4910048, 30.7321372], [46.491062, 30.7321903]]], "df_ids": [6951]}