{"polygon": [[[46.4851216, 30.7396002], [46.4851499, 30.7392493], [46.4852374, 30.7392641], [46.4852091, 30.7396151], [46.4851216, 30.7396002]]], "df_ids": [6826, 45093]}