{"polygon": [[[46.4711539, 30.7362906], [46.4711596, 30.7362041], [46.4712886, 30.7362219], [46.4712829, 30.7363084], [46.4711539, 30.7362906]]], "df_ids": [1201]}