{"polygon": [[[46.4848649, 30.729939], [46.4847848, 30.730091], [46.4847568, 30.7301464], [46.4846992, 30.7302596], [46.4846043, 30.7301562], [46.4845644, 30.7301161], [46.4845947, 30.7300504], [46.4846293, 30.7300847], [46.4846829, 30.7299751], [46.4847346, 30.7298769], [46.484708, 30.7298454], [46.4847344, 30.7297943], [46.4848331, 30.7299043], [46.4848649, 30.729939]]], "df_ids": [173336]}