{"polygon": [[[46.406561, 30.7247585], [46.4062608, 30.7248468], [46.4062494, 30.7247688], [46.4062391, 30.7247618], [46.406232, 30.7247063], [46.40624, 30.7246945], [46.4062292, 30.7246205], [46.4065305, 30.72454], [46.4065395, 30.7246146], [46.4065594, 30.7246329], [46.4065641, 30.7246614], [46.4065526, 30.724688], [46.406561, 30.7247585]]], "df_ids": [29163]}