{"polygon": [[[46.412695, 30.7578594], [46.4128181, 30.7580546], [46.412837, 30.7580819], [46.4128662, 30.7580819], [46.412885, 30.7580614], [46.4128954, 30.7580218], [46.4128869, 30.7579972], [46.4129123, 30.7579412], [46.4128822, 30.7578798], [46.412853, 30.7579481], [46.4127258, 30.7577773], [46.412695, 30.7578594]]], "df_ids": [27454]}