{"polygon": [[[46.498023, 30.724947], [46.497877, 30.7249833], [46.4979156, 30.7253119], [46.4980616, 30.7252756], [46.498023, 30.724947]]], "df_ids": [30701]}