{"polygon": [[[46.4917669, 30.7393417], [46.4917414, 30.7393087], [46.4917121, 30.739271], [46.4917226, 30.7392533], [46.4916522, 30.7391612], [46.4915627, 30.7393391], [46.4916252, 30.7394313], [46.4916322, 30.7394174], [46.491693, 30.7394919], [46.4917669, 30.7393417]]], "df_ids": [48473]}