{"polygon": [[[46.492251, 30.726545], [46.4922363, 30.7265667], [46.4923767, 30.7268046], [46.4924571, 30.7266956], [46.492319, 30.7264571], [46.492251, 30.726545]]], "df_ids": [1188]}