{"polygon": [[[46.4804367, 30.712711], [46.4804346, 30.7125819], [46.4804298, 30.7122996], [46.4803573, 30.7122955], [46.4803682, 30.7127066], [46.4804367, 30.712711]]], "df_ids": [4529]}