{"polygon": [[[46.4719633, 30.7531886], [46.4722074, 30.7532455], [46.4721898, 30.7534045], [46.4719457, 30.7533476], [46.4719633, 30.7531886]]], "df_ids": [53353]}