{"polygon": [[[46.4902072, 30.7194476], [46.4904059, 30.7194347], [46.4904105, 30.7196366], [46.4902041, 30.7196419], [46.4902072, 30.7194476]]], "df_ids": [2562]}