{"polygon": [[[46.4802455, 30.7145408], [46.4801091, 30.7145432], [46.480108, 30.7144095], [46.4801078, 30.7143825], [46.4802441, 30.7143802], [46.4802455, 30.7145408]]], "df_ids": [175425]}