{"polygon": [[[46.4788374, 30.7267803], [46.4787916, 30.7268308], [46.4787665, 30.7267821], [46.4787114, 30.7268318], [46.4786779, 30.7268075], [46.478636, 30.726695], [46.4785613, 30.7267852], [46.478532, 30.7267173], [46.4784905, 30.7267583], [46.4784707, 30.7267227], [46.4784636, 30.7267061], [46.4784441, 30.7267112], [46.4784366, 30.7266831], [46.4786057, 30.7264782], [46.4786395, 30.7265399], [46.4786758, 30.7265045], [46.4787683, 30.7266516], [46.4788374, 30.7267803]]], "df_ids": [11104]}