{"polygon": [[[46.4724463, 30.7233868], [46.4720744, 30.7233288], [46.4720612, 30.7235066], [46.4724332, 30.7235645], [46.4724463, 30.7233868]]], "df_ids": [32165]}