{"polygon": [[[46.4721426, 30.7255939], [46.4720136, 30.7253414], [46.4719203, 30.7254419], [46.4720493, 30.7256944], [46.4721426, 30.7255939]]], "df_ids": [10704]}