{"polygon": [[[46.4786402, 30.7144395], [46.4782873, 30.7144709], [46.4782948, 30.7146447], [46.4782953, 30.7146444], [46.4783222, 30.7146418], [46.478642, 30.7146053], [46.4786402, 30.7144395]]], "df_ids": [33010]}