{"polygon": [[[46.4897281, 30.7381177], [46.4897404, 30.7379867], [46.4894737, 30.7379539], [46.4894594, 30.7380909], [46.4897281, 30.7381177]]], "df_ids": [44775]}