{"polygon": [[[46.4940789, 30.7196654], [46.4940389, 30.7196551], [46.4940351, 30.7196865], [46.4939817, 30.7196728], [46.4939864, 30.7196342], [46.4939536, 30.7196257], [46.4939864, 30.7193576], [46.4941126, 30.7193901], [46.4940789, 30.7196654]]], "df_ids": [33012]}