{"polygon": [[[46.4744618, 30.7487116], [46.4744659, 30.7486428], [46.4744762, 30.7486441], [46.4745733, 30.7486563], [46.4745845, 30.7486577], [46.4745841, 30.7486654], [46.4745984, 30.7486672], [46.4746025, 30.7485976], [46.4746066, 30.7485296], [46.4745908, 30.7485276], [46.4745902, 30.7485371], [46.474579, 30.7485357], [46.4744835, 30.7485237], [46.4744721, 30.7485223], [46.4744771, 30.7484372], [46.474644, 30.7484581], [46.4747593, 30.7484726], [46.4747504, 30.7486225], [46.474743, 30.748747], [46.4744618, 30.7487116]]], "df_ids": [6501]}