{"polygon": [[[46.4894368, 30.7380423], [46.4893562, 30.7379944], [46.4892174, 30.7384872], [46.4892979, 30.7385351], [46.4894368, 30.7380423]]], "df_ids": [6590]}