{"polygon": [[[46.4872746, 30.7383957], [46.4870689, 30.7379823], [46.4869865, 30.7380688], [46.4869987, 30.7380932], [46.487014, 30.738124], [46.4869982, 30.7381406], [46.4871443, 30.7384343], [46.4871672, 30.7384102], [46.487183, 30.7384419], [46.4871993, 30.7384748], [46.4872746, 30.7383957]]], "df_ids": [7295]}