{"polygon": [[[46.4560071, 30.7242584], [46.4559205, 30.724174], [46.4559718, 30.7240629], [46.4560585, 30.7241473], [46.4560071, 30.7242584]]], "df_ids": [162655]}