{"polygon": [[[46.4941076, 30.7197179], [46.4941148, 30.7196132], [46.4941728, 30.7196216], [46.4941798, 30.7195206], [46.4942182, 30.7195261], [46.4942201, 30.7194987], [46.4943221, 30.7195136], [46.49432, 30.7195449], [46.4943567, 30.7195502], [46.4943503, 30.7196431], [46.4944161, 30.7196552], [46.4944069, 30.7197561], [46.4942965, 30.7197418], [46.4942991, 30.7197051], [46.4942231, 30.719694], [46.4942204, 30.7197343], [46.4941076, 30.7197179]]], "df_ids": [30861]}