{"polygon": [[[46.4865632, 30.7407216], [46.4865971, 30.7402649], [46.4865702, 30.7402671], [46.4864584, 30.7402558], [46.4864272, 30.7406981], [46.4865632, 30.7407216]]], "df_ids": [35420]}