{"polygon": [[[46.4747437, 30.7233942], [46.4746422, 30.7232511], [46.4746668, 30.7230208], [46.4747655, 30.7230259], [46.4747503, 30.7232375], [46.4747437, 30.7233942]]], "df_ids": [4399]}