{"polygon": [[[46.4769986, 30.7275257], [46.4771082, 30.7276981], [46.4770436, 30.7277846], [46.4770579, 30.7278072], [46.4769985, 30.7278868], [46.4769853, 30.727866], [46.4769271, 30.7279305], [46.4768024, 30.7277729], [46.4768391, 30.7277238], [46.4768728, 30.7277769], [46.4769856, 30.7276258], [46.4769572, 30.7275812], [46.4769986, 30.7275257]]], "df_ids": [153242]}