{"polygon": [[[46.468386, 30.7284414], [46.4684549, 30.7283389], [46.4685694, 30.728505], [46.4685803, 30.7285279], [46.4685869, 30.7285616], [46.4685876, 30.7285953], [46.4685833, 30.7287926], [46.4684767, 30.7287839], [46.4684828, 30.7285813], [46.468386, 30.7284414]]], "df_ids": [9990]}