{"polygon": [[[46.4801541, 30.7142177], [46.4801551, 30.7143455], [46.4801075, 30.7143463], [46.4801072, 30.7143125], [46.4800835, 30.7143129], [46.4800837, 30.7143467], [46.4800482, 30.7143474], [46.4800479, 30.7143104], [46.4800181, 30.7143109], [46.4800184, 30.7143479], [46.4799898, 30.7143484], [46.4799888, 30.7142205], [46.4801541, 30.7142177]]], "df_ids": [182312]}