{"polygon": [[[46.48017, 30.7371579], [46.4800438, 30.7371459], [46.47993, 30.7371351], [46.4799186, 30.7372828], [46.4800601, 30.7372966], [46.4800802, 30.7372983], [46.4801634, 30.7373062], [46.48017, 30.7371579]]], "df_ids": [28403]}