{"polygon": [[[46.4723096, 30.732523], [46.4723493, 30.7319636], [46.4723934, 30.7319691], [46.4724381, 30.7319725], [46.4724124, 30.7324233], [46.4724093, 30.7324791], [46.4724084, 30.7325359], [46.4723096, 30.732523]]], "df_ids": [52117]}