{"polygon": [[[46.4881772, 30.7347877], [46.487919, 30.7347546], [46.4878829, 30.7347458], [46.4878973, 30.734533], [46.487937, 30.7345394], [46.4881208, 30.7345649], [46.4881281, 30.734457], [46.4881596, 30.7344615], [46.4881988, 30.7344671], [46.4881872, 30.7346387], [46.4881772, 30.7347877]]], "df_ids": [5098]}