{"polygon": [[[46.4686039, 30.7135711], [46.4685981, 30.7134145], [46.4688957, 30.7133915], [46.4689014, 30.7135481], [46.4686039, 30.7135711]]], "df_ids": [24235]}