{"polygon": [[[46.4848669, 30.7304583], [46.4848054, 30.7303914], [46.4847734, 30.7304534], [46.484567, 30.7302284], [46.4846043, 30.7301562], [46.4845644, 30.7301161], [46.4843198, 30.7304777], [46.484412, 30.7305329], [46.4844785, 30.730393], [46.4845699, 30.7304878], [46.4846694, 30.7306044], [46.4847485, 30.7306873], [46.4848267, 30.7305359], [46.4848669, 30.7304583]]], "df_ids": [175444]}