{"polygon": [[[46.4864174, 30.7350708], [46.4863598, 30.7350635], [46.4862179, 30.7350457], [46.4861357, 30.7350354], [46.4861417, 30.7349342], [46.4861899, 30.7349402], [46.4862173, 30.7349436], [46.4863611, 30.7349617], [46.4863969, 30.7349669], [46.4864234, 30.7349708], [46.4864174, 30.7350708]]], "df_ids": [191862]}