{"polygon": [[[46.4567223, 30.7227526], [46.4566209, 30.7226582], [46.4565686, 30.7227882], [46.4566743, 30.7228745], [46.4567223, 30.7227526]]], "df_ids": [162078]}