{"polygon": [[[46.4885288, 30.7365452], [46.4883285, 30.7365129], [46.4883479, 30.7363049], [46.4885421, 30.736336], [46.4885288, 30.7365452]]], "df_ids": [27835]}