{"polygon": [[[46.4841535, 30.7245523], [46.4841129, 30.7246037], [46.4841245, 30.7246231], [46.4840558, 30.7247101], [46.484043, 30.7246889], [46.4840057, 30.7247362], [46.4839475, 30.7246405], [46.4840946, 30.7244541], [46.4841535, 30.7245523]]], "df_ids": [1973]}