{"polygon": [[[46.4805552, 30.7289483], [46.4805083, 30.7288696], [46.4803166, 30.72911], [46.4803635, 30.7291888], [46.4805552, 30.7289483]]], "df_ids": [219095]}