{"polygon": [[[46.4712448, 30.7485508], [46.4713046, 30.748559], [46.4713416, 30.7485641], [46.4713825, 30.7485697], [46.4714303, 30.7485763], [46.4714334, 30.7485296], [46.4714695, 30.7479739], [46.4714114, 30.7479659], [46.4713848, 30.7483745], [46.4713533, 30.7483702], [46.4713175, 30.7483653], [46.4713441, 30.7479567], [46.4713031, 30.7479511], [46.471284, 30.7479484], [46.4712758, 30.7480746], [46.4712734, 30.7481108], [46.4712448, 30.7485508]]], "df_ids": [176558, 179981]}