{"polygon": [[[46.4864041, 30.7406981], [46.4864133, 30.7405731], [46.4863188, 30.7405641], [46.4863195, 30.7405496], [46.4862749, 30.7405418], [46.4862719, 30.7405664], [46.4861719, 30.7405496], [46.4861627, 30.7406654], [46.4861819, 30.7406682], [46.4864041, 30.7406981]]], "df_ids": [35421]}