{"polygon": [[[46.4716616, 30.7489379], [46.4716455, 30.7489352], [46.4714096, 30.7488961], [46.4714231, 30.7486759], [46.4714993, 30.7486875], [46.4714962, 30.7487309], [46.4716586, 30.7487557], [46.4716747, 30.7487582], [46.4716616, 30.7489379]]], "df_ids": [27376]}