{"polygon": [[[46.4781062, 30.7297953], [46.4780262, 30.729651], [46.4778963, 30.7298028], [46.4779547, 30.7299082], [46.4779725, 30.7299403], [46.4779896, 30.7299711], [46.4780242, 30.7299306], [46.4779967, 30.7298809], [46.4780699, 30.7297953], [46.4780948, 30.7298402], [46.4781168, 30.7298145], [46.4781062, 30.7297953]]], "df_ids": [30578]}