{"polygon": [[[46.485081, 30.724239], [46.4851943, 30.7244264], [46.4851031, 30.7245428], [46.4850338, 30.7246322], [46.484948, 30.7244913], [46.4849175, 30.7244412], [46.4849623, 30.7243841], [46.4849742, 30.7244038], [46.4850003, 30.7243706], [46.4850324, 30.7243297], [46.4850226, 30.7243135], [46.485081, 30.724239]]], "df_ids": [1302]}