{"polygon": [[[46.4828511, 30.7436797], [46.482953, 30.7436943], [46.482994, 30.7437002], [46.4829822, 30.743874], [46.4828393, 30.7438534], [46.4828476, 30.7437306], [46.4828511, 30.7436797]]], "df_ids": [5155]}