{"polygon": [[[46.4800239, 30.7236639], [46.4800426, 30.7237056], [46.4801485, 30.7238768], [46.4800894, 30.723952], [46.4799456, 30.7237173], [46.4800034, 30.7236336], [46.4800239, 30.7236639]]], "df_ids": [191697]}