{"polygon": [[[46.457969, 30.719848], [46.4580556, 30.7199372], [46.4581715, 30.7197], [46.4580848, 30.7196108], [46.457969, 30.719848]]], "df_ids": [163086]}