{"polygon": [[[46.4948624, 30.6922038], [46.4948411, 30.6924431], [46.4948618, 30.692447], [46.4948457, 30.6926274], [46.4948282, 30.6926241], [46.4948118, 30.692808], [46.4946887, 30.6927848], [46.4947042, 30.6926107], [46.4946762, 30.6926054], [46.4946916, 30.6924327], [46.4947381, 30.6924414], [46.494761, 30.6921847], [46.4948624, 30.6922038]]], "df_ids": [193007]}