{"polygon": [[[46.4823157, 30.7364839], [46.482379, 30.7364892], [46.4823941, 30.7361039], [46.4823308, 30.7360987], [46.4823157, 30.7364839]]], "df_ids": [4088]}