{"polygon": [[[46.4809086, 30.7360917], [46.4808815, 30.7365461], [46.4808389, 30.7365358], [46.4808434, 30.736464], [46.4808248, 30.736464], [46.4808222, 30.7364906], [46.480812, 30.7365008], [46.4807937, 30.7365008], [46.480787, 30.7364915], [46.480785, 30.7364613], [46.4807658, 30.7364613], [46.4807652, 30.7365237], [46.4807403, 30.7365255], [46.4807392, 30.7363626], [46.4807491, 30.7361827], [46.4807983, 30.7361874], [46.4807889, 30.7363443], [46.4808177, 30.7363486], [46.4808424, 30.7363522], [46.4808549, 30.7360887], [46.4809086, 30.7360917]]], "df_ids": [187739]}