{"polygon": [[[46.4777554, 30.7385512], [46.4777399, 30.7385488], [46.477652, 30.7385351], [46.4776416, 30.7386761], [46.4776376, 30.7387296], [46.4776268, 30.7388762], [46.4776237, 30.7389185], [46.477727, 30.7389346], [46.4777479, 30.7386518], [46.4777554, 30.7385512]]], "df_ids": [173652]}