{"polygon": [[[46.4694623, 30.7479183], [46.469439, 30.7482353], [46.4696117, 30.7482601], [46.4696183, 30.7481699], [46.4695781, 30.7481636], [46.4695804, 30.7481331], [46.469587, 30.7481341], [46.4695913, 30.7480759], [46.4695808, 30.7480743], [46.4695834, 30.7480392], [46.4696194, 30.7480448], [46.4696269, 30.7479419], [46.4694623, 30.7479183]]], "df_ids": [174090]}