{"polygon": [[[46.4758737, 30.7388519], [46.4758597, 30.7390617], [46.4757391, 30.7390435], [46.4757523, 30.7388363], [46.4758737, 30.7388519]]], "df_ids": [134207]}