{"polygon": [[[46.474248, 30.7522064], [46.4742429, 30.7522925], [46.4742199, 30.7526821], [46.474214, 30.7527807], [46.474149, 30.7527693], [46.4741541, 30.7526825], [46.4741011, 30.7526759], [46.474125, 30.7522722], [46.4741835, 30.7522795], [46.4741882, 30.752199], [46.474248, 30.7522064]]], "df_ids": [136505]}