{"polygon": [[[46.468025, 30.7455009], [46.4680234, 30.745596], [46.4679804, 30.7455945], [46.4679767, 30.7458054], [46.4680172, 30.7458069], [46.4680156, 30.7458991], [46.4678802, 30.7458942], [46.4678872, 30.7454958], [46.468025, 30.7455009]]], "df_ids": [7835]}