{"polygon": [[[46.4687853, 30.72733], [46.4686678, 30.7273293], [46.4686683, 30.7271734], [46.4687308, 30.7271738], [46.4687313, 30.7269948], [46.4687863, 30.7269951], [46.4687859, 30.7271496], [46.4687853, 30.72733]]], "df_ids": [163253]}