{"polygon": [[[46.4800376, 30.7417663], [46.4803543, 30.7418062], [46.4803673, 30.741811], [46.480359, 30.7419367], [46.4800294, 30.7418909], [46.4800376, 30.7417663]]], "df_ids": [6069]}