{"polygon": [[[46.474969, 30.7359081], [46.4749317, 30.735903], [46.4748627, 30.7358928], [46.4748759, 30.7356889], [46.4749827, 30.7357041], [46.474969, 30.7359081]]], "df_ids": [165406]}