{"polygon": [[[46.470198, 30.7431768], [46.4701811, 30.743407], [46.4701162, 30.7433966], [46.4700007, 30.7433795], [46.4699898, 30.7433772], [46.4699567, 30.7433733], [46.4699744, 30.7431431], [46.4700299, 30.7431517], [46.4700272, 30.7431879], [46.4701338, 30.7432044], [46.4701365, 30.7431673], [46.470198, 30.7431768]]], "df_ids": [88206]}