{"polygon": [[[46.4700007, 30.7433795], [46.4699798, 30.7436778], [46.4700255, 30.7436845], [46.470058, 30.7436893], [46.4700953, 30.7436948], [46.4701162, 30.7433966], [46.4700007, 30.7433795]]], "df_ids": [235463]}