{"polygon": [[[46.4947411, 30.6915713], [46.4946084, 30.6915441], [46.4945549, 30.6920948], [46.4946875, 30.692122], [46.4947411, 30.6915713]]], "df_ids": [193009]}