{"polygon": [[[46.4726509, 30.7346743], [46.4725532, 30.7346592], [46.4725442, 30.7347858], [46.4726034, 30.7347946], [46.4726065, 30.7347505], [46.4726461, 30.7347564], [46.4726509, 30.7346743]]], "df_ids": [2730]}