{"polygon": [[[46.4633909, 30.6885606], [46.4634075, 30.6885973], [46.4633911, 30.688613], [46.4634108, 30.6886565], [46.4633192, 30.6887439], [46.4632828, 30.6886637], [46.4633909, 30.6885606]]], "df_ids": [33134]}