{"polygon": [[[46.4714054, 30.743675], [46.4714182, 30.7434574], [46.4713496, 30.7434461], [46.4713457, 30.743504], [46.4713349, 30.7436644], [46.4713505, 30.743666], [46.4714054, 30.743675]]], "df_ids": [2171]}