{"polygon": [[[46.4753151, 30.7383752], [46.4752762, 30.7383698], [46.4752779, 30.738345], [46.4752655, 30.7383433], [46.4752035, 30.7383346], [46.4752021, 30.7383558], [46.4751349, 30.7383463], [46.4751299, 30.7384205], [46.4753104, 30.7384458], [46.4753151, 30.7383752]]], "df_ids": [2911]}