{"polygon": [[[46.4744591, 30.7525886], [46.4744418, 30.7528158], [46.4742435, 30.7527858], [46.474214, 30.7527807], [46.4742199, 30.7526821], [46.4742964, 30.7526944], [46.4743064, 30.7525638], [46.4743353, 30.7525685], [46.4744591, 30.7525886]]], "df_ids": [33312]}