{"polygon": [[[46.488585, 30.692324], [46.4885254, 30.6923143], [46.4884764, 30.692306], [46.4885066, 30.6919207], [46.4886152, 30.6919386], [46.488585, 30.692324]]], "df_ids": [228721]}