{"polygon": [[[46.4804787, 30.7331309], [46.4806318, 30.7331546], [46.4806217, 30.7332911], [46.4804687, 30.7332674], [46.4804787, 30.7331309]]], "df_ids": [136141]}