{"polygon": [[[46.4746712, 30.7106038], [46.4747594, 30.7106181], [46.4747672, 30.7105164], [46.474679, 30.7105022], [46.4746712, 30.7106038]]], "df_ids": [182053]}