{"polygon": [[[46.4705662, 30.7434903], [46.4707581, 30.7435213], [46.4707468, 30.7436692], [46.4707355, 30.7438158], [46.4706169, 30.7437967], [46.4705395, 30.7437841], [46.4705466, 30.7436911], [46.4705858, 30.7436975], [46.4705899, 30.7436439], [46.4705942, 30.7435886], [46.4705591, 30.7435829], [46.4705662, 30.7434903]]], "df_ids": [29573]}