{"polygon": [[[46.4708527, 30.7246507], [46.4708058, 30.7247005], [46.4710408, 30.725168], [46.4710877, 30.7251183], [46.4708527, 30.7246507]]], "df_ids": [189283]}