{"polygon": [[[46.4657735, 30.7088514], [46.4657825, 30.7096375], [46.4657104, 30.7096392], [46.4657014, 30.7088531], [46.4657735, 30.7088514]]], "df_ids": [255112]}