{"polygon": [[[46.4728344, 30.7348628], [46.4728441, 30.7346984], [46.4727266, 30.7346837], [46.4726509, 30.7346743], [46.4726461, 30.7347564], [46.4726412, 30.7348387], [46.4727186, 30.7348484], [46.4728344, 30.7348628]]], "df_ids": [163237]}