{"polygon": [[[46.492247, 30.6947847], [46.4922209, 30.6947809], [46.4921911, 30.6947766], [46.4921942, 30.6947314], [46.4921092, 30.6947191], [46.4921047, 30.6947845], [46.4920288, 30.6947735], [46.492032, 30.694727], [46.4920379, 30.6946417], [46.49201, 30.6946377], [46.4920107, 30.6946225], [46.4920143, 30.6945811], [46.4920154, 30.6945598], [46.4920425, 30.6945637], [46.4920475, 30.6944918], [46.492445, 30.6945494], [46.4924405, 30.6946144], [46.4924692, 30.6946186], [46.4924679, 30.6946407], [46.4924636, 30.6946962], [46.4924626, 30.6947143], [46.4924327, 30.69471], [46.4924277, 30.6947828], [46.4924253, 30.6948181], [46.4923875, 30.6948126], [46.4923478, 30.6948068], [46.4923505, 30.6947681], [46.4922491, 30.6947534], [46.492247, 30.6947847]]], "df_ids": [5633]}