{"polygon": [[[46.4730821, 30.7402264], [46.4730892, 30.7401234], [46.4730002, 30.7401106], [46.4729968, 30.7401608], [46.4729932, 30.7402135], [46.4730821, 30.7402264]]], "df_ids": [89877]}