{"polygon": [[[46.4570458, 30.7427394], [46.4568821, 30.7427151], [46.456895, 30.7425314], [46.4568975, 30.7424966], [46.456964, 30.7425065], [46.4569606, 30.7425553], [46.4570578, 30.7425697], [46.4570458, 30.7427394]]], "df_ids": [51316]}