{"polygon": [[[46.4663175, 30.7182309], [46.4665051, 30.7179922], [46.4665814, 30.7181192], [46.4664555, 30.718279], [46.4664666, 30.7183011], [46.4664242, 30.7183535], [46.4664035, 30.7183805], [46.4663175, 30.7182309]]], "df_ids": [211000]}