{"polygon": [[[46.47041, 30.7253553], [46.4703544, 30.7252509], [46.4704774, 30.7251127], [46.4705303, 30.7252121], [46.4704931, 30.725254], [46.4705116, 30.7252888], [46.470462, 30.7253445], [46.4704461, 30.7253147], [46.47041, 30.7253553]]], "df_ids": [174302]}