{"polygon": [[[46.4667526, 30.6907835], [46.4665468, 30.6907463], [46.4665308, 30.6909326], [46.4666122, 30.6909473], [46.4667366, 30.6909698], [46.4667526, 30.6907835]]], "df_ids": [27934]}