{"polygon": [[[46.4718737, 30.7467911], [46.4718408, 30.7467868], [46.4717783, 30.7467784], [46.4717886, 30.7466158], [46.471884, 30.7466286], [46.4718737, 30.7467911]]], "df_ids": [5254]}