{"polygon": [[[46.4703424, 30.7371826], [46.470288, 30.7371755], [46.4702848, 30.737224], [46.470281, 30.7372874], [46.4703012, 30.73729], [46.4702914, 30.7374496], [46.4702772, 30.7374477], [46.4702686, 30.7375878], [46.4703265, 30.7375953], [46.4703284, 30.737564], [46.4703301, 30.7375362], [46.4703805, 30.7375427], [46.4703989, 30.7372441], [46.4703391, 30.7372364], [46.4703424, 30.7371826]]], "df_ids": [161648]}