{"polygon": [[[46.467001, 30.7137717], [46.4674249, 30.7137874], [46.4674231, 30.7140415], [46.4671471, 30.7140572], [46.4671309, 30.7141855], [46.4669631, 30.7141724], [46.4670028, 30.7140676], [46.467001, 30.7137717]]], "df_ids": [137505]}