{"polygon": [[[46.4738282, 30.7506127], [46.4738208, 30.7507262], [46.473595, 30.7506951], [46.4736024, 30.7505816], [46.4738282, 30.7506127]]], "df_ids": [667]}