{"polygon": [[[46.4778555, 30.7383042], [46.4778633, 30.738165], [46.4778419, 30.7381644], [46.4778196, 30.7381629], [46.4778039, 30.7383732], [46.4778301, 30.7383727], [46.4778523, 30.7383751], [46.4778555, 30.7383042]]], "df_ids": [126201]}