{"polygon": [[[46.4743791, 30.7439531], [46.4744007, 30.7436873], [46.474338, 30.7436766], [46.4742704, 30.7436651], [46.4742487, 30.7439328], [46.4743005, 30.743943], [46.4743791, 30.7439531]]], "df_ids": [102895]}