{"polygon": [[[46.4743923, 30.7404043], [46.4746651, 30.7404338], [46.4746689, 30.7403634], [46.4743966, 30.7403327], [46.4743923, 30.7404043]]], "df_ids": [458]}