{"polygon": [[[46.4694248, 30.7491811], [46.4692296, 30.7491589], [46.4692345, 30.7490679], [46.4694297, 30.7490901], [46.4694248, 30.7491811]]], "df_ids": [136828]}