{"polygon": [[[46.4725589, 30.7345384], [46.472469, 30.7345279], [46.472454, 30.734775], [46.4725442, 30.7347858], [46.4725532, 30.7346592], [46.4725589, 30.7345384]]], "df_ids": [2731]}