{"polygon": [[[46.4771167, 30.7388566], [46.4770445, 30.7388489], [46.4769166, 30.7388352], [46.4769108, 30.7389493], [46.477111, 30.7389707], [46.4771167, 30.7388566]]], "df_ids": [14759]}