{"polygon": [[[46.488239, 30.6927217], [46.4880206, 30.6926873], [46.4879952, 30.6930349], [46.4880477, 30.6931335], [46.4880851, 30.6931439], [46.4881485, 30.6931492], [46.488207, 30.6930824], [46.4882173, 30.692971], [46.4882511, 30.6929643], [46.4882603, 30.6928141], [46.4882311, 30.6928125], [46.488239, 30.6927217]]], "df_ids": [228716]}