{"polygon": [[[46.4789217, 30.7368619], [46.4789029, 30.7368592], [46.478895, 30.7369774], [46.4788035, 30.7369645], [46.4788206, 30.7367093], [46.4788083, 30.7367076], [46.4788044, 30.7367666], [46.4787889, 30.7367644], [46.4787798, 30.736899], [46.4786499, 30.7368806], [46.4786549, 30.7368058], [46.4786798, 30.7368093], [46.4786815, 30.7367839], [46.4787309, 30.7367909], [46.478739, 30.7366705], [46.4788965, 30.7366928], [46.4788941, 30.7367281], [46.4789304, 30.7367332], [46.4789217, 30.7368619]]], "df_ids": [88113]}