{"polygon": [[[46.4761383, 30.7429545], [46.475942, 30.7429233], [46.4759561, 30.7428347], [46.4759834, 30.7428189], [46.4761281, 30.7428347], [46.4761409, 30.7428617], [46.4761475, 30.7428873], [46.4761578, 30.7428846], [46.4761639, 30.7427824], [46.4761757, 30.7425835], [46.4761852, 30.7423941], [46.4762164, 30.7423849], [46.4762203, 30.7422902], [46.4762023, 30.7422974], [46.4761915, 30.7423355], [46.4760062, 30.742301], [46.4759959, 30.7424444], [46.4759351, 30.7424376], [46.4759466, 30.7422565], [46.4759386, 30.7422409], [46.4759494, 30.7420716], [46.4760158, 30.7420817], [46.4763093, 30.7421263], [46.4763515, 30.7421327], [46.4763744, 30.7421841], [46.4763647, 30.7423161], [46.4763444, 30.7426041], [46.4763232, 30.7428997], [46.4763173, 30.7429823], [46.4761383, 30.7429545]]], "df_ids": [5939]}