{"polygon": [[[46.4666001, 30.7115746], [46.4666016, 30.7113897], [46.466879, 30.7113958], [46.4668785, 30.7115734], [46.4666001, 30.7115746]]], "df_ids": [136041]}