{"polygon": [[[46.4763578, 30.7320868], [46.4765592, 30.7321113], [46.4765816, 30.7321147], [46.4766737, 30.7321257], [46.4766704, 30.7322079], [46.4766236, 30.7321998], [46.4765837, 30.7321948], [46.4765689, 30.7324457], [46.4764341, 30.732429], [46.4764473, 30.7322048], [46.4763903, 30.7321978], [46.4763947, 30.7321232], [46.4763564, 30.7321184], [46.4763578, 30.7320868]]], "df_ids": [1916]}