{"polygon": [[[46.4728624, 30.745452], [46.4728487, 30.7457288], [46.4728374, 30.7457274], [46.4728134, 30.7457222], [46.4727293, 30.7457119], [46.4727472, 30.7454414], [46.4728624, 30.745452]]], "df_ids": [595]}