{"polygon": [[[46.4705558, 30.7375935], [46.4705472, 30.7377349], [46.4702624, 30.737697], [46.4702682, 30.7376128], [46.4702686, 30.7375878], [46.4703265, 30.7375953], [46.4703284, 30.737564], [46.4704715, 30.7375826], [46.4705558, 30.7375935]]], "df_ids": [2918]}