{"polygon": [[[46.4704377, 30.737166], [46.4704469, 30.7370262], [46.4702992, 30.7370057], [46.47029, 30.7371455], [46.4704377, 30.737166]]], "df_ids": [28318]}