{"polygon": [[[46.4744504, 30.7425637], [46.4744532, 30.7424941], [46.4744119, 30.7424889], [46.474236, 30.7424664], [46.4742318, 30.742531], [46.4742511, 30.7425337], [46.4744504, 30.7425637]]], "df_ids": [124776]}