{"polygon": [[[46.4572612, 30.7156621], [46.4569584, 30.7156552], [46.456952, 30.716249], [46.4572664, 30.7162562], [46.4572678, 30.7161243], [46.4571387, 30.7161214], [46.4571404, 30.7159643], [46.4571423, 30.7157871], [46.4572598, 30.7157897], [46.4572612, 30.7156621]]], "df_ids": [27577]}