{"polygon": [[[46.4768603, 30.70978], [46.4767616, 30.7097712], [46.4767709, 30.709549], [46.4768701, 30.7095607], [46.4768653, 30.7096456], [46.4768603, 30.70978]]], "df_ids": [133619]}