{"polygon": [[[46.4706345, 30.7510866], [46.4706254, 30.7510848], [46.4704941, 30.7510668], [46.4704858, 30.7511907], [46.4704769, 30.7513246], [46.4705879, 30.7513403], [46.4705934, 30.751258], [46.4705798, 30.7512561], [46.4705832, 30.7512046], [46.4706184, 30.7512096], [46.4706262, 30.7512107], [46.4706345, 30.7510866]]], "df_ids": [166155]}