{"polygon": [[[46.4776376, 30.7387296], [46.4775129, 30.7387102], [46.477502, 30.7388568], [46.4776268, 30.7388762], [46.4776376, 30.7387296]]], "df_ids": [194820]}