{"polygon": [[[46.4244438, 30.7254772], [46.4242168, 30.725563], [46.4241484, 30.7254771], [46.4241112, 30.7252701], [46.4238798, 30.7253576], [46.4239864, 30.7259517], [46.4244945, 30.7257598], [46.4244438, 30.7254772]]], "df_ids": [29491]}