{"polygon": [[[46.4944034, 30.6914781], [46.4942555, 30.6914536], [46.4942105, 30.6920278], [46.4943584, 30.6920522], [46.4944034, 30.6914781]]], "df_ids": [193010]}