{"polygon": [[[46.4658115, 30.7171059], [46.465747, 30.716996], [46.4654441, 30.7173708], [46.4653852, 30.7174433], [46.4654166, 30.7174965], [46.4654486, 30.7175549], [46.4658115, 30.7171059]]], "df_ids": [175659]}