{"polygon": [[[46.4730713, 30.7379087], [46.4732548, 30.7379368], [46.4733086, 30.7379468], [46.4733136, 30.7378778], [46.4732701, 30.7378695], [46.4730763, 30.7378397], [46.4730713, 30.7379087]]], "df_ids": [2283]}