{"polygon": [[[46.4779156, 30.7383114], [46.4778555, 30.7383042], [46.4778523, 30.7383751], [46.4778478, 30.7384656], [46.4779075, 30.738472], [46.4779156, 30.7383114]]], "df_ids": [136239]}