{"polygon": [[[46.4713979, 30.7250544], [46.4713423, 30.7249594], [46.4712269, 30.7251016], [46.4712824, 30.7251966], [46.4713979, 30.7250544]]], "df_ids": [3057]}