{"polygon": [[[46.4648889, 30.7167387], [46.4649269, 30.7166859], [46.4651392, 30.7163912], [46.4650868, 30.7163116], [46.4648365, 30.716659], [46.4648889, 30.7167387]]], "df_ids": [235729]}