{"polygon": [[[46.4696795, 30.7232368], [46.4696135, 30.7233175], [46.4694614, 30.7230554], [46.4694756, 30.723038], [46.4695273, 30.7229747], [46.4696795, 30.7232368]]], "df_ids": [236272]}