{"polygon": [[[46.4640877, 30.7123615], [46.4638808, 30.7123791], [46.4638688, 30.7125158], [46.4638465, 30.7127715], [46.4639075, 30.7127715], [46.4639322, 30.7124703], [46.4640782, 30.7124642], [46.4640877, 30.7123615]]], "df_ids": [153850]}