{"polygon": [[[46.4939991, 30.6938778], [46.4938855, 30.693868], [46.4938964, 30.6937179], [46.4938592, 30.69371], [46.4938685, 30.6935947], [46.493905, 30.6935988], [46.4939124, 30.6934957], [46.494008, 30.6935126], [46.4940225, 30.6935154], [46.494014, 30.6936063], [46.4940139, 30.6936276], [46.4940314, 30.6936325], [46.4940301, 30.693654], [46.4940469, 30.6936794], [46.4940456, 30.6937097], [46.494024, 30.6937341], [46.49402, 30.6937664], [46.4940052, 30.6937654], [46.4939991, 30.6938778]]], "df_ids": [193011]}