{"polygon": [[[46.467597, 30.7139195], [46.4676338, 30.7138462], [46.4676643, 30.7138676], [46.4677255, 30.7137938], [46.4679369, 30.7140729], [46.4678384, 30.7142344], [46.4677742, 30.7141452], [46.467597, 30.7139195]]], "df_ids": [46395]}