{"polygon": [[[46.4918779, 30.6938139], [46.4917675, 30.6937923], [46.491763, 30.6938407], [46.4917104, 30.6938304], [46.4917191, 30.6937361], [46.4915884, 30.6937107], [46.4915796, 30.6938058], [46.4915271, 30.6937955], [46.4915316, 30.6937472], [46.4914436, 30.6937301], [46.4914212, 30.6939727], [46.491487, 30.6939855], [46.4914897, 30.6939571], [46.4917787, 30.6940134], [46.4917767, 30.6940352], [46.4918561, 30.6940507], [46.4918779, 30.6938139]]], "df_ids": [192995]}