{"polygon": [[[46.4710202, 30.7378112], [46.4709883, 30.7378044], [46.4709398, 30.7377972], [46.4708763, 30.7377884], [46.4705589, 30.7377423], [46.470553, 30.737836], [46.4709835, 30.7379061], [46.4710131, 30.7379104], [46.4710202, 30.7378112]]], "df_ids": [2916]}