{"polygon": [[[46.4776145, 30.7401904], [46.4775192, 30.7401747], [46.4775096, 30.7403725], [46.4775383, 30.7403761], [46.4775323, 30.7404748], [46.4775966, 30.7404831], [46.4776007, 30.7404171], [46.4776145, 30.7401904]]], "df_ids": [86220]}