{"polygon": [[[46.4793141, 30.7417598], [46.4792903, 30.742123], [46.4792485, 30.7421757], [46.479109, 30.7421549], [46.4791219, 30.7419771], [46.4791348, 30.7417363], [46.479197, 30.7417435], [46.4793141, 30.7417598]]], "df_ids": [5302]}