{"polygon": [[[46.4931658, 30.6940875], [46.4930598, 30.6940651], [46.4930549, 30.6941146], [46.4930022, 30.6941035], [46.4930115, 30.6940108], [46.4928809, 30.6939832], [46.4928713, 30.6940797], [46.4928191, 30.6940686], [46.4928238, 30.6940215], [46.4927338, 30.6940025], [46.4927169, 30.6942179], [46.4927799, 30.6942314], [46.4927824, 30.6942064], [46.4930745, 30.6942681], [46.4930719, 30.6942936], [46.4931436, 30.6943087], [46.4931658, 30.6940875]]], "df_ids": [193000]}