{"polygon": [[[46.4713496, 30.7434461], [46.4712322, 30.743427], [46.4711887, 30.74342], [46.47118, 30.743549], [46.471321, 30.743569], [46.4713256, 30.7435011], [46.4713457, 30.743504], [46.4713496, 30.7434461]]], "df_ids": [2172]}