{"polygon": [[[46.5672057, 30.7787205], [46.5671902, 30.7788343], [46.5671766, 30.7788977], [46.5671533, 30.7790062], [46.5671212, 30.7790495], [46.5670817, 30.7791441], [46.5670231, 30.7791005], [46.5669357, 30.7792875], [46.5669385, 30.7794854], [46.5669594, 30.7795531], [46.566979, 30.7795887], [46.5669848, 30.7796117], [46.5669802, 30.7796535], [46.5669674, 30.7796978], [46.5669465, 30.7797259], [46.5669224, 30.7797375], [46.5668919, 30.7797305], [46.5668663, 30.7797095], [46.5668422, 30.7796792], [46.5668309, 30.7796278], [46.5668266, 30.7796035], [46.5668058, 30.7795507], [46.5667881, 30.779498], [46.5667772, 30.7794497], [46.5667677, 30.7793789], [46.5667614, 30.7793074], [46.5667615, 30.7792307], [46.5667678, 30.7791785], [46.5667845, 30.7791277], [46.5668028, 30.779086], [46.5668244, 30.7790624], [46.5668509, 30.7790443], [46.5668829, 30.7790368], [46.5669169, 30.7790315], [46.5669165, 30.7790047], [46.5669598, 30.7790026], [46.5669982, 30.7789027], [46.5669935, 30.778882], [46.5670539, 30.7787288], [46.5670792, 30.7787416], [46.5671071, 30.7786579], [46.5672057, 30.7787205]]], "df_ids": [169622]}