{"polygon": [[[46.4931123, 30.6947214], [46.4930068, 30.6947009], [46.4930023, 30.6947496], [46.4929361, 30.6947368], [46.4929416, 30.6946778], [46.4928234, 30.6946548], [46.492818, 30.694714], [46.4927665, 30.694704], [46.4927708, 30.6946569], [46.492684, 30.6946398], [46.4926689, 30.6946373], [46.492666, 30.6946744], [46.4926618, 30.6947289], [46.4926497, 30.694852], [46.4927272, 30.694867], [46.4927295, 30.6948423], [46.4930018, 30.6948952], [46.4929988, 30.6949273], [46.4930916, 30.6949453], [46.4931123, 30.6947214]]], "df_ids": [192999]}