{"polygon": [[[46.4755989, 30.7481478], [46.4754098, 30.7481176], [46.4754011, 30.7482346], [46.4753964, 30.7482972], [46.4754232, 30.7482952], [46.4755835, 30.7483198], [46.4755989, 30.7481478]]], "df_ids": [243075]}