{"polygon": [[[46.4727657, 30.7359781], [46.4727542, 30.7361093], [46.4727175, 30.7361032], [46.4726972, 30.7361019], [46.4725619, 30.7360795], [46.4725713, 30.7359482], [46.472646, 30.7359597], [46.4727657, 30.7359781]]], "df_ids": [6504]}