{"polygon": [[[46.4659359, 30.7173107], [46.4658872, 30.7172283], [46.4655263, 30.7176775], [46.4655749, 30.7177599], [46.465781, 30.7175034], [46.4659359, 30.7173107]]], "df_ids": [136480]}