{"polygon": [[[46.4725619, 30.7360795], [46.4723062, 30.7360372], [46.4721539, 30.7360121], [46.4721422, 30.7361575], [46.4725509, 30.7362207], [46.4725619, 30.7360795]]], "df_ids": [193891]}