{"polygon": [[[46.4650704, 30.7101858], [46.4650806, 30.710271], [46.4647747, 30.7102804], [46.4647808, 30.7101876], [46.4650168, 30.710195], [46.4650704, 30.7101858]]], "df_ids": [236279]}