{"polygon": [[[46.475798, 30.7416397], [46.4757152, 30.7416281], [46.475726, 30.7414659], [46.4757385, 30.7414676], [46.4757471, 30.7413373], [46.4758173, 30.7413471], [46.475798, 30.7416397]]], "df_ids": [2278]}