{"polygon": [[[46.4738597, 30.7040252], [46.4738579, 30.7041908], [46.4738034, 30.7041895], [46.4738027, 30.7042533], [46.4737214, 30.7042514], [46.473722, 30.704197], [46.4736661, 30.7041957], [46.4736657, 30.7042312], [46.4735761, 30.7042291], [46.4735769, 30.7041631], [46.4735227, 30.7041619], [46.4735238, 30.7040597], [46.4735757, 30.7040609], [46.4735761, 30.7040268], [46.4736324, 30.7040281], [46.473632, 30.7040662], [46.4736626, 30.7040669], [46.4736631, 30.7040206], [46.4738597, 30.7040252]]], "df_ids": [48574]}