{"polygon": [[[46.4664284, 30.718854], [46.4666174, 30.7186089], [46.466649, 30.7185691], [46.4666697, 30.7185419], [46.4666079, 30.7184378], [46.4665989, 30.7184247], [46.4665652, 30.7184689], [46.4665025, 30.7185465], [46.4663542, 30.7187371], [46.4664284, 30.718854]]], "df_ids": [52216]}