{"polygon": [[[46.4720043, 30.7417902], [46.4719492, 30.7417822], [46.4719479, 30.7418], [46.4719261, 30.7421004], [46.472023, 30.742114], [46.4721114, 30.7421276], [46.4721348, 30.7417941], [46.4720739, 30.7417852], [46.4720601, 30.7419837], [46.4720819, 30.7419869], [46.4720805, 30.7420062], [46.4719561, 30.741988], [46.471957, 30.7419751], [46.4719582, 30.7419576], [46.4719924, 30.7419626], [46.4720043, 30.7417902]]], "df_ids": [45570]}