{"polygon": [[[46.467843, 30.7203395], [46.4676392, 30.7200104], [46.4675806, 30.720087], [46.4677844, 30.7204161], [46.467843, 30.7203395]]], "df_ids": [161825]}