{"polygon": [[[46.4729827, 30.7473652], [46.4728242, 30.7473408], [46.4728128, 30.7474976], [46.4729713, 30.747522], [46.4729827, 30.7473652]]], "df_ids": [28702]}