{"polygon": [[[46.470303, 30.7475043], [46.4702981, 30.7475842], [46.4701576, 30.747566], [46.4701495, 30.7476985], [46.4702884, 30.7477164], [46.4702844, 30.7477803], [46.4700956, 30.7477558], [46.4700649, 30.7477518], [46.470066, 30.7477329], [46.4700148, 30.7477263], [46.4700293, 30.7474906], [46.4700511, 30.7474934], [46.4700738, 30.7474963], [46.4700751, 30.7474748], [46.470303, 30.7475043]]], "df_ids": [1193]}