{"polygon": [[[46.4918217, 30.6944714], [46.4917172, 30.6944507], [46.4917127, 30.6944992], [46.49166, 30.6944888], [46.4916688, 30.6943948], [46.4915382, 30.6943689], [46.4915292, 30.6944643], [46.4914768, 30.6944539], [46.4914813, 30.6944059], [46.4913931, 30.6943884], [46.4913703, 30.6946311], [46.4914357, 30.694644], [46.4914383, 30.6946166], [46.4917317, 30.6946747], [46.4917296, 30.6946978], [46.4917991, 30.6947116], [46.4918109, 30.6945862], [46.4918146, 30.6945468], [46.4918217, 30.6944714]]], "df_ids": [192994]}