{"polygon": [[[46.4883169, 30.727451], [46.4883593, 30.7275199], [46.4883047, 30.7275906], [46.4882624, 30.7275216], [46.4883169, 30.727451]]], "df_ids": [229111]}