{"polygon": [[[46.464567, 30.7139397], [46.464455, 30.7137806], [46.4643925, 30.7138734], [46.464373, 30.7139023], [46.464485, 30.7140613], [46.464567, 30.7139397]]], "df_ids": [189311]}