{"polygon": [[[46.4708594, 30.7513905], [46.4707366, 30.7513731], [46.470723, 30.751576], [46.4708458, 30.7515934], [46.4708594, 30.7513905]]], "df_ids": [181106]}