{"polygon": [[[46.4878711, 30.692387], [46.4878209, 30.6930315], [46.4877788, 30.6930246], [46.4877772, 30.6930448], [46.4877463, 30.6930397], [46.4877116, 30.693034], [46.4877132, 30.6930138], [46.4876779, 30.693008], [46.4877282, 30.6923635], [46.4877682, 30.6923701], [46.4877697, 30.6923511], [46.4878041, 30.6923568], [46.4878432, 30.6923632], [46.4878417, 30.6923822], [46.4878711, 30.692387]]], "df_ids": [228718]}