{"polygon": [[[46.4731558, 30.737425], [46.4732197, 30.7374342], [46.4732077, 30.737608], [46.4731439, 30.7375988], [46.4731558, 30.737425]]], "df_ids": [74830]}