{"polygon": [[[46.4488791, 30.7363783], [46.4489014, 30.7365053], [46.4490425, 30.7364531], [46.4491097, 30.7368366], [46.4490538, 30.7368572], [46.4490799, 30.7370061], [46.4485656, 30.7371961], [46.4485546, 30.7371333], [46.4483129, 30.7372226], [46.4482927, 30.7371072], [46.448045, 30.7371987], [46.448024, 30.737079], [46.4479295, 30.7371139], [46.4478661, 30.7367525], [46.4488791, 30.7363783]]], "df_ids": [46655]}