{"polygon": [[[46.4946357, 30.6928415], [46.49449, 30.6928174], [46.4944515, 30.6933076], [46.4945972, 30.6933318], [46.4946357, 30.6928415]]], "df_ids": [193008]}