{"polygon": [[[46.4529438, 30.7355095], [46.4528814, 30.7353933], [46.4528424, 30.7354375], [46.4527028, 30.7355951], [46.4526614, 30.7356419], [46.4527237, 30.7357581], [46.4529438, 30.7355095]]], "df_ids": [58195]}