{"polygon": [[[46.4714676, 30.7417145], [46.4714418, 30.7420689], [46.4715164, 30.7420804], [46.4715192, 30.742041], [46.4715332, 30.7418627], [46.4715423, 30.741726], [46.4714676, 30.7417145]]], "df_ids": [164756]}