{"polygon": [[[46.4714743, 30.7429598], [46.4715586, 30.7429721], [46.4715462, 30.7431535], [46.4714867, 30.7431449], [46.4714837, 30.7431894], [46.4715171, 30.7431942], [46.471505, 30.7433695], [46.4714467, 30.7433611], [46.4714743, 30.7429598]]], "df_ids": [194025]}