{"polygon": [[[46.4841027, 30.7267324], [46.4838902, 30.7270137], [46.4839364, 30.7270874], [46.4841547, 30.726816], [46.4841027, 30.7267324]]], "df_ids": [193754]}