{"polygon": [[[46.4780568, 30.7494438], [46.4780729, 30.7494461], [46.4780747, 30.7494198], [46.4780951, 30.7491286], [46.4781862, 30.749142], [46.4781942, 30.7490276], [46.4780366, 30.7490043], [46.4780063, 30.7494363], [46.4780568, 30.7494438]]], "df_ids": [1212]}