{"polygon": [[[46.4692238, 30.7492666], [46.4692296, 30.7491589], [46.4690588, 30.7491395], [46.469053, 30.7492472], [46.4692238, 30.7492666]]], "df_ids": [189315]}