{"polygon": [[[46.4713777, 30.7243604], [46.471337, 30.7242808], [46.4712405, 30.7244018], [46.4712821, 30.7244741], [46.4713777, 30.7243604]]], "df_ids": [3199]}