{"polygon": [[[46.4731383, 30.7402345], [46.4731205, 30.7404949], [46.4732414, 30.7405124], [46.4732654, 30.7405159], [46.4732832, 30.7402554], [46.4731383, 30.7402345]]], "df_ids": [89879]}