{"polygon": [[[46.432915, 30.7119544], [46.4323167, 30.7114106], [46.432112, 30.7118849], [46.4327103, 30.7124286], [46.432915, 30.7119544]]], "df_ids": [26989]}