{"polygon": [[[46.4637522, 30.6878853], [46.4635769, 30.6875245], [46.463405, 30.6877005], [46.4635802, 30.6880614], [46.4637522, 30.6878853]]], "df_ids": [50391]}