{"polygon": [[[46.4728134, 30.7457222], [46.472808, 30.7458143], [46.4726645, 30.7457967], [46.4725068, 30.7457774], [46.4725122, 30.7456852], [46.4727082, 30.7457093], [46.4727293, 30.7457119], [46.4728134, 30.7457222]]], "df_ids": [101167]}