{"polygon": [[[46.4696171, 30.7416145], [46.4696438, 30.7413373], [46.4695577, 30.7413199], [46.469531, 30.741597], [46.4696171, 30.7416145]]], "df_ids": [30804]}