{"polygon": [[[46.4714447, 30.7417628], [46.4714269, 30.7417601], [46.4713561, 30.7417493], [46.4713414, 30.7419516], [46.4713341, 30.7420524], [46.471352, 30.7420551], [46.4714227, 30.7420659], [46.4714447, 30.7417628]]], "df_ids": [1614]}