{"polygon": [[[46.4721191, 30.7393931], [46.4719147, 30.7393657], [46.4719054, 30.7394946], [46.4719031, 30.7395275], [46.4721076, 30.7395583], [46.4721191, 30.7393931]]], "df_ids": [1688]}