{"polygon": [[[46.4789984, 30.7368965], [46.4789944, 30.7369539], [46.4789739, 30.7372488], [46.4788907, 30.7372304], [46.4789066, 30.7370876], [46.4789152, 30.7369829], [46.4789187, 30.7368852], [46.4789984, 30.7368965]]], "df_ids": [88110]}