{"polygon": [[[46.4625547, 30.7463557], [46.4625609, 30.7462702], [46.4626548, 30.7462846], [46.4626699, 30.7460769], [46.4625893, 30.7460646], [46.4625172, 30.7460535], [46.4624959, 30.7463467], [46.4625547, 30.7463557]]], "df_ids": [28826]}