{"polygon": [[[46.4765895, 30.735307], [46.4765497, 30.735835], [46.4765005, 30.7358271], [46.4764948, 30.7359081], [46.4766086, 30.7359266], [46.4766134, 30.7358516], [46.4766221, 30.7357576], [46.4766558, 30.7353168], [46.4765895, 30.735307]]], "df_ids": [136470]}