{"polygon": [[[46.4676197, 30.7182042], [46.4673921, 30.7179604], [46.4675119, 30.7177983], [46.4677192, 30.7180807], [46.4676197, 30.7182042]]], "df_ids": [4108]}