{"polygon": [[[46.4725302, 30.7369359], [46.4723633, 30.7369169], [46.4723723, 30.7367495], [46.472379, 30.7366253], [46.4724225, 30.7366302], [46.472419, 30.7366949], [46.4724157, 30.7367551], [46.4725391, 30.7367691], [46.4725302, 30.7369359]]], "df_ids": [28315]}