{"polygon": [[[46.488308, 30.6921174], [46.4880519, 30.6920706], [46.4880198, 30.6924415], [46.488276, 30.6924883], [46.488308, 30.6921174]]], "df_ids": [228717]}