{"polygon": [[[46.4702624, 30.737697], [46.4702571, 30.7377816], [46.4699772, 30.7377449], [46.4699824, 30.7376603], [46.4702624, 30.737697]]], "df_ids": [181400]}