{"polygon": [[[46.4751941, 30.7143982], [46.4748041, 30.7143443], [46.4747971, 30.7144499], [46.4749371, 30.7144693], [46.4751394, 30.7144973], [46.4751869, 30.7145028], [46.4751941, 30.7143982]]], "df_ids": [250876]}