{"polygon": [[[46.4819011, 30.7376234], [46.4818773, 30.7380616], [46.4817877, 30.7380513], [46.4817962, 30.737918], [46.4817983, 30.7378774], [46.4818135, 30.7376134], [46.4818596, 30.7376186], [46.4819011, 30.7376234]]], "df_ids": [163233]}