{"polygon": [[[46.4444677, 30.6949693], [46.4443761, 30.6953603], [46.444267, 30.6953064], [46.444298, 30.6951744], [46.444211, 30.6951314], [46.4441117, 30.6955548], [46.4440041, 30.6955017], [46.4440383, 30.6953555], [46.4439553, 30.6953145], [46.443914, 30.6954907], [46.4438151, 30.6954419], [46.4439008, 30.6950766], [46.4439831, 30.6951172], [46.443955, 30.6952371], [46.444054, 30.695286], [46.4441588, 30.6948389], [46.4442562, 30.694887], [46.4442154, 30.6950612], [46.4443214, 30.6951135], [46.4443668, 30.6949195], [46.4444677, 30.6949693]]], "df_ids": [74122]}