{"polygon": [[[46.4650618, 30.7086615], [46.4650618, 30.7088486], [46.4652646, 30.7088504], [46.4652748, 30.708656], [46.4650618, 30.7086615]]], "df_ids": [193179]}