{"polygon": [[[46.4717619, 30.7474558], [46.4718067, 30.7474612], [46.4718117, 30.7473738], [46.4716281, 30.7473516], [46.471623, 30.747439], [46.4717619, 30.7474558]]], "df_ids": [3259]}