{"polygon": [[[46.4743065, 30.7409668], [46.4743459, 30.740973], [46.4743342, 30.7411301], [46.4743213, 30.741128], [46.4743099, 30.7412807], [46.4742528, 30.7412718], [46.4742693, 30.7410505], [46.4742999, 30.7410553], [46.4743065, 30.7409668]]], "df_ids": [189422]}