{"polygon": [[[46.481661, 30.739956], [46.4818155, 30.7399734], [46.482216, 30.7400187], [46.4822185, 30.740019], [46.4822111, 30.7401585], [46.4817387, 30.7401051], [46.4816624, 30.7400965], [46.4816535, 30.7400955], [46.481661, 30.739956]]], "df_ids": [6027]}