{"polygon": [[[46.4701167, 30.7405736], [46.4701448, 30.7401413], [46.4702035, 30.7401494], [46.4701755, 30.7405816], [46.4701167, 30.7405736]]], "df_ids": [181074]}