{"polygon": [[[46.4744941, 30.7428559], [46.4744476, 30.742849], [46.4744187, 30.742844], [46.4743712, 30.742837], [46.4743782, 30.7427408], [46.4745011, 30.7427596], [46.4744941, 30.7428559]]], "df_ids": [46697]}