{"polygon": [[[46.4721672, 30.6335415], [46.4719352, 30.6335494], [46.4719408, 30.6336401], [46.4718314, 30.6336367], [46.4718329, 30.6337347], [46.4719412, 30.6337313], [46.4719491, 30.6340218], [46.4718542, 30.634023], [46.4718612, 30.6342116], [46.4721756, 30.6342016], [46.4721726, 30.6340057], [46.4720338, 30.6340101], [46.4720294, 30.6337171], [46.4721698, 30.6337126], [46.4721672, 30.6335415]]], "df_ids": [64175]}