{"polygon": [[[46.481017, 30.7389599], [46.4809666, 30.7395914], [46.4808283, 30.7395681], [46.4808787, 30.7389366], [46.481017, 30.7389599]]], "df_ids": [6077]}