{"polygon": [[[46.4678954, 30.7056421], [46.4679005, 30.7062071], [46.4669797, 30.7062245], [46.4669775, 30.7059829], [46.4669619, 30.7059832], [46.466959, 30.7056599], [46.4671701, 30.7056559], [46.4676571, 30.7056467], [46.4678954, 30.7056421]]], "df_ids": [53224]}