{"polygon": [[[46.4756691, 30.7348789], [46.4755656, 30.7348638], [46.4755169, 30.7348567], [46.4755259, 30.7347261], [46.4756781, 30.7347482], [46.4756691, 30.7348789]]], "df_ids": [225229]}