{"polygon": [[[46.4707552, 30.739166], [46.4706661, 30.7391536], [46.4706528, 30.7393563], [46.4707165, 30.7393648], [46.4707417, 30.7393685], [46.4707552, 30.739166]]], "df_ids": [32719]}