{"polygon": [[[46.4719147, 30.7393657], [46.4717873, 30.7393446], [46.4717792, 30.7394747], [46.4719054, 30.7394946], [46.4719147, 30.7393657]]], "df_ids": [32717]}