{"polygon": [[[46.4821025, 30.737691], [46.4820599, 30.7376861], [46.4820323, 30.7376829], [46.4820107, 30.7380763], [46.4820569, 30.7380817], [46.4820809, 30.7380845], [46.4820861, 30.7379905], [46.4820919, 30.7378841], [46.4821025, 30.737691]]], "df_ids": [163232]}