{"polygon": [[[46.4913012, 30.6962251], [46.4913193, 30.696285], [46.4912213, 30.6963476], [46.4912546, 30.6964577], [46.4912264, 30.6964757], [46.491173, 30.6965098], [46.4910958, 30.6962547], [46.4912754, 30.6961399], [46.4913012, 30.6962251]]], "df_ids": [64085]}