{"polygon": [[[46.4727229, 30.7403331], [46.4727144, 30.7404363], [46.4728498, 30.7404559], [46.4728604, 30.7403524], [46.4727229, 30.7403331]]], "df_ids": [89872]}