{"polygon": [[[46.4714384, 30.7474005], [46.4713414, 30.7473853], [46.4713249, 30.7476424], [46.4713215, 30.747658], [46.4713165, 30.7477461], [46.4713794, 30.7477547], [46.4714095, 30.7477609], [46.4714384, 30.7474005]]], "df_ids": [229082]}