{"polygon": [[[46.4788805, 30.7408877], [46.478857, 30.7412248], [46.478925, 30.7412348], [46.4789485, 30.7408977], [46.4788805, 30.7408877]]], "df_ids": [134049]}