{"polygon": [[[46.4728581, 30.7448105], [46.4728102, 30.7448043], [46.4728191, 30.7446593], [46.4728671, 30.7446655], [46.4728581, 30.7448105]]], "df_ids": [111183]}