{"polygon": [[[46.4748547, 30.7430482], [46.4748608, 30.7428879], [46.4747718, 30.7428807], [46.4745977, 30.7428667], [46.4745957, 30.7429174], [46.4745915, 30.743027], [46.4746903, 30.7430349], [46.4748547, 30.7430482]]], "df_ids": [95591]}