{"polygon": [[[46.4617404, 30.708707], [46.4615641, 30.7087138], [46.4615681, 30.7089318], [46.461579, 30.7095309], [46.4617553, 30.7095241], [46.4617404, 30.708707]]], "df_ids": [52238]}