{"polygon": [[[46.4852018, 30.7474658], [46.4851556, 30.7474842], [46.4851734, 30.7475789], [46.4852196, 30.7475606], [46.4852018, 30.7474658]]], "df_ids": [33142]}