{"polygon": [[[46.4923952, 30.703894], [46.4922477, 30.70398], [46.4921214, 30.7035231], [46.4922688, 30.7034371], [46.4923952, 30.703894]]], "df_ids": [30093]}