{"polygon": [[[46.4724613, 30.738285], [46.4724565, 30.738359], [46.4724418, 30.738359], [46.4724338, 30.7384192], [46.4723014, 30.7384076], [46.4723068, 30.738326], [46.472288, 30.7383221], [46.4722747, 30.7385551], [46.4722907, 30.738559], [46.4722974, 30.738493], [46.4724231, 30.7385066], [46.4724218, 30.738559], [46.4724391, 30.7385707], [46.4724384, 30.7386451], [46.4723765, 30.7386371], [46.4723696, 30.7386182], [46.4723048, 30.7386134], [46.4722977, 30.7386269], [46.4721427, 30.7386068], [46.4721462, 30.7385444], [46.472165, 30.7385474], [46.472175, 30.7383027], [46.4721602, 30.7382985], [46.4721633, 30.7382431], [46.4722121, 30.7382514], [46.4722435, 30.7382562], [46.4723421, 30.7382713], [46.4723402, 30.7382881], [46.472387, 30.738292], [46.4723983, 30.7382765], [46.4724613, 30.738285]]], "df_ids": [27387]}