{"polygon": [[[46.4733769, 30.7422289], [46.4733655, 30.742385], [46.4731563, 30.7423503], [46.4731595, 30.7423072], [46.4731621, 30.7422731], [46.4731679, 30.7421951], [46.4732392, 30.7422066], [46.4732884, 30.7422146], [46.4733769, 30.7422289]]], "df_ids": [162672]}