{"polygon": [[[46.4720108, 30.7436639], [46.4719729, 30.7436589], [46.4719751, 30.7436237], [46.4719455, 30.7436197], [46.471942, 30.7436749], [46.4719137, 30.7436711], [46.4719227, 30.7435294], [46.4720185, 30.7435421], [46.4720108, 30.7436639]]], "df_ids": [1528]}