{"polygon": [[[46.474523, 30.7437086], [46.4744007, 30.7436873], [46.474338, 30.7436766], [46.4743575, 30.7434116], [46.4745438, 30.7434398], [46.4745416, 30.7435121], [46.4745152, 30.7435094], [46.4745038, 30.7434655], [46.4744887, 30.74346], [46.4744736, 30.7436384], [46.4744868, 30.7436357], [46.4744981, 30.7436055], [46.4745303, 30.7436096], [46.474523, 30.7437086]]], "df_ids": [663]}