{"polygon": [[[46.4744464, 30.7409842], [46.4744522, 30.7408955], [46.4743041, 30.7408753], [46.4742983, 30.7409655], [46.4743065, 30.7409668], [46.4743459, 30.740973], [46.4744464, 30.7409842]]], "df_ids": [7908]}