{"polygon": [[[46.4898314, 30.6914808], [46.4897057, 30.6914483], [46.4897221, 30.6913142], [46.4898478, 30.6913467], [46.4898399, 30.6914113], [46.4898314, 30.6914808]]], "df_ids": [8601]}