{"polygon": [[[46.4611443, 30.7200283], [46.461036, 30.7201707], [46.4609642, 30.7200557], [46.46096, 30.720049], [46.4610683, 30.7199065], [46.4610725, 30.7199132], [46.4611443, 30.7200283]]], "df_ids": [177070]}