{"polygon": [[[46.4768281, 30.7452991], [46.4767935, 30.7457419], [46.4767499, 30.7457357], [46.4767543, 30.7456709], [46.47666, 30.7456574], [46.4766555, 30.7457221], [46.4765877, 30.7457123], [46.4766109, 30.7453727], [46.4766876, 30.7453837], [46.4766801, 30.7454927], [46.4766534, 30.7454889], [46.4766499, 30.7455398], [46.476652, 30.7455096], [46.4767533, 30.7455242], [46.4767551, 30.7454991], [46.4767376, 30.7454966], [46.4767519, 30.7452875], [46.4768281, 30.7452991]]], "df_ids": [7017]}