{"polygon": [[[46.4811728, 30.7368029], [46.4811608, 30.7369866], [46.4810187, 30.736967], [46.4810307, 30.7367834], [46.4811728, 30.7368029]]], "df_ids": [3275]}