{"polygon": [[[46.4878594, 30.6921697], [46.4878098, 30.6921616], [46.4877508, 30.6921517], [46.487781, 30.6917664], [46.4878896, 30.6917843], [46.4878594, 30.6921697]]], "df_ids": [228720]}