{"polygon": [[[46.4641317, 30.7157494], [46.4642272, 30.7156136], [46.464412, 30.7153509], [46.4645002, 30.7152254], [46.4644603, 30.7151661], [46.4642336, 30.7154885], [46.4642216, 30.7154708], [46.4640798, 30.7156724], [46.4641317, 30.7157494]]], "df_ids": [255131]}