{"polygon": [[[46.4720374, 30.7458739], [46.4720459, 30.7457169], [46.4720341, 30.7456841], [46.4718445, 30.7456546], [46.4718391, 30.7457952], [46.4719451, 30.7458096], [46.4719423, 30.7458628], [46.4720374, 30.7458739]]], "df_ids": [174250]}