{"polygon": [[[46.4919135, 30.693393], [46.4918337, 30.6933792], [46.4918366, 30.693344], [46.4915966, 30.6933028], [46.491594, 30.6933341], [46.4915063, 30.6933191], [46.4915201, 30.6931488], [46.4916794, 30.6931762], [46.4916848, 30.6931097], [46.491775, 30.6931252], [46.4917693, 30.6931959], [46.4919282, 30.6932232], [46.4919135, 30.693393]]], "df_ids": [193002]}