{"polygon": [[[46.470563, 30.7440507], [46.4705702, 30.7439529], [46.4705132, 30.743944], [46.4703968, 30.7439259], [46.4702526, 30.7439035], [46.4701993, 30.7438952], [46.4701921, 30.7439925], [46.4702136, 30.7439985], [46.470563, 30.7440507]]], "df_ids": [1197]}