{"polygon": [[[46.5072838, 30.7215943], [46.5072734, 30.7214134], [46.5070121, 30.7214451], [46.5070225, 30.721626], [46.5072838, 30.7215943]]], "df_ids": [27135]}