{"polygon": [[[46.5311685, 30.7336039], [46.5310604, 30.7335643], [46.5310181, 30.7338027], [46.5311028, 30.7338374], [46.5311268, 30.7338444], [46.5311685, 30.7336039]]], "df_ids": [143187]}