{"polygon": [[[46.4840057, 30.7247362], [46.4839475, 30.7246405], [46.4838247, 30.7244403], [46.4837732, 30.7245055], [46.4839354, 30.7247684], [46.4839205, 30.7247875], [46.483961, 30.7248541], [46.4840264, 30.7247702], [46.4840057, 30.7247362]]], "df_ids": [173687]}