{"polygon": [[[46.4992645, 30.7201365], [46.4992409, 30.7202872], [46.4991212, 30.7202475], [46.4991479, 30.7200779], [46.4991648, 30.7199704], [46.499196, 30.7197699], [46.4992623, 30.7197919], [46.499211, 30.7201187], [46.4992645, 30.7201365]]], "df_ids": [89896]}