{"polygon": [[[46.4924653, 30.7285218], [46.4921704, 30.728877], [46.4920797, 30.728718], [46.4922923, 30.7284619], [46.4923079, 30.7284891], [46.4923901, 30.72839], [46.4924653, 30.7285218]]], "df_ids": [3605]}