{"polygon": [[[46.4987443, 30.7221031], [46.4988175, 30.72213], [46.4988451, 30.7221402], [46.4988254, 30.7222781], [46.4988116, 30.7223748], [46.4987827, 30.7223642], [46.4987062, 30.7223363], [46.4987443, 30.7221031]]], "df_ids": [27111]}