{"polygon": [[[46.4920206, 30.7236706], [46.4921205, 30.7235392], [46.492022, 30.7233812], [46.4919221, 30.7235125], [46.4920206, 30.7236706]]], "df_ids": [2338]}