{"polygon": [[[46.5099609, 30.7244827], [46.5097286, 30.7245027], [46.5097358, 30.7246788], [46.5099681, 30.7246588], [46.5099609, 30.7244827]]], "df_ids": [137522]}