{"polygon": [[[46.4627218, 30.7527411], [46.4627113, 30.75274], [46.4627039, 30.7528888], [46.4622669, 30.7528428], [46.4622738, 30.7527047], [46.4622464, 30.7527019], [46.4622486, 30.7526508], [46.4622531, 30.7525794], [46.4623499, 30.7525969], [46.4623471, 30.7526536], [46.4626722, 30.7526878], [46.462674, 30.7526519], [46.4627259, 30.7526574], [46.4627218, 30.7527411]]], "df_ids": [30957]}