{"polygon": [[[46.5045058, 30.7208388], [46.5043957, 30.720852], [46.5044173, 30.7212312], [46.5045274, 30.7212179], [46.5045058, 30.7208388]]], "df_ids": [76409]}