{"polygon": [[[46.5095815, 30.7225224], [46.5093911, 30.7225415], [46.5093872, 30.7224596], [46.5093834, 30.7223791], [46.5095738, 30.72236], [46.5095769, 30.7224258], [46.5095815, 30.7225224]]], "df_ids": [77821]}