{"polygon": [[[46.5097358, 30.7246788], [46.5094957, 30.7246995], [46.5094885, 30.7245234], [46.5096536, 30.7245092], [46.5097286, 30.7245027], [46.5097358, 30.7246788]]], "df_ids": [77830]}