{"polygon": [[[46.5520428, 30.75594], [46.5518923, 30.7560485], [46.5522156, 30.7569964], [46.5523642, 30.7568892], [46.5523028, 30.7567091], [46.5522491, 30.7567478], [46.5521631, 30.7564954], [46.5522181, 30.7564558], [46.5521689, 30.7563117], [46.5521131, 30.756352], [46.5520431, 30.7561469], [46.5520995, 30.7561062], [46.552058, 30.7559845], [46.5520428, 30.75594]]], "df_ids": [30460]}