{"polygon": [[[46.4880056, 30.7198766], [46.48795, 30.719896], [46.4879355, 30.7198492], [46.487871, 30.7198944], [46.487893, 30.719979], [46.4878476, 30.7200038], [46.4878003, 30.7198766], [46.4877895, 30.7198448], [46.4879626, 30.7197373], [46.4880056, 30.7198766]]], "df_ids": [236111]}