{"polygon": [[[46.4910011, 30.7253349], [46.4911481, 30.7251486], [46.4909278, 30.7247879], [46.4908813, 30.7248477], [46.4910184, 30.7250723], [46.490919, 30.7252004], [46.4910011, 30.7253349]]], "df_ids": [153505]}