{"polygon": [[[46.5038649, 30.7254585], [46.5038871, 30.7259409], [46.5039826, 30.7259316], [46.5039715, 30.7256916], [46.503966, 30.725572], [46.5039603, 30.7254492], [46.5038649, 30.7254585]]], "df_ids": [127103]}