{"polygon": [[[46.5020426, 30.7228], [46.5019315, 30.7227889], [46.5018177, 30.7227475], [46.5018426, 30.722589], [46.501915, 30.7226041], [46.5019085, 30.7226416], [46.5019508, 30.7226487], [46.5020526, 30.7226658], [46.5020514, 30.7226971], [46.5020426, 30.7228]]], "df_ids": [181199]}