{"polygon": [[[46.4801282, 30.7262791], [46.4800379, 30.7263968], [46.4799747, 30.7262946], [46.480065, 30.7261769], [46.4801282, 30.7262791]]], "df_ids": [196129]}