{"polygon": [[[46.4802678, 30.7263575], [46.4802142, 30.7264253], [46.4801568, 30.7263298], [46.4801282, 30.7262791], [46.480065, 30.7261769], [46.4800522, 30.7261532], [46.4801058, 30.7260835], [46.4802678, 30.7263575]]], "df_ids": [29087]}