{"polygon": [[[46.4802142, 30.7264253], [46.4799979, 30.7266997], [46.4799404, 30.7266042], [46.4801568, 30.7263298], [46.4802142, 30.7264253]]], "df_ids": [196130]}