{"polygon": [[[46.4915057, 30.7177496], [46.4914939, 30.7178067], [46.4914621, 30.7179614], [46.4913785, 30.7179243], [46.4914039, 30.7178037], [46.491423, 30.7177126], [46.4914657, 30.7177322], [46.4915057, 30.7177496]]], "df_ids": [153553]}