{"polygon": [[[46.4892619, 30.7212886], [46.4892103, 30.7213535], [46.4894166, 30.721699], [46.4894681, 30.7216341], [46.4892619, 30.7212886]]], "df_ids": [26190]}