{"polygon": [[[46.4179456, 30.7153903], [46.4179552, 30.7154876], [46.4179644, 30.7155983], [46.417934, 30.7156053], [46.4179383, 30.7156473], [46.4178025, 30.7156767], [46.4177985, 30.7156374], [46.4177645, 30.7156448], [46.4177574, 30.7155761], [46.417742, 30.7154274], [46.4178017, 30.7154147], [46.4177995, 30.7153933], [46.4178323, 30.7153672], [46.4178736, 30.7153772], [46.4178762, 30.7154043], [46.4179456, 30.7153903]]], "df_ids": [172252]}