{"polygon": [[[46.4986638, 30.717816], [46.4985543, 30.71778], [46.4984842, 30.7182307], [46.4985937, 30.7182667], [46.4986638, 30.717816]]], "df_ids": [229084]}