{"polygon": [[[46.5043429, 30.7214786], [46.5043344, 30.7213185], [46.504037, 30.7213518], [46.5040454, 30.7215118], [46.5043429, 30.7214786]]], "df_ids": [77826]}