{"polygon": [[[46.5432423, 30.7133705], [46.5432457, 30.7136619], [46.543019, 30.7136675], [46.543012, 30.713059], [46.5430728, 30.7130575], [46.5430777, 30.7134862], [46.5431822, 30.7134836], [46.5431809, 30.713372], [46.5432423, 30.7133705]]], "df_ids": [4179]}