{"polygon": [[[46.47689, 30.7238159], [46.4768478, 30.7238627], [46.4766949, 30.7236338], [46.476688, 30.7236063], [46.476702, 30.7235995], [46.4766934, 30.7235569], [46.476708, 30.7235499], [46.4767839, 30.7235134], [46.4768495, 30.723474], [46.4768674, 30.7234637], [46.4768978, 30.7235704], [46.4768166, 30.7236399], [46.47689, 30.7238159]]], "df_ids": [235883]}