{"polygon": [[[46.510423, 30.7239023], [46.510415, 30.7237056], [46.510468, 30.7237011], [46.5104684, 30.7237108], [46.5105199, 30.7237064], [46.5105835, 30.7237009], [46.510583, 30.7236904], [46.5106232, 30.723687], [46.5106251, 30.7237322], [46.5106312, 30.7238845], [46.5105277, 30.7238934], [46.510423, 30.7239023]]], "df_ids": [175353]}