{"polygon": [[[46.5089395, 30.7225052], [46.5089453, 30.7226008], [46.508949, 30.722649], [46.5087097, 30.722686], [46.5086991, 30.7225411], [46.5089395, 30.7225052]]], "df_ids": [77818]}