{"polygon": [[[46.4907271, 30.7203234], [46.4907169, 30.7203371], [46.4906298, 30.7204532], [46.4905669, 30.7203537], [46.4905106, 30.7202611], [46.490552, 30.7201998], [46.490597, 30.720271], [46.4906397, 30.720214], [46.4906496, 30.7202008], [46.4906746, 30.7202404], [46.4907271, 30.7203234]]], "df_ids": [45042]}