{"polygon": [[[46.4916396, 30.7213448], [46.4916664, 30.7213143], [46.491686, 30.7213474], [46.491708, 30.72132], [46.4917332, 30.7213417], [46.4918566, 30.7215324], [46.4918291, 30.7215689], [46.4918503, 30.72161], [46.4918262, 30.7216368], [46.4917849, 30.7216903], [46.4916035, 30.7214024], [46.4916396, 30.7213448]]], "df_ids": [2069]}