{"polygon": [[[46.4849213, 30.7255953], [46.4849396, 30.7256279], [46.4849769, 30.7255836], [46.4850672, 30.725744], [46.4850387, 30.7257779], [46.485061, 30.7258177], [46.4849807, 30.725913], [46.4849296, 30.7258221], [46.4848497, 30.7256803], [46.4849213, 30.7255953]]], "df_ids": [175694]}