{"polygon": [[[46.5067299, 30.7221915], [46.5066233, 30.722205], [46.506491, 30.7222217], [46.5064805, 30.7220458], [46.5066123, 30.7220292], [46.5067194, 30.7220156], [46.5067299, 30.7221915]]], "df_ids": [236179]}