{"polygon": [[[46.5034279, 30.7246346], [46.5032012, 30.7246508], [46.5032, 30.7246168], [46.5031959, 30.7244948], [46.5034215, 30.7244787], [46.5034279, 30.7246346]]], "df_ids": [182059]}