{"polygon": [[[46.4898388, 30.7245689], [46.4897176, 30.7247261], [46.4896476, 30.7246122], [46.4897694, 30.7244542], [46.4898388, 30.7245689]]], "df_ids": [29000]}