{"polygon": [[[46.4927067, 30.7197153], [46.4926813, 30.7198241], [46.4926575, 30.7199259], [46.4926022, 30.7198985], [46.4926094, 30.7198506], [46.4926422, 30.7196967], [46.4927067, 30.7197153]]], "df_ids": [126949]}