{"polygon": [[[46.4913894, 30.721684], [46.4911628, 30.7219785], [46.4911402, 30.7219431], [46.4910713, 30.7218346], [46.4912978, 30.7215401], [46.4913576, 30.7216341], [46.4913894, 30.721684]]], "df_ids": [194928]}