{"polygon": [[[46.4633714, 30.7416893], [46.4633153, 30.7416831], [46.4633188, 30.7416164], [46.4632859, 30.7416112], [46.4632476, 30.7416085], [46.4632411, 30.7417504], [46.4632384, 30.741832], [46.4633629, 30.7418469], [46.4633672, 30.7417689], [46.4633714, 30.7416893]]], "df_ids": [26916]}