{"polygon": [[[46.4632136, 30.7467714], [46.4625012, 30.7466835], [46.4624757, 30.7471184], [46.4631881, 30.7472064], [46.4632136, 30.7467714]]], "df_ids": [190535]}