{"polygon": [[[46.4896081, 30.7267164], [46.4895321, 30.7265812], [46.4894108, 30.7267251], [46.4893773, 30.7267648], [46.4894533, 30.7268999], [46.4896081, 30.7267164]]], "df_ids": [2375]}