{"polygon": [[[46.4907325, 30.7244643], [46.4904785, 30.7247954], [46.4905377, 30.7248916], [46.4905611, 30.7249268], [46.4905821, 30.7248995], [46.4906205, 30.7249617], [46.4907015, 30.7248561], [46.4906612, 30.7247909], [46.4907096, 30.7247278], [46.4907455, 30.7247858], [46.490821, 30.7246874], [46.4907798, 30.7246206], [46.4908071, 30.7245851], [46.4907325, 30.7244643]]], "df_ids": [181118]}