{"polygon": [[[46.5021062, 30.721148], [46.502031, 30.7211544], [46.5020128, 30.7213773], [46.5020745, 30.7213932], [46.5021062, 30.721148]]], "df_ids": [188654]}