{"polygon": [[[46.493165, 30.7217131], [46.4932149, 30.7217968], [46.4932176, 30.7218013], [46.4931458, 30.7218916], [46.4931308, 30.7218664], [46.4930932, 30.7218034], [46.493165, 30.7217131]]], "df_ids": [163274]}