{"polygon": [[[46.5395186, 30.7169878], [46.5393812, 30.7166977], [46.5393255, 30.7167534], [46.5393036, 30.7167072], [46.5391926, 30.7168183], [46.5390642, 30.7169468], [46.5390882, 30.7169974], [46.5390507, 30.717035], [46.5391829, 30.7173141], [46.5392361, 30.7172608], [46.5392025, 30.7171898], [46.5394191, 30.7169729], [46.5394559, 30.7170506], [46.5395186, 30.7169878]]], "df_ids": [27229]}