{"polygon": [[[46.5068565, 30.7226351], [46.5068632, 30.7228313], [46.5066879, 30.722844], [46.5066812, 30.7226478], [46.5068565, 30.7226351]]], "df_ids": [7926]}