{"polygon": [[[46.5109847, 30.7221886], [46.5109884, 30.7223011], [46.5107146, 30.7223199], [46.5107111, 30.7222106], [46.5107488, 30.722208], [46.5107478, 30.7221769], [46.5109436, 30.7221635], [46.5109445, 30.7221914], [46.5109847, 30.7221886]]], "df_ids": [64289]}