{"polygon": [[[46.4888686, 30.7214868], [46.4888468, 30.7215126], [46.488609, 30.721814], [46.488551, 30.7217193], [46.4886456, 30.7216007], [46.4887331, 30.7214908], [46.4888121, 30.7213918], [46.4888251, 30.7214137], [46.4888686, 30.7214868]]], "df_ids": [250603]}