{"polygon": [[[46.5271797, 30.7294551], [46.5270693, 30.7296575], [46.5271371, 30.7297357], [46.5271651, 30.7296845], [46.5272721, 30.7298079], [46.5272577, 30.7298342], [46.527339, 30.729928], [46.5274431, 30.7297374], [46.5273549, 30.7296357], [46.5273312, 30.7296791], [46.5272223, 30.7295535], [46.5272388, 30.7295232], [46.5271797, 30.7294551]]], "df_ids": [52864]}