{"polygon": [[[46.5032179, 30.7251971], [46.5032182, 30.725231], [46.503233, 30.7254007], [46.5032442, 30.7255893], [46.5031442, 30.7255985], [46.5031395, 30.7255262], [46.5031608, 30.7255232], [46.5031487, 30.7253376], [46.5029844, 30.7253602], [46.502976, 30.7252304], [46.5032179, 30.7251971]]], "df_ids": [30101]}