{"polygon": [[[46.5084905, 30.7241082], [46.5084023, 30.7241178], [46.5083056, 30.7241284], [46.5082975, 30.7239727], [46.5083523, 30.7239667], [46.5083944, 30.7239621], [46.5084824, 30.7239525], [46.5084905, 30.7241082]]], "df_ids": [175366]}