{"polygon": [[[46.4914036, 30.722357], [46.4913328, 30.7224521], [46.4911079, 30.7220986], [46.4910883, 30.7221248], [46.4911035, 30.7221486], [46.4910804, 30.7221795], [46.4911019, 30.7222134], [46.4911144, 30.7221967], [46.4911424, 30.7222406], [46.4911234, 30.7222661], [46.4911562, 30.7223178], [46.4910979, 30.7223961], [46.491033, 30.7222941], [46.4909619, 30.7221824], [46.4910588, 30.7220523], [46.4911402, 30.7219431], [46.4911628, 30.7219785], [46.491343, 30.7222617], [46.4914036, 30.722357]]], "df_ids": [180758]}