{"polygon": [[[46.485785, 30.7264419], [46.4858598, 30.7263502], [46.4856599, 30.7260064], [46.4855851, 30.7260981], [46.4856687, 30.7262419], [46.4856899, 30.7262784], [46.485785, 30.7264419]]], "df_ids": [153432]}