{"polygon": [[[46.5072071, 30.7227569], [46.5070059, 30.7227825], [46.5069964, 30.7226253], [46.5071976, 30.7225996], [46.5072071, 30.7227569]]], "df_ids": [52532]}