{"polygon": [[[46.4800032, 30.7264744], [46.4799234, 30.7265804], [46.4798525, 30.7264677], [46.4799322, 30.7263618], [46.4800032, 30.7264744]]], "df_ids": [196128]}