{"polygon": [[[46.5291459, 30.7325351], [46.5291405, 30.7325309], [46.5289809, 30.732464], [46.5289699, 30.7324726], [46.5289493, 30.7325765], [46.5290202, 30.7326062], [46.5291179, 30.7326472], [46.529124, 30.7326497], [46.5291266, 30.7326413], [46.5291459, 30.7325351]]], "df_ids": [181076]}