{"polygon": [[[46.4900641, 30.7202193], [46.4901283, 30.7203212], [46.4901832, 30.7204126], [46.4899367, 30.7206642], [46.4898212, 30.7204649], [46.4899049, 30.7203624], [46.4899387, 30.7204229], [46.4899403, 30.7204617], [46.4899183, 30.7204903], [46.4899387, 30.7205222], [46.4900504, 30.7203726], [46.4900606, 30.7203875], [46.4900755, 30.7203692], [46.4900645, 30.7203521], [46.490059, 30.7203624], [46.4900048, 30.7202756], [46.490038, 30.7202256], [46.4900641, 30.7202193]]], "df_ids": [175652]}