{"polygon": [[[46.5097979, 30.7225316], [46.509583, 30.7225532], [46.5095815, 30.7225224], [46.5095769, 30.7224258], [46.5097918, 30.7224043], [46.5097979, 30.7225316]]], "df_ids": [77822]}