{"polygon": [[[46.4993339, 30.7207369], [46.4993043, 30.7209232], [46.4992094, 30.7208948], [46.4991727, 30.7208839], [46.4991647, 30.7209406], [46.4990761, 30.7209141], [46.4990845, 30.7208552], [46.4990371, 30.7208408], [46.4990664, 30.7206472], [46.4992351, 30.7207038], [46.4993339, 30.7207369]]], "df_ids": [219654]}