{"polygon": [[[46.4783987, 30.7268716], [46.4782768, 30.7270128], [46.4782311, 30.7269296], [46.478353, 30.7267884], [46.4783987, 30.7268716]]], "df_ids": [250817]}