{"polygon": [[[46.4487849, 30.7658796], [46.4486407, 30.7659539], [46.4486094, 30.7658257], [46.4486586, 30.7658003], [46.4486299, 30.7656827], [46.4487248, 30.7656338], [46.4487849, 30.7658796]]], "df_ids": [46062]}