{"polygon": [[[46.5011214, 30.7248621], [46.5010072, 30.7248167], [46.501004, 30.7248336], [46.500976, 30.7249827], [46.5010901, 30.725028], [46.5011173, 30.7248836], [46.5011214, 30.7248621]]], "df_ids": [63268]}