{"polygon": [[[46.5303931, 30.7332345], [46.5302874, 30.733813], [46.5302272, 30.7337898], [46.5302431, 30.733703], [46.5303329, 30.7332112], [46.5303931, 30.7332345]]], "df_ids": [175376]}