{"polygon": [[[46.4936391, 30.7219375], [46.4934487, 30.7221831], [46.4933723, 30.7220549], [46.4935627, 30.7218114], [46.4936391, 30.7219375]]], "df_ids": [30875]}