{"polygon": [[[46.4919358, 30.7232661], [46.4918679, 30.7231534], [46.4916542, 30.7234251], [46.4917221, 30.7235378], [46.4917363, 30.7235197], [46.4919358, 30.7232661]]], "df_ids": [190463]}