{"polygon": [[[46.499719, 30.7226687], [46.4996452, 30.7226472], [46.4995559, 30.72316], [46.4995929, 30.723173], [46.4996269, 30.7231853], [46.499719, 30.7226687]]], "df_ids": [236104]}