{"polygon": [[[46.4924729, 30.7228257], [46.4924239, 30.7227254], [46.4923654, 30.7228018], [46.4922705, 30.7229191], [46.4923344, 30.7230179], [46.4924729, 30.7228257]]], "df_ids": [45412]}