{"polygon": [[[46.4910336, 30.7273471], [46.4909734, 30.7272482], [46.4911019, 30.7270829], [46.4911252, 30.7271211], [46.4911491, 30.7270904], [46.4910424, 30.7269145], [46.4910764, 30.7268698], [46.4911516, 30.726771], [46.4911836, 30.7267249], [46.4912035, 30.7267041], [46.4912472, 30.7267757], [46.4911832, 30.726858], [46.4912385, 30.7269486], [46.4912973, 30.7268728], [46.4913422, 30.7269464], [46.4910687, 30.7273045], [46.4910336, 30.7273471]]], "df_ids": [10558]}