{"polygon": [[[46.4926533, 30.7210861], [46.4926307, 30.721114], [46.4925485, 30.7212118], [46.4925266, 30.7212094], [46.4925116, 30.7211867], [46.4923975, 30.7210178], [46.4924597, 30.7209176], [46.4925071, 30.7209767], [46.4925309, 30.7210065], [46.4925701, 30.7209512], [46.4925824, 30.7209701], [46.4926533, 30.7210861]]], "df_ids": [135693]}