{"polygon": [[[46.4990753, 30.72298], [46.4991131, 30.722794], [46.4990439, 30.7227708], [46.498914, 30.7227187], [46.4988343, 30.7226876], [46.4988271, 30.7226848], [46.4988018, 30.7228613], [46.4990018, 30.7229515], [46.4990753, 30.72298]]], "df_ids": [235870]}