{"polygon": [[[46.4448015, 30.7671743], [46.4447283, 30.7671925], [46.4447865, 30.7676852], [46.4448596, 30.7676671], [46.4448015, 30.7671743]]], "df_ids": [34285]}