{"polygon": [[[46.4627018, 30.7534189], [46.4626332, 30.7534112], [46.462636, 30.7533586], [46.4623109, 30.753322], [46.4623086, 30.7533666], [46.4622067, 30.7533551], [46.4622127, 30.7532412], [46.4622415, 30.7532444], [46.4622491, 30.753101], [46.462702, 30.7531519], [46.4626951, 30.7532823], [46.462709, 30.7532839], [46.4627018, 30.7534189]]], "df_ids": [30956]}