{"polygon": [[[46.5298017, 30.7328161], [46.5295359, 30.7326884], [46.5294808, 30.7329844], [46.5295234, 30.7330011], [46.5295351, 30.7329619], [46.5295235, 30.7329235], [46.5295318, 30.7328874], [46.5297181, 30.7329771], [46.5297685, 30.7329967], [46.5298017, 30.7328161]]], "df_ids": [52865]}