{"polygon": [[[46.5012564, 30.7213841], [46.50099, 30.7212898], [46.5009714, 30.7213045], [46.5009582, 30.7214417], [46.5009998, 30.7214537], [46.5012325, 30.7215364], [46.5012564, 30.7213841]]], "df_ids": [175734]}