{"polygon": [[[46.4936152, 30.7217019], [46.4935649, 30.7216255], [46.4934671, 30.7214786], [46.4934305, 30.7215256], [46.4933995, 30.7215645], [46.4933974, 30.7216175], [46.493531, 30.7218165], [46.4935705, 30.7217591], [46.4936152, 30.7217019]]], "df_ids": [191501]}