{"polygon": [[[46.4917874, 30.7210981], [46.4916192, 30.7213105], [46.4916396, 30.7213448], [46.4916035, 30.7214024], [46.4915694, 30.7213516], [46.4914801, 30.7212113], [46.4916989, 30.7209283], [46.491797, 30.7210955], [46.4917874, 30.7210981]]], "df_ids": [2072]}