{"polygon": [[[46.4914385, 30.7247805], [46.4913014, 30.7249543], [46.4911386, 30.7246827], [46.4911861, 30.724627], [46.4912206, 30.7246932], [46.4911928, 30.7247239], [46.4912045, 30.7247513], [46.4912306, 30.7247449], [46.4912589, 30.724698], [46.4912434, 30.724669], [46.4913184, 30.724581], [46.4913366, 30.7245982], [46.4914385, 30.7247805]]], "df_ids": [244429]}