{"polygon": [[[46.5089395, 30.7225052], [46.5089453, 30.7226008], [46.5091655, 30.7225723], [46.5091604, 30.722489], [46.5091541, 30.7223892], [46.5089341, 30.7224176], [46.5089395, 30.7225052]]], "df_ids": [77819]}