{"polygon": [[[46.4912008, 30.7295804], [46.4911146, 30.7296839], [46.4909885, 30.7294623], [46.4910747, 30.7293588], [46.4912008, 30.7295804]]], "df_ids": [228636]}