{"polygon": [[[46.4990647, 30.7240137], [46.4990346, 30.7240011], [46.4989172, 30.7239519], [46.4988887, 30.724131], [46.4990087, 30.7241814], [46.4990296, 30.7241902], [46.4990647, 30.7240137]]], "df_ids": [6597]}