{"polygon": [[[46.506968, 30.7221601], [46.5068535, 30.7221749], [46.5067299, 30.7221915], [46.5067194, 30.7220156], [46.5067889, 30.7220047], [46.5068412, 30.7219976], [46.5068897, 30.7219911], [46.506888, 30.7219646], [46.5069545, 30.7219555], [46.506957, 30.722], [46.506968, 30.7221601]]], "df_ids": [235904]}