{"polygon": [[[46.4981494, 30.7194239], [46.4980742, 30.7193986], [46.4980221, 30.7197246], [46.4980974, 30.71975], [46.4981453, 30.7194497], [46.4981494, 30.7194239]]], "df_ids": [135284]}