{"polygon": [[[46.5064587, 30.7243051], [46.5060918, 30.7243518], [46.5060814, 30.7241796], [46.5064483, 30.7241328], [46.5064587, 30.7243051]]], "df_ids": [30149]}