{"polygon": [[[46.4899465, 30.7278935], [46.4898641, 30.7279956], [46.4897444, 30.7277918], [46.4898269, 30.7276897], [46.4899465, 30.7278935]]], "df_ids": [201771]}