{"polygon": [[[46.5043652, 30.7209883], [46.5043516, 30.7208114], [46.5039935, 30.7208697], [46.5040071, 30.7210466], [46.5043652, 30.7209883]]], "df_ids": [76410]}