{"polygon": [[[46.5113565, 30.7213877], [46.5113611, 30.7212628], [46.5112332, 30.7212528], [46.5112301, 30.7212526], [46.5112264, 30.7213505], [46.5112254, 30.7213774], [46.5113565, 30.7213877]]], "df_ids": [51665]}