{"polygon": [[[46.5093945, 30.7225979], [46.5091689, 30.7226272], [46.5091655, 30.7225723], [46.5091604, 30.722489], [46.5093872, 30.7224596], [46.5093911, 30.7225415], [46.5093945, 30.7225979]]], "df_ids": [77820]}