{"polygon": [[[46.5297685, 30.7329967], [46.5296468, 30.7336563], [46.5296294, 30.7337506], [46.5295744, 30.7337292], [46.5296512, 30.7333131], [46.5296273, 30.7333038], [46.5296464, 30.7332005], [46.5296748, 30.7332116], [46.5297181, 30.7329771], [46.5297685, 30.7329967]]], "df_ids": [175428]}