{"polygon": [[[46.4916115, 30.7204832], [46.4915646, 30.7204027], [46.4915143, 30.7204746], [46.4914947, 30.7204689], [46.4914302, 30.7203593], [46.491381, 30.720423], [46.491491, 30.7206071], [46.4915185, 30.7206077], [46.4916115, 30.7204832]]], "df_ids": [243136]}