{"polygon": [[[46.4901244, 30.7255607], [46.4900599, 30.7254559], [46.4902001, 30.7252741], [46.490261, 30.7253832], [46.4901244, 30.7255607]]], "df_ids": [173744]}