{"polygon": [[[46.5277954, 30.7296098], [46.5276351, 30.7294786], [46.5275722, 30.729641], [46.5276176, 30.7296781], [46.5276229, 30.7296644], [46.5276949, 30.7297232], [46.5276844, 30.7297504], [46.5277274, 30.7297855], [46.5277954, 30.7296098]]], "df_ids": [8692]}