{"polygon": [[[46.5036532, 30.7243652], [46.5036288, 30.724367], [46.5036308, 30.7244267], [46.5034834, 30.7244372], [46.5034695, 30.7240254], [46.5034029, 30.7240302], [46.5034215, 30.7244787], [46.5034279, 30.7246346], [46.503667, 30.724617], [46.503657, 30.7244343], [46.5036532, 30.7243652]]], "df_ids": [111284]}