{"polygon": [[[46.4179724, 30.7156946], [46.4179644, 30.7155983], [46.4179552, 30.7154876], [46.4180159, 30.7154787], [46.4180159, 30.7154465], [46.4180482, 30.7154277], [46.4180814, 30.7154535], [46.4180997, 30.715488], [46.4181271, 30.7154517], [46.4181363, 30.715465], [46.4181405, 30.7154898], [46.4181796, 30.7155296], [46.4182009, 30.7155101], [46.4182144, 30.7155429], [46.4182113, 30.7155694], [46.4181093, 30.7157111], [46.4180778, 30.7156758], [46.4179724, 30.7156946]]], "df_ids": [169176]}