{"polygon": [[[46.509961, 30.7239475], [46.5099741, 30.7239461], [46.510167, 30.7239242], [46.510159, 30.7237275], [46.5100877, 30.7237381], [46.5099647, 30.7237505], [46.5099517, 30.7237518], [46.509961, 30.7239475]]], "df_ids": [175356]}