{"polygon": [[[46.5060814, 30.7241796], [46.5058736, 30.7242081], [46.5058853, 30.7243834], [46.5060918, 30.7243518], [46.5060814, 30.7241796]]], "df_ids": [4148]}