{"polygon": [[[46.4831713, 30.7280773], [46.4830308, 30.7282656], [46.4829979, 30.7283206], [46.4830164, 30.7283338], [46.483135, 30.7285386], [46.4831522, 30.7285683], [46.4832071, 30.7284972], [46.4831399, 30.7283915], [46.483206, 30.728303], [46.4832306, 30.7283417], [46.4832893, 30.728263], [46.4831713, 30.7280773]]], "df_ids": [213085]}