{"polygon": [[[46.4369035, 30.7572431], [46.4368421, 30.7570702], [46.4365621, 30.7572795], [46.4366929, 30.7576481], [46.4366649, 30.7576691], [46.4367149, 30.75781], [46.436911, 30.7576635], [46.4367915, 30.7573268], [46.4369035, 30.7572431]]], "df_ids": [27804]}