{"polygon": [[[46.4868223, 30.7221363], [46.4868106, 30.7221166], [46.4866975, 30.7219248], [46.4866815, 30.721898], [46.4866259, 30.7219672], [46.4867667, 30.7222056], [46.4868223, 30.7221363]]], "df_ids": [229086]}