{"polygon": [[[46.4996746, 30.7204407], [46.4995048, 30.7203843], [46.4993985, 30.720349], [46.4994236, 30.7201893], [46.4995277, 30.7202239], [46.4996997, 30.720281], [46.4996746, 30.7204407]]], "df_ids": [89946]}