{"polygon": [[[46.5002348, 30.7232836], [46.5003288, 30.7233194], [46.5003038, 30.7234571], [46.5001924, 30.7234102], [46.5001511, 30.7233926], [46.500175, 30.7232607], [46.5002348, 30.7232836]]], "df_ids": [235721, 250867]}