{"polygon": [[[46.4988401, 30.7201428], [46.4988546, 30.7200571], [46.4988658, 30.7199974], [46.4988031, 30.719975], [46.4987351, 30.7199506], [46.4985785, 30.7198943], [46.4985537, 30.7200403], [46.498712, 30.720097], [46.4988401, 30.7201428]]], "df_ids": [89895]}