{"polygon": [[[46.4623542, 30.7521208], [46.4629132, 30.752224], [46.4629228, 30.7520296], [46.4624342, 30.7519284], [46.4624323, 30.7519646], [46.462387, 30.7519905], [46.4623623, 30.7519872], [46.4623542, 30.7521208]]], "df_ids": [30968]}