{"polygon": [[[46.4898907, 30.7249545], [46.4900082, 30.7248091], [46.4900495, 30.724881], [46.4900891, 30.7249469], [46.4900739, 30.7249656], [46.4901122, 30.7250309], [46.4900616, 30.7250935], [46.490037, 30.7250515], [46.4899852, 30.7251156], [46.4899686, 30.7250873], [46.4898907, 30.7249545]]], "df_ids": [28989]}