{"polygon": [[[46.4907846, 30.7253332], [46.4905921, 30.7250086], [46.4905502, 30.7250675], [46.4905673, 30.725097], [46.490341, 30.7253854], [46.490417, 30.7255147], [46.4904785, 30.7255923], [46.4905182, 30.7255405], [46.4904832, 30.7254737], [46.4906309, 30.7252751], [46.490671, 30.7253538], [46.490693, 30.7253584], [46.4907001, 30.7253481], [46.4907324, 30.7254013], [46.4907846, 30.7253332]]], "df_ids": [173569]}