{"polygon": [[[46.4863229, 30.7225124], [46.4862458, 30.7226116], [46.4861096, 30.7223728], [46.486155, 30.7223118], [46.4861825, 30.7222768], [46.4863229, 30.7225124]]], "df_ids": [160693]}