{"polygon": [[[46.5287399, 30.7341399], [46.5286691, 30.7341123], [46.5287101, 30.7338893], [46.5287825, 30.7339175], [46.5287736, 30.7339657], [46.5288634, 30.7340006], [46.5288766, 30.7339291], [46.5290186, 30.7339843], [46.529003, 30.7340688], [46.5289798, 30.7340598], [46.5289678, 30.7341247], [46.5289894, 30.7341331], [46.5289716, 30.73423], [46.5287399, 30.7341399]]], "df_ids": [179570]}