{"polygon": [[[46.4567762, 30.7226284], [46.4568535, 30.7226992], [46.4568227, 30.7227671], [46.456746, 30.7226937], [46.4567762, 30.7226284]]], "df_ids": [161676]}