{"polygon": [[[46.4505241, 30.718597], [46.4505228, 30.7185377], [46.450411, 30.7185429], [46.4504123, 30.7186023], [46.4504534, 30.7186003], [46.4505241, 30.718597]]], "df_ids": [136890]}