{"polygon": [[[46.4887961, 30.7303778], [46.4886905, 30.7302014], [46.4887717, 30.7301117], [46.4887902, 30.7301416], [46.4888379, 30.7300912], [46.4888194, 30.7300566], [46.4888899, 30.7299621], [46.4889994, 30.7301274], [46.4889878, 30.7301417], [46.4888121, 30.7303581], [46.4887961, 30.7303778]]], "df_ids": [9337]}