{"polygon": [[[46.4543835, 30.7276426], [46.4544777, 30.7277116], [46.4545447, 30.7277636], [46.4545506, 30.7277669], [46.4545324, 30.7278183], [46.4543654, 30.7276941], [46.4543835, 30.7276426]]], "df_ids": [1938]}