{"polygon": [[[46.4785356, 30.7295522], [46.478404, 30.7297008], [46.4784636, 30.7298123], [46.4784036, 30.7298836], [46.4783759, 30.7298323], [46.4782976, 30.7296857], [46.4783322, 30.7296467], [46.4782957, 30.7295786], [46.4784228, 30.729435], [46.4784522, 30.7294042], [46.4785356, 30.7295522]]], "df_ids": [228629]}