{"polygon": [[[46.4524751, 30.7200244], [46.4525552, 30.7200231], [46.4525543, 30.7198952], [46.4524741, 30.7198965], [46.4524751, 30.7200244]]], "df_ids": [398]}