{"polygon": [[[46.4330229, 30.7284374], [46.4327423, 30.7285246], [46.4328344, 30.7291484], [46.4327384, 30.7291782], [46.432623, 30.7283961], [46.4327363, 30.7283609], [46.4327287, 30.7283093], [46.4329919, 30.7282275], [46.4330074, 30.7283322], [46.4330229, 30.7284374]]], "df_ids": [29490]}