{"polygon": [[[46.4880877, 30.7300154], [46.4881288, 30.7299642], [46.4882733, 30.730205], [46.4881545, 30.7303688], [46.4880075, 30.7301186], [46.4880877, 30.7300154]]], "df_ids": [88334]}