{"polygon": [[[46.4696038, 30.7303463], [46.4695781, 30.7303428], [46.469388, 30.7303171], [46.4694245, 30.7297474], [46.4694826, 30.7297552], [46.4694609, 30.7300925], [46.4695668, 30.7301068], [46.4695884, 30.7297695], [46.4696448, 30.7297771], [46.4696038, 30.7303463]]], "df_ids": [161364]}