{"polygon": [[[46.4882533, 30.7297225], [46.4882083, 30.7297797], [46.4882348, 30.7298236], [46.488205, 30.7298615], [46.4883171, 30.7300472], [46.4883323, 30.7300279], [46.488353, 30.7300622], [46.4883767, 30.730032], [46.4883918, 30.7300571], [46.4884254, 30.730014], [46.4882533, 30.7297225]]], "df_ids": [88333]}