{"polygon": [[[46.4775793, 30.7292441], [46.4777263, 30.7295032], [46.4777024, 30.7295318], [46.4776612, 30.7295811], [46.4775142, 30.729322], [46.4775793, 30.7292441]]], "df_ids": [190496]}