{"polygon": [[[46.4707122, 30.730036], [46.4708685, 30.7300586], [46.4708815, 30.7298679], [46.4707598, 30.7298503], [46.4707185, 30.7298444], [46.4707136, 30.7299159], [46.4707925, 30.7299273], [46.4707904, 30.7299579], [46.4707182, 30.7299475], [46.4707122, 30.730036]]], "df_ids": [2191]}