{"polygon": [[[46.4472622, 30.7198352], [46.447256, 30.7199985], [46.4472114, 30.7199953], [46.4471565, 30.7199909], [46.4471626, 30.7198274], [46.4472622, 30.7198352]]], "df_ids": [150888]}