{"polygon": [[[46.4582283, 30.7195779], [46.4581384, 30.7194912], [46.4580963, 30.7195838], [46.4581687, 30.7196536], [46.4581891, 30.7196091], [46.4582066, 30.719626], [46.4582283, 30.7195779]]], "df_ids": [210996]}