{"polygon": [[[46.4515192, 30.7096768], [46.4515269, 30.70969], [46.4516326, 30.7098697], [46.4515721, 30.7099058], [46.4514808, 30.7097228], [46.4515192, 30.7096768]]], "df_ids": [189556]}