{"polygon": [[[46.4517406, 30.7091896], [46.4516075, 30.7093388], [46.451672, 30.7094398], [46.4518015, 30.7092869], [46.4517406, 30.7091896]]], "df_ids": [251518]}