{"polygon": [[[46.5833165, 30.8052035], [46.5834619, 30.8053074], [46.5833533, 30.8056287], [46.5831149, 30.8054582], [46.5831574, 30.8053326], [46.5831949, 30.8053594], [46.5832273, 30.8052634], [46.5832829, 30.8053031], [46.5833165, 30.8052035]]], "df_ids": [63911]}