{"polygon": [[[46.4691015, 30.7292009], [46.469285, 30.7292252], [46.469296, 30.7292266], [46.4693942, 30.7292393], [46.4694709, 30.7292492], [46.4695329, 30.7292572], [46.4695249, 30.7293887], [46.4690941, 30.7293331], [46.4691015, 30.7292009]]], "df_ids": [255094]}