{"polygon": [[[46.4727022, 30.7351262], [46.4723394, 30.7350811], [46.4722843, 30.7350742], [46.4722915, 30.7349527], [46.4726736, 30.7350003], [46.4726694, 30.7350722], [46.4727051, 30.7350767], [46.4727022, 30.7351262]]], "df_ids": [126951]}