{"polygon": [[[46.4727277, 30.7324683], [46.4727208, 30.7325706], [46.4725919, 30.7325522], [46.4725944, 30.7325151], [46.4725673, 30.7325112], [46.4725465, 30.7328193], [46.4728341, 30.7328603], [46.4728285, 30.732943], [46.4727104, 30.7329262], [46.4723856, 30.7328799], [46.4723897, 30.7328205], [46.4724157, 30.7328242], [46.4724388, 30.7324833], [46.4724093, 30.7324791], [46.4724124, 30.7324233], [46.4726858, 30.7324623], [46.4727277, 30.7324683]]], "df_ids": [162145]}