{"polygon": [[[46.4514439, 30.7112308], [46.4514334, 30.7112967], [46.4512936, 30.7112498], [46.4513041, 30.7111839], [46.4514439, 30.7112308]]], "df_ids": [255118]}