{"polygon": [[[46.4706227, 30.7290573], [46.4706181, 30.7291279], [46.4706136, 30.7291766], [46.470608, 30.729264], [46.4704646, 30.7292406], [46.4704798, 30.7290323], [46.4706227, 30.7290573]]], "df_ids": [5697]}