{"polygon": [[[46.4018146, 30.7504834], [46.4018573, 30.7508471], [46.4017292, 30.7508787], [46.4017138, 30.7507466], [46.4017362, 30.750741], [46.4017221, 30.7506209], [46.4016463, 30.7506396], [46.4016332, 30.7505281], [46.4018146, 30.7504834]]], "df_ids": [29466]}