{"polygon": [[[46.4723607, 30.730358], [46.4723568, 30.7304268], [46.4723439, 30.7304253], [46.4721682, 30.7304041], [46.4720865, 30.7303942], [46.4720904, 30.7303254], [46.4723007, 30.7303507], [46.4723607, 30.730358]]], "df_ids": [193186]}