{"polygon": [[[46.4482741, 30.7198304], [46.4482686, 30.7202324], [46.4482357, 30.7202315], [46.448239, 30.7199909], [46.4481586, 30.7199886], [46.4481608, 30.7198271], [46.4482741, 30.7198304]]], "df_ids": [175206]}