{"polygon": [[[46.4385318, 30.7414912], [46.4385176, 30.7416811], [46.4382996, 30.7416466], [46.4382506, 30.7416389], [46.4382618, 30.7414891], [46.4384574, 30.74152], [46.4384604, 30.7414799], [46.4385318, 30.7414912]]], "df_ids": [45896]}