{"polygon": [[[46.3912702, 30.7497033], [46.3912761, 30.7499603], [46.3911565, 30.7499661], [46.3911506, 30.7497091], [46.3912702, 30.7497033]]], "df_ids": [74550]}