{"polygon": [[[46.3708839, 30.7276572], [46.3707429, 30.7277128], [46.370736, 30.7277321], [46.3707383, 30.7277486], [46.3708839, 30.7279456], [46.3709553, 30.7278396], [46.3708901, 30.72774], [46.3709116, 30.7277128], [46.3708839, 30.7276572]]], "df_ids": [163130]}