{"polygon": [[[46.4721185, 30.7348713], [46.4721126, 30.7349669], [46.4718661, 30.7349347], [46.471872, 30.7348391], [46.4720037, 30.7348563], [46.4720901, 30.7348676], [46.4721185, 30.7348713]]], "df_ids": [193878]}