{"polygon": [[[46.4466689, 30.7198214], [46.4466705, 30.7199351], [46.4466711, 30.719982], [46.4465717, 30.7199848], [46.4465702, 30.719875], [46.4465695, 30.7198242], [46.4466689, 30.7198214]]], "df_ids": [150895]}