{"polygon": [[[46.4510402, 30.7148639], [46.4508896, 30.7148433], [46.4507838, 30.7148296], [46.4507925, 30.7146951], [46.4509092, 30.7147109], [46.4509062, 30.714757], [46.4509712, 30.7147658], [46.4509773, 30.7146711], [46.4509528, 30.7146678], [46.4509615, 30.7145321], [46.4510607, 30.7145455], [46.4510402, 30.7148639]]], "df_ids": [10871]}