{"polygon": [[[46.4029104, 30.718138], [46.4028305, 30.7181591], [46.4027068, 30.7181915], [46.4026442, 30.7182081], [46.4026786, 30.7184832], [46.4028324, 30.7184427], [46.4028248, 30.7183816], [46.4029372, 30.718352], [46.4029104, 30.718138]]], "df_ids": [169304]}