{"polygon": [[[46.4508465, 30.7107062], [46.4508457, 30.7105737], [46.4507503, 30.7105749], [46.4507505, 30.7106235], [46.4507273, 30.7106238], [46.4507278, 30.7107077], [46.4508465, 30.7107062]]], "df_ids": [151849]}