{"polygon": [[[46.4512568, 30.7101472], [46.4512559, 30.7102197], [46.4510962, 30.7102157], [46.4510971, 30.7101659], [46.4510974, 30.7101432], [46.4511916, 30.7101456], [46.4512403, 30.7101468], [46.4512568, 30.7101472]]], "df_ids": [2170]}