{"polygon": [[[46.402885, 30.7178093], [46.4026663, 30.7178667], [46.4027068, 30.7181915], [46.4028305, 30.7181591], [46.4028087, 30.7179838], [46.4029036, 30.7179589], [46.402885, 30.7178093]]], "df_ids": [169226]}