{"polygon": [[[46.4695884, 30.7297695], [46.4694826, 30.7297552], [46.4694245, 30.7297474], [46.4694349, 30.7295862], [46.4695636, 30.7296028], [46.4696551, 30.7296165], [46.4696497, 30.7297011], [46.4696448, 30.7297771], [46.4695884, 30.7297695]]], "df_ids": [252716]}