{"polygon": [[[46.4484273, 30.719824], [46.4484252, 30.7199491], [46.4484171, 30.7203144], [46.4483614, 30.7203119], [46.4483685, 30.7199834], [46.4483117, 30.7199808], [46.4483151, 30.7198211], [46.4484273, 30.719824]]], "df_ids": [175205]}