{"polygon": [[[46.4521492, 30.714596], [46.452046, 30.7145881], [46.4520403, 30.7147221], [46.4521157, 30.7147297], [46.4521471, 30.714731], [46.4521492, 30.714596]]], "df_ids": [255083]}