{"polygon": [[[46.4469178, 30.7187427], [46.4468336, 30.718727], [46.4468203, 30.7188772], [46.4469045, 30.7188929], [46.4469178, 30.7187427]]], "df_ids": [38141]}