{"polygon": [[[46.3815581, 30.7388939], [46.3814845, 30.7388119], [46.3812463, 30.7392607], [46.3813198, 30.7393428], [46.3815581, 30.7388939]]], "df_ids": [63835]}