{"polygon": [[[46.4547194, 30.7269303], [46.4546951, 30.7269887], [46.4546312, 30.7269326], [46.4546555, 30.7268742], [46.4547194, 30.7269303]]], "df_ids": [4462]}