{"polygon": [[[46.4467985, 30.7198274], [46.4467976, 30.7199376], [46.4466705, 30.7199351], [46.4466689, 30.7198214], [46.4467985, 30.7198274]]], "df_ids": [253246]}