{"polygon": [[[46.4525461, 30.7209998], [46.4522124, 30.7210006], [46.4522121, 30.7207661], [46.4525459, 30.7207653], [46.4525461, 30.7209998]]], "df_ids": [150897]}