{"polygon": [[[46.4507211, 30.7146741], [46.450727, 30.7144974], [46.4508489, 30.7145061], [46.4508439, 30.7146551], [46.450819, 30.7146533], [46.4508181, 30.714681], [46.4507211, 30.7146741]]], "df_ids": [192590]}