{"polygon": [[[46.4777608, 30.7293323], [46.4777079, 30.7293916], [46.4776115, 30.7292104], [46.4775793, 30.7292441], [46.4775142, 30.729322], [46.4774387, 30.7291841], [46.477591, 30.7290133], [46.4777608, 30.7293323]]], "df_ids": [45070]}