{"polygon": [[[46.4564239, 30.7239724], [46.4563627, 30.723914], [46.4563305, 30.7238832], [46.4562806, 30.7239935], [46.456374, 30.7240827], [46.4564239, 30.7239724]]], "df_ids": [127297]}