{"polygon": [[[46.4851995, 30.7325186], [46.4851713, 30.7325136], [46.4850297, 30.7324961], [46.4850296, 30.7324774], [46.4850285, 30.7323171], [46.485028, 30.7322701], [46.485141, 30.7322708], [46.4851779, 30.7322728], [46.4853289, 30.7322813], [46.4853079, 30.7323815], [46.4851995, 30.7325186]]], "df_ids": [8600]}