{"polygon": [[[46.4574837, 30.7212074], [46.4576614, 30.7213914], [46.4576245, 30.7214665], [46.4575275, 30.721366], [46.4575371, 30.7213465], [46.4574564, 30.721263], [46.4574837, 30.7212074]]], "df_ids": [26563]}