{"polygon": [[[46.4476859, 30.7186527], [46.4475811, 30.7186523], [46.4475817, 30.7183469], [46.4476864, 30.7183473], [46.4476859, 30.7186527]]], "df_ids": [10876]}