{"polygon": [[[46.4492511, 30.7172835], [46.4492436, 30.7174031], [46.4491454, 30.7173902], [46.4491529, 30.7172706], [46.4492511, 30.7172835]]], "df_ids": [133448]}