{"polygon": [[[46.4484166, 30.7184685], [46.4483816, 30.7188871], [46.4482744, 30.7188682], [46.4483094, 30.7184496], [46.4484166, 30.7184685]]], "df_ids": [10877]}