{"polygon": [[[46.4580959, 30.7203112], [46.4580096, 30.7202219], [46.4579624, 30.720318], [46.4579916, 30.7203483], [46.4580069, 30.7203173], [46.4580288, 30.72034], [46.4580368, 30.7203238], [46.4580719, 30.7203601], [46.4580959, 30.7203112]]], "df_ids": [190049]}