{"polygon": [[[46.4777079, 30.7293916], [46.4778243, 30.7296228], [46.4777806, 30.7296685], [46.4777024, 30.7295318], [46.4776612, 30.7295811], [46.4777215, 30.7296809], [46.4778079, 30.7298387], [46.4779486, 30.7296617], [46.4777608, 30.7293323], [46.4777079, 30.7293916]]], "df_ids": [190050]}