{"polygon": [[[46.4492108, 30.7178234], [46.4492044, 30.7179346], [46.4490996, 30.7179298], [46.4491019, 30.7178764], [46.449124, 30.7178785], [46.4491269, 30.7178156], [46.4492108, 30.7178234]]], "df_ids": [50625]}