{"polygon": [[[46.4524836, 30.7078971], [46.4524014, 30.7080061], [46.4523457, 30.7079708], [46.4522436, 30.7078869], [46.4522604, 30.70785], [46.4523081, 30.7078868], [46.4523243, 30.7078706], [46.4523477, 30.7078912], [46.4523609, 30.7078662], [46.4523071, 30.7077911], [46.4523375, 30.707769], [46.4523568, 30.7077999], [46.452369, 30.7077881], [46.4524583, 30.7078529], [46.4524836, 30.7078971]]], "df_ids": [251507]}