{"polygon": [[[46.4457636, 30.7466376], [46.4444769, 30.7474982], [46.4442022, 30.7466331], [46.4448061, 30.7462292], [46.4448714, 30.7464347], [46.44441, 30.7467433], [46.4445566, 30.7472048], [46.4457007, 30.7464395], [46.4457636, 30.7466376]]], "df_ids": [169207]}