{"polygon": [[[46.4564239, 30.7239724], [46.4564812, 30.7238461], [46.4564185, 30.7237901], [46.4563627, 30.723914], [46.4564239, 30.7239724]]], "df_ids": [1760]}