{"polygon": [[[46.4525713, 30.7190965], [46.4525644, 30.7195701], [46.4521126, 30.7195562], [46.4521158, 30.7193411], [46.4523794, 30.7193493], [46.4523798, 30.7193206], [46.4524539, 30.7193229], [46.4524573, 30.719093], [46.4525713, 30.7190965]]], "df_ids": [34505]}