{"polygon": [[[46.4515269, 30.70969], [46.4515691, 30.7096375], [46.4514782, 30.7094837], [46.4514361, 30.7095362], [46.4514984, 30.7096416], [46.4515192, 30.7096768], [46.4515269, 30.70969]]], "df_ids": [135263]}