{"polygon": [[[46.4512456, 30.7182137], [46.4512887, 30.7182109], [46.4512908, 30.7182789], [46.4511386, 30.7182889], [46.4511415, 30.7183796], [46.4510878, 30.7183831], [46.451085, 30.7182947], [46.4510315, 30.7182981], [46.4510323, 30.7182285], [46.4510567, 30.7182261], [46.4511286, 30.7182214], [46.4512456, 30.7182137]]], "df_ids": [175622]}