{"polygon": [[[46.4565905, 30.7218821], [46.456639, 30.7217772], [46.4567203, 30.7218566], [46.4566718, 30.7219614], [46.4565905, 30.7218821]]], "df_ids": [189434]}