{"polygon": [[[46.4509764, 30.710596], [46.4509039, 30.7105899], [46.4509029, 30.7106482], [46.450883, 30.7106458], [46.450881, 30.7107625], [46.4509535, 30.7107713], [46.4509747, 30.7106841], [46.4509764, 30.710596]]], "df_ids": [151850]}