{"polygon": [[[46.3779338, 30.7388049], [46.3778529, 30.7386514], [46.3778313, 30.7386754], [46.3777664, 30.7385522], [46.3777952, 30.7385203], [46.3777472, 30.7384293], [46.3777235, 30.7384555], [46.3776767, 30.7383666], [46.3776182, 30.7384314], [46.3777878, 30.7387531], [46.3776245, 30.7389339], [46.3777023, 30.7390816], [46.3778669, 30.7388993], [46.3780527, 30.7392519], [46.3781499, 30.7391442], [46.3780254, 30.738908], [46.3780019, 30.7389341], [46.3779338, 30.7388049]]], "df_ids": [210547]}