{"polygon": [[[46.4580959, 30.7203112], [46.4581494, 30.7201918], [46.4580626, 30.7201032], [46.4580096, 30.7202219], [46.4580959, 30.7203112]]], "df_ids": [183441]}