{"polygon": [[[46.4484449, 30.7193544], [46.448449, 30.7195012], [46.4482043, 30.7195155], [46.4482002, 30.7193687], [46.4484449, 30.7193544]]], "df_ids": [139688]}