{"polygon": [[[46.4490042, 30.7203368], [46.448904, 30.720325], [46.4488868, 30.720634], [46.4489135, 30.7206352], [46.448987, 30.7206439], [46.4490042, 30.7203368]]], "df_ids": [52287]}