{"polygon": [[[46.4481215, 30.7198305], [46.4481171, 30.7199988], [46.4480885, 30.7199974], [46.4480072, 30.7199901], [46.4480111, 30.7198243], [46.4481215, 30.7198305]]], "df_ids": [175103]}