{"polygon": [[[46.4691079, 30.7296781], [46.4691113, 30.7295529], [46.4689636, 30.7295445], [46.4689602, 30.7296696], [46.4691079, 30.7296781]]], "df_ids": [164755]}