{"polygon": [[[46.3719734, 30.7306128], [46.3718976, 30.7304891], [46.372095, 30.730235], [46.3722339, 30.7304617], [46.3722162, 30.7304844], [46.3722521, 30.730543], [46.3722406, 30.7305578], [46.3722859, 30.7306264], [46.3723314, 30.730706], [46.3723014, 30.7307446], [46.3722525, 30.7306666], [46.3722119, 30.7305985], [46.372163, 30.730668], [46.3720957, 30.7305416], [46.3720787, 30.7305468], [46.3720556, 30.7305069], [46.3719734, 30.7306128]]], "df_ids": [27940]}