{"polygon": [[[46.4509236, 30.7087252], [46.4509378, 30.7087355], [46.4509095, 30.7088165], [46.4508479, 30.7087712], [46.4508762, 30.7086903], [46.4509236, 30.7087252]]], "df_ids": [151078]}