{"polygon": [[[46.4476055, 30.7194967], [46.4476057, 30.7193995], [46.447536, 30.7193992], [46.4475358, 30.7194964], [46.4476055, 30.7194967]]], "df_ids": [133582]}