{"polygon": [[[46.419667, 30.7523094], [46.4196429, 30.7524122], [46.4195078, 30.7523456], [46.4195319, 30.7522429], [46.419667, 30.7523094]]], "df_ids": [7023]}