{"polygon": [[[46.4543016, 30.7278797], [46.454246, 30.7278418], [46.4542034, 30.7279776], [46.4542483, 30.728013], [46.45428, 30.7279153], [46.4542882, 30.7279209], [46.4543016, 30.7278797]]], "df_ids": [153798]}