{"polygon": [[[46.4505626, 30.7141631], [46.4505095, 30.7141644], [46.45054, 30.7139671], [46.4505861, 30.7139722], [46.4505626, 30.7141631]]], "df_ids": [135645]}