{"polygon": [[[46.4573876, 30.7393931], [46.4573566, 30.7397882], [46.4573332, 30.7397812], [46.4572545, 30.7397697], [46.457231, 30.7397662], [46.4572395, 30.739659], [46.457288, 30.7396671], [46.4573105, 30.7393803], [46.4573876, 30.7393931]]], "df_ids": [180075]}