{"polygon": [[[46.4537771, 30.7596722], [46.4536879, 30.7597376], [46.4536461, 30.7596174], [46.4537353, 30.759552], [46.4537771, 30.7596722]]], "df_ids": [34141]}