{"polygon": [[[46.4540251, 30.7297682], [46.4539997, 30.7301354], [46.4538901, 30.7301194], [46.4539155, 30.7297521], [46.4540251, 30.7297682]]], "df_ids": [133735]}