{"polygon": [[[46.4543137, 30.7399511], [46.4543069, 30.7400939], [46.4541462, 30.7400778], [46.4541529, 30.7399351], [46.4543137, 30.7399511]]], "df_ids": [151697]}