{"polygon": [[[46.4633212, 30.7446096], [46.463191, 30.7445906], [46.4631411, 30.7446646], [46.463129, 30.7448651], [46.4632981, 30.7448931], [46.4633212, 30.7446096]]], "df_ids": [28872]}