{"polygon": [[[46.4713735, 30.7265918], [46.4712404, 30.7263558], [46.4711806, 30.7264311], [46.4711197, 30.7265092], [46.4711543, 30.7265692], [46.471237, 30.7264682], [46.4713198, 30.7266109], [46.4713337, 30.7265938], [46.4713495, 30.7266211], [46.4713735, 30.7265918]]], "df_ids": [236116]}