{"polygon": [[[46.4597434, 30.7438409], [46.4598911, 30.7438631], [46.4598415, 30.7445047], [46.4597283, 30.7444887], [46.4597332, 30.7444151], [46.459296, 30.7443536], [46.4592704, 30.7447369], [46.4590712, 30.7447089], [46.4591, 30.7442787], [46.4586409, 30.7442141], [46.458656, 30.7439887], [46.458737, 30.743999], [46.4587857, 30.7440074], [46.4591129, 30.7440628], [46.4592768, 30.744084], [46.459766, 30.7441655], [46.4597769, 30.744025], [46.4597293, 30.7440172], [46.4597434, 30.7438409]]], "df_ids": [28833]}