{"polygon": [[[46.4648468, 30.7179517], [46.4646995, 30.718145], [46.4646598, 30.7180813], [46.4648071, 30.7178881], [46.4648468, 30.7179517]]], "df_ids": [134204]}