{"polygon": [[[46.4840862, 30.7193234], [46.4839761, 30.7186656], [46.483904, 30.718691], [46.483849, 30.7187104], [46.4836005, 30.7187981], [46.4837109, 30.7194565], [46.4837638, 30.7194377], [46.4837318, 30.7192467], [46.483877, 30.7191955], [46.4839089, 30.7193862], [46.4840862, 30.7193234]]], "df_ids": [29763]}