{"polygon": [[[46.4636093, 30.7446578], [46.4637075, 30.7446752], [46.4636925, 30.7448392], [46.4636463, 30.7448303], [46.463634, 30.7449646], [46.4635867, 30.7449555], [46.463593, 30.7448731], [46.4636093, 30.7446578]]], "df_ids": [37014]}