{"polygon": [[[46.4658429, 30.7395158], [46.4658694, 30.7395196], [46.4658578, 30.7396914], [46.4655437, 30.7396465], [46.4655553, 30.7394747], [46.4656352, 30.7394861], [46.4656508, 30.7394884], [46.4658429, 30.7395158]]], "df_ids": [33101]}