{"polygon": [[[46.4597572, 30.7436468], [46.459905, 30.743669], [46.4599589, 30.7429711], [46.4598764, 30.7429587], [46.4598469, 30.7429542], [46.459596, 30.7429164], [46.4596001, 30.7428303], [46.4594868, 30.7428064], [46.459477, 30.7429118], [46.4594296, 30.7429014], [46.4593906, 30.7429119], [46.459373, 30.7431311], [46.4594112, 30.7431372], [46.4594666, 30.7431462], [46.4594632, 30.7431906], [46.4595603, 30.7432064], [46.4595642, 30.7431554], [46.459762, 30.7431875], [46.4597266, 30.7436467], [46.4597572, 30.7436468]]], "df_ids": [28834]}