{"polygon": [[[46.4656032, 30.724547], [46.4653803, 30.7248293], [46.465336, 30.7247556], [46.4655589, 30.7244733], [46.4656032, 30.724547]]], "df_ids": [193774]}