{"polygon": [[[46.4933268, 30.6949565], [46.493252, 30.6949413], [46.4932383, 30.6949385], [46.4932544, 30.6947718], [46.4932646, 30.6947739], [46.4933429, 30.6947899], [46.4933268, 30.6949565]]], "df_ids": [193005]}