{"polygon": [[[46.4908677, 30.7163642], [46.4909762, 30.7164054], [46.4908892, 30.7166255], [46.4907915, 30.7165389], [46.4908218, 30.7164717], [46.4908138, 30.7164657], [46.4908235, 30.7164438], [46.4908345, 30.7164174], [46.4908419, 30.7164248], [46.4908677, 30.7163642]]], "df_ids": [1523]}