{"polygon": [[[46.4921476, 30.6926193], [46.4921586, 30.6925071], [46.4928078, 30.6926408], [46.4927968, 30.692753], [46.4921476, 30.6926193]]], "df_ids": [193006]}