{"polygon": [[[46.459373, 30.7431311], [46.4593906, 30.7429119], [46.4588348, 30.7428181], [46.4588273, 30.7429041], [46.4588183, 30.7430269], [46.4588739, 30.7430363], [46.4590878, 30.7430724], [46.4590834, 30.7431281], [46.4593694, 30.7431763], [46.459373, 30.7431311]]], "df_ids": [28835]}