{"polygon": [[[46.469246, 30.7527018], [46.4688985, 30.7526596], [46.4689344, 30.7520359], [46.4690555, 30.7520506], [46.4690288, 30.7525138], [46.4692552, 30.7525413], [46.469246, 30.7527018]]], "df_ids": [169396]}