{"polygon": [[[46.4632585, 30.7436451], [46.4632523, 30.7437338], [46.4629129, 30.7436839], [46.4629191, 30.7435951], [46.4632493, 30.7436437], [46.4632585, 30.7436451]]], "df_ids": [137908]}