{"polygon": [[[46.4924099, 30.6933168], [46.4922869, 30.6932957], [46.4922911, 30.6932436], [46.492195, 30.6932272], [46.4922015, 30.6931468], [46.4922972, 30.6931632], [46.4922995, 30.6931353], [46.4924236, 30.6931565], [46.4924212, 30.6931861], [46.4925271, 30.6932042], [46.4925212, 30.6932767], [46.4924147, 30.6932584], [46.4924099, 30.6933168]]], "df_ids": [193003]}