{"polygon": [[[46.4658707, 30.7246703], [46.465686, 30.7249175], [46.4656197, 30.7250113], [46.4655706, 30.7249384], [46.4658181, 30.7245868], [46.4658707, 30.7246703]]], "df_ids": [175447]}