{"polygon": [[[46.4631885, 30.7439954], [46.4631771, 30.7441279], [46.4628612, 30.7440707], [46.4628726, 30.7439381], [46.4631885, 30.7439954]]], "df_ids": [137909]}