{"polygon": [[[46.4626089, 30.7142022], [46.4624792, 30.7143907], [46.4625231, 30.7144543], [46.4625432, 30.7144835], [46.4626784, 30.7143014], [46.4626089, 30.7142022]]], "df_ids": [135582]}