{"polygon": [[[46.4635883, 30.7166188], [46.463803, 30.7163696], [46.4638836, 30.7162696], [46.4639335, 30.716358], [46.4636368, 30.716711], [46.4635883, 30.7166188]]], "df_ids": [212543]}