{"polygon": [[[46.4668146, 30.7399967], [46.4668307, 30.739786], [46.4668349, 30.7397305], [46.4669474, 30.7397486], [46.4669443, 30.7397892], [46.4676192, 30.7398977], [46.4677248, 30.739915], [46.4678377, 30.7399334], [46.4678147, 30.7402507], [46.4678367, 30.7402541], [46.4678099, 30.7406194], [46.4677833, 30.7409823], [46.4677568, 30.7409782], [46.4677333, 30.7412922], [46.4676977, 30.7412866], [46.4676936, 30.7413411], [46.4674758, 30.7413066], [46.4675034, 30.7409383], [46.4674942, 30.7409369], [46.4675212, 30.7405731], [46.4675481, 30.7402101], [46.4675552, 30.7401157], [46.4668146, 30.7399967]]], "df_ids": [5708]}