{"polygon": [[[46.4644198, 30.7172816], [46.4643844, 30.7172232], [46.4641144, 30.7175681], [46.4641498, 30.7176265], [46.4644198, 30.7172816]]], "df_ids": [192740]}