{"polygon": [[[46.4624406, 30.7139579], [46.4625068, 30.7140541], [46.4623704, 30.7142522], [46.4623041, 30.7141561], [46.4623747, 30.7140536], [46.4624406, 30.7139579]]], "df_ids": [133851]}