{"polygon": [[[46.4588273, 30.7429041], [46.4584992, 30.7428533], [46.4584884, 30.7430001], [46.4588165, 30.7430509], [46.4588183, 30.7430269], [46.4588273, 30.7429041]]], "df_ids": [89991]}