{"polygon": [[[46.4667575, 30.7265577], [46.466903, 30.726355], [46.4668321, 30.7262476], [46.4666909, 30.7264448], [46.4667575, 30.7265577]]], "df_ids": [112288]}