{"polygon": [[[46.4923948, 30.6938066], [46.492398, 30.6937726], [46.4922339, 30.6937399], [46.4922316, 30.6937645], [46.4922163, 30.693926], [46.4922508, 30.6939329], [46.492238, 30.6940691], [46.4923345, 30.6940884], [46.492345, 30.6939771], [46.4923781, 30.6939837], [46.4923948, 30.6938066]]], "df_ids": [193004]}