{"polygon": [[[46.4808355, 30.7338989], [46.4808559, 30.7339016], [46.4808731, 30.7336242], [46.480766, 30.7336102], [46.4806166, 30.7335873], [46.4806009, 30.7338425], [46.4805994, 30.7338647], [46.4806801, 30.7338752], [46.4806889, 30.7337323], [46.4807932, 30.7337459], [46.4807841, 30.7338922], [46.4808355, 30.7338989]]], "df_ids": [136520]}