{"polygon": [[[46.4356906, 30.7660805], [46.4359946, 30.7664824], [46.4360697, 30.7663628], [46.4363802, 30.7667732], [46.4364561, 30.7666523], [46.4361118, 30.766197], [46.436038, 30.7663146], [46.4357679, 30.7659574], [46.4356906, 30.7660805]]], "df_ids": [169397]}