{"polygon": [[[46.4682736, 30.7267024], [46.4681561, 30.7264912], [46.4680593, 30.7266056], [46.4680937, 30.7266693], [46.4681309, 30.7266266], [46.4682114, 30.7267742], [46.4682736, 30.7267024]]], "df_ids": [161136]}