{"polygon": [[[46.4701897, 30.724211], [46.4703084, 30.7244206], [46.4702592, 30.7244792], [46.4701877, 30.7243528], [46.4701671, 30.7243164], [46.4701408, 30.7242701], [46.4701897, 30.724211]]], "df_ids": [228631]}