{"polygon": [[[46.4364723, 30.7661584], [46.436783, 30.7665392], [46.4368926, 30.766351], [46.4365819, 30.7659702], [46.4364723, 30.7661584]]], "df_ids": [76495]}