{"polygon": [[[46.4358586, 30.758582], [46.4353019, 30.758849], [46.4351162, 30.758034], [46.4354715, 30.7578631], [46.4357358, 30.7580079], [46.4358586, 30.758582]]], "df_ids": [169603]}