{"polygon": [[[46.4371178, 30.766128], [46.4376958, 30.7659116], [46.4377885, 30.7664328], [46.4379452, 30.7663742], [46.4378569, 30.7658772], [46.4378245, 30.7658893], [46.4377791, 30.7656339], [46.4370767, 30.7658968], [46.4371178, 30.766128]]], "df_ids": [169723]}