{"polygon": [[[46.4810634, 30.747379], [46.481012, 30.7473732], [46.4808601, 30.7473563], [46.4808655, 30.7472546], [46.4810688, 30.7472773], [46.4810634, 30.747379]]], "df_ids": [188658]}