{"polygon": [[[46.4756257, 30.742858], [46.4755909, 30.7428534], [46.4754855, 30.7428392], [46.4754684, 30.7431003], [46.4755888, 30.7431166], [46.4756031, 30.7431185], [46.4756074, 30.7430514], [46.4755711, 30.7430465], [46.4755787, 30.7429276], [46.4756209, 30.7429333], [46.4756257, 30.742858]]], "df_ids": [45972]}