{"polygon": [[[46.4403658, 30.7675492], [46.4401908, 30.7677117], [46.440109, 30.7675261], [46.440284, 30.7673636], [46.4403658, 30.7675492]]], "df_ids": [34155]}