{"polygon": [[[46.4806651, 30.7477465], [46.4806772, 30.7475707], [46.4807988, 30.747585], [46.4807877, 30.7477626], [46.4807285, 30.7477548], [46.4806651, 30.7477465]]], "df_ids": [27415]}