{"polygon": [[[46.4783513, 30.729861], [46.4783619, 30.72988], [46.4782536, 30.730006], [46.4781977, 30.7299047], [46.4781536, 30.7298247], [46.4781345, 30.7298469], [46.4781168, 30.7298145], [46.4781062, 30.7297953], [46.4782591, 30.7296173], [46.4782885, 30.7296705], [46.4782628, 30.7297004], [46.4783513, 30.729861]]], "df_ids": [179282]}