{"polygon": [[[46.492262, 30.7260533], [46.4921113, 30.7262443], [46.4920801, 30.7261924], [46.4921004, 30.7261666], [46.4919394, 30.7258987], [46.4919195, 30.7259239], [46.4918862, 30.7258686], [46.4920513, 30.7256593], [46.492079, 30.7257054], [46.4920881, 30.7257207], [46.492058, 30.7257589], [46.4920383, 30.7257261], [46.4920221, 30.7257466], [46.4922135, 30.7260652], [46.4922248, 30.7260509], [46.4922058, 30.7260192], [46.492226, 30.7259935], [46.4922345, 30.7260076], [46.492262, 30.7260533]]], "df_ids": [10368]}