{"polygon": [[[46.439119, 30.7670265], [46.4388745, 30.767278], [46.4388009, 30.7671274], [46.4390454, 30.7668758], [46.439119, 30.7670265]]], "df_ids": [34158]}