{"polygon": [[[46.4675919, 30.7256635], [46.4675477, 30.7255859], [46.4675394, 30.725596], [46.4673895, 30.7257695], [46.4674359, 30.7258509], [46.4675919, 30.7256635]]], "df_ids": [235872]}