{"polygon": [[[46.4356618, 30.7575323], [46.4356492, 30.7574826], [46.4359121, 30.7573417], [46.4359927, 30.7576583], [46.4357298, 30.7577992], [46.4356618, 30.7575323]]], "df_ids": [169237]}