{"polygon": [[[46.4686433, 30.7262904], [46.4685741, 30.7263722], [46.4685564, 30.7263405], [46.4684902, 30.7262224], [46.4685594, 30.7261406], [46.4686433, 30.7262904]]], "df_ids": [194182]}