{"polygon": [[[46.4719861, 30.7574601], [46.4719109, 30.757852], [46.4717981, 30.7578064], [46.4718732, 30.7574145], [46.4719861, 30.7574601]]], "df_ids": [121656]}