{"polygon": [[[46.4378818, 30.7679032], [46.4374979, 30.7669628], [46.4373011, 30.767132], [46.4372235, 30.7669418], [46.4375244, 30.766683], [46.4376114, 30.7668961], [46.4376516, 30.7668616], [46.4380262, 30.7677791], [46.4378818, 30.7679032]]], "df_ids": [169725]}