{"polygon": [[[46.4823182, 30.7485429], [46.4824533, 30.7485642], [46.4824729, 30.7485673], [46.4824919, 30.7483333], [46.4825026, 30.7481672], [46.4824385, 30.7481576], [46.4824253, 30.7483423], [46.4823336, 30.7483284], [46.4823318, 30.7483525], [46.4823182, 30.7485429]]], "df_ids": [6032]}