{"polygon": [[[46.4090541, 30.7345751], [46.4090669, 30.7344916], [46.4091275, 30.7345117], [46.4091316, 30.734486], [46.4091891, 30.734505], [46.409176, 30.734588], [46.4093644, 30.7346505], [46.4093495, 30.7347456], [46.4093398, 30.7348071], [46.4091705, 30.7347509], [46.4091804, 30.7346877], [46.4090435, 30.7346423], [46.4090541, 30.7345751]]], "df_ids": [232553]}