{"polygon": [[[46.4216295, 30.7532903], [46.4216701, 30.7535258], [46.4218864, 30.7534473], [46.4218661, 30.7533295], [46.421912, 30.7533129], [46.4218901, 30.7531939], [46.4216295, 30.7532903]]], "df_ids": [172188]}