{"polygon": [[[46.428912, 30.7496058], [46.4285644, 30.7498059], [46.4286149, 30.7499904], [46.4289625, 30.7497903], [46.428912, 30.7496058]]], "df_ids": [33648]}