{"polygon": [[[46.4327157, 30.7135044], [46.433141, 30.7138951], [46.4330541, 30.7140943], [46.4332045, 30.7142324], [46.433428, 30.71372], [46.4331984, 30.713509], [46.4331225, 30.713683], [46.4327766, 30.7133653], [46.4327157, 30.7135044]]], "df_ids": [51187]}