{"polygon": [[[46.4455204, 30.7452554], [46.4460131, 30.7448912], [46.4461159, 30.7451722], [46.4460143, 30.7456402], [46.4457175, 30.745842], [46.4457841, 30.746044], [46.4461335, 30.745769], [46.4462638, 30.7451615], [46.4460887, 30.7446398], [46.4454571, 30.7450877], [46.4455204, 30.7452554]]], "df_ids": [169263]}