{"polygon": [[[46.4040768, 30.7176367], [46.4041792, 30.7176067], [46.4041716, 30.7175528], [46.4041508, 30.7174034], [46.4038937, 30.7174789], [46.4039981, 30.7182264], [46.4041528, 30.718181], [46.4040768, 30.7176367]]], "df_ids": [169299, 169507]}