{"polygon": [[[46.4043349, 30.7189522], [46.4043069, 30.7187513], [46.4042354, 30.7187723], [46.4041528, 30.718181], [46.4039981, 30.7182264], [46.4041087, 30.7190187], [46.4043349, 30.7189522]]], "df_ids": [169430, 169508]}