{"polygon": [[[46.4448088, 30.7460904], [46.4447429, 30.7458787], [46.4453474, 30.7454827], [46.4455634, 30.7461773], [46.4454242, 30.7462686], [46.445274, 30.7457856], [46.4448088, 30.7460904]]], "df_ids": [169300]}