{"polygon": [[[46.4568221, 30.7392301], [46.4566977, 30.7392095], [46.4566528, 30.7397814], [46.4562039, 30.7397072], [46.4561885, 30.7399037], [46.4567618, 30.7399985], [46.4568221, 30.7392301]]], "df_ids": [4489]}