{"polygon": [[[46.4210882, 30.7305499], [46.4210876, 30.7303693], [46.4210829, 30.7302554], [46.4204674, 30.7302686], [46.4204642, 30.7301813], [46.4202621, 30.7301836], [46.4201738, 30.7302994], [46.420187, 30.7310174], [46.4202885, 30.7311603], [46.420476, 30.7311552], [46.4204771, 30.7309297], [46.4203496, 30.7309297], [46.4203495, 30.7304656], [46.4204494, 30.7304656], [46.4204497, 30.7305726], [46.4210882, 30.7305499]]], "df_ids": [63236]}