{"polygon": [[[46.4244324, 30.7280183], [46.4244651, 30.7281036], [46.4244753, 30.7281802], [46.4244775, 30.7282766], [46.4244625, 30.7283428], [46.4243779, 30.7284134], [46.4242924, 30.7284263], [46.4242299, 30.7284012], [46.4241892, 30.7283256], [46.424172, 30.7282076], [46.4241732, 30.7280933], [46.424223, 30.7280106], [46.4242815, 30.7279794], [46.4243725, 30.7279667], [46.4244324, 30.7280183]]], "df_ids": [74887]}