{"polygon": [[[46.4316602, 30.7528788], [46.4317663, 30.7532824], [46.4316638, 30.7533391], [46.4316509, 30.7532899], [46.4314417, 30.7534056], [46.4314541, 30.7534529], [46.4313287, 30.7535222], [46.4312306, 30.7531487], [46.4313516, 30.7530818], [46.431363, 30.7531251], [46.4315843, 30.7530027], [46.4315655, 30.7529312], [46.4316602, 30.7528788]]], "df_ids": [169164]}