{"polygon": [[[46.4227382, 30.7276954], [46.4226587, 30.7276028], [46.4225775, 30.7275084], [46.4224091, 30.727813], [46.4224927, 30.7279102], [46.4225699, 30.728], [46.4227382, 30.7276954]]], "df_ids": [76828]}