{"polygon": [[[46.4137595, 30.7583883], [46.4136682, 30.7582992], [46.4136837, 30.758266], [46.4135716, 30.7581565], [46.4135607, 30.7581799], [46.4134729, 30.7580942], [46.4135355, 30.7579593], [46.4134715, 30.7578967], [46.4132563, 30.7583601], [46.4132269, 30.7584233], [46.4134895, 30.7586798], [46.4134667, 30.758729], [46.4135593, 30.7588194], [46.4135839, 30.7587664], [46.4137595, 30.7583883]]], "df_ids": [169163]}