{"polygon": [[[46.4320268, 30.7443777], [46.4318247, 30.7445416], [46.4316984, 30.7442138], [46.4319004, 30.7440499], [46.4320268, 30.7443777]]], "df_ids": [74926]}