{"polygon": [[[46.4245101, 30.7271492], [46.4245428, 30.7272345], [46.424553, 30.7273111], [46.4245552, 30.7274075], [46.4245402, 30.7274737], [46.4244556, 30.7275443], [46.4243701, 30.7275572], [46.4243076, 30.7275321], [46.4242669, 30.7274565], [46.4242497, 30.7273385], [46.4242509, 30.7272242], [46.4243007, 30.7271415], [46.4243592, 30.7271103], [46.4244502, 30.7270976], [46.4245101, 30.7271492]]], "df_ids": [74886]}