{"polygon": [[[46.4823415, 30.7492582], [46.482328, 30.7494862], [46.4825109, 30.749509], [46.4825244, 30.749281], [46.4823415, 30.7492582]]], "df_ids": [76593]}