{"polygon": [[[46.4928078, 30.729861], [46.4927468, 30.7297486], [46.4927044, 30.729797], [46.4926878, 30.7298158], [46.4927258, 30.7298828], [46.4927494, 30.7299279], [46.4928078, 30.729861]]], "df_ids": [75310]}