{"polygon": [[[46.4229626, 30.7236767], [46.4229351, 30.7234886], [46.4235037, 30.7233133], [46.4235313, 30.7235016], [46.4229626, 30.7236767]]], "df_ids": [169406]}