{"polygon": [[[46.4818237, 30.721896], [46.4815988, 30.7220174], [46.481615, 30.7220892], [46.4816652, 30.7222779], [46.4818752, 30.7221613], [46.4818237, 30.721896]]], "df_ids": [75021]}