{"polygon": [[[46.423502, 30.7268117], [46.4234835, 30.7266762], [46.4234654, 30.7265431], [46.4232025, 30.7266187], [46.423181, 30.7266248], [46.4232004, 30.7267493], [46.4232176, 30.7268932], [46.423502, 30.7268117]]], "df_ids": [76824]}