{"polygon": [[[46.5739058, 30.7999512], [46.5738368, 30.8001713], [46.5745492, 30.8006438], [46.5746182, 30.8004238], [46.5739058, 30.7999512]]], "df_ids": [75130]}