{"polygon": [[[46.444741, 30.7449937], [46.4446842, 30.7447698], [46.444669, 30.7447779], [46.4445464, 30.7442207], [46.4447753, 30.7440983], [46.4447143, 30.743858], [46.4443402, 30.744058], [46.4445806, 30.7450794], [46.444741, 30.7449937]]], "df_ids": [75148]}