{"polygon": [[[46.4769329, 30.69044], [46.4764356, 30.6897815], [46.4762826, 30.6900251], [46.4764039, 30.6901857], [46.4764532, 30.6901073], [46.4767139, 30.6904524], [46.4766521, 30.6905507], [46.4767675, 30.6907034], [46.4769329, 30.69044]]], "df_ids": [75367]}