{"polygon": [[[46.5809875, 30.8103677], [46.5808846, 30.8102942], [46.5808719, 30.810332], [46.5808595, 30.8103231], [46.5807562, 30.8106289], [46.5807696, 30.8106384], [46.5807565, 30.8106771], [46.5808584, 30.81075], [46.5809086, 30.8106016], [46.5809249, 30.8106132], [46.5809538, 30.8105276], [46.5809374, 30.810516], [46.5809875, 30.8103677]]], "df_ids": [75439]}