{"polygon": [[[46.4134005, 30.7587334], [46.4132341, 30.7586046], [46.4131934, 30.7587442], [46.4131176, 30.7588917], [46.413027, 30.7590204], [46.4129623, 30.7590982], [46.4130398, 30.75922], [46.413075, 30.7592753], [46.4131878, 30.7591733], [46.4132933, 30.7590258], [46.413371, 30.7588488], [46.4134005, 30.7587334]]], "df_ids": [169165]}