{"polygon": [[[46.4880912, 30.7139095], [46.4881093, 30.7140303], [46.4882162, 30.7139965], [46.4881981, 30.7138757], [46.4880912, 30.7139095]]], "df_ids": [162624]}