{"polygon": [[[46.4558166, 30.7462674], [46.4559612, 30.7459722], [46.4559483, 30.7459593], [46.4559635, 30.7459271], [46.4559157, 30.745879], [46.4559469, 30.745813], [46.4559286, 30.7457947], [46.4559728, 30.7457015], [46.4559916, 30.7457202], [46.4560238, 30.7456528], [46.4560668, 30.745696], [46.4560813, 30.7456653], [46.4560998, 30.7456838], [46.4561261, 30.7456238], [46.4561553, 30.7456388], [46.4561877, 30.7456638], [46.4562333, 30.745727], [46.4562662, 30.7458055], [46.4562843, 30.745898], [46.4562832, 30.7460135], [46.4562735, 30.7460631], [46.4562635, 30.7461135], [46.456286, 30.7461374], [46.4562616, 30.746202], [46.456219, 30.7462622], [46.45618, 30.7463029], [46.4561318, 30.746333], [46.4560841, 30.7463507], [46.456031, 30.7463626], [46.4559762, 30.7463639], [46.455923, 30.7463446], [46.4558663, 30.7463121], [46.4558166, 30.7462674]]], "df_ids": [27659]}