{"polygon": [[[46.4834996, 30.7391942], [46.4835157, 30.7389693], [46.4833484, 30.7389415], [46.4831955, 30.7389161], [46.4831805, 30.7391518], [46.4832667, 30.7391633], [46.4833361, 30.7391725], [46.4833944, 30.7391802], [46.4834996, 30.7391942]]], "df_ids": [785]}