{"polygon": [[[46.4839092, 30.7371166], [46.4839508, 30.7370519], [46.4840656, 30.7370637], [46.4840736, 30.7369508], [46.4837923, 30.7369223], [46.4837806, 30.7370958], [46.4839092, 30.7371166]]], "df_ids": [6015, 191795]}