{"polygon": [[[46.4841909, 30.6851201], [46.4844202, 30.6854579], [46.4843152, 30.6856081], [46.4842621, 30.6855299], [46.4842002, 30.6856185], [46.4841017, 30.6854734], [46.4841671, 30.6853799], [46.4840894, 30.6852654], [46.4841909, 30.6851201]]], "df_ids": [63233]}