{"polygon": [[[46.4877012, 30.7089554], [46.487683, 30.7089892], [46.4875333, 30.7088191], [46.4874213, 30.7090271], [46.4876329, 30.7092675], [46.4877589, 30.7090336], [46.4877012, 30.7089554]]], "df_ids": [75787]}