{"polygon": [[[46.4892194, 30.7352379], [46.4891724, 30.7352376], [46.489046, 30.7352387], [46.4890325, 30.7354434], [46.4892189, 30.7354444], [46.4892194, 30.7352379]]], "df_ids": [6685]}