{"polygon": [[[46.488236, 30.7141444], [46.4882174, 30.7140259], [46.4881148, 30.7140599], [46.4881334, 30.7141784], [46.488236, 30.7141444]]], "df_ids": [1213]}