{"polygon": [[[46.4885337, 30.7166466], [46.4885947, 30.7169671], [46.4886937, 30.716933], [46.4886328, 30.7166098], [46.4885337, 30.7166466]]], "df_ids": [175558]}