{"polygon": [[[46.4841502, 30.7337691], [46.4841522, 30.7337402], [46.4840196, 30.7337211], [46.4840272, 30.7336101], [46.4841312, 30.7336251], [46.4841655, 30.73363], [46.4843059, 30.7336502], [46.4843009, 30.7337214], [46.4842961, 30.7337901], [46.4841502, 30.7337691]]], "df_ids": [3258]}