{"polygon": [[[46.4841689, 30.7393132], [46.4841255, 30.7398934], [46.4842911, 30.739922], [46.4842985, 30.7398378], [46.484329, 30.7394097], [46.4843546, 30.7394133], [46.4843594, 30.7393425], [46.4843027, 30.7393345], [46.4841689, 30.7393132]]], "df_ids": [6914]}