{"polygon": [[[46.4835437, 30.7383242], [46.4834715, 30.7383126], [46.4834695, 30.738339], [46.483388, 30.7383258], [46.4833165, 30.7383144], [46.4833199, 30.7382694], [46.4833075, 30.7382674], [46.4832455, 30.7382574], [46.4832361, 30.7383806], [46.4832251, 30.7385251], [46.4833737, 30.7385489], [46.4835248, 30.7385732], [46.4835437, 30.7383242]]], "df_ids": [781]}