{"polygon": [[[46.4892273, 30.7161199], [46.4891919, 30.715913], [46.4890703, 30.7159568], [46.4891057, 30.7161637], [46.4892273, 30.7161199]]], "df_ids": [177530]}