{"polygon": [[[46.4836374, 30.7369001], [46.4837593, 30.7369176], [46.4837923, 30.7369223], [46.4837806, 30.7370958], [46.4837512, 30.7370916], [46.4836902, 30.7370829], [46.4836858, 30.7371483], [46.4836212, 30.7371391], [46.4836256, 30.7370734], [46.4836374, 30.7369001]]], "df_ids": [153672]}