{"polygon": [[[46.5107727, 30.6826084], [46.5106848, 30.6826931], [46.5108259, 30.6830025], [46.5109139, 30.6829179], [46.5107727, 30.6826084]]], "df_ids": [76405]}