{"polygon": [[[46.4606536, 30.7466849], [46.4605037, 30.7466658], [46.4605137, 30.7465002], [46.4606619, 30.7465191], [46.4606536, 30.7466849]]], "df_ids": [39231]}