{"polygon": [[[46.4839702, 30.7384046], [46.4839746, 30.7383429], [46.483984, 30.7382105], [46.4838432, 30.7381891], [46.4836186, 30.7381439], [46.4836146, 30.7382017], [46.4836305, 30.738248], [46.4837801, 30.7382749], [46.4838171, 30.7383205], [46.4838337, 30.7383898], [46.4839702, 30.7384046]]], "df_ids": [44848]}