{"polygon": [[[46.4844532, 30.685618], [46.4845344, 30.685748], [46.4845041, 30.6857879], [46.4845413, 30.6858475], [46.484504, 30.6858968], [46.4845298, 30.6859382], [46.4844007, 30.6861083], [46.4842955, 30.6859399], [46.4843731, 30.6858377], [46.4843228, 30.6857571], [46.4843456, 30.6857271], [46.4843252, 30.6856944], [46.4843608, 30.6856474], [46.4843924, 30.6856981], [46.4844532, 30.685618]]], "df_ids": [63232]}