{"polygon": [[[46.4832571, 30.7329173], [46.483307, 30.7329241], [46.4833035, 30.7329773], [46.4833423, 30.7329826], [46.4833447, 30.7329464], [46.4835031, 30.7329681], [46.4834937, 30.7331133], [46.483431, 30.7331047], [46.4833211, 30.7330897], [46.4831814, 30.7330706], [46.483192, 30.7329084], [46.4832571, 30.7329173]]], "df_ids": [6081]}