{"polygon": [[[46.4880343, 30.7089613], [46.4881688, 30.7091142], [46.4882721, 30.7089224], [46.4880789, 30.7087029], [46.4879809, 30.7088849], [46.4880343, 30.7089613]]], "df_ids": [75789]}