{"polygon": [[[46.4709768, 30.7344688], [46.4711702, 30.7345007], [46.4711603, 30.7346685], [46.4711145, 30.7346627], [46.4711101, 30.7347353], [46.4711559, 30.7347411], [46.4711482, 30.7348529], [46.4712951, 30.7348779], [46.4713007, 30.7347296], [46.4713168, 30.7347062], [46.4712985, 30.7343428], [46.4710662, 30.7342559], [46.4710508, 30.7342813], [46.470986, 30.7342707], [46.4709825, 30.7343535], [46.4709768, 30.7344688]]], "df_ids": [74891]}