{"polygon": [[[46.4706095, 30.7333374], [46.470419, 30.7333115], [46.4704308, 30.7331288], [46.4704637, 30.7331333], [46.4704675, 30.7330744], [46.4704367, 30.7330702], [46.4704429, 30.7329508], [46.4703144, 30.732934], [46.4703073, 30.7330672], [46.4702837, 30.7330951], [46.4702722, 30.7334774], [46.4704372, 30.7335234], [46.4705593, 30.7335409], [46.4705997, 30.7335468], [46.4706095, 30.7333374]]], "df_ids": [162865]}