{"polygon": [[[46.4691335, 30.7506762], [46.4691275, 30.7507517], [46.4691212, 30.7508451], [46.4690635, 30.7508349], [46.4690381, 30.7508317], [46.4689215, 30.7508144], [46.4689433, 30.7505391], [46.4690806, 30.7505619], [46.4691406, 30.7505719], [46.4691335, 30.7506762]]], "df_ids": [30785]}