{"polygon": [[[46.4723929, 30.7278277], [46.4727667, 30.7278832], [46.472761, 30.7279645], [46.4723872, 30.727909], [46.4723929, 30.7278277]]], "df_ids": [173572]}