{"polygon": [[[46.4726074, 30.7279925], [46.4726016, 30.728071], [46.4723633, 30.7280465], [46.4723407, 30.7280383], [46.4723466, 30.7279538], [46.4726074, 30.7279925]]], "df_ids": [173571]}