{"polygon": [[[46.5710591, 30.7966816], [46.5704193, 30.7962293], [46.5703433, 30.7964568], [46.5709831, 30.7969091], [46.5710591, 30.7966816]]], "df_ids": [79675]}