{"polygon": [[[46.5716209, 30.8005593], [46.5706642, 30.7998849], [46.5706013, 30.8000739], [46.5715579, 30.8007483], [46.5716209, 30.8005593]]], "df_ids": [79676]}