{"polygon": [[[46.5720876, 30.8028122], [46.5720341, 30.8027698], [46.572028, 30.8027862], [46.5719631, 30.8027347], [46.5719426, 30.8027893], [46.5719327, 30.8027815], [46.571869, 30.8029515], [46.5718789, 30.8029594], [46.5718418, 30.8030584], [46.5718306, 30.8030495], [46.571766, 30.8032221], [46.5717772, 30.8032309], [46.571657, 30.8035517], [46.5716859, 30.8035745], [46.5715844, 30.8038454], [46.5716984, 30.8039358], [46.5717295, 30.8038529], [46.5717474, 30.8038671], [46.5717878, 30.8037593], [46.5717699, 30.8037451], [46.5718253, 30.8035971], [46.5718379, 30.803607], [46.5718819, 30.8034896], [46.5718693, 30.8034796], [46.5719006, 30.8033962], [46.5718761, 30.8033768], [46.5719082, 30.8032911], [46.5719205, 30.8033008], [46.5719606, 30.8031939], [46.5719483, 30.8031841], [46.5720081, 30.8030244], [46.5720212, 30.8030347], [46.5720615, 30.802927], [46.5720485, 30.8029166], [46.5720876, 30.8028122]]], "df_ids": [79678]}