{"polygon": [[[46.4744602, 30.7502585], [46.4744507, 30.7503948], [46.4744126, 30.7503892], [46.4743792, 30.7503842], [46.474381, 30.7503581], [46.4742924, 30.750345], [46.4742236, 30.7503348], [46.4742313, 30.7502246], [46.4742698, 30.7502303], [46.4744602, 30.7502585]]], "df_ids": [153975]}