{"polygon": [[[46.4337898, 30.7629661], [46.4335635, 30.7634458], [46.433482, 30.7634682], [46.4334732, 30.7634856], [46.4334614, 30.7634984], [46.4334474, 30.7635056], [46.4334326, 30.7635065], [46.4334183, 30.7635011], [46.4334057, 30.7634897], [46.4333256, 30.7635112], [46.4329772, 30.7631652], [46.4330937, 30.7629184], [46.4333729, 30.7631957], [46.4334352, 30.7631764], [46.4336159, 30.7627934], [46.4337898, 30.7629661]]], "df_ids": [63228]}