{"polygon": [[[46.4872265, 30.6971035], [46.4871941, 30.6970089], [46.4870892, 30.6970847], [46.4871215, 30.6971793], [46.4872265, 30.6971035]]], "df_ids": [176619]}