{"polygon": [[[46.494692, 30.7222442], [46.4947024, 30.7222613], [46.4948014, 30.7224246], [46.4948141, 30.7224454], [46.4946665, 30.7226344], [46.494674, 30.7226469], [46.4945904, 30.722754], [46.494508, 30.7228595], [46.4945005, 30.7228471], [46.4943543, 30.7230343], [46.49434, 30.7230108], [46.4942403, 30.7228464], [46.4942321, 30.7228329], [46.4943828, 30.72264], [46.4943592, 30.7226012], [46.4945333, 30.7223783], [46.4945569, 30.7224172], [46.494692, 30.7222442]]], "df_ids": [9115]}