{"polygon": [[[46.4774342, 30.7458911], [46.4774418, 30.7457823], [46.4775745, 30.7458019], [46.4775622, 30.7459784], [46.4774516, 30.7459621], [46.4774564, 30.7458943], [46.4774342, 30.7458911]]], "df_ids": [28247]}