{"polygon": [[[46.4897022, 30.6971771], [46.4897847, 30.6974476], [46.4898561, 30.6976814], [46.4895926, 30.697851], [46.489559, 30.6977408], [46.489734, 30.6976282], [46.4896138, 30.697234], [46.4897022, 30.6971771]]], "df_ids": [137524]}