{"polygon": [[[46.4843529, 30.7287467], [46.4842441, 30.7288863], [46.484133, 30.7290199], [46.4842549, 30.7292267], [46.4843006, 30.7291699], [46.4842759, 30.7291272], [46.4843387, 30.7290494], [46.4844272, 30.7289392], [46.484437, 30.7289559], [46.4844207, 30.7289762], [46.4844376, 30.7290048], [46.4844765, 30.7289565], [46.4843529, 30.7287467]]], "df_ids": [6922]}