{"polygon": [[[46.4934353, 30.7285861], [46.4934699, 30.7285393], [46.4934911, 30.7284962], [46.493507, 30.7284392], [46.4935139, 30.7283801], [46.4936269, 30.7282438], [46.493576, 30.7281547], [46.493463, 30.728291], [46.4934031, 30.7281726], [46.4935202, 30.7280293], [46.4934521, 30.7279119], [46.4933074, 30.7280891], [46.4933755, 30.7282065], [46.4934344, 30.7283175], [46.4934397, 30.7283352], [46.4934425, 30.7283604], [46.4934418, 30.7283868], [46.4934378, 30.7284145], [46.4934291, 30.7284453], [46.4934121, 30.7284815], [46.4933909, 30.7285084], [46.4933822, 30.7284931], [46.4933334, 30.7285519], [46.4932782, 30.7286206], [46.4932235, 30.7286887], [46.4931766, 30.728745], [46.4931631, 30.7287625], [46.4931492, 30.7287765], [46.4931327, 30.728786], [46.4931119, 30.728788], [46.4930893, 30.7287879], [46.4930819, 30.7288563], [46.4931322, 30.7289446], [46.4931995, 30.7290767], [46.4932942, 30.7289542], [46.4933045, 30.7289693], [46.4933622, 30.7288999], [46.4933341, 30.7288508], [46.4934254, 30.728741], [46.4934492, 30.7287828], [46.4935075, 30.7287119], [46.493603, 30.7285982], [46.4935573, 30.7285184], [46.4934615, 30.7286314], [46.4934353, 30.7285861]]], "df_ids": [10630]}