{"polygon": [[[46.4868557, 30.7175549], [46.4868935, 30.7176996], [46.4868265, 30.7177365], [46.4867887, 30.7175918], [46.4868557, 30.7175549]]], "df_ids": [188631]}