{"polygon": [[[46.4797135, 30.6343771], [46.4796238, 30.6342949], [46.4794338, 30.634732], [46.4795235, 30.6348142], [46.4797135, 30.6343771]]], "df_ids": [89595]}