{"polygon": [[[46.4865151, 30.7170197], [46.4864104, 30.7166658], [46.4865002, 30.716602], [46.4865253, 30.7165853], [46.4865434, 30.7166426], [46.4865748, 30.7166217], [46.4865924, 30.7166775], [46.486557, 30.7167011], [46.4866339, 30.7169439], [46.4865151, 30.7170197]]], "df_ids": [255102]}