{"polygon": [[[46.4801881, 30.633277], [46.4800964, 30.6331891], [46.479963, 30.6334824], [46.4800547, 30.6335704], [46.4801881, 30.633277]]], "df_ids": [89596]}