{"polygon": [[[46.4866339, 30.7169439], [46.4866798, 30.7170892], [46.4867032, 30.7170736], [46.4867187, 30.7171224], [46.4866956, 30.7171378], [46.4867338, 30.7172585], [46.4866561, 30.7173068], [46.4866165, 30.7173343], [46.4865151, 30.7170197], [46.4866339, 30.7169439]]], "df_ids": [175559]}