{"polygon": [[[46.4569584, 30.7560075], [46.4569028, 30.7560602], [46.4568781, 30.7560053], [46.4568062, 30.7560734], [46.456815, 30.756093], [46.4567518, 30.7561528], [46.4567621, 30.7561756], [46.4567122, 30.7562228], [46.456691, 30.7561756], [46.4566788, 30.7561892], [46.4566341, 30.7560754], [46.4566165, 30.7560899], [46.4566045, 30.7560593], [46.4566475, 30.7560239], [46.4566347, 30.755991], [46.4566654, 30.7559658], [46.4566748, 30.75599], [46.4567415, 30.7559355], [46.4567309, 30.7559078], [46.4567452, 30.7558962], [46.4567535, 30.7559177], [46.4568099, 30.7558725], [46.4568015, 30.7558502], [46.4568528, 30.7558093], [46.4568617, 30.7558331], [46.456913, 30.7557926], [46.4569033, 30.7557666], [46.4570128, 30.7556804], [46.4570671, 30.7558259], [46.457044, 30.755844], [46.4570654, 30.7559003], [46.4570668, 30.7559196], [46.4570647, 30.7559369], [46.4570577, 30.755948], [46.4570486, 30.7559531], [46.457022, 30.755944], [46.4570464, 30.7559984], [46.4570105, 30.7560324], [46.4570003, 30.7560097], [46.4569716, 30.7560369], [46.4569584, 30.7560075]]], "df_ids": [74824]}