{"polygon": [[[46.4834295, 30.7362609], [46.4835844, 30.7362832], [46.4835718, 30.7364662], [46.4834337, 30.7364462], [46.483417, 30.7364438], [46.4834173, 30.7364393], [46.4834295, 30.7362609]]], "df_ids": [27866]}