{"polygon": [[[46.456708, 30.7548842], [46.4566965, 30.7548942], [46.4567003, 30.7549033], [46.4566693, 30.7549305], [46.4566609, 30.7549103], [46.4566245, 30.7549423], [46.4566317, 30.7549598], [46.4565824, 30.7550031], [46.4565687, 30.7549703], [46.4565348, 30.755], [46.4565434, 30.7550206], [46.4565199, 30.7550413], [46.4565255, 30.7550545], [46.4564971, 30.7550795], [46.4565035, 30.7550948], [46.4564506, 30.7551414], [46.4564394, 30.7551147], [46.4564066, 30.7551436], [46.4563994, 30.7551262], [46.4563408, 30.7551777], [46.4563277, 30.7551464], [46.4562934, 30.7551765], [46.4563007, 30.7551942], [46.4562764, 30.7552155], [46.4562824, 30.7552298], [46.4562177, 30.7552864], [46.4561913, 30.7553084], [46.4561862, 30.7552954], [46.4561563, 30.7553201], [46.4561505, 30.7553052], [46.4561072, 30.7553408], [46.4560951, 30.7553097], [46.4560461, 30.7553497], [46.4560531, 30.7553678], [46.456048, 30.7553719], [46.4560398, 30.7553501], [46.4559857, 30.7553928], [46.4559899, 30.7554041], [46.4559712, 30.7554185], [46.4559143, 30.7552627], [46.4559234, 30.7552558], [46.4559165, 30.7552366], [46.4559341, 30.7552234], [46.455941, 30.7552428], [46.4559912, 30.7552055], [46.4559793, 30.7551718], [46.4560147, 30.7551456], [46.4560215, 30.7551649], [46.4560588, 30.7551376], [46.4560508, 30.7551145], [46.4560895, 30.7550862], [46.4560967, 30.7551072], [46.4561155, 30.7550935], [46.4561081, 30.7550722], [46.4561704, 30.7550271], [46.4561768, 30.7550457], [46.4562036, 30.7550263], [46.4561965, 30.7550058], [46.4562317, 30.7549803], [46.4562384, 30.7549998], [46.4562668, 30.7549792], [46.456259, 30.7549565], [46.4563166, 30.7549147], [46.4563256, 30.7549409], [46.4563691, 30.7549093], [46.4563604, 30.7548838], [46.4564154, 30.7548437], [46.4564241, 30.7548689], [46.4564458, 30.7548531], [46.4564476, 30.754831], [46.4564689, 30.7548168], [46.4564775, 30.754816], [46.4564837, 30.7548322], [46.4565164, 30.7548059], [46.4565062, 30.7547792], [46.4565532, 30.7547413], [46.4565643, 30.7547704], [46.4565945, 30.7547461], [46.4565939, 30.7547301], [46.4566043, 30.7547151], [46.456629, 30.7546935], [46.456708, 30.7548842]]], "df_ids": [151053]}