{"polygon": [[[46.4878036, 30.7265692], [46.4877047, 30.7264021], [46.4876715, 30.7264021], [46.4875699, 30.7265899], [46.4876844, 30.7267749], [46.4877168, 30.726714], [46.4878036, 30.7265692]]], "df_ids": [5420]}