{"polygon": [[[46.4924038, 30.7478796], [46.4923778, 30.7479254], [46.4923446, 30.7478932], [46.4923169, 30.7479469], [46.4923455, 30.7479871], [46.4923191, 30.748037], [46.4923809, 30.7481065], [46.49241, 30.7481393], [46.4924238, 30.7481221], [46.4924427, 30.7481184], [46.4924614, 30.7481251], [46.4924786, 30.7481387], [46.4924948, 30.7481062], [46.4925113, 30.7480733], [46.4924961, 30.7480534], [46.4924847, 30.7480324], [46.4924825, 30.7480005], [46.4924903, 30.7479778], [46.4924538, 30.7479364], [46.4924038, 30.7478796]]], "df_ids": [31938]}