{"polygon": [[[46.5755383, 30.7991165], [46.5757411, 30.7985151], [46.5760056, 30.7987044], [46.576051, 30.7985702], [46.5756972, 30.7983169], [46.5754483, 30.7990536], [46.5755383, 30.7991165]]], "df_ids": [90688]}