{"polygon": [[[46.5772456, 30.8004087], [46.5775039, 30.7996546], [46.5771735, 30.7994151], [46.5771248, 30.7995572], [46.5773567, 30.7997253], [46.577147, 30.8003373], [46.5772456, 30.8004087]]], "df_ids": [90677]}