{"polygon": [[[46.5766592, 30.7999688], [46.5768691, 30.7993553], [46.5769687, 30.7994274], [46.5770105, 30.7993051], [46.5768747, 30.7992067], [46.5768226, 30.7991686], [46.5767639, 30.7993384], [46.5765703, 30.7999044], [46.5766592, 30.7999688]]], "df_ids": [90679]}