{"polygon": [[[46.5761078, 30.7995896], [46.5763706, 30.7988027], [46.576231, 30.798704], [46.5761937, 30.7988157], [46.5762443, 30.7988515], [46.5760189, 30.7995267], [46.5761078, 30.7995896]]], "df_ids": [90690]}