{"polygon": [[[46.4988658, 30.7199974], [46.4989315, 30.7195976], [46.4989122, 30.7195938], [46.4988694, 30.7195787], [46.4988031, 30.719975], [46.4988658, 30.7199974]]], "df_ids": [173681]}