{"polygon": [[[46.4064713, 30.7286274], [46.4064601, 30.7284677], [46.4063385, 30.7284858], [46.406336, 30.72845], [46.4062556, 30.728462], [46.4062585, 30.7285034], [46.4062876, 30.7284991], [46.4062984, 30.7286531], [46.4064713, 30.7286274]]], "df_ids": [76919]}