{"polygon": [[[46.4983685, 30.718215], [46.4983452, 30.7183777], [46.4983247, 30.7183715], [46.4982951, 30.7183625], [46.4983184, 30.7181999], [46.4983685, 30.718215]]], "df_ids": [135262]}