{"polygon": [[[46.4981597, 30.719771], [46.4982076, 30.7194707], [46.4981453, 30.7194497], [46.4980974, 30.71975], [46.4981597, 30.719771]]], "df_ids": [189504]}