{"polygon": [[[46.4996171, 30.7218334], [46.4995918, 30.7219901], [46.4995695, 30.7219825], [46.4993949, 30.7219231], [46.4994202, 30.7217664], [46.499501, 30.7217939], [46.4995915, 30.7218247], [46.4996171, 30.7218334]]], "df_ids": [228499]}