{"polygon": [[[46.4997301, 30.7220371], [46.4998613, 30.7220817], [46.5000138, 30.7221336], [46.5000176, 30.7221081], [46.5000383, 30.7219666], [46.4998824, 30.7219135], [46.499757, 30.7218708], [46.4997301, 30.7220371]]], "df_ids": [180625]}