{"polygon": [[[46.4738615, 30.7154613], [46.4739649, 30.7154857], [46.4739439, 30.7156732], [46.4738405, 30.7156488], [46.4738615, 30.7154613]]], "df_ids": [242997]}