{"polygon": [[[46.4764456, 30.7135124], [46.4764507, 30.7134235], [46.4768774, 30.713476], [46.4768723, 30.7135636], [46.4768075, 30.7135517], [46.4764456, 30.7135124]]], "df_ids": [235878]}