{"polygon": [[[46.4985373, 30.7206547], [46.4984713, 30.7206305], [46.4984142, 30.7209596], [46.4984803, 30.7209838], [46.4985373, 30.7206547]]], "df_ids": [236270]}