{"polygon": [[[46.4986426, 30.7210779], [46.4986276, 30.7211684], [46.4983995, 30.7210887], [46.4983528, 30.7210723], [46.4983678, 30.7209818], [46.4984083, 30.7209959], [46.4984901, 30.7210246], [46.4985988, 30.7210626], [46.4986121, 30.7210673], [46.4986426, 30.7210779]]], "df_ids": [136154]}