{"polygon": [[[46.4980332, 30.7214535], [46.4981536, 30.7214911], [46.4981702, 30.7214963], [46.4982146, 30.7213126], [46.498149, 30.7212925], [46.4981352, 30.7213662], [46.4980518, 30.7213386], [46.4980332, 30.7214535]]], "df_ids": [250872]}