{"polygon": [[[46.5004402, 30.7212814], [46.5003974, 30.7215733], [46.5003399, 30.7215538], [46.5003868, 30.7212632], [46.5004402, 30.7212814]]], "df_ids": [26339]}