{"polygon": [[[46.5002461, 30.7211995], [46.500204, 30.7215075], [46.5001174, 30.7214781], [46.5001665, 30.7211734], [46.5002461, 30.7211995]]], "df_ids": [26338]}