{"polygon": [[[46.4983723, 30.7193997], [46.4983182, 30.7197268], [46.4983101, 30.7197638], [46.4982412, 30.7197383], [46.4982256, 30.7197325], [46.498289, 30.7193713], [46.4983723, 30.7193997]]], "df_ids": [189503]}