{"polygon": [[[46.4994694, 30.7182302], [46.4994392, 30.7182185], [46.4994449, 30.7181874], [46.4993711, 30.7181589], [46.4993107, 30.7184892], [46.4994147, 30.7185293], [46.4994694, 30.7182302]]], "df_ids": [133685]}