{"polygon": [[[46.4982313, 30.7189335], [46.4981899, 30.7192142], [46.4981242, 30.7191937], [46.4981657, 30.718913], [46.4982313, 30.7189335]]], "df_ids": [235903]}