{"polygon": [[[46.5000946, 30.721583], [46.5001174, 30.7214781], [46.5001665, 30.7211734], [46.5001876, 30.721043], [46.5000608, 30.7209998], [46.5000377, 30.7211428], [46.5001086, 30.7211669], [46.5000451, 30.7215606], [46.5000946, 30.721583]]], "df_ids": [251811]}