{"polygon": [[[46.4789897, 30.7224054], [46.4784578, 30.7225583], [46.4784984, 30.7228506], [46.4790322, 30.7226897], [46.4789897, 30.7224054]]], "df_ids": [169367]}