{"polygon": [[[46.4751721, 30.7156327], [46.4751792, 30.7155244], [46.4747385, 30.7154328], [46.474728, 30.7155452], [46.4751721, 30.7156327]]], "df_ids": [189481]}