{"polygon": [[[46.4986357, 30.7214926], [46.4986762, 30.7212298], [46.4987498, 30.7212555], [46.498707, 30.7215172], [46.4986357, 30.7214926]]], "df_ids": [175657]}