{"polygon": [[[46.4790673, 30.7230303], [46.4791116, 30.7233254], [46.4785963, 30.7234783], [46.4785501, 30.7231806], [46.4790673, 30.7230303]]], "df_ids": [169750]}