{"polygon": [[[46.4984764, 30.7205993], [46.4984713, 30.7206305], [46.4984142, 30.7209596], [46.4984083, 30.7209959], [46.4983678, 30.7209818], [46.4983573, 30.7209752], [46.4984251, 30.7205806], [46.4984764, 30.7205993]]], "df_ids": [173654]}