{"polygon": [[[46.4765576, 30.7149778], [46.4765668, 30.7151191], [46.4763988, 30.715142], [46.4763897, 30.7150007], [46.4765576, 30.7149778]]], "df_ids": [194171]}