{"polygon": [[[46.5000176, 30.7221081], [46.5001091, 30.7221481], [46.5002072, 30.7221325], [46.5002744, 30.7221146], [46.5002375, 30.7218423], [46.5000588, 30.7218272], [46.5000418, 30.7219432], [46.5000383, 30.7219666], [46.5000176, 30.7221081]]], "df_ids": [27115]}