{"polygon": [[[46.4994175, 30.721234], [46.4993422, 30.7212094], [46.4992719, 30.7211875], [46.4992565, 30.7212917], [46.4993184, 30.7213136], [46.4994015, 30.7213377], [46.4994054, 30.7213063], [46.4994175, 30.721234]]], "df_ids": [138050]}