{"polygon": [[[46.4995677, 30.7213909], [46.4995362, 30.7213799], [46.4994909, 30.7213639], [46.4994446, 30.7216412], [46.4994202, 30.7217664], [46.499501, 30.7217939], [46.4995585, 30.7214398], [46.4995677, 30.7213909]]], "df_ids": [235884]}