{"polygon": [[[46.4995395, 30.7151418], [46.4995732, 30.7149297], [46.4992626, 30.7148254], [46.4992282, 30.7150418], [46.4993368, 30.7150783], [46.4993431, 30.7150387], [46.4994348, 30.7150695], [46.4994292, 30.7151048], [46.4995395, 30.7151418]]], "df_ids": [77828]}