{"polygon": [[[46.4762603, 30.7140971], [46.4762731, 30.7139364], [46.4763765, 30.7139476], [46.4763709, 30.7140502], [46.4763681, 30.7141016], [46.4762603, 30.7140971]]], "df_ids": [9731]}