{"polygon": [[[46.4997211, 30.7215531], [46.4995683, 30.7214959], [46.499543, 30.7216387], [46.4996958, 30.7216959], [46.4997211, 30.7215531]]], "df_ids": [195054]}