{"polygon": [[[46.472853, 30.719536], [46.4728165, 30.7192529], [46.4726272, 30.7193143], [46.4726428, 30.7194159], [46.4727296, 30.7193878], [46.4727569, 30.7195653], [46.472853, 30.719536]]], "df_ids": [51824]}