{"polygon": [[[46.4984562, 30.7188505], [46.4983456, 30.7188118], [46.4982565, 30.7187807], [46.4982313, 30.7189335], [46.4983228, 30.7189644], [46.4983815, 30.7189842], [46.4983723, 30.7190397], [46.498422, 30.7190571], [46.4984275, 30.7190236], [46.4984321, 30.718996], [46.4984562, 30.7188505]]], "df_ids": [173670]}