{"polygon": [[[46.4767886, 30.7137686], [46.4767921, 30.7137014], [46.476415, 30.7136604], [46.4764176, 30.7136111], [46.4768023, 30.7136529], [46.4768075, 30.7135517], [46.4764456, 30.7135124], [46.4764252, 30.7135101], [46.4762958, 30.7134961], [46.4762846, 30.7137138], [46.4767886, 30.7137686]]], "df_ids": [26470, 26471, 26472]}