{"polygon": [[[46.4680241, 30.7255864], [46.4679511, 30.7254505], [46.4678392, 30.7255755], [46.4679196, 30.7257136], [46.4680241, 30.7255864]]], "df_ids": [161322]}