{"polygon": [[[46.4623496, 30.7209998], [46.4624707, 30.7208336], [46.4625216, 30.7209118], [46.4624006, 30.721078], [46.4623496, 30.7209998]]], "df_ids": [133875]}