{"polygon": [[[46.4705289, 30.7249929], [46.4705837, 30.724933], [46.4709139, 30.725557], [46.4708555, 30.7256229], [46.4705289, 30.7249929]]], "df_ids": [189284, 198278]}