{"polygon": [[[46.4652435, 30.7184206], [46.46517, 30.7182958], [46.4652604, 30.7181835], [46.4653339, 30.7183083], [46.4652435, 30.7184206]]], "df_ids": [28456]}