{"polygon": [[[46.4643376, 30.7254178], [46.4643835, 30.7254936], [46.4641717, 30.7257644], [46.4641257, 30.7256885], [46.4642992, 30.7254668], [46.4643376, 30.7254178]]], "df_ids": [162601]}