{"polygon": [[[46.4642482, 30.7217682], [46.4643173, 30.7218807], [46.4642008, 30.7220316], [46.4641317, 30.7219191], [46.4642482, 30.7217682]]], "df_ids": [27255]}