{"polygon": [[[46.4627235, 30.7218946], [46.4628086, 30.7220306], [46.4628855, 30.7219293], [46.4629275, 30.721874], [46.4629064, 30.7218402], [46.4628866, 30.7218663], [46.4628777, 30.721852], [46.4628533, 30.7218841], [46.4628358, 30.7218562], [46.462868, 30.7218138], [46.4628304, 30.7217538], [46.4628179, 30.7217702], [46.4627235, 30.7218946]]], "df_ids": [127570]}