{"polygon": [[[46.4640458, 30.7267907], [46.4639897, 30.7266964], [46.4642144, 30.7264146], [46.4642705, 30.7265088], [46.4640612, 30.7267713], [46.4640458, 30.7267907]]], "df_ids": [190045]}