{"polygon": [[[46.468714, 30.7196774], [46.4687312, 30.719704], [46.4687408, 30.7196909], [46.4687774, 30.7197474], [46.4685048, 30.7201192], [46.4684511, 30.7200362], [46.468714, 30.7196774]]], "df_ids": [255014]}