{"polygon": [[[46.4701439, 30.7205208], [46.4701549, 30.7204905], [46.4703895, 30.7200962], [46.4704083, 30.7200613], [46.4704634, 30.7201593], [46.4702034, 30.7206131], [46.4701439, 30.7205208]]], "df_ids": [196132]}