{"polygon": [[[46.4597678, 30.7195691], [46.459624, 30.7197636], [46.4595638, 30.7198423], [46.4595333, 30.7197948], [46.4597365, 30.7195202], [46.4597678, 30.7195691]]], "df_ids": [162667]}