{"polygon": [[[46.4634256, 30.7131605], [46.4633548, 30.7131624], [46.4633732, 30.7128572], [46.463444, 30.7128554], [46.4634256, 30.7131605]]], "df_ids": [187696]}