{"polygon": [[[46.4681945, 30.7220364], [46.4680938, 30.7221639], [46.4682023, 30.7223446], [46.468303, 30.7222172], [46.4682539, 30.7221353], [46.4681945, 30.7220364]]], "df_ids": [52638]}