{"polygon": [[[46.4635912, 30.7131266], [46.4634866, 30.7131122], [46.4634933, 30.7130101], [46.4635129, 30.7127111], [46.4635181, 30.7126313], [46.4636227, 30.7126458], [46.4635912, 30.7131266]]], "df_ids": [135290]}