{"polygon": [[[46.5823476, 30.7818044], [46.5823063, 30.7819771], [46.5824116, 30.7820304], [46.5824538, 30.7818544], [46.5825505, 30.7819033], [46.5824467, 30.7823371], [46.5823497, 30.7822879], [46.5823953, 30.782097], [46.5822884, 30.7820428], [46.5821834, 30.7824816], [46.5820922, 30.7824354], [46.5821401, 30.7822352], [46.5820199, 30.7821743], [46.5819787, 30.7823467], [46.5818871, 30.7823003], [46.5819709, 30.7819501], [46.5820639, 30.7819973], [46.5820342, 30.7821214], [46.5821526, 30.7821814], [46.5822541, 30.7817571], [46.5823476, 30.7818044]]], "df_ids": [63337]}