{"polygon": [[[46.4607194, 30.7210253], [46.4606739, 30.7209499], [46.4604882, 30.7211861], [46.4605338, 30.7212616], [46.4605854, 30.7211959], [46.4607194, 30.7210253]]], "df_ids": [243187]}