{"polygon": [[[46.4623501, 30.7231532], [46.4622962, 30.7230604], [46.462331, 30.7230178], [46.4623121, 30.7229852], [46.462344, 30.7229462], [46.4623824, 30.7230124], [46.4623717, 30.7230254], [46.462452, 30.7231636], [46.4624622, 30.723151], [46.4624989, 30.7232142], [46.4624846, 30.7232317], [46.4624671, 30.7232531], [46.4624503, 30.7232242], [46.4624158, 30.7232663], [46.4623501, 30.7231532]]], "df_ids": [176552]}