{"polygon": [[[46.4601046, 30.7186839], [46.4600707, 30.7187279], [46.4598216, 30.7190511], [46.4597613, 30.7189532], [46.4597969, 30.718907], [46.4598146, 30.7189358], [46.460062, 30.7186147], [46.4601046, 30.7186839]]], "df_ids": [26337]}