{"polygon": [[[46.4594901, 30.7199424], [46.4595161, 30.7199829], [46.4595899, 30.7198828], [46.4595638, 30.7198423], [46.4594901, 30.7199424]]], "df_ids": [173629]}