{"polygon": [[[46.4679615, 30.7195654], [46.4682033, 30.7199407], [46.4681558, 30.7200032], [46.4679222, 30.7196266], [46.4679615, 30.7195654]]], "df_ids": [26125]}