{"polygon": [[[46.4635197, 30.7120473], [46.4635264, 30.7118203], [46.4632507, 30.7118115], [46.4632344, 30.71204], [46.4635197, 30.7120473]]], "df_ids": [136551]}