{"polygon": [[[46.4661081, 30.7257921], [46.4660425, 30.7258794], [46.4662007, 30.7261319], [46.4662686, 30.7260464], [46.4661678, 30.7258867], [46.4661081, 30.7257921]]], "df_ids": [235736]}