{"polygon": [[[46.4659174, 30.7194695], [46.4658466, 30.7195609], [46.4657858, 30.7196386], [46.4657404, 30.7195637], [46.4658731, 30.7193945], [46.4659174, 30.7194695]]], "df_ids": [2569]}