{"polygon": [[[46.4683265, 30.7200157], [46.4684514, 30.7201629], [46.4683773, 30.7202954], [46.4682524, 30.7201481], [46.4683265, 30.7200157]]], "df_ids": [255015]}