{"polygon": [[[46.4597459, 30.7193405], [46.4596756, 30.7194306], [46.4596106, 30.7193237], [46.459681, 30.7192297], [46.4597459, 30.7193405]]], "df_ids": [236046]}