{"polygon": [[[46.4661399, 30.7238108], [46.4661057, 30.723751], [46.46634, 30.723472], [46.4663722, 30.723533], [46.4661399, 30.7238108]]], "df_ids": [163192]}