{"polygon": [[[46.4700145, 30.7201888], [46.4702846, 30.7197189], [46.470305, 30.7196801], [46.4703421, 30.7196219], [46.4704708, 30.7193948], [46.4705299, 30.7194753], [46.4700875, 30.7202893], [46.470057, 30.7202464], [46.4700145, 30.7201888]]], "df_ids": [136246]}