{"polygon": [[[46.4600598, 30.7177239], [46.4601345, 30.7178478], [46.4602201, 30.7177367], [46.4601891, 30.7176863], [46.460143, 30.7176123], [46.4600598, 30.7177239]]], "df_ids": [162101]}