{"polygon": [[[46.4605666, 30.7194368], [46.4605027, 30.7193457], [46.4603121, 30.7195937], [46.4603779, 30.7196876], [46.4605666, 30.7194368]]], "df_ids": [243001]}