{"polygon": [[[46.4603953, 30.7175121], [46.4604359, 30.7175797], [46.46028, 30.7177772], [46.4602394, 30.7177096], [46.4603953, 30.7175121]]], "df_ids": [136243]}