{"polygon": [[[46.4673567, 30.7185638], [46.4674218, 30.7186695], [46.4672319, 30.7189156], [46.4672533, 30.7189503], [46.4672154, 30.7189995], [46.4672027, 30.7189788], [46.4671295, 30.71886], [46.4673567, 30.7185638]]], "df_ids": [136037]}