{"polygon": [[[46.4673784, 30.7221281], [46.4675057, 30.7223492], [46.4674134, 30.7224612], [46.4672861, 30.7222401], [46.4673178, 30.7222016], [46.4673784, 30.7221281]]], "df_ids": [179291]}