{"polygon": [[[46.4626373, 30.7234901], [46.4625883, 30.7235512], [46.462538, 30.7234662], [46.4625165, 30.7234298], [46.4624353, 30.7232925], [46.4624671, 30.7232531], [46.4624846, 30.7232317], [46.462524, 30.7232985], [46.4626373, 30.7234901]]], "df_ids": [235475]}