{"polygon": [[[46.4647596, 30.7260091], [46.464721, 30.7259482], [46.4644931, 30.7262527], [46.4645297, 30.7263104], [46.4645675, 30.7262609], [46.4647596, 30.7260091]]], "df_ids": [243128]}