{"polygon": [[[46.4631259, 30.7132419], [46.4630598, 30.713239], [46.4631013, 30.7127054], [46.4631677, 30.7127112], [46.4631259, 30.7132419]]], "df_ids": [210904]}