{"polygon": [[[46.4601774, 30.7203844], [46.4603263, 30.72019], [46.4603604, 30.7202451], [46.4602109, 30.7204428], [46.4601774, 30.7203844]]], "df_ids": [26112]}