{"polygon": [[[46.4616982, 30.7231226], [46.461608, 30.7232377], [46.4615328, 30.7231136], [46.46159, 30.7230453], [46.4616228, 30.7229982], [46.4616982, 30.7231226]]], "df_ids": [228633]}