{"polygon": [[[46.4645172, 30.7253656], [46.4644566, 30.7252656], [46.4643599, 30.7253892], [46.4644205, 30.7254892], [46.4645172, 30.7253656]]], "df_ids": [138120]}