{"polygon": [[[46.4646917, 30.7197432], [46.4646107, 30.7198516], [46.4645316, 30.7197218], [46.4645732, 30.7196683], [46.4646142, 30.7196157], [46.4646415, 30.7196604], [46.4646917, 30.7197432]]], "df_ids": [28457]}