{"polygon": [[[46.4635465, 30.7260252], [46.4635072, 30.7259646], [46.4637514, 30.7256195], [46.4637898, 30.7256795], [46.4637562, 30.7257309], [46.4636522, 30.7258766], [46.4635465, 30.7260252]]], "df_ids": [175632]}