{"polygon": [[[46.4652266, 30.7128794], [46.4652244, 30.713136], [46.4651704, 30.7131483], [46.4651662, 30.7128814], [46.4652266, 30.7128794]]], "df_ids": [236101]}