{"polygon": [[[46.4678651, 30.721479], [46.4680848, 30.7218241], [46.4679819, 30.7219623], [46.4677593, 30.7216128], [46.4678651, 30.721479]]], "df_ids": [63427]}