{"polygon": [[[46.4608489, 30.7189852], [46.4607683, 30.7188586], [46.4608658, 30.7187278], [46.4609464, 30.7188544], [46.4609402, 30.7188626], [46.4608489, 30.7189852]]], "df_ids": [229041]}