{"polygon": [[[46.4695452, 30.7272143], [46.469546, 30.7271498], [46.4695416, 30.7267496], [46.4695405, 30.72669], [46.4694802, 30.7266922], [46.4694893, 30.7272165], [46.4695452, 30.7272143]]], "df_ids": [162077]}