{"polygon": [[[46.4640114, 30.7247092], [46.4639908, 30.7247365], [46.463646, 30.7251942], [46.463574, 30.7250795], [46.4636202, 30.7250179], [46.4636501, 30.7250654], [46.4639691, 30.724642], [46.4640114, 30.7247092]]], "df_ids": [187685]}