{"polygon": [[[46.4685472, 30.726029], [46.4685081, 30.7259592], [46.4684445, 30.7258458], [46.4684709, 30.7258146], [46.4685058, 30.7257733], [46.4686085, 30.7259566], [46.4685472, 30.726029]]], "df_ids": [189303]}