{"polygon": [[[46.4608293, 30.7177054], [46.4609518, 30.7179005], [46.4609826, 30.7179495], [46.4610702, 30.7178336], [46.4609195, 30.7175939], [46.4609094, 30.7176066], [46.4608293, 30.7177054]]], "df_ids": [133223]}