{"polygon": [[[46.4666735, 30.7133715], [46.466555, 30.7133715], [46.466555, 30.7132138], [46.4666144, 30.7132139], [46.4666745, 30.7132135], [46.4666735, 30.7133715]]], "df_ids": [2362]}