{"polygon": [[[46.4692042, 30.7235444], [46.4693442, 30.7237828], [46.4694157, 30.7236966], [46.469402, 30.7236723], [46.469275, 30.7234559], [46.4692042, 30.7235444]]], "df_ids": [201792]}