{"polygon": [[[46.4614289, 30.7210043], [46.4613855, 30.7209339], [46.4612672, 30.7210876], [46.4613106, 30.7211579], [46.4614289, 30.7210043]]], "df_ids": [162093]}