{"polygon": [[[46.4664872, 30.7259456], [46.4665333, 30.7260192], [46.4664673, 30.7261064], [46.4664017, 30.7260042], [46.4663573, 30.7259351], [46.466423, 30.7258433], [46.4664872, 30.7259456]]], "df_ids": [180396]}