{"polygon": [[[46.4677201, 30.7186374], [46.4675247, 30.7188864], [46.4674456, 30.7188082], [46.467655, 30.7185466], [46.4677201, 30.7186374]]], "df_ids": [188608]}