{"polygon": [[[46.4608658, 30.7199521], [46.4609011, 30.7200132], [46.4606936, 30.7202653], [46.4606584, 30.7202042], [46.4608658, 30.7199521]]], "df_ids": [26957]}