{"polygon": [[[46.4658058, 30.7137556], [46.4658476, 30.7139214], [46.465713, 30.7139219], [46.4656816, 30.713836], [46.4656761, 30.7137562], [46.4658058, 30.7137556]]], "df_ids": [189164]}