{"polygon": [[[46.469402, 30.7236723], [46.4694532, 30.7236118], [46.4692682, 30.7232952], [46.4692174, 30.7233582], [46.4692292, 30.7233782], [46.4692706, 30.7234485], [46.469275, 30.7234559], [46.469402, 30.7236723]]], "df_ids": [161340]}