{"polygon": [[[46.4600176, 30.7195513], [46.4599131, 30.7193827], [46.4598398, 30.7192645], [46.4599118, 30.7191705], [46.4600881, 30.7194621], [46.4600176, 30.7195513]]], "df_ids": [138882]}