{"polygon": [[[46.4599632, 30.7175721], [46.4600598, 30.7177239], [46.460143, 30.7176123], [46.4601576, 30.7175928], [46.460135, 30.7175573], [46.460126, 30.7175693], [46.460052, 30.717453], [46.4599632, 30.7175721]]], "df_ids": [175848]}