{"polygon": [[[46.468841, 30.7211029], [46.4687954, 30.7210275], [46.4692667, 30.7204266], [46.4693123, 30.720502], [46.468841, 30.7211029]]], "df_ids": [181317]}