{"polygon": [[[46.4697186, 30.7212351], [46.4697671, 30.7213152], [46.4695893, 30.7215419], [46.4695795, 30.7215217], [46.4695423, 30.7214677], [46.4696816, 30.721284], [46.4697186, 30.7212351]]], "df_ids": [173683]}