{"polygon": [[[46.4710366, 30.7257772], [46.4709902, 30.7256967], [46.4706433, 30.7261181], [46.4706899, 30.7261976], [46.4709547, 30.7258767], [46.4710366, 30.7257772]]], "df_ids": [197110]}