{"polygon": [[[46.4633494, 30.7188871], [46.463807, 30.718342], [46.4637623, 30.7182631], [46.4633048, 30.7188081], [46.4633494, 30.7188871]]], "df_ids": [181113]}