{"polygon": [[[46.4621375, 30.7236823], [46.4621468, 30.7236698], [46.4623074, 30.7234543], [46.4623436, 30.7235111], [46.4621738, 30.7237392], [46.4621375, 30.7236823]]], "df_ids": [133956]}