{"polygon": [[[46.466504, 30.7205774], [46.4665643, 30.7206736], [46.4662412, 30.7211004], [46.4661808, 30.7210041], [46.466504, 30.7205774]]], "df_ids": [181184]}