{"polygon": [[[46.4654815, 30.7187377], [46.4652616, 30.7190133], [46.4651783, 30.7188748], [46.4652372, 30.7188002], [46.4653982, 30.7185962], [46.4654815, 30.7187377]]], "df_ids": [175605]}