{"polygon": [[[46.4637534, 30.72262], [46.4637033, 30.722539], [46.4635208, 30.7227771], [46.4634772, 30.7228339], [46.4635273, 30.7229149], [46.4637534, 30.72262]]], "df_ids": [188995]}