{"polygon": [[[46.465895, 30.7115897], [46.4658952, 30.711616], [46.4658954, 30.7116625], [46.4658977, 30.7121022], [46.4658984, 30.7122486], [46.4658223, 30.7122493], [46.4658194, 30.7115904], [46.465895, 30.7115897]]], "df_ids": [180266]}