{"polygon": [[[46.4717834, 30.7208689], [46.4715341, 30.7205907], [46.4715034, 30.7205569], [46.4716463, 30.7203258], [46.4716822, 30.7203899], [46.4716443, 30.720459], [46.471624, 30.720463], [46.4718911, 30.720771], [46.4718073, 30.7208942], [46.4717834, 30.7208689]]], "df_ids": [173638]}