{"polygon": [[[46.4695795, 30.7215217], [46.4694725, 30.7216762], [46.4694325, 30.7216123], [46.4695423, 30.7214677], [46.4695795, 30.7215217]]], "df_ids": [162139]}