{"polygon": [[[46.4648299, 30.7195665], [46.4647885, 30.7194982], [46.4647797, 30.7194838], [46.4647118, 30.7195705], [46.4646415, 30.7196604], [46.4646917, 30.7197432], [46.4647611, 30.7196545], [46.4648299, 30.7195665]]], "df_ids": [182313]}