{"polygon": [[[46.4646174, 30.7142494], [46.4646742, 30.7143301], [46.4644774, 30.7146222], [46.4644206, 30.7145415], [46.4644664, 30.7144735], [46.4646174, 30.7142494]]], "df_ids": [173647, 189312]}