{"polygon": [[[46.4659955, 30.723891], [46.4659308, 30.7237828], [46.4660092, 30.7236855], [46.4660739, 30.7237937], [46.4659955, 30.723891]]], "df_ids": [530]}