{"polygon": [[[46.463809, 30.7223646], [46.4638641, 30.7222893], [46.4639858, 30.7224768], [46.4639308, 30.7225521], [46.463809, 30.7223646]]], "df_ids": [181177]}