{"polygon": [[[46.4630938, 30.7231179], [46.4630436, 30.7230383], [46.4629819, 30.7231203], [46.4629974, 30.7231448], [46.4630321, 30.7231999], [46.4630938, 30.7231179]]], "df_ids": [231406]}