{"polygon": [[[46.4660648, 30.7256306], [46.4660322, 30.7256708], [46.4659545, 30.725538], [46.4660091, 30.7254708], [46.466028, 30.725503], [46.4660061, 30.72553], [46.4660179, 30.7255504], [46.4660648, 30.7256306]]], "df_ids": [4754]}