{"polygon": [[[46.4635142, 30.7213478], [46.463337, 30.7215872], [46.4634983, 30.7218388], [46.4635458, 30.7217746], [46.463553, 30.7217649], [46.4635707, 30.721741], [46.4635373, 30.7216888], [46.4634427, 30.7215413], [46.4635475, 30.7213998], [46.4635142, 30.7213478]]], "df_ids": [175434]}