{"polygon": [[[46.4616045, 30.7221177], [46.4614328, 30.7223329], [46.4613703, 30.7224113], [46.4613261, 30.7223371], [46.4615604, 30.7220435], [46.4616045, 30.7221177]]], "df_ids": [3464]}