{"polygon": [[[46.460757, 30.7197021], [46.460777, 30.719676], [46.4608279, 30.7197567], [46.4604666, 30.7202311], [46.4603898, 30.7201071], [46.4604373, 30.7200451], [46.4604811, 30.7201159], [46.4605029, 30.7200875], [46.4604959, 30.7200763], [46.4607684, 30.7197204], [46.460757, 30.7197021]]], "df_ids": [174012]}