{"polygon": [[[46.461256, 30.7212122], [46.4611836, 30.7210953], [46.4611084, 30.7211935], [46.4611802, 30.7213095], [46.461225, 30.7212532], [46.461256, 30.7212122]]], "df_ids": [212573]}