{"polygon": [[[46.4616272, 30.7133162], [46.4618651, 30.7133117], [46.4618686, 30.7131562], [46.4616278, 30.7131402], [46.4616272, 30.7133162]]], "df_ids": [33118]}