{"polygon": [[[46.4643512, 30.7221285], [46.4642553, 30.7222552], [46.4642963, 30.722321], [46.4643914, 30.7221962], [46.4643512, 30.7221285]]], "df_ids": [195025]}