{"polygon": [[[46.4649776, 30.7193732], [46.4649187, 30.719453], [46.464658, 30.7190231], [46.4647199, 30.7189446], [46.4649776, 30.7193732]]], "df_ids": [236187]}