{"polygon": [[[46.4687174, 30.7201698], [46.4686643, 30.720238], [46.4684645, 30.7204862], [46.4683474, 30.7206451], [46.4684281, 30.7207776], [46.4685182, 30.7209255], [46.4685549, 30.7208784], [46.4687397, 30.720641], [46.4687007, 30.7205765], [46.4685279, 30.720797], [46.4684437, 30.7206579], [46.4687648, 30.7202482], [46.4687174, 30.7201698]]], "df_ids": [136124]}