{"polygon": [[[46.4648759, 30.72678], [46.4647971, 30.7268879], [46.4647449, 30.7268075], [46.4648238, 30.7266997], [46.4648759, 30.72678]]], "df_ids": [190243]}