{"polygon": [[[46.4602201, 30.7177367], [46.4602394, 30.7177096], [46.4603953, 30.7175121], [46.460506, 30.7173669], [46.460475, 30.7173165], [46.4601891, 30.7176863], [46.4602201, 30.7177367]]], "df_ids": [162102]}