{"polygon": [[[46.4705853, 30.7209318], [46.4705909, 30.7209639], [46.4706084, 30.7209813], [46.470503, 30.721154], [46.4704422, 30.7212536], [46.4702744, 30.7210161], [46.4703271, 30.7209432], [46.4703396, 30.7209599], [46.4703766, 30.7209022], [46.4704246, 30.7209626], [46.4703951, 30.7210082], [46.4704385, 30.7210712], [46.4704662, 30.7210189], [46.470444, 30.7209988], [46.4705265, 30.7208476], [46.4705853, 30.7209318]]], "df_ids": [111283]}