{"polygon": [[[46.4614913, 30.7139154], [46.4614875, 30.7139368], [46.461489, 30.714385], [46.4614889, 30.7146308], [46.4614309, 30.714631], [46.4614323, 30.7139169], [46.4614913, 30.7139154]]], "df_ids": [194889]}