{"polygon": [[[46.4699924, 30.7202224], [46.4698843, 30.7203872], [46.4697272, 30.7201257], [46.4697641, 30.7200696], [46.4697917, 30.7200276], [46.4698048, 30.7200077], [46.4698558, 30.7200879], [46.4699471, 30.7202317], [46.4699702, 30.7201847], [46.4699924, 30.7202224]]], "df_ids": [1587]}