{"polygon": [[[46.462051, 30.7131245], [46.4620589, 30.7125016], [46.4618686, 30.712515], [46.4618636, 30.7123921], [46.4619383, 30.7123968], [46.4621773, 30.7123863], [46.4621501, 30.712821], [46.4621374, 30.7130227], [46.4621299, 30.7131282], [46.462051, 30.7131245]]], "df_ids": [235879]}