{"polygon": [[[46.4622045, 30.7188809], [46.4622454, 30.7189451], [46.4620023, 30.7192713], [46.4619614, 30.719207], [46.4622045, 30.7188809]]], "df_ids": [235875]}