{"polygon": [[[46.4693141, 30.7231798], [46.4692772, 30.7231091], [46.4692476, 30.7231185], [46.4692347, 30.723089], [46.4692703, 30.72304], [46.469262, 30.7230179], [46.4692307, 30.7229641], [46.4691779, 30.7230233], [46.4691921, 30.7230575], [46.4691382, 30.7231206], [46.4691052, 30.7231107], [46.4690897, 30.7231136], [46.4690781, 30.7231252], [46.4690664, 30.723149], [46.4690645, 30.7231739], [46.4690728, 30.7232036], [46.4690915, 30.7232184], [46.4691372, 30.7233035], [46.4691227, 30.7233273], [46.4691488, 30.7233773], [46.469231, 30.7232808], [46.4693141, 30.7231798]]], "df_ids": [52051]}