{"polygon": [[[46.4610916, 30.7223229], [46.4611359, 30.7223946], [46.4610931, 30.7224502], [46.4610488, 30.7223785], [46.4610916, 30.7223229]]], "df_ids": [3453]}