{"polygon": [[[46.4605146, 30.7212773], [46.4604179, 30.7214038], [46.4603369, 30.7212804], [46.4604207, 30.7211755], [46.4604309, 30.7211627], [46.4604681, 30.7212253], [46.4604776, 30.7212135], [46.4605146, 30.7212773]]], "df_ids": [174007]}