{"polygon": [[[46.463553, 30.7217649], [46.4636015, 30.7218404], [46.4638637, 30.7214862], [46.4638152, 30.7214106], [46.4637255, 30.7215318], [46.4635707, 30.721741], [46.463553, 30.7217649]]], "df_ids": [255106]}