{"polygon": [[[46.464072, 30.7260269], [46.4640411, 30.7259788], [46.4638944, 30.7261777], [46.4639253, 30.7262258], [46.4640515, 30.7260547], [46.464072, 30.7260269]]], "df_ids": [242984]}