{"polygon": [[[46.4631514, 30.7174695], [46.462597, 30.7181772], [46.462558, 30.7181127], [46.4631123, 30.717405], [46.4631514, 30.7174695]]], "df_ids": [235888]}