{"polygon": [[[46.4660641, 30.7203592], [46.4660105, 30.7202707], [46.4660006, 30.7202542], [46.4658415, 30.7199914], [46.4658888, 30.7199312], [46.4659184, 30.7199801], [46.4660939, 30.72027], [46.4661114, 30.7202989], [46.4660641, 30.7203592]]], "df_ids": [27245]}