{"polygon": [[[46.4626295, 30.7162687], [46.4624386, 30.7165094], [46.4624178, 30.7164746], [46.4623793, 30.7164103], [46.4625393, 30.7162046], [46.4625686, 30.7161669], [46.4626295, 30.7162687]]], "df_ids": [236090]}