{"polygon": [[[46.4619189, 30.7234972], [46.4619288, 30.7234846], [46.4619487, 30.7234608], [46.4620611, 30.7233174], [46.462021, 30.7232508], [46.4618789, 30.7234306], [46.4619189, 30.7234972]]], "df_ids": [236105]}