{"polygon": [[[46.4611852, 30.7147406], [46.4611845, 30.7146531], [46.4611821, 30.7143393], [46.4611377, 30.7143421], [46.4611131, 30.7143408], [46.4611146, 30.7145323], [46.4611011, 30.7145325], [46.4611025, 30.7146311], [46.461104, 30.714742], [46.4611852, 30.7147406]]], "df_ids": [180990]}