{"polygon": [[[46.4630481, 30.7192633], [46.4629791, 30.7191476], [46.463082, 30.7190184], [46.463151, 30.719134], [46.4631275, 30.7191635], [46.4630481, 30.7192633]]], "df_ids": [229186]}