{"polygon": [[[46.4678486, 30.7197229], [46.4681455, 30.7202016], [46.4682191, 30.7201053], [46.4681558, 30.7200032], [46.4679222, 30.7196266], [46.4678832, 30.7196776], [46.4678486, 30.7197229]]], "df_ids": [161824]}