{"polygon": [[[46.4635102, 30.7223219], [46.4635754, 30.7224348], [46.463518, 30.7225047], [46.4634528, 30.7223917], [46.463469, 30.722372], [46.4635102, 30.7223219]]], "df_ids": [26953]}