{"polygon": [[[46.4648467, 30.7187546], [46.4647681, 30.7186276], [46.4646265, 30.7188097], [46.4647045, 30.7189375], [46.4648467, 30.7187546]]], "df_ids": [189456]}