{"polygon": [[[46.4605275, 30.7176941], [46.4605615, 30.7177506], [46.4603864, 30.7179732], [46.4603523, 30.7179167], [46.4605275, 30.7176941]]], "df_ids": [173649]}