{"polygon": [[[46.4613732, 30.7131462], [46.4614874, 30.7131487], [46.4614857, 30.7133109], [46.4613715, 30.7133084], [46.4613732, 30.7131462]]], "df_ids": [191776]}