{"polygon": [[[46.4608426, 30.7187032], [46.4607487, 30.7188253], [46.4606744, 30.7187049], [46.4607683, 30.7185827], [46.4608426, 30.7187032]]], "df_ids": [113954]}