{"polygon": [[[46.4626178, 30.722602], [46.4623528, 30.7229332], [46.462344, 30.7229462], [46.4623121, 30.7229852], [46.4622628, 30.7229073], [46.4625651, 30.7225184], [46.4626178, 30.722602]]], "df_ids": [3185]}