{"polygon": [[[46.4672104, 30.7255293], [46.467771, 30.7248529], [46.4677233, 30.7247696], [46.4671628, 30.725446], [46.4672104, 30.7255293]]], "df_ids": [26455, 26456]}