{"polygon": [[[46.4644811, 30.7255955], [46.4642234, 30.7259333], [46.4642118, 30.7259485], [46.4641684, 30.7258787], [46.4644377, 30.7255258], [46.4644413, 30.7255315], [46.4644811, 30.7255955]]], "df_ids": [236099]}