{"polygon": [[[46.4633602, 30.7169042], [46.4632214, 30.7170706], [46.4631781, 30.7169987], [46.4633143, 30.7168272], [46.4633602, 30.7169042]]], "df_ids": [4922]}