{"polygon": [[[46.4606922, 30.7174714], [46.4607053, 30.7174934], [46.4608162, 30.7176781], [46.4607648, 30.7177431], [46.4607267, 30.7176796], [46.4606408, 30.7175364], [46.4606922, 30.7174714]]], "df_ids": [235803]}