{"polygon": [[[46.4592525, 30.7187084], [46.4592087, 30.7187639], [46.4591868, 30.7187921], [46.4591151, 30.7186768], [46.45918, 30.7185918], [46.4592525, 30.7187084]]], "df_ids": [228549]}