{"polygon": [[[46.4630315, 30.7166499], [46.4629427, 30.7167608], [46.4629041, 30.7166976], [46.4627754, 30.7164866], [46.462715, 30.7163803], [46.4627891, 30.7162856], [46.462972, 30.7165943], [46.4629872, 30.7165752], [46.4630315, 30.7166499]]], "df_ids": [137498]}