{"polygon": [[[46.4692667, 30.7204266], [46.4693519, 30.7203169], [46.4694264, 30.720434], [46.4693397, 30.7205474], [46.4693123, 30.720502], [46.4692667, 30.7204266]]], "df_ids": [181316]}