{"polygon": [[[46.4677538, 30.7198743], [46.4679224, 30.7201359], [46.4679603, 30.7201948], [46.468014, 30.7201218], [46.4678075, 30.7198013], [46.4677538, 30.7198743]]], "df_ids": [2836]}