{"polygon": [[[46.4645088, 30.7221837], [46.4644194, 30.722041], [46.4643512, 30.7221285], [46.4643914, 30.7221962], [46.4644399, 30.7222741], [46.4645088, 30.7221837]]], "df_ids": [10559]}