{"polygon": [[[46.4610225, 30.7174646], [46.4611775, 30.7172699], [46.4612323, 30.7173621], [46.4610771, 30.7175565], [46.4610225, 30.7174646]]], "df_ids": [133224]}