{"polygon": [[[46.4604869, 30.7171603], [46.4604653, 30.7171855], [46.4602698, 30.7174424], [46.4602363, 30.7173898], [46.4602168, 30.717359], [46.4604305, 30.7170725], [46.4604869, 30.7171603]]], "df_ids": [181395]}