{"polygon": [[[46.465457, 30.7153699], [46.4654329, 30.715403], [46.4652551, 30.715643], [46.4653115, 30.7157312], [46.4655182, 30.7154527], [46.465457, 30.7153699]]], "df_ids": [173560]}