{"polygon": [[[46.4697251, 30.7196263], [46.4696553, 30.7195495], [46.4697442, 30.7193793], [46.469814, 30.7194561], [46.4697251, 30.7196263]]], "df_ids": [194991]}