{"polygon": [[[46.4641082, 30.7219242], [46.4640753, 30.721968], [46.4640915, 30.7219936], [46.4640357, 30.7220676], [46.4640206, 30.7220437], [46.4639529, 30.7221337], [46.4639648, 30.7221526], [46.463911, 30.7222241], [46.4639001, 30.7222069], [46.4638694, 30.7222477], [46.4638127, 30.7221576], [46.4640536, 30.7218376], [46.464073, 30.7218684], [46.4641082, 30.7219242]]], "df_ids": [175438]}