{"polygon": [[[46.460583, 30.7216697], [46.4605236, 30.7215741], [46.4606225, 30.7214447], [46.4606477, 30.7214852], [46.4606252, 30.7215146], [46.4606596, 30.7215698], [46.4606474, 30.7215856], [46.460609, 30.7216359], [46.460583, 30.7216697]]], "df_ids": [26426]}