{"polygon": [[[46.4639213, 30.7227083], [46.4638735, 30.722634], [46.4636974, 30.722873], [46.4637453, 30.7229473], [46.4639213, 30.7227083]]], "df_ids": [136481]}