{"polygon": [[[46.47254, 30.7157], [46.472431, 30.7157223], [46.4724497, 30.7159378], [46.4725585, 30.7159186], [46.47254, 30.7157]]], "df_ids": [1781]}