{"polygon": [[[46.47254, 30.7157], [46.4725228, 30.7154967], [46.4724401, 30.7155104], [46.4724129, 30.7155149], [46.472431, 30.7157223], [46.47254, 30.7157]]], "df_ids": [181405]}