{"polygon": [[[46.4722069, 30.7128259], [46.4723175, 30.7128025], [46.472287, 30.7125215], [46.4721842, 30.7125419], [46.4722069, 30.7128259]]], "df_ids": [175412]}