{"polygon": [[[46.4724636, 30.7098582], [46.4727928, 30.7098448], [46.4727919, 30.7099628], [46.472473, 30.70999], [46.4724636, 30.7098582]]], "df_ids": [180843]}