{"polygon": [[[46.4733076, 30.7181633], [46.4732985, 30.7180586], [46.4731268, 30.7180902], [46.473136, 30.7181948], [46.4732537, 30.7181732], [46.4733076, 30.7181633]]], "df_ids": [175624]}