{"polygon": [[[46.4723943, 30.7155137], [46.4724021, 30.7155981], [46.472055, 30.715666], [46.4720472, 30.7155816], [46.4720712, 30.7155769], [46.4721536, 30.7155608], [46.4722014, 30.7155514], [46.4723943, 30.7155137]]], "df_ids": [187694]}