{"polygon": [[[46.4723301, 30.7096423], [46.4723227, 30.7094814], [46.4724215, 30.7094867], [46.4724188, 30.7095592], [46.4724335, 30.7095578], [46.4724308, 30.709645], [46.4723301, 30.7096423]]], "df_ids": [190374]}