{"polygon": [[[46.4750858, 30.7072581], [46.4752797, 30.7072784], [46.4752701, 30.7074722], [46.4750762, 30.707452], [46.4750858, 30.7072581]]], "df_ids": [255110]}