{"polygon": [[[46.4596551, 30.7133656], [46.459517, 30.7133653], [46.459504, 30.7133653], [46.4595042, 30.7131458], [46.459517, 30.7131458], [46.4596043, 30.7131461], [46.4596044, 30.7130661], [46.4596565, 30.7130662], [46.4596559, 30.7131251], [46.4596554, 30.7131679], [46.4596551, 30.7133656]]], "df_ids": [175849]}