{"polygon": [[[46.4721732, 30.7039067], [46.4722395, 30.7039176], [46.472277, 30.7039243], [46.4723006, 30.7039282], [46.4723195, 30.7039313], [46.4723145, 30.7039948], [46.4722905, 30.7042958], [46.4722732, 30.7045126], [46.4722606, 30.7046698], [46.4721143, 30.7046452], [46.4721732, 30.7039067]]], "df_ids": [33006]}