{"polygon": [[[46.4713868, 30.7066697], [46.4713909, 30.7064244], [46.4715787, 30.706431], [46.4715778, 30.706486], [46.471912, 30.7064978], [46.471917, 30.7062001], [46.4720507, 30.7062048], [46.4720426, 30.7066928], [46.4713868, 30.7066697]]], "df_ids": [63235]}