{"polygon": [[[46.4742116, 30.7112784], [46.4742301, 30.7111818], [46.47421, 30.711179], [46.4741725, 30.7111739], [46.4741709, 30.7112056], [46.4741544, 30.7112918], [46.4742116, 30.7112784]]], "df_ids": [200211]}