{"polygon": [[[46.4724335, 30.7095578], [46.4724354, 30.7095283], [46.4727439, 30.7095256], [46.4727762, 30.7095618], [46.4729351, 30.7095726], [46.4729275, 30.7096808], [46.4724549, 30.7096413], [46.4724308, 30.709645], [46.4724335, 30.7095578]]], "df_ids": [236269]}