{"polygon": [[[46.4724308, 30.709645], [46.4724345, 30.709763], [46.4723402, 30.7097737], [46.4723301, 30.7096423], [46.4724308, 30.709645]]], "df_ids": [160873]}