{"polygon": [[[46.4652741, 30.7150362], [46.4652445, 30.7150823], [46.4652335, 30.7151065], [46.4649913, 30.7154252], [46.4649674, 30.7154532], [46.4649454, 30.7154882], [46.4649098, 30.7154314], [46.4652375, 30.7149904], [46.4652741, 30.7150362]]], "df_ids": [174606]}