{"polygon": [[[46.4722522, 30.7030063], [46.4721909, 30.7036886], [46.4722579, 30.7037015], [46.4722954, 30.7037083], [46.47232, 30.7037131], [46.4723367, 30.7037163], [46.4723433, 30.7036431], [46.4723981, 30.703034], [46.4722522, 30.7030063]]], "df_ids": [33007]}