{"polygon": [[[46.4739395, 30.7108619], [46.4739376, 30.7109728], [46.4739104, 30.7109731], [46.4738271, 30.7109753], [46.4738434, 30.710854], [46.4739395, 30.7108619]]], "df_ids": [235738]}