{"polygon": [[[46.4675145, 30.7145782], [46.46733, 30.7143363], [46.467236, 30.7144874], [46.4674204, 30.7147294], [46.4675145, 30.7145782]]], "df_ids": [125720]}