{"polygon": [[[46.4732717, 30.717829], [46.4732789, 30.7179173], [46.4731084, 30.7179464], [46.4731012, 30.7178581], [46.4732717, 30.717829]]], "df_ids": [175623]}