{"polygon": [[[46.474729, 30.7074018], [46.4747247, 30.7079028], [46.4746647, 30.7079017], [46.474669, 30.7074008], [46.474729, 30.7074018]]], "df_ids": [236267]}