{"polygon": [[[46.4744486, 30.7110697], [46.4744574, 30.7112017], [46.4743746, 30.7112133], [46.4743658, 30.7110813], [46.4744486, 30.7110697]]], "df_ids": [138051]}