{"polygon": [[[46.4731608, 30.7110755], [46.4731546, 30.7109405], [46.4730996, 30.710948], [46.4728531, 30.7109776], [46.4728634, 30.7111116], [46.4729236, 30.7111053], [46.4731161, 30.7110763], [46.4731608, 30.7110755]]], "df_ids": [180035]}