{"polygon": [[[46.4747715, 30.7182393], [46.4747761, 30.7180395], [46.4749276, 30.7179671], [46.4749429, 30.7181685], [46.4747715, 30.7182393]]], "df_ids": [29744]}