{"polygon": [[[46.4750668, 30.7206454], [46.4750705, 30.720286], [46.4750132, 30.7202887], [46.4750114, 30.7203759], [46.4750058, 30.7206535], [46.4750668, 30.7206454]]], "df_ids": [236189]}