{"polygon": [[[46.4758179, 30.7128465], [46.4758121, 30.7129436], [46.475513, 30.7129059], [46.4755188, 30.7128088], [46.475604, 30.7128196], [46.4758179, 30.7128465]]], "df_ids": [175696]}