{"polygon": [[[46.4820015, 30.7116548], [46.4819636, 30.7113437], [46.4818841, 30.7113641], [46.4819221, 30.7116753], [46.4820015, 30.7116548]]], "df_ids": [134138]}