{"polygon": [[[46.4807223, 30.71273], [46.4805312, 30.7127134], [46.4804367, 30.712711], [46.4804346, 30.7125819], [46.4807234, 30.7125954], [46.4807225, 30.7126142], [46.4807223, 30.71273]]], "df_ids": [243184]}