{"polygon": [[[46.4743701, 30.7213825], [46.4744971, 30.7213612], [46.4745026, 30.7211854], [46.4741115, 30.7213021], [46.4740914, 30.7213274], [46.4740899, 30.7214519], [46.4741941, 30.7214617], [46.4742429, 30.7214574], [46.4742365, 30.7214133], [46.4743701, 30.7213825]]], "df_ids": [32584]}