{"polygon": [[[46.4760753, 30.7097509], [46.4760858, 30.7096603], [46.4757873, 30.7095877], [46.4757769, 30.7096783], [46.4759179, 30.7097126], [46.4760753, 30.7097509]]], "df_ids": [162128]}