{"polygon": [[[46.4760281, 30.7132052], [46.4760221, 30.7134018], [46.4759316, 30.7133959], [46.4759012, 30.713394], [46.4759072, 30.7131974], [46.4760281, 30.7132052]]], "df_ids": [196877]}