{"polygon": [[[46.4770481, 30.7103209], [46.4769803, 30.7103129], [46.4769957, 30.7100391], [46.477, 30.7099619], [46.4770677, 30.7099699], [46.4770535, 30.7102429], [46.4770481, 30.7103209]]], "df_ids": [242995]}