{"polygon": [[[46.4749859, 30.7111199], [46.4749744, 30.7112208], [46.4749882, 30.7112557], [46.4750407, 30.7112682], [46.4750466, 30.711213], [46.475053, 30.7111512], [46.4750543, 30.7111352], [46.4749859, 30.7111199]]], "df_ids": [181315]}