{"polygon": [[[46.4773767, 30.7149063], [46.4773505, 30.7149019], [46.4771301, 30.7148648], [46.4771384, 30.7147146], [46.4773831, 30.7147575], [46.4773767, 30.7149063]]], "df_ids": [121833]}