{"polygon": [[[46.4752621, 30.711972], [46.4752809, 30.7117819], [46.4752205, 30.7117693], [46.4752126, 30.7118493], [46.4752017, 30.7119593], [46.4752621, 30.711972]]], "df_ids": [173641]}