{"polygon": [[[46.4770899, 30.71486], [46.4769156, 30.7148391], [46.4769232, 30.7147186], [46.4770987, 30.7147481], [46.4770899, 30.71486]]], "df_ids": [176653]}