{"polygon": [[[46.4777724, 30.7144683], [46.4777539, 30.7139624], [46.477776, 30.7138996], [46.4780311, 30.713889], [46.4780357, 30.7140315], [46.4779724, 30.7140357], [46.4778683, 30.714042], [46.4778778, 30.714468], [46.4778601, 30.7144619], [46.4777724, 30.7144683]]], "df_ids": [26495, 181689]}