{"polygon": [[[46.4757988, 30.7145509], [46.4758079, 30.7145518], [46.4757852, 30.7150528], [46.4757469, 30.7150492], [46.4757454, 30.7150885], [46.4757921, 30.7150966], [46.475808, 30.7151008], [46.4759437, 30.7151137], [46.4759702, 30.7145284], [46.4758006, 30.7145122], [46.4757988, 30.7145509]]], "df_ids": [9082]}