{"polygon": [[[46.4752677, 30.7151646], [46.4753317, 30.7151776], [46.4757755, 30.7152675], [46.4757656, 30.7153698], [46.4752601, 30.7152828], [46.4752677, 30.7151646]]], "df_ids": [7546]}