{"polygon": [[[46.4755678, 30.7130728], [46.4755729, 30.7129796], [46.4758199, 30.7130084], [46.4758148, 30.7131015], [46.475742, 30.7130929], [46.4755678, 30.7130728]]], "df_ids": [175697]}