{"polygon": [[[46.4646637, 30.7465903], [46.4645001, 30.7465642], [46.4643861, 30.7480717], [46.464464, 30.7480841], [46.4645497, 30.7480978], [46.4646637, 30.7465903]]], "df_ids": [30977]}