{"polygon": [[[46.4780311, 30.713889], [46.4781223, 30.7138829], [46.4781268, 30.7140254], [46.4780357, 30.7140315], [46.4780311, 30.713889]]], "df_ids": [33011]}