{"polygon": [[[46.4754648, 30.7209882], [46.4753565, 30.7210178], [46.4753449, 30.7212069], [46.4753855, 30.7212176], [46.4753929, 30.7211264], [46.4754725, 30.7211038], [46.4754648, 30.7209882]]], "df_ids": [229035]}