{"polygon": [[[46.4755847, 30.7196298], [46.4755176, 30.7196498], [46.4755131, 30.7197891], [46.4755839, 30.7197795], [46.4755847, 30.7196298]]], "df_ids": [102887]}