{"polygon": [[[46.4809456, 30.7123556], [46.4809432, 30.7125565], [46.4808213, 30.7125512], [46.4808221, 30.7124372], [46.4808228, 30.7123414], [46.4809456, 30.7123556]]], "df_ids": [4532]}