{"polygon": [[[46.4826916, 30.7124824], [46.4826647, 30.7121318], [46.4825256, 30.7121544], [46.4825526, 30.7125049], [46.4826916, 30.7124824]]], "df_ids": [63217]}