{"polygon": [[[46.473974, 30.7230651], [46.4739469, 30.723423], [46.4740233, 30.7234352], [46.4740504, 30.7230773], [46.473974, 30.7230651]]], "df_ids": [236102]}