{"polygon": [[[46.4782041, 30.7132598], [46.4783289, 30.713254], [46.4783328, 30.7133788], [46.4782723, 30.7133798], [46.4782068, 30.7133837], [46.4782041, 30.7132598]]], "df_ids": [175636]}