{"polygon": [[[46.47934, 30.7133785], [46.4793058, 30.7133793], [46.4793055, 30.713355], [46.4792653, 30.7133559], [46.4792634, 30.7132209], [46.4793382, 30.7132194], [46.47934, 30.7133785]]], "df_ids": [126601]}