{"polygon": [[[46.479217, 30.7151676], [46.4792095, 30.715064], [46.4791883, 30.7150673], [46.4791863, 30.7150396], [46.4792109, 30.7150359], [46.4791982, 30.7148592], [46.4791845, 30.7148613], [46.4791827, 30.7148372], [46.4792094, 30.7148332], [46.4792039, 30.7147572], [46.4791172, 30.7147704], [46.4791466, 30.7151783], [46.479217, 30.7151676]]], "df_ids": [242978]}