{"polygon": [[[46.4823726, 30.7111892], [46.4823611, 30.7110038], [46.4819355, 30.7111298], [46.4819577, 30.7112987], [46.4823726, 30.7111892]]], "df_ids": [63212]}