{"polygon": [[[46.4774641, 30.7098397], [46.4771475, 30.7098049], [46.4771189, 30.7098018], [46.4771235, 30.7097087], [46.4774684, 30.7097571], [46.4774641, 30.7098397]]], "df_ids": [228618]}