{"polygon": [[[46.4807662, 30.7097743], [46.4807695, 30.709696], [46.480418, 30.7096646], [46.4804147, 30.7097429], [46.4807662, 30.7097743]]], "df_ids": [243093]}