{"polygon": [[[46.4756973, 30.7124058], [46.4757038, 30.7123039], [46.4755432, 30.7122835], [46.475478, 30.7122758], [46.4754744, 30.7123773], [46.4756973, 30.7124058]]], "df_ids": [236166]}