{"polygon": [[[46.4777843, 30.7148558], [46.4777809, 30.714648], [46.4778589, 30.7146453], [46.4778623, 30.7148531], [46.4777843, 30.7148558]]], "df_ids": [26100]}