{"polygon": [[[46.4752375, 30.7115778], [46.475376, 30.7116066], [46.4753615, 30.7117533], [46.475223, 30.7117245], [46.4752375, 30.7115778]]], "df_ids": [1116]}