{"polygon": [[[46.4764992, 30.7171994], [46.4764927, 30.7170385], [46.4764939, 30.7169379], [46.476562, 30.7169339], [46.4765731, 30.7172061], [46.4765537, 30.7172035], [46.4764992, 30.7171994]]], "df_ids": [163107]}