{"polygon": [[[46.4745006, 30.7207688], [46.4745403, 30.7203263], [46.4747297, 30.7203356], [46.4746936, 30.7207366], [46.4746244, 30.7207487], [46.4746493, 30.7204926], [46.4745902, 30.7204926], [46.4745625, 30.7207567], [46.4745006, 30.7207688]]], "df_ids": [126946, 126947, 126948]}