{"polygon": [[[46.4770845, 30.7096715], [46.4770767, 30.7097972], [46.4770719, 30.7098903], [46.4770118, 30.7098832], [46.4770241, 30.7096643], [46.4770845, 30.7096715]]], "df_ids": [136183]}