{"polygon": [[[46.4774158, 30.713221], [46.4774126, 30.7133048], [46.4771011, 30.7132795], [46.4771044, 30.713195], [46.4771178, 30.7131962], [46.4772891, 30.7132107], [46.4774158, 30.713221]]], "df_ids": [181173]}