{"polygon": [[[46.4802042, 30.7139449], [46.4801468, 30.7139429], [46.4801478, 30.7138824], [46.4801489, 30.7138132], [46.4803744, 30.7138212], [46.4803722, 30.7139509], [46.4803295, 30.7139494], [46.4802042, 30.7139449]]], "df_ids": [236232]}