{"polygon": [[[46.4755987, 30.711666], [46.4755307, 30.7116547], [46.4755221, 30.7117637], [46.4755188, 30.7118055], [46.4755867, 30.7118169], [46.4755987, 30.711666]]], "df_ids": [161093]}