{"polygon": [[[46.4751937, 30.7173463], [46.4752001, 30.7172571], [46.4753512, 30.71728], [46.4754458, 30.7172944], [46.4754394, 30.7173835], [46.4751937, 30.7173463]]], "df_ids": [235805]}