{"polygon": [[[46.475361, 30.7171434], [46.4755383, 30.7171702], [46.4757108, 30.7171964], [46.4757009, 30.717333], [46.4756553, 30.7173261], [46.4756418, 30.7173241], [46.4755401, 30.7173087], [46.4754458, 30.7172944], [46.4753512, 30.71728], [46.475361, 30.7171434]]], "df_ids": [189459]}