{"polygon": [[[46.4774185, 30.7096254], [46.4774099, 30.7097233], [46.4771545, 30.709676], [46.4771631, 30.7095782], [46.4774185, 30.7096254]]], "df_ids": [127138]}