{"polygon": [[[46.4795092, 30.7133974], [46.4795067, 30.7132151], [46.4793382, 30.7132194], [46.47934, 30.7133785], [46.4793973, 30.7133773], [46.4793976, 30.7134006], [46.4794574, 30.7133989], [46.4795092, 30.7133974]]], "df_ids": [2550]}