{"polygon": [[[46.4950109, 30.7286352], [46.495184, 30.7283598], [46.4950762, 30.7282156], [46.4949033, 30.7284884], [46.4949137, 30.7284993], [46.4950109, 30.7286352]]], "df_ids": [158620]}