{"polygon": [[[46.480577, 30.7117349], [46.4805729, 30.7118355], [46.4806008, 30.7118378], [46.4806016, 30.7118191], [46.4806382, 30.7118222], [46.4806355, 30.7118903], [46.4804909, 30.7118781], [46.4804969, 30.7117282], [46.480577, 30.7117349]]], "df_ids": [192742]}