{"polygon": [[[46.4798873, 30.7139221], [46.4799244, 30.7139241], [46.4799987, 30.7139327], [46.4800612, 30.7139399], [46.480123, 30.7139421], [46.4801216, 30.7140199], [46.4798851, 30.7140072], [46.4798873, 30.7139221]]], "df_ids": [135565]}