{"polygon": [[[46.4807709, 30.7097955], [46.4807676, 30.7099228], [46.4804124, 30.7099029], [46.4804158, 30.7097756], [46.4807709, 30.7097955]]], "df_ids": [6963]}