{"polygon": [[[46.4808035, 30.7131692], [46.4807979, 30.7132787], [46.4805647, 30.7132523], [46.4805659, 30.7132297], [46.4805705, 30.713144], [46.4808035, 30.7131692]]], "df_ids": [175424]}