{"polygon": [[[46.4665476, 30.7493713], [46.4666617, 30.7493757], [46.4666662, 30.7491243], [46.466442, 30.7491158], [46.4664404, 30.7492082], [46.4664375, 30.7493672], [46.4665476, 30.7493713]]], "df_ids": [5217]}