{"polygon": [[[46.4769488, 30.7141527], [46.4769525, 30.7140922], [46.4768916, 30.7140842], [46.4768958, 30.7140154], [46.4773777, 30.7140787], [46.4773696, 30.714208], [46.4769488, 30.7141527]]], "df_ids": [173659]}