{"polygon": [[[46.4751392, 30.7105712], [46.4750489, 30.7105485], [46.4750333, 30.710679], [46.4751236, 30.7107017], [46.4751299, 30.7106495], [46.4751392, 30.7105712]]], "df_ids": [181673]}