{"polygon": [[[46.4757506, 30.7096729], [46.475787, 30.7093869], [46.4757196, 30.7093711], [46.4756888, 30.7096357], [46.4756868, 30.7096572], [46.4757506, 30.7096729]]], "df_ids": [211990]}