{"polygon": [[[46.4779148, 30.7080989], [46.4780203, 30.7081449], [46.4780074, 30.7083227], [46.4778996, 30.7082931], [46.4779148, 30.7080989]]], "df_ids": [180911]}