{"polygon": [[[46.4738163, 30.7168982], [46.4741922, 30.7169667], [46.4741814, 30.7170922], [46.4740177, 30.7170624], [46.4738055, 30.7170237], [46.4738163, 30.7168982]]], "df_ids": [147814]}