{"polygon": [[[46.4747437, 30.7233942], [46.4744277, 30.7237283], [46.4743538, 30.7236032], [46.4746422, 30.7232511], [46.4747437, 30.7233942]]], "df_ids": [4398]}