{"polygon": [[[46.4778301, 30.7126369], [46.4778287, 30.7125524], [46.4779705, 30.7125473], [46.4779765, 30.7129007], [46.4779302, 30.7129023], [46.477905, 30.7129032], [46.4779005, 30.7126344], [46.4778301, 30.7126369]]], "df_ids": [243188]}