{"polygon": [[[46.4807245, 30.7088011], [46.4807719, 30.7088017], [46.4807736, 30.7084878], [46.4807262, 30.7084873], [46.4807245, 30.7088011]]], "df_ids": [163235]}