{"polygon": [[[46.477389, 30.7135342], [46.4773842, 30.7136441], [46.4768916, 30.7135806], [46.476894, 30.7134725], [46.477389, 30.7135342]]], "df_ids": [30930]}