{"polygon": [[[46.4768933, 30.7121898], [46.4767276, 30.7121533], [46.4767225, 30.7122118], [46.476714, 30.7123158], [46.4768818, 30.7123484], [46.4768933, 30.7121898]]], "df_ids": [1113]}