{"polygon": [[[46.4750455, 30.718949], [46.4750249, 30.7189556], [46.4749587, 30.7189771], [46.474907, 30.7189939], [46.4748811, 30.7188249], [46.474931, 30.7188276], [46.4749375, 30.7188611], [46.4749984, 30.7188369], [46.4750538, 30.7188581], [46.4750455, 30.718949]]], "df_ids": [229040]}