{"polygon": [[[46.4746754, 30.7193527], [46.4746836, 30.7190461], [46.4747484, 30.719031], [46.4747424, 30.7191952], [46.4747409, 30.7192352], [46.474737, 30.7193399], [46.4746754, 30.7193527]]], "df_ids": [176557]}