{"polygon": [[[46.4809146, 30.7083494], [46.4807297, 30.7083429], [46.4807278, 30.7084585], [46.4809127, 30.708465], [46.4809146, 30.7083494]]], "df_ids": [235889]}