{"polygon": [[[46.4778553, 30.7132764], [46.4780915, 30.7132651], [46.4780943, 30.713389], [46.4778577, 30.7134004], [46.4778553, 30.7132764]]], "df_ids": [212467]}