{"polygon": [[[46.4747315, 30.7194471], [46.4748483, 30.7194203], [46.4748271, 30.7192312], [46.4747409, 30.7192352], [46.474737, 30.7193399], [46.4747315, 30.7194471]]], "df_ids": [153431]}