{"polygon": [[[46.4749882, 30.7227084], [46.4749494, 30.7225387], [46.4748506, 30.7225863], [46.4748894, 30.722756], [46.4749882, 30.7227084]]], "df_ids": [175804]}