{"polygon": [[[46.4748685, 30.7206532], [46.4748682, 30.7204174], [46.4749384, 30.7204134], [46.4749338, 30.7206508], [46.4749135, 30.7206508], [46.4748685, 30.7206532]]], "df_ids": [5665]}