{"polygon": [[[46.4770054, 30.7144393], [46.4773906, 30.7144945], [46.4773831, 30.7146052], [46.4769979, 30.71455], [46.4770054, 30.7144393]]], "df_ids": [121832]}