{"polygon": [[[46.4775508, 30.7104345], [46.4775416, 30.7105474], [46.4774291, 30.7105281], [46.4774382, 30.7104152], [46.4775508, 30.7104345]]], "df_ids": [30932]}