{"polygon": [[[46.4809424, 30.712741], [46.4809473, 30.7131804], [46.4808423, 30.7131743], [46.4808188, 30.7131738], [46.4808232, 30.7127385], [46.4808545, 30.7127392], [46.4809424, 30.712741]]], "df_ids": [44805]}