{"polygon": [[[46.4757085, 30.7163003], [46.475702, 30.7164017], [46.4755286, 30.7163782], [46.4755351, 30.7162769], [46.4756306, 30.7162898], [46.4757085, 30.7163003]]], "df_ids": [201851]}