{"polygon": [[[46.4775879, 30.7095278], [46.4775921, 30.7094315], [46.4775573, 30.7094283], [46.4774866, 30.7094216], [46.4774824, 30.7095179], [46.4775879, 30.7095278]]], "df_ids": [30934]}