{"polygon": [[[46.4760484, 30.7098868], [46.4760325, 30.7100252], [46.4756577, 30.7099341], [46.4756737, 30.7097957], [46.4760484, 30.7098868]]], "df_ids": [212478]}