{"polygon": [[[46.4799008, 30.7122204], [46.4800587, 30.7122365], [46.4800661, 30.7121359], [46.4798995, 30.7121105], [46.4799008, 30.7122204]]], "df_ids": [236045]}