{"polygon": [[[46.4757052, 30.7181309], [46.4757366, 30.7181134], [46.4757495, 30.7181134], [46.4757615, 30.7181282], [46.4757717, 30.718151], [46.475741, 30.7185345], [46.4756656, 30.7185332], [46.4756738, 30.7182663], [46.4757107, 30.7182676], [46.4757052, 30.7181309]]], "df_ids": [1749]}