{"polygon": [[[46.4749951, 30.7122987], [46.4750012, 30.7122206], [46.475315, 30.7122726], [46.4753087, 30.7123568], [46.4749951, 30.7122987]]], "df_ids": [189972]}