{"polygon": [[[46.4794734, 30.7089402], [46.4794753, 30.7090971], [46.4793497, 30.7090824], [46.4793458, 30.708903], [46.4794734, 30.7089402]]], "df_ids": [181446]}