{"polygon": [[[46.4794196, 30.7174677], [46.4793672, 30.7174758], [46.479361, 30.7173269], [46.4794182, 30.7173215], [46.4794196, 30.7174677]]], "df_ids": [135247]}