{"polygon": [[[46.4794196, 30.7174677], [46.4794206, 30.7176736], [46.4793598, 30.7176779], [46.4792492, 30.7176959], [46.4792436, 30.7174933], [46.4792863, 30.7174883], [46.4793672, 30.7174758], [46.4794196, 30.7174677]]], "df_ids": [185134]}