{"polygon": [[[46.4818193, 30.7171256], [46.481882, 30.7171107], [46.4819118, 30.7173718], [46.4818497, 30.7173875], [46.4818193, 30.7171256]]], "df_ids": [188931]}