{"polygon": [[[46.4808474, 30.717893], [46.4806851, 30.7179364], [46.4806804, 30.7177795], [46.4806786, 30.7177433], [46.4807821, 30.7177167], [46.4808393, 30.717702], [46.4808474, 30.717893]]], "df_ids": [5006]}