{"polygon": [[[46.4799854, 30.7186555], [46.4799743, 30.7184921], [46.479842, 30.7185111], [46.4798571, 30.7187328], [46.4799219, 30.7187236], [46.4799179, 30.7186651], [46.4799854, 30.7186555]]], "df_ids": [192103]}