{"polygon": [[[46.4723974, 30.7379963], [46.4724079, 30.7378536], [46.4723461, 30.7378441], [46.4722121, 30.7378234], [46.4722016, 30.7379662], [46.4722326, 30.737971], [46.4723974, 30.7379963]]], "df_ids": [181120]}