{"polygon": [[[46.4785533, 30.7182286], [46.4785592, 30.7183048], [46.4785775, 30.7184805], [46.4784847, 30.7185009], [46.4784639, 30.7183009], [46.4784585, 30.718249], [46.4785129, 30.7182367], [46.4785533, 30.7182286]]], "df_ids": [216837]}