{"polygon": [[[46.4763723, 30.7188879], [46.4764036, 30.7188795], [46.4764675, 30.7188622], [46.4765712, 30.7188342], [46.476573, 30.7189965], [46.4763891, 30.7190558], [46.4763723, 30.7188879]]], "df_ids": [7861]}