{"polygon": [[[46.4829381, 30.7187114], [46.4830248, 30.7186915], [46.4830509, 30.7189316], [46.4829642, 30.7189515], [46.4829556, 30.7188725], [46.4829381, 30.7187114]]], "df_ids": [228483]}