{"polygon": [[[46.4801147, 30.7184684], [46.4801857, 30.7184533], [46.480221, 30.7189277], [46.4801493, 30.7189407], [46.4801441, 30.7188707], [46.4801289, 30.7186628], [46.4801269, 30.7186353], [46.4801147, 30.7184684]]], "df_ids": [194093]}