{"polygon": [[[46.4805118, 30.7170534], [46.4805149, 30.7171889], [46.4804632, 30.7171971], [46.4804595, 30.7170576], [46.4805118, 30.7170534]]], "df_ids": [162695]}