{"polygon": [[[46.4767365, 30.7195115], [46.4767171, 30.7198776], [46.4765213, 30.7199152], [46.4765347, 30.7197004], [46.4765444, 30.7195303], [46.4766118, 30.7195249], [46.4765989, 30.719773], [46.4765693, 30.7197837], [46.4765684, 30.7198106], [46.476682, 30.7197811], [46.4766811, 30.7197502], [46.4766497, 30.7197462], [46.4766635, 30.7195128], [46.4767365, 30.7195115]]], "df_ids": [175561]}