{"polygon": [[[46.4814403, 30.717489], [46.4814309, 30.7174117], [46.4815049, 30.7173927], [46.4815014, 30.7173639], [46.4815906, 30.717341], [46.4815945, 30.7173731], [46.481638, 30.7173619], [46.4816405, 30.7173821], [46.481647, 30.7174367], [46.4814403, 30.717489]]], "df_ids": [180690]}