{"polygon": [[[46.48052, 30.7178126], [46.4804948, 30.7178137], [46.4804599, 30.7178153], [46.480453, 30.7174919], [46.4805131, 30.7174892], [46.48052, 30.7178126]]], "df_ids": [201801]}