{"polygon": [[[46.4813649, 30.7190623], [46.4814231, 30.7190582], [46.481425, 30.7191669], [46.4814074, 30.7191642], [46.4814111, 30.7194646], [46.4813954, 30.7194651], [46.4813963, 30.7195021], [46.4814341, 30.7194978], [46.4814591, 30.7196671], [46.4813215, 30.7197113], [46.4812846, 30.7196657], [46.4812814, 30.719085], [46.481281, 30.7190167], [46.4812846, 30.7186815], [46.4813444, 30.7186623], [46.4813826, 30.7189202], [46.4813622, 30.7189308], [46.4813635, 30.7189964], [46.4813649, 30.7190623]]], "df_ids": [51386]}