{"polygon": [[[46.4814237, 30.7203808], [46.4814443, 30.7205537], [46.4816325, 30.7204871], [46.4816083, 30.7203222], [46.4815458, 30.7203417], [46.4814237, 30.7203808]]], "df_ids": [46368]}