{"polygon": [[[46.4803503, 30.7174543], [46.4802995, 30.7174646], [46.4802963, 30.7174224], [46.4802695, 30.7174278], [46.4802711, 30.7174698], [46.4802295, 30.7174773], [46.4802265, 30.7174331], [46.4801992, 30.7174377], [46.4801979, 30.7174154], [46.4801979, 30.7174033], [46.480197, 30.7173778], [46.4801949, 30.7173001], [46.4803069, 30.7172698], [46.4803521, 30.7172585], [46.4803503, 30.7174543]]], "df_ids": [243095]}