{"polygon": [[[46.479967, 30.7181248], [46.4799643, 30.7179706], [46.4802114, 30.7179153], [46.4802164, 30.7180497], [46.479967, 30.7181248]]], "df_ids": [4917]}