{"polygon": [[[46.47937, 30.7193558], [46.4793525, 30.7190877], [46.479225, 30.7191053], [46.4792425, 30.7193734], [46.47937, 30.7193558]]], "df_ids": [180095]}