{"polygon": [[[46.4790573, 30.7183137], [46.4790558, 30.7182762], [46.4790415, 30.7179304], [46.4790366, 30.7178113], [46.4789914, 30.7178153], [46.4790122, 30.7183176], [46.4790573, 30.7183137]]], "df_ids": [216841]}