{"polygon": [[[46.4769572, 30.7186022], [46.476958, 30.7187083], [46.4769672, 30.7189069], [46.4767753, 30.7189415], [46.4767685, 30.7187896], [46.4767666, 30.7187482], [46.4767688, 30.7186559], [46.4768233, 30.7186491], [46.4768243, 30.7187752], [46.4768353, 30.7187645], [46.4769009, 30.7187524], [46.4769018, 30.7186156], [46.4769572, 30.7186022]]], "df_ids": [217534]}