{"polygon": [[[46.4836121, 30.718348], [46.483653, 30.7186014], [46.4835756, 30.7186266], [46.4835045, 30.7186497], [46.4834127, 30.7180541], [46.4835594, 30.7180063], [46.4836121, 30.718348]]], "df_ids": [5297]}