{"polygon": [[[46.4765213, 30.7199152], [46.4765347, 30.7197004], [46.4765006, 30.7197007], [46.4763568, 30.719702], [46.476353, 30.719938], [46.4765213, 30.7199152]]], "df_ids": [173639]}