{"polygon": [[[46.4821818, 30.7178169], [46.4821234, 30.7178298], [46.4820446, 30.7170766], [46.482103, 30.7170637], [46.4821818, 30.7178169]]], "df_ids": [188930]}