{"polygon": [[[46.4808358, 30.714551], [46.4808422, 30.7144356], [46.4808184, 30.7144338], [46.4805193, 30.7144113], [46.4805181, 30.7145201], [46.4805424, 30.7145226], [46.480547, 30.7145454], [46.4808358, 30.714551]]], "df_ids": [235718]}