{"polygon": [[[46.4818044, 30.7176549], [46.4818147, 30.7177319], [46.4813834, 30.7178456], [46.4813795, 30.7177667], [46.4814116, 30.71776], [46.4818044, 30.7176549]]], "df_ids": [188928]}