{"polygon": [[[46.4801895, 30.7208264], [46.4801873, 30.7207792], [46.4801853, 30.7206342], [46.4801412, 30.7206464], [46.4801106, 30.7206553], [46.4801164, 30.7208483], [46.4801895, 30.7208264]]], "df_ids": [187732]}