{"polygon": [[[46.4825951, 30.7177447], [46.4824123, 30.7177945], [46.4823952, 30.7176627], [46.4824871, 30.7176377], [46.482578, 30.7176129], [46.4825951, 30.7177447]]], "df_ids": [136151]}