{"polygon": [[[46.4788462, 30.7200752], [46.4788507, 30.7201734], [46.4788581, 30.7203692], [46.4787866, 30.7203861], [46.4787783, 30.7202198], [46.478769, 30.7200902], [46.4788462, 30.7200752]]], "df_ids": [194736]}