{"polygon": [[[46.4789396, 30.7160997], [46.4789423, 30.7162241], [46.4789468, 30.7163473], [46.478949, 30.7164409], [46.4789535, 30.7166241], [46.4788999, 30.7166335], [46.4788787, 30.7161064], [46.4789396, 30.7160997]]], "df_ids": [136270]}