{"polygon": [[[46.4785533, 30.7182286], [46.4785375, 30.7180613], [46.4784971, 30.7180693], [46.4785129, 30.7182367], [46.4785533, 30.7182286]]], "df_ids": [216999]}