{"polygon": [[[46.4803757, 30.7188842], [46.4803836, 30.7189881], [46.4805679, 30.7189294], [46.4806108, 30.7189157], [46.4806066, 30.7188171], [46.4803757, 30.7188842]]], "df_ids": [181169]}