{"polygon": [[[46.4801848, 30.717077], [46.4801949, 30.7173001], [46.480197, 30.7173778], [46.4801324, 30.7173805], [46.48012, 30.7170825], [46.4801848, 30.717077]]], "df_ids": [162652]}