{"polygon": [[[46.4790462, 30.7203957], [46.4789893, 30.7204195], [46.4789743, 30.7203098], [46.4789606, 30.7202089], [46.4790496, 30.7201806], [46.4790562, 30.7203284], [46.4790361, 30.7203403], [46.4790462, 30.7203957]]], "df_ids": [196884]}