{"polygon": [[[46.4783252, 30.7214087], [46.4781286, 30.7214711], [46.478154, 30.7216394], [46.4783204, 30.7215866], [46.4783505, 30.721577], [46.4783252, 30.7214087]]], "df_ids": [8640]}