{"polygon": [[[46.4801415, 30.720571], [46.4801412, 30.7206464], [46.4801106, 30.7206553], [46.4800935, 30.7206602], [46.4800119, 30.7206839], [46.4800119, 30.7206075], [46.480107, 30.7205753], [46.4801415, 30.720571]]], "df_ids": [189506]}