{"polygon": [[[46.4770152, 30.719812], [46.4769916, 30.7198169], [46.4769149, 30.7198327], [46.4767496, 30.7198668], [46.4767487, 30.7197863], [46.4770174, 30.7197248], [46.4770152, 30.719812]]], "df_ids": [26465]}