{"polygon": [[[46.4762366, 30.7179587], [46.4764105, 30.7179156], [46.4764104, 30.7181081], [46.4763948, 30.7183434], [46.4763228, 30.7183447], [46.4763237, 30.7181194], [46.4762325, 30.7181449], [46.4762366, 30.7179587]]], "df_ids": [162690]}