{"polygon": [[[46.4792333, 30.7210435], [46.4792834, 30.7210327], [46.4793001, 30.7209495], [46.4792854, 30.7208029], [46.4792272, 30.7208204], [46.4792331, 30.7208835], [46.47924, 30.7209804], [46.4792333, 30.7210435]]], "df_ids": [229046]}