{"polygon": [[[46.4827222, 30.7197428], [46.4826953, 30.7195534], [46.4825502, 30.7195951], [46.4824083, 30.7196358], [46.4824313, 30.7198055], [46.4824344, 30.7198285], [46.4824838, 30.7198148], [46.4825393, 30.7197977], [46.4825502, 30.7198744], [46.4826488, 30.7198449], [46.4826378, 30.719768], [46.4826618, 30.7197608], [46.4827222, 30.7197428]]], "df_ids": [1218]}