{"polygon": [[[46.4817233, 30.7195909], [46.4814591, 30.7196671], [46.4814341, 30.7194978], [46.4814286, 30.7194606], [46.4814478, 30.7194538], [46.48155, 30.7194174], [46.4816314, 30.7193884], [46.4816879, 30.7193683], [46.4817233, 30.7195909]]], "df_ids": [126649]}