{"polygon": [[[46.4803602, 30.7185685], [46.4804282, 30.7185527], [46.4804367, 30.7187715], [46.4805521, 30.718746], [46.4805475, 30.7187004], [46.4806029, 30.718692], [46.4806066, 30.7188171], [46.4803757, 30.7188842], [46.4803614, 30.7185929], [46.4803602, 30.7185685]]], "df_ids": [189163]}