{"polygon": [[[46.4768521, 30.7203987], [46.476966, 30.7203752], [46.4769605, 30.7202518], [46.4768502, 30.7202761], [46.4768521, 30.7203987]]], "df_ids": [217239]}