{"polygon": [[[46.4812108, 30.7332055], [46.4812156, 30.7331264], [46.4807737, 30.7330648], [46.4807712, 30.7331052], [46.4807653, 30.7331486], [46.4807996, 30.7331519], [46.4808719, 30.7331625], [46.4809124, 30.7331666], [46.4812108, 30.7332055]]], "df_ids": [179948]}