{"polygon": [[[46.429573, 30.7274161], [46.4295545, 30.727445], [46.4296181, 30.7275304], [46.4295668, 30.7276108], [46.429546, 30.7275829], [46.429433, 30.7277598], [46.429382, 30.7276914], [46.4294011, 30.7276616], [46.4293405, 30.7275802], [46.429387, 30.7275073], [46.4294073, 30.7275341], [46.429523, 30.7273499], [46.429573, 30.7274161]]], "df_ids": [52127]}