{"polygon": [[[46.4906156, 30.733717], [46.490712, 30.7337342], [46.4907138, 30.733698], [46.4907582, 30.7337088], [46.4907508, 30.7338871], [46.4907111, 30.7339126], [46.4907046, 30.7342251], [46.4906049, 30.7342197], [46.4906024, 30.7340209], [46.4906156, 30.733717]]], "df_ids": [123413]}