{"polygon": [[[46.4811336, 30.6974077], [46.4811147, 30.6976197], [46.4809125, 30.6975815], [46.4809315, 30.6973695], [46.4811336, 30.6974077]]], "df_ids": [6759]}