{"polygon": [[[46.4810705, 30.698256], [46.4810801, 30.6980483], [46.4808667, 30.6980274], [46.480857, 30.6982351], [46.4810705, 30.698256]]], "df_ids": [6757]}