{"polygon": [[[46.4810607, 30.7335094], [46.4810522, 30.7336476], [46.4810074, 30.7336417], [46.4808731, 30.7336242], [46.480766, 30.7336102], [46.4807774, 30.7334719], [46.4808497, 30.7334824], [46.4810607, 30.7335094]]], "df_ids": [192903]}