{"polygon": [[[46.4906049, 30.7342197], [46.4906086, 30.7342895], [46.4906077, 30.7344906], [46.4905292, 30.734492], [46.490531, 30.7344303], [46.4905061, 30.7344075], [46.4903907, 30.7344021], [46.4903787, 30.7344155], [46.4903787, 30.7345014], [46.4903217, 30.7345017], [46.4903259, 30.7344442], [46.4903399, 30.7341111], [46.4904055, 30.7341124], [46.490399, 30.7342586], [46.490544, 30.7342694], [46.4905421, 30.7342358], [46.4905569, 30.7342103], [46.4906049, 30.7342197]]], "df_ids": [26458]}