{"polygon": [[[46.490715, 30.7345524], [46.4907107, 30.7346463], [46.4907106, 30.7347112], [46.4903199, 30.734705], [46.4903283, 30.7345339], [46.490715, 30.7345524]]], "df_ids": [6004]}