{"polygon": [[[46.4803444, 30.7502072], [46.4802934, 30.7501981], [46.4803051, 30.7500491], [46.480356, 30.7500576], [46.4803444, 30.7502072]]], "df_ids": [127039]}