{"polygon": [[[46.482664, 30.7421478], [46.4827005, 30.7421527], [46.4827035, 30.7421043], [46.4827656, 30.7421126], [46.4827676, 30.7420814], [46.4828617, 30.7420938], [46.4828606, 30.7421195], [46.482929, 30.7421257], [46.4829199, 30.7422709], [46.4828675, 30.7422639], [46.4826587, 30.7422353], [46.482664, 30.7421478]]], "df_ids": [6019]}