{"polygon": [[[46.5769035, 30.8067593], [46.5767158, 30.8073128], [46.5767595, 30.8073441], [46.5768466, 30.8074067], [46.5770342, 30.8068537], [46.5769415, 30.8067869], [46.5769035, 30.8067593]]], "df_ids": [79681]}