{"polygon": [[[46.4885956, 30.739029], [46.4887887, 30.738873], [46.4887212, 30.738699], [46.4885349, 30.7388646], [46.4885956, 30.739029]]], "df_ids": [4415]}