{"polygon": [[[46.4808103, 30.735924], [46.4807983, 30.7361874], [46.4807491, 30.7361827], [46.4807634, 30.7359196], [46.4808103, 30.735924]]], "df_ids": [187738]}