{"polygon": [[[46.5780844, 30.8076203], [46.5778963, 30.8081771], [46.5779744, 30.8082328], [46.5780276, 30.8082706], [46.5782151, 30.8077121], [46.5781621, 30.8076746], [46.5780844, 30.8076203]]], "df_ids": [79680]}