{"polygon": [[[46.4810201, 30.7483552], [46.4811771, 30.748376], [46.4811886, 30.7481927], [46.4811218, 30.7481838], [46.4810316, 30.7481719], [46.4810201, 30.7483552]]], "df_ids": [10629]}