{"polygon": [[[46.4775229, 30.7322931], [46.477526, 30.7322422], [46.4775082, 30.73224], [46.4775131, 30.7321529], [46.4775167, 30.7320985], [46.4777156, 30.7321267], [46.4777066, 30.7322722], [46.4776926, 30.7322702], [46.4776898, 30.7323149], [46.4777218, 30.7323185], [46.4777749, 30.7323249], [46.4777843, 30.732127], [46.477797, 30.7319191], [46.4777041, 30.7319048], [46.4774586, 30.731867], [46.4774055, 30.7318636], [46.477398, 30.7318662], [46.4773905, 30.7318736], [46.4773873, 30.7318836], [46.4773699, 30.7321338], [46.4773601, 30.7322738], [46.4774856, 30.7322889], [46.4775229, 30.7322931]]], "df_ids": [44721]}