{"polygon": [[[46.5590311, 30.7266012], [46.5593828, 30.7274781], [46.5594976, 30.7273808], [46.5594743, 30.7273227], [46.5593552, 30.7270192], [46.5592851, 30.7268417], [46.5591487, 30.7265015], [46.5590311, 30.7266012]]], "df_ids": [64464]}