{"polygon": [[[46.5603673, 30.7279809], [46.5602891, 30.7277782], [46.5601487, 30.7278928], [46.5601989, 30.7280231], [46.5601497, 30.7280632], [46.5602318, 30.7282815], [46.5602552, 30.7282639], [46.5603766, 30.7281647], [46.5603205, 30.7280191], [46.5603673, 30.7279809]]], "df_ids": [66991]}