{"polygon": [[[46.4257728, 30.7026011], [46.4254903, 30.7033695], [46.4253171, 30.7032355], [46.4255996, 30.7024671], [46.4257728, 30.7026011]]], "df_ids": [258111]}