{"polygon": [[[46.4540434, 30.7572897], [46.454056, 30.7573343], [46.4540683, 30.7573469], [46.4540779, 30.7573695], [46.4540779, 30.7574087], [46.4540513, 30.7574611], [46.4540307, 30.757487], [46.4539984, 30.7574964], [46.4539687, 30.7575059], [46.4539361, 30.7575119], [46.4539141, 30.7575872], [46.4539244, 30.7576228], [46.4539295, 30.7576552], [46.4539469, 30.7576769], [46.4539651, 30.7577104], [46.4539722, 30.7577575], [46.4539729, 30.7578034], [46.4539688, 30.7578349], [46.4539584, 30.7578634], [46.4539391, 30.7578762], [46.4539187, 30.7578662], [46.4538843, 30.7578886], [46.4538804, 30.7579175], [46.4538603, 30.7579355], [46.4538345, 30.7579303], [46.4538186, 30.7579154], [46.4538083, 30.7578928], [46.4537816, 30.7579127], [46.4537703, 30.757796], [46.4537384, 30.7577199], [46.4537107, 30.7576734], [46.4536976, 30.7576322], [46.4536895, 30.7575869], [46.45369, 30.7575593], [46.4536962, 30.7575272], [46.453712, 30.7574816], [46.4537352, 30.7574487], [46.4537719, 30.7574043], [46.4538514, 30.7573051], [46.4539695, 30.757173], [46.4539869, 30.7572237], [46.454002, 30.7572192], [46.4540242, 30.7572246], [46.4540368, 30.7572362], [46.4540424, 30.7572722], [46.4540434, 30.7572897]]], "df_ids": [63202]}