{"polygon": [[[46.4548758, 30.7573476], [46.4548434, 30.7573576], [46.4548326, 30.7573729], [46.4548156, 30.7573826], [46.4547891, 30.7573756], [46.4547583, 30.7573283], [46.4547444, 30.7572943], [46.4547438, 30.7572464], [46.4547427, 30.7572023], [46.4547443, 30.7571547], [46.4546972, 30.7571099], [46.4546712, 30.7571183], [46.4546484, 30.7571198], [46.4546306, 30.7571408], [46.4546046, 30.7571608], [46.4545714, 30.7571625], [46.4545402, 30.7571554], [46.4545195, 30.7571438], [46.4545021, 30.7571239], [46.4544969, 30.7570941], [46.4545072, 30.7570667], [46.4544982, 30.7570136], [46.4544793, 30.7570028], [46.4544707, 30.756971], [46.4544788, 30.756935], [46.4544917, 30.7569149], [46.4545089, 30.7569043], [46.4545002, 30.7568625], [46.4545813, 30.7568673], [46.4546386, 30.7568352], [46.4546751, 30.756804], [46.4547053, 30.7567926], [46.4547375, 30.7567891], [46.4547561, 30.7567948], [46.4547767, 30.7568093], [46.4548048, 30.7568401], [46.454823, 30.7568791], [46.4548466, 30.7569393], [46.4548996, 30.7570706], [46.4549681, 30.7572627], [46.4549307, 30.7572787], [46.454931, 30.757301], [46.4549234, 30.7573318], [46.4549133, 30.7573476], [46.4548879, 30.7573492], [46.4548758, 30.7573476]]], "df_ids": [63221]}