{"polygon": [[[46.5744946, 30.7785788], [46.5742953, 30.7784679], [46.5742373, 30.7786886], [46.5744366, 30.7787995], [46.5744946, 30.7785788]]], "df_ids": [169610]}