{"polygon": [[[46.4839238, 30.7390562], [46.4839226, 30.7390494], [46.4839214, 30.7390429], [46.4839193, 30.7390377], [46.4839158, 30.7390336], [46.4839093, 30.7390293], [46.4837701, 30.7390075], [46.4837598, 30.7391527], [46.4838037, 30.7391593], [46.4837902, 30.73935], [46.4837462, 30.7393434], [46.4837427, 30.7394258], [46.4838946, 30.7394463], [46.4839238, 30.7390562]]], "df_ids": [15604]}