{"polygon": [[[46.4792879, 30.7490176], [46.4793029, 30.7487635], [46.4792969, 30.7487181], [46.4792764, 30.7486866], [46.479256, 30.7486691], [46.4792689, 30.7485093], [46.4792679, 30.7484839], [46.4792629, 30.7484595], [46.4792553, 30.74844], [46.4792451, 30.7484233], [46.4792334, 30.7484107], [46.4792203, 30.7484017], [46.4791977, 30.7483955], [46.4790875, 30.7483861], [46.4790803, 30.7483529], [46.4790671, 30.7483232], [46.4790454, 30.7483005], [46.4788496, 30.7482679], [46.4788671, 30.7483013], [46.4788681, 30.7483394], [46.4789465, 30.7483776], [46.4789649, 30.7483559], [46.4789897, 30.7483513], [46.4790174, 30.7483705], [46.4790288, 30.7484063], [46.4790352, 30.7484314], [46.4790503, 30.7484462], [46.4790436, 30.7485073], [46.4790241, 30.7485176], [46.4790127, 30.7485563], [46.4789841, 30.7485758], [46.478968, 30.748608], [46.4789572, 30.7486334], [46.4789373, 30.7486468], [46.4789124, 30.7486492], [46.4789193, 30.7486925], [46.4789096, 30.748721], [46.4788882, 30.7487436], [46.4789038, 30.7487675], [46.4789224, 30.7487915], [46.478932, 30.7488169], [46.478955, 30.748799], [46.4789754, 30.7488002], [46.4789999, 30.7488159], [46.4790141, 30.748834], [46.4790316, 30.7488067], [46.4790775, 30.7487811], [46.4790946, 30.7487141], [46.4791398, 30.7487151], [46.4791426, 30.7486906], [46.4791919, 30.7487012], [46.4792208, 30.7487195], [46.4792351, 30.7487722], [46.4792509, 30.7487978], [46.4792517, 30.7488302], [46.4792418, 30.7488557], [46.4792329, 30.7488983], [46.4792244, 30.7489381], [46.4792377, 30.7489719], [46.4792406, 30.7490102], [46.4792879, 30.7490176]]], "df_ids": [67441]}