{"polygon": [[[46.4977404, 30.7227566], [46.4976533, 30.722776], [46.4976305, 30.7225597], [46.4977176, 30.7225403], [46.4977293, 30.722651], [46.4977404, 30.7227566]]], "df_ids": [38031]}