{"polygon": [[[46.3997151, 30.7338185], [46.3996023, 30.7339746], [46.3995217, 30.733852], [46.3996345, 30.733696], [46.3997151, 30.7338185]]], "df_ids": [28230]}