{"polygon": [[[46.4677769, 30.7394008], [46.4678175, 30.7387684], [46.4678767, 30.7387765], [46.4678859, 30.7386645], [46.4682563, 30.7387564], [46.4682609, 30.7386725], [46.4677991, 30.7385311], [46.4677381, 30.7393981], [46.4677769, 30.7394008]]], "df_ids": [147633]}