{"polygon": [[[46.467804, 30.7384635], [46.467826, 30.7380754], [46.4678949, 30.7380836], [46.4678728, 30.7384718], [46.467804, 30.7384635]]], "df_ids": [171581]}