{"polygon": [[[46.4881624, 30.735207], [46.4881687, 30.7348378], [46.4880069, 30.7348319], [46.4880021, 30.7351125], [46.4880757, 30.7351152], [46.4880747, 30.735178], [46.4880875, 30.7351785], [46.488087, 30.7352043], [46.4881624, 30.735207]]], "df_ids": [5097]}