{"polygon": [[[46.4689108, 30.7542566], [46.4688954, 30.7543477], [46.4692899, 30.7544777], [46.4693831, 30.7545084], [46.4693785, 30.7543687], [46.4689176, 30.7542153], [46.4689108, 30.7542566]]], "df_ids": [161124]}