{"polygon": [[[46.4683151, 30.7528498], [46.4683104, 30.7528883], [46.468282, 30.7528811], [46.4682867, 30.7528425], [46.4683151, 30.7528498]]], "df_ids": [235087]}