{"polygon": [[[46.469415, 30.7538143], [46.469409, 30.7540651], [46.4692853, 30.754061], [46.4692922, 30.7538056], [46.469415, 30.7538143]]], "df_ids": [133826]}