{"polygon": [[[46.4018809, 30.7429037], [46.4018352, 30.7426334], [46.4017132, 30.7426768], [46.4017265, 30.7427554], [46.4016814, 30.7427715], [46.4017137, 30.7429631], [46.4018809, 30.7429037]]], "df_ids": [169197]}