{"polygon": [[[46.4689209, 30.7540253], [46.4689096, 30.7541084], [46.4692227, 30.7541987], [46.4692406, 30.7540675], [46.4690144, 30.7540023], [46.4689275, 30.7539772], [46.4689209, 30.7540253]]], "df_ids": [163128]}