{"polygon": [[[46.4822797, 30.7106953], [46.4822564, 30.7104619], [46.4831947, 30.7102644], [46.483218, 30.7104977], [46.4822797, 30.7106953]]], "df_ids": [63229]}