{"polygon": [[[46.4753951, 30.7304148], [46.4753845, 30.730576], [46.4753183, 30.7305667], [46.475329, 30.7304055], [46.4753951, 30.7304148]]], "df_ids": [137370]}