{"polygon": [[[46.4699153, 30.7526606], [46.469894, 30.7528771], [46.469778, 30.7528513], [46.4696651, 30.7528261], [46.4696784, 30.7526085], [46.4699153, 30.7526606]]], "df_ids": [112212]}