{"polygon": [[[46.4703552, 30.7534832], [46.470335, 30.7534784], [46.4703139, 30.7534735], [46.4703079, 30.7535272], [46.4703287, 30.7535321], [46.4703492, 30.753537], [46.4703552, 30.7534832]]], "df_ids": [133530]}