{"polygon": [[[46.4749185, 30.7435678], [46.4747538, 30.7435366], [46.4747626, 30.7434386], [46.4749273, 30.7434699], [46.4749185, 30.7435678]]], "df_ids": [136339]}