{"polygon": [[[46.4748806, 30.7437432], [46.4747981, 30.7437336], [46.4747083, 30.7437231], [46.4747131, 30.7436378], [46.4748853, 30.7436579], [46.4748844, 30.7436747], [46.4748806, 30.7437432]]], "df_ids": [136340]}