{"polygon": [[[46.4047702, 30.7564107], [46.4045056, 30.7561541], [46.4043206, 30.7565554], [46.4045852, 30.756812], [46.4047702, 30.7564107]]], "df_ids": [169639]}