{"polygon": [[[46.4798306, 30.6868331], [46.4798094, 30.6867974], [46.4799414, 30.6866263], [46.4801155, 30.6868906], [46.4799869, 30.6870688], [46.4798306, 30.6868331]]], "df_ids": [169241]}