{"polygon": [[[46.4781613, 30.6871072], [46.4788289, 30.6879919], [46.4787048, 30.6881892], [46.4780373, 30.6873045], [46.4781613, 30.6871072]]], "df_ids": [169933]}