{"polygon": [[[46.4576024, 30.744468], [46.4573962, 30.7444414], [46.4574229, 30.7440048], [46.4575351, 30.7440192], [46.457518, 30.7442986], [46.457612, 30.7443107], [46.4576024, 30.744468]]], "df_ids": [169464]}