{"polygon": [[[46.4669129, 30.7516304], [46.4665978, 30.751618], [46.4666032, 30.7513312], [46.4669183, 30.7513436], [46.4669129, 30.7516304]]], "df_ids": [169438]}