{"polygon": [[[46.4427186, 30.7660016], [46.4427904, 30.7659824], [46.4428569, 30.7665069], [46.4427851, 30.7665261], [46.4427186, 30.7660016]]], "df_ids": [169611]}