{"polygon": [[[46.4669196, 30.7509662], [46.4666156, 30.7509572], [46.4666196, 30.7506704], [46.4669236, 30.7506793], [46.4669196, 30.7509662]]], "df_ids": [169439]}