{"polygon": [[[46.4660286, 30.7087678], [46.4660249, 30.7090484], [46.4663844, 30.7090586], [46.4663754, 30.7097297], [46.4659881, 30.7097188], [46.4659845, 30.709984], [46.4663813, 30.7099953], [46.4663745, 30.7104996], [46.4659809, 30.7104885], [46.4659769, 30.7107816], [46.4664899, 30.7107961], [46.466517, 30.7087816], [46.4660286, 30.7087678]]], "df_ids": [169512]}