{"polygon": [[[46.4659399, 30.757561], [46.4656471, 30.7575283], [46.4656836, 30.7568455], [46.4657817, 30.7568578], [46.4657525, 30.7573829], [46.4659482, 30.7574048], [46.4659399, 30.757561]]], "df_ids": [170166]}