{"polygon": [[[46.4790359, 30.686137], [46.4788807, 30.6863304], [46.4787126, 30.686046], [46.4788677, 30.6858526], [46.4790147, 30.6861013], [46.4790359, 30.686137]]], "df_ids": [169457]}