{"polygon": [[[46.4793466, 30.6861948], [46.4793254, 30.6861591], [46.4794574, 30.685988], [46.4796315, 30.6862523], [46.4795029, 30.6864305], [46.4793466, 30.6861948]]], "df_ids": [169225]}