{"polygon": [[[46.4608853, 30.7164387], [46.4604701, 30.7169739], [46.4603991, 30.7168579], [46.4608143, 30.7163226], [46.4608853, 30.7164387]]], "df_ids": [169432]}