{"polygon": [[[46.4041755, 30.7561326], [46.4039172, 30.7558797], [46.4037428, 30.7562543], [46.4040011, 30.7565071], [46.4041755, 30.7561326]]], "df_ids": [169637]}