{"polygon": [[[46.4725516, 30.7427895], [46.4725926, 30.7423313], [46.4728942, 30.7423915], [46.4728819, 30.7425132], [46.4729807, 30.7425341], [46.4729623, 30.7427174], [46.4728775, 30.7426994], [46.4728617, 30.7428567], [46.4725516, 30.7427895]]], "df_ids": [12438]}