{"polygon": [[[46.4796606, 30.6862591], [46.4796394, 30.6862234], [46.4797714, 30.6860523], [46.4799455, 30.6863166], [46.4798169, 30.6864948], [46.4796606, 30.6862591]]], "df_ids": [169455]}