{"polygon": [[[46.4806555, 30.6919594], [46.480599, 30.6927004], [46.4817009, 30.6928774], [46.481756, 30.6921546], [46.481631, 30.6921345], [46.4816051, 30.6924758], [46.4815917, 30.6926518], [46.4815804, 30.69265], [46.4813011, 30.6926052], [46.4809823, 30.6925541], [46.4807725, 30.6925205], [46.4807512, 30.6925171], [46.480763, 30.6923765], [46.4807919, 30.6919813], [46.4806555, 30.6919594]]], "df_ids": [169992]}