{"polygon": [[[46.4903034, 30.7167246], [46.4902925, 30.7168772], [46.4901658, 30.7168582], [46.4901767, 30.7167056], [46.4903034, 30.7167246]]], "df_ids": [112085]}