{"polygon": [[[46.4703561, 30.7449517], [46.4703704, 30.7447322], [46.4703236, 30.7447258], [46.4703093, 30.7449452], [46.4703561, 30.7449517]]], "df_ids": [189165]}