{"polygon": [[[46.4705643, 30.7443545], [46.4706968, 30.7443751], [46.4706871, 30.7445125], [46.4706773, 30.7446503], [46.4705439, 30.7446304], [46.4705495, 30.7445526], [46.4705619, 30.7445544], [46.4705667, 30.7444871], [46.4705711, 30.7444245], [46.4705596, 30.7444228], [46.4705643, 30.7443545]]], "df_ids": [37031]}