{"polygon": [[[46.4678944, 30.7549934], [46.4680334, 30.7550231], [46.4680502, 30.7550267], [46.4680315, 30.755211], [46.4678757, 30.7551777], [46.4678944, 30.7549934]]], "df_ids": [162097]}