{"polygon": [[[46.4702632, 30.7451035], [46.4701668, 30.7450903], [46.4701489, 30.7450878], [46.4701547, 30.744998], [46.4701607, 30.7449069], [46.4701786, 30.7449094], [46.4702379, 30.7449175], [46.4702749, 30.7449226], [46.4702738, 30.7449404], [46.4702632, 30.7451035]]], "df_ids": [250605]}