{"polygon": [[[46.488416, 30.7188529], [46.4883812, 30.7188652], [46.4883663, 30.7187767], [46.48835, 30.7186792], [46.4883843, 30.718667], [46.4883777, 30.7186277], [46.4883718, 30.7185925], [46.4883033, 30.7186167], [46.4883008, 30.7186022], [46.4882864, 30.718516], [46.4884713, 30.7184506], [46.4884788, 30.718495], [46.4884882, 30.7185513], [46.4884497, 30.7185649], [46.4884556, 30.7186002], [46.4884623, 30.71864], [46.4886196, 30.718582], [46.4886403, 30.7187029], [46.4884888, 30.7187565], [46.4885, 30.7188232], [46.4885219, 30.7188155], [46.4885387, 30.7189157], [46.4884328, 30.7189532], [46.488416, 30.7188529]]], "df_ids": [143744]}