{"polygon": [[[46.4688063, 30.7425475], [46.4688143, 30.7424303], [46.4687102, 30.7424154], [46.468615, 30.7424018], [46.4685961, 30.7426796], [46.4686631, 30.7426892], [46.4686662, 30.7426443], [46.468639, 30.7426404], [46.4686408, 30.7426138], [46.4686957, 30.7426217], [46.468741, 30.7426282], [46.4687395, 30.7426497], [46.4687152, 30.7426462], [46.4687113, 30.7427034], [46.4687949, 30.7427154], [46.4688063, 30.7425475]]], "df_ids": [1173]}