{"polygon": [[[46.4920384, 30.7181534], [46.4920783, 30.7179186], [46.4921402, 30.7179408], [46.4921565, 30.7179467], [46.4921166, 30.7181815], [46.4920384, 30.7181534]]], "df_ids": [137484]}