{"polygon": [[[46.487463, 30.7182893], [46.4874428, 30.7181479], [46.4874375, 30.7181166], [46.487398, 30.7181297], [46.487425, 30.7183018], [46.487463, 30.7182893]]], "df_ids": [133833]}