{"polygon": [[[46.4917324, 30.7176508], [46.492012, 30.7177628], [46.4919892, 30.7178833], [46.4917095, 30.7177713], [46.4917324, 30.7176508]]], "df_ids": [123940]}