{"polygon": [[[46.4699736, 30.73173], [46.4699093, 30.7325807], [46.4698429, 30.733459], [46.4697803, 30.7334487], [46.4695427, 30.73341], [46.4694336, 30.7333929], [46.469562, 30.7316644], [46.4696743, 30.7316814], [46.469912, 30.7317208], [46.4699736, 30.73173]]], "df_ids": [30794, 195702]}