{"polygon": [[[46.4316435, 30.7614975], [46.4315655, 30.7615527], [46.4306332, 30.7626543], [46.4308504, 30.7630163], [46.431757, 30.7619816], [46.4316435, 30.7614975]]], "df_ids": [169947]}