{"polygon": [[[46.4396459, 30.7591864], [46.439659, 30.7592703], [46.439783, 30.7600707], [46.4399084, 30.76088], [46.4399206, 30.76096], [46.4398214, 30.7609918], [46.4398092, 30.7609116], [46.4396916, 30.7601575], [46.4396702, 30.760018], [46.4395592, 30.7593032], [46.4395461, 30.7592192], [46.4395643, 30.7592132], [46.4396459, 30.7591864]]], "df_ids": [76496]}