{"polygon": [[[46.5702187, 30.7999902], [46.5700701, 30.8000236], [46.570123, 30.8005216], [46.5702716, 30.8004882], [46.5702187, 30.7999902]]], "df_ids": [169974]}