{"polygon": [[[46.5844575, 30.7984248], [46.5841814, 30.7984274], [46.5841799, 30.7980814], [46.584456, 30.7980789], [46.5844575, 30.7984248]]], "df_ids": [169429]}