{"polygon": [[[46.57732, 30.8094311], [46.5780511, 30.8099488], [46.5779849, 30.8101465], [46.5772538, 30.8096288], [46.57732, 30.8094311]]], "df_ids": [75441]}