{"polygon": [[[46.5198177, 30.7250037], [46.5197935, 30.7251459], [46.5197756, 30.725252], [46.5196625, 30.7252115], [46.5196447, 30.7252051], [46.5196869, 30.7249568], [46.5198177, 30.7250037]]], "df_ids": [251843]}