{"polygon": [[[46.5199203, 30.7248526], [46.5194504, 30.72468], [46.5194195, 30.7248581], [46.5195098, 30.7248912], [46.5196869, 30.7249568], [46.5198177, 30.7250037], [46.5198894, 30.7250306], [46.5198939, 30.7250046], [46.5199203, 30.7248526]]], "df_ids": [51392]}