{"polygon": [[[46.4519572, 30.7371205], [46.4520081, 30.7370663], [46.4521187, 30.7372854], [46.4519873, 30.7374251], [46.4520361, 30.7375218], [46.4519695, 30.7375927], [46.4519813, 30.7376162], [46.4519313, 30.7376694], [46.4519031, 30.7376136], [46.4518858, 30.737632], [46.4513965, 30.7366627], [46.4515177, 30.7365339], [46.4515514, 30.7366007], [46.4516852, 30.7364584], [46.4517873, 30.7366606], [46.4517593, 30.7366907], [46.451722, 30.7366167], [46.4516933, 30.7366472], [46.4516617, 30.7365846], [46.4515892, 30.7366616], [46.4516236, 30.7367297], [46.4515679, 30.7367888], [46.4516058, 30.7368638], [46.4515877, 30.7368831], [46.4516512, 30.7370089], [46.4516731, 30.7369856], [46.4517515, 30.7371409], [46.4517286, 30.7371652], [46.4517958, 30.7372984], [46.4518216, 30.737271], [46.4518583, 30.7373437], [46.4519077, 30.7372912], [46.4519402, 30.7373556], [46.4520051, 30.7372866], [46.4519704, 30.7372179], [46.4519938, 30.7371931], [46.4519572, 30.7371205]]], "df_ids": [74321]}