{"polygon": [[[46.5378727, 30.7384003], [46.5377016, 30.7387052], [46.5376106, 30.7385972], [46.5377817, 30.7382923], [46.5378727, 30.7384003]]], "df_ids": [179193]}