{"polygon": [[[46.514541, 30.7255878], [46.5147075, 30.7256527], [46.514653, 30.7259479], [46.5146251, 30.7260994], [46.5145934, 30.7262706], [46.5145559, 30.7264742], [46.5145342, 30.7266011], [46.5143885, 30.7265435], [46.5143662, 30.7265352], [46.5143707, 30.7265104], [46.514446, 30.7261025], [46.5144987, 30.7258167], [46.514541, 30.7255878]]], "df_ids": [46085]}