{"polygon": [[[46.4781849, 30.7331301], [46.4781647, 30.7333923], [46.4781276, 30.7333863], [46.4781335, 30.7333091], [46.4780316, 30.7332926], [46.4780458, 30.7331076], [46.4781305, 30.7331213], [46.4781849, 30.7331301]]], "df_ids": [2412]}