{"polygon": [[[46.4636341, 30.7348657], [46.4636429, 30.7347739], [46.4636467, 30.7347352], [46.4636519, 30.7346811], [46.4636599, 30.7345976], [46.4635647, 30.7345782], [46.4635517, 30.7347128], [46.4635388, 30.7348464], [46.4636341, 30.7348657]]], "df_ids": [126998]}