{"polygon": [[[46.4734466, 30.7553466], [46.4734858, 30.7551882], [46.4733501, 30.7550478], [46.4732102, 30.7549032], [46.4731544, 30.7548455], [46.4731103, 30.7550106], [46.4733549, 30.7552711], [46.4734466, 30.7553466]]], "df_ids": [44766]}