{"polygon": [[[46.4828718, 30.7418471], [46.4826842, 30.7418257], [46.4826897, 30.7417235], [46.4828773, 30.7417449], [46.4828718, 30.7418471]]], "df_ids": [6018]}