{"polygon": [[[46.4767418, 30.7415594], [46.4767296, 30.7417327], [46.4767208, 30.7417434], [46.4767398, 30.7417782], [46.4767459, 30.7417687], [46.4768095, 30.7417747], [46.4768969, 30.7417881], [46.4770447, 30.7418079], [46.4771278, 30.7418198], [46.4771449, 30.741581], [46.4770623, 30.7415685], [46.4770511, 30.7415668], [46.4770484, 30.7416057], [46.4769087, 30.7415846], [46.4768604, 30.7415773], [46.4767418, 30.7415594]]], "df_ids": [5269]}