{"polygon": [[[46.4736329, 30.7553933], [46.4737553, 30.7555136], [46.4737035, 30.7556975], [46.4735585, 30.7555849], [46.4736019, 30.7554374], [46.4735454, 30.7553845], [46.4735615, 30.7553231], [46.4736329, 30.7553933]]], "df_ids": [29239]}