{"polygon": [[[46.4848238, 30.7461934], [46.4846745, 30.7461399], [46.4846788, 30.7460751], [46.4847099, 30.7456079], [46.4847131, 30.7455597], [46.484862, 30.7456766], [46.484828, 30.7461361], [46.4848238, 30.7461934]]], "df_ids": [135695]}