{"polygon": [[[46.4780623, 30.7340372], [46.4780568, 30.7341738], [46.4779431, 30.7341643], [46.4779486, 30.7340276], [46.4780623, 30.7340372]]], "df_ids": [194011]}