{"polygon": [[[46.4939804, 30.7267198], [46.4939586, 30.7267515], [46.4939377, 30.7267212], [46.4939595, 30.7266895], [46.4939804, 30.7267198]]], "df_ids": [135670]}