{"polygon": [[[46.4830273, 30.7443843], [46.4830637, 30.7443899], [46.4830703, 30.7442987], [46.4830769, 30.7442073], [46.4829182, 30.744183], [46.4828836, 30.7441772], [46.4828175, 30.7441675], [46.4827871, 30.744163], [46.4827739, 30.7443455], [46.4829076, 30.744366], [46.4830273, 30.7443843]]], "df_ids": [141630]}