{"polygon": [[[46.4740193, 30.748069], [46.4740132, 30.7481092], [46.4740007, 30.7482854], [46.4739949, 30.748366], [46.4739453, 30.7483585], [46.4739661, 30.74806], [46.4740193, 30.748069]]], "df_ids": [201638]}