{"polygon": [[[46.479561, 30.7324776], [46.4795402, 30.7328331], [46.4794844, 30.7328263], [46.4795052, 30.7324708], [46.479561, 30.7324776]]], "df_ids": [254043]}