{"polygon": [[[46.4790284, 30.7326303], [46.4791841, 30.7326504], [46.4791878, 30.7325894], [46.4792513, 30.7325976], [46.4792395, 30.732789], [46.4792344, 30.7328734], [46.4791718, 30.7328653], [46.4791787, 30.7327531], [46.4790221, 30.7327329], [46.4790284, 30.7326303]]], "df_ids": [135280]}