{"polygon": [[[46.4867743, 30.726016], [46.4867243, 30.7260804], [46.4867144, 30.7260642], [46.4866621, 30.7261317], [46.4865726, 30.7262473], [46.4864817, 30.7260986], [46.4865723, 30.7259816], [46.4866734, 30.7258511], [46.4867743, 30.726016]]], "df_ids": [1234]}