{"polygon": [[[46.4859939, 30.7257492], [46.4858614, 30.7254953], [46.4859567, 30.7253895], [46.4860858, 30.7256365], [46.4860392, 30.7256936], [46.4859939, 30.7257492]]], "df_ids": [967]}