{"polygon": [[[46.4890881, 30.7364292], [46.4890922, 30.7359917], [46.4890052, 30.7359915], [46.4890032, 30.7361366], [46.4890082, 30.7363159], [46.4890109, 30.7364128], [46.4890881, 30.7364292]]], "df_ids": [133835]}