{"polygon": [[[46.4741879, 30.747724], [46.4741544, 30.7482809], [46.4742248, 30.7482895], [46.4742578, 30.7477329], [46.4741879, 30.747724]]], "df_ids": [189285]}