{"polygon": [[[46.4785821, 30.7309359], [46.4786573, 30.7310574], [46.4785431, 30.7312063], [46.4784862, 30.7312806], [46.4783826, 30.7311131], [46.4784278, 30.7310541], [46.4784563, 30.7311001], [46.4785349, 30.7309975], [46.4785821, 30.7309359]]], "df_ids": [26448]}