{"polygon": [[[46.4699765, 30.7509922], [46.4700849, 30.7510079], [46.4701988, 30.7510244], [46.4701893, 30.7511624], [46.4701792, 30.7513097], [46.4700478, 30.7512907], [46.4700067, 30.7512847], [46.4699576, 30.7512776], [46.4699643, 30.7511799], [46.4699651, 30.7511683], [46.4700079, 30.7511744], [46.4700055, 30.7512093], [46.4700378, 30.751214], [46.4700427, 30.7511429], [46.4700479, 30.7510671], [46.4700081, 30.7510613], [46.4700062, 30.7510883], [46.4699703, 30.7510831], [46.469971, 30.7510728], [46.4699765, 30.7509922]]], "df_ids": [45192]}