{"polygon": [[[46.4805754, 30.7497719], [46.4805822, 30.7496834], [46.4807656, 30.7497134], [46.4807587, 30.7498018], [46.4806492, 30.7497839], [46.4805754, 30.7497719]]], "df_ids": [74895]}