{"polygon": [[[46.4862144, 30.726813], [46.4861903, 30.7267736], [46.4860881, 30.7266067], [46.4859946, 30.7267275], [46.4859248, 30.7268176], [46.4860232, 30.7269783], [46.4860995, 30.7268797], [46.4861492, 30.7268155], [46.4861772, 30.7268611], [46.4862144, 30.726813]]], "df_ids": [154047]}