{"polygon": [[[46.4861874, 30.7259485], [46.48639, 30.7257001], [46.486311, 30.7255642], [46.4863004, 30.7255773], [46.486155, 30.7257556], [46.4860858, 30.7256365], [46.4860392, 30.7256936], [46.4861874, 30.7259485]]], "df_ids": [960]}