{"polygon": [[[46.4809039, 30.749943], [46.4809802, 30.7499547], [46.4809934, 30.7497856], [46.4809989, 30.7496989], [46.4809259, 30.7496877], [46.4809217, 30.7497454], [46.4808951, 30.7497413], [46.4808837, 30.7498982], [46.4809069, 30.7499018], [46.4809039, 30.749943]]], "df_ids": [229798]}