{"polygon": [[[46.4894828, 30.736158], [46.4895349, 30.7361516], [46.4895335, 30.7363], [46.4895267, 30.7366011], [46.4894177, 30.7365647], [46.489426, 30.7364252], [46.489426, 30.7362267], [46.4894373, 30.7361944], [46.4894828, 30.736158]]], "df_ids": [181170]}