{"polygon": [[[46.4700191, 30.7498703], [46.469951, 30.7498605], [46.4699046, 30.7498538], [46.4699125, 30.7497388], [46.4699243, 30.7495676], [46.4700442, 30.749585], [46.4700414, 30.7496261], [46.4700113, 30.7496217], [46.4699972, 30.7498267], [46.4700218, 30.7498303], [46.4700191, 30.7498703]]], "df_ids": [196125]}