{"polygon": [[[46.4735847, 30.7497825], [46.4736633, 30.7497925], [46.4736562, 30.7499106], [46.4735685, 30.7498994], [46.4735635, 30.7499814], [46.4736107, 30.7499874], [46.4736033, 30.7501099], [46.4734681, 30.7500922], [46.4734784, 30.7499306], [46.4734885, 30.7497716], [46.4735847, 30.7497825]]], "df_ids": [153185]}