{"polygon": [[[46.4899012, 30.7320322], [46.490005, 30.7322332], [46.4900421, 30.732189], [46.4901323, 30.7320882], [46.4901482, 30.7320705], [46.4901126, 30.7320031], [46.4900422, 30.7318703], [46.4900278, 30.7318868], [46.4899164, 30.7320148], [46.4899012, 30.7320322]]], "df_ids": [32931]}