{"polygon": [[[46.4701158, 30.7498034], [46.4701103, 30.7498835], [46.4700191, 30.7498703], [46.4700218, 30.7498303], [46.4700246, 30.7497902], [46.4701158, 30.7498034]]], "df_ids": [196123]}