{"polygon": [[[46.4892648, 30.7367588], [46.4892667, 30.7365509], [46.4893772, 30.736573], [46.489526, 30.736633], [46.4895259, 30.7368352], [46.4892648, 30.7367588]]], "df_ids": [204721]}