{"polygon": [[[46.4760116, 30.7472058], [46.4760483, 30.7466745], [46.4760498, 30.7466531], [46.4760514, 30.7466305], [46.4759382, 30.746614], [46.4759365, 30.7466384], [46.4758984, 30.7471893], [46.4760116, 30.7472058]]], "df_ids": [135592]}