{"polygon": [[[46.4849806, 30.7227008], [46.4850855, 30.7228778], [46.4851175, 30.7229286], [46.4851448, 30.722974], [46.4851125, 30.7230149], [46.485081, 30.7230548], [46.4849168, 30.7227817], [46.4849806, 30.7227008]]], "df_ids": [2703]}