{"polygon": [[[46.4856529, 30.7233153], [46.485686, 30.7233745], [46.4855151, 30.7236042], [46.4854762, 30.7235394], [46.4856529, 30.7233153]]], "df_ids": [1888]}