{"polygon": [[[46.4699765, 30.7509922], [46.4699828, 30.750901], [46.4700282, 30.7509075], [46.4700629, 30.7509126], [46.4700663, 30.7508633], [46.4700708, 30.7507972], [46.4700257, 30.7507907], [46.4699909, 30.7507857], [46.4699971, 30.7506967], [46.4700167, 30.7506995], [46.4702191, 30.7507288], [46.4702085, 30.7508837], [46.4701988, 30.7510244], [46.4699765, 30.7509922]]], "df_ids": [45194]}