{"polygon": [[[46.483711, 30.7398099], [46.4837158, 30.7397339], [46.4837422, 30.7397374], [46.4837443, 30.7397056], [46.4837388, 30.7397049], [46.483744, 30.7396243], [46.4837483, 30.7395575], [46.4837591, 30.739559], [46.4837611, 30.7395289], [46.4837363, 30.7395256], [46.4837427, 30.7394258], [46.4838946, 30.7394463], [46.4838862, 30.739578], [46.4838819, 30.739645], [46.4838778, 30.7397097], [46.48387, 30.7398313], [46.4837306, 30.7398125], [46.483711, 30.7398099]]], "df_ids": [5449]}