{"polygon": [[[46.4885885, 30.7347621], [46.488587, 30.7347717], [46.4885417, 30.7347645], [46.4885077, 30.7352127], [46.4884291, 30.7352001], [46.4884676, 30.734691], [46.4885907, 30.7347146], [46.4885885, 30.7347621]]], "df_ids": [9277]}