{"polygon": [[[46.4737618, 30.748031], [46.4736348, 30.7480107], [46.4736243, 30.7481582], [46.4736135, 30.7483087], [46.4737321, 30.7483265], [46.473735, 30.7482852], [46.4737194, 30.7482829], [46.4737267, 30.7481806], [46.4737337, 30.7480826], [46.4737576, 30.7480862], [46.4737618, 30.748031]]], "df_ids": [6530]}