{"polygon": [[[46.4701202, 30.7502403], [46.4696948, 30.7501787], [46.4696245, 30.7501685], [46.4696303, 30.7500839], [46.4696719, 30.7500899], [46.4701211, 30.7501549], [46.470126, 30.7501557], [46.4701202, 30.7502403]]], "df_ids": [190461]}