{"polygon": [[[46.4759052, 30.7473483], [46.4758689, 30.7473435], [46.4756335, 30.747312], [46.475623, 30.7474782], [46.4756201, 30.7475229], [46.4758918, 30.7475592], [46.4759052, 30.7473483]]], "df_ids": [6312, 135593]}