{"polygon": [[[46.4739122, 30.7483535], [46.4739453, 30.7483585], [46.4739949, 30.748366], [46.4739755, 30.748639], [46.4738927, 30.7486265], [46.4738993, 30.7485338], [46.4739054, 30.7484488], [46.4739122, 30.7483535]]], "df_ids": [179286]}