{"polygon": [[[46.485619, 30.7318438], [46.4854979, 30.7319918], [46.4855197, 30.7320294], [46.4856087, 30.7321831], [46.4857546, 30.7320048], [46.4857748, 30.7319801], [46.485664, 30.7317888], [46.485619, 30.7318438]]], "df_ids": [5239]}