{"polygon": [[[46.4318165, 30.7436533], [46.4318861, 30.7435389], [46.4319404, 30.7434471], [46.4321225, 30.743674], [46.4320704, 30.743762], [46.4320012, 30.7438819], [46.4318165, 30.7436533]]], "df_ids": [113675]}