{"polygon": [[[46.4995496, 30.7237949], [46.4995563, 30.7237616], [46.4995677, 30.7237664], [46.4995767, 30.7237208], [46.4995647, 30.7237157], [46.4995754, 30.7236585], [46.4995253, 30.7236385], [46.4994732, 30.7236191], [46.4994613, 30.7236747], [46.499446, 30.7237532], [46.4995254, 30.7237858], [46.4995496, 30.7237949]]], "df_ids": [175649]}