{"polygon": [[[46.5001224, 30.7238986], [46.5001001, 30.7240186], [46.4999919, 30.7239762], [46.4998831, 30.7239335], [46.4999054, 30.7238135], [46.5000062, 30.723853], [46.5001224, 30.7238986]]], "df_ids": [180981]}