{"polygon": [[[46.4997772, 30.7237632], [46.4997089, 30.7237364], [46.4996866, 30.7238564], [46.499715, 30.7238676], [46.4997816, 30.7238937], [46.4998081, 30.7239041], [46.4998485, 30.72392], [46.4998831, 30.7239335], [46.4999054, 30.7238135], [46.4998362, 30.7237863], [46.4998068, 30.7237748], [46.4997772, 30.7237632]]], "df_ids": [1935]}