{"polygon": [[[46.5915242, 30.7889141], [46.5913846, 30.7892116], [46.591529, 30.7893551], [46.5916686, 30.7890576], [46.5915242, 30.7889141]]], "df_ids": [27673]}