{"polygon": [[[46.4633818, 30.7355541], [46.4633385, 30.7360278], [46.4632236, 30.7360056], [46.463267, 30.735532], [46.4633818, 30.7355541]]], "df_ids": [126999]}