{"polygon": [[[46.4630991, 30.7344806], [46.4630444, 30.7344681], [46.4630726, 30.7342084], [46.4630896, 30.7342123], [46.4631265, 30.7342207], [46.4631181, 30.7343005], [46.463107, 30.7344062], [46.4630991, 30.7344806]]], "df_ids": [134118]}