{"polygon": [[[46.4730915, 30.7404115], [46.4730864, 30.74049], [46.4728822, 30.7404605], [46.4728872, 30.7403837], [46.4730915, 30.7404115]]], "df_ids": [127027]}