{"polygon": [[[46.472891, 30.74032], [46.4728961, 30.7402456], [46.4728992, 30.7402], [46.4729932, 30.7402135], [46.4730821, 30.7402264], [46.4730739, 30.7403464], [46.472891, 30.74032]]], "df_ids": [143720]}