{"polygon": [[[46.4729263, 30.7407533], [46.4730708, 30.7407725], [46.4730641, 30.7408788], [46.4729206, 30.7408632], [46.4729263, 30.7407533]]], "df_ids": [162104]}