{"polygon": [[[46.4619941, 30.7388613], [46.4618339, 30.7388386], [46.4618446, 30.7386801], [46.4618534, 30.7385501], [46.4620135, 30.7385728], [46.4619941, 30.7388613]]], "df_ids": [141]}