{"polygon": [[[46.426529, 30.752375], [46.426418, 30.752434], [46.4264475, 30.7525507], [46.4264213, 30.7525646], [46.4264115, 30.7525255], [46.4262406, 30.7526163], [46.4262501, 30.7526536], [46.4262119, 30.7526738], [46.426187, 30.7525752], [46.4260822, 30.7526308], [46.4260988, 30.7526967], [46.42611, 30.7526907], [46.4261491, 30.7528458], [46.4261362, 30.7528527], [46.4261546, 30.752926], [46.4262653, 30.7528671], [46.4262371, 30.7527555], [46.4262668, 30.7527397], [46.4262775, 30.7527818], [46.4264489, 30.7526908], [46.4264387, 30.7526505], [46.4264637, 30.7526372], [46.4264952, 30.752762], [46.4266128, 30.7526995], [46.4265866, 30.7525956], [46.426573, 30.7526029], [46.4265377, 30.752463], [46.4265496, 30.7524567], [46.426529, 30.752375]]], "df_ids": [33928]}