{"polygon": [[[46.4926177, 30.7188759], [46.4928102, 30.7189358], [46.49283, 30.7188012], [46.4926365, 30.718741], [46.4926177, 30.7188759]]], "df_ids": [187691]}