{"polygon": [[[46.4102084, 30.6992243], [46.4100632, 30.6992423], [46.4100522, 30.6990546], [46.4101973, 30.6990366], [46.4102084, 30.6992243]]], "df_ids": [29623]}