{"polygon": [[[46.4623623, 30.7382727], [46.4622613, 30.7382585], [46.4622597, 30.7382817], [46.4622405, 30.7385707], [46.4622345, 30.7386608], [46.4621044, 30.7386407], [46.4621314, 30.7382613], [46.4621454, 30.7380657], [46.4623738, 30.738099], [46.4623623, 30.7382727]]], "df_ids": [112040]}