{"polygon": [[[46.4617092, 30.7388343], [46.4616178, 30.7388237], [46.461626, 30.7386739], [46.4617174, 30.7386845], [46.461713, 30.7387657], [46.4617092, 30.7388343]]], "df_ids": [133982]}