{"polygon": [[[46.4628835, 30.7362121], [46.4628595, 30.7365858], [46.4627871, 30.736576], [46.4627876, 30.736569], [46.4628118, 30.7362024], [46.4628835, 30.7362121]]], "df_ids": [163149]}