{"polygon": [[[46.4645848, 30.737543], [46.4645781, 30.7376564], [46.4645704, 30.737779], [46.4645652, 30.7378821], [46.4644267, 30.7378656], [46.4644469, 30.7375258], [46.4645848, 30.737543]]], "df_ids": [9173]}