{"polygon": [[[46.4243943, 30.7542073], [46.4243816, 30.7543762], [46.4248172, 30.7544454], [46.42483, 30.7542766], [46.4243943, 30.7542073]]], "df_ids": [74873]}