{"polygon": [[[46.4713661, 30.7479597], [46.4714114, 30.7479659], [46.4714695, 30.7479739], [46.4714895, 30.7479766], [46.4714947, 30.7478967], [46.4713713, 30.7478798], [46.4713661, 30.7479597]]], "df_ids": [229081]}