{"polygon": [[[46.4247932, 30.7514368], [46.4247015, 30.7514731], [46.4244578, 30.7501769], [46.4245495, 30.7501407], [46.424577, 30.7502871], [46.4245687, 30.7502904], [46.4245806, 30.7503537], [46.4245889, 30.7503504], [46.4246376, 30.7506093], [46.4246297, 30.7506124], [46.424641, 30.7506723], [46.4246489, 30.7506692], [46.424698, 30.7509306], [46.4246882, 30.7509345], [46.4247005, 30.751], [46.4247103, 30.7509961], [46.4247585, 30.7512524], [46.4247474, 30.7512568], [46.4247593, 30.7513198], [46.4247704, 30.7513155], [46.4247932, 30.7514368]]], "df_ids": [75623]}