{"polygon": [[[46.4636965, 30.7368817], [46.4636106, 30.7368694], [46.4636209, 30.7367192], [46.4637067, 30.7367315], [46.4636965, 30.7368817]]], "df_ids": [162142]}