{"polygon": [[[46.4643643, 30.7337333], [46.4643099, 30.7337297], [46.4643177, 30.7335463], [46.4643228, 30.7334263], [46.4643775, 30.7334332], [46.4643643, 30.7337333]]], "df_ids": [251522]}