{"polygon": [[[46.425311, 30.7545257], [46.4252992, 30.7546815], [46.4248378, 30.7546081], [46.4248495, 30.7544523], [46.425311, 30.7545257]]], "df_ids": [63154]}