{"polygon": [[[46.4343856, 30.7542099], [46.4343325, 30.7540048], [46.4346275, 30.7538441], [46.4346806, 30.7540493], [46.4346485, 30.7540669], [46.4343856, 30.7542099]]], "df_ids": [139371]}