{"polygon": [[[46.4259616, 30.7525779], [46.4259956, 30.7527197], [46.4251831, 30.75313], [46.425149, 30.7529883], [46.4259616, 30.7525779]]], "df_ids": [166117]}