{"polygon": [[[46.5819979, 30.8096734], [46.5818932, 30.8099886], [46.5819361, 30.8100188], [46.5818281, 30.8103437], [46.5817064, 30.810258], [46.581813, 30.8099373], [46.5817675, 30.8099054], [46.5818737, 30.809586], [46.5819758, 30.8096578], [46.5819979, 30.8096734]]], "df_ids": [169257]}