{"polygon": [[[46.4925167, 30.7195027], [46.4924531, 30.7194793], [46.492433, 30.719617], [46.49243, 30.7196376], [46.4924762, 30.7196531], [46.4924937, 30.719659], [46.4925167, 30.7195027]]], "df_ids": [229085]}