{"polygon": [[[46.4891914, 30.7227721], [46.4892808, 30.7229271], [46.4894036, 30.7227776], [46.4895295, 30.7226244], [46.4894428, 30.7224711], [46.4893118, 30.7226255], [46.4891914, 30.7227721]]], "df_ids": [45050]}