{"polygon": [[[46.4786339, 30.7259751], [46.4785239, 30.7261049], [46.4784874, 30.7260397], [46.4784702, 30.7260089], [46.4785802, 30.7258791], [46.4786339, 30.7259751]]], "df_ids": [2564]}