{"polygon": [[[46.4936417, 30.7127121], [46.4937292, 30.7127251], [46.4937391, 30.7125857], [46.4936515, 30.7125727], [46.4936417, 30.7127121]]], "df_ids": [124727]}