{"polygon": [[[46.4767642, 30.7234218], [46.4767839, 30.7235134], [46.476708, 30.7235499], [46.4766831, 30.7234861], [46.4767358, 30.7234606], [46.4767314, 30.7234387], [46.4767642, 30.7234218]]], "df_ids": [179192]}