{"polygon": [[[46.4765208, 30.7231796], [46.476615, 30.7231524], [46.4766854, 30.7231321], [46.4767256, 30.7232798], [46.4767642, 30.7234218], [46.4767314, 30.7234387], [46.4767201, 30.7234445], [46.4766822, 30.7233077], [46.4766548, 30.7233131], [46.4766232, 30.7233194], [46.4765795, 30.723328], [46.4765721, 30.72331], [46.4765598, 30.7232787], [46.4765208, 30.7231796]]], "df_ids": [228992]}