{"polygon": [[[46.4768337, 30.723235], [46.4768857, 30.7234546], [46.4769388, 30.7234208], [46.4769115, 30.7232712], [46.4768956, 30.7231972], [46.4768337, 30.723235]]], "df_ids": [180894]}