{"polygon": [[[46.4931514, 30.713212], [46.4931357, 30.713321], [46.4930016, 30.7132801], [46.4930173, 30.7131712], [46.4931514, 30.713212]]], "df_ids": [133825]}