{"polygon": [[[46.4658476, 30.6999611], [46.4659325, 30.699975], [46.4659365, 30.7000697], [46.4658445, 30.7000589], [46.4658476, 30.6999611]]], "df_ids": [125626]}