{"polygon": [[[46.466421, 30.6951286], [46.4664024, 30.6953169], [46.4663848, 30.6954951], [46.4663303, 30.6960483], [46.4663196, 30.6961567], [46.4662986, 30.6963704], [46.46629, 30.6964568], [46.4661605, 30.6964299], [46.4662914, 30.6951017], [46.466421, 30.6951286]]], "df_ids": [53197]}