{"polygon": [[[46.4661108, 30.7021833], [46.4660048, 30.7021615], [46.4660499, 30.7015999], [46.4660305, 30.7015919], [46.4660259, 30.7016348], [46.4660111, 30.7016321], [46.4660123, 30.7016132], [46.4660171, 30.7015395], [46.4661566, 30.7015772], [46.4661108, 30.7021833]]], "df_ids": [125683]}