{"polygon": [[[46.4655999, 30.7002771], [46.4655887, 30.7003996], [46.4655063, 30.7003838], [46.4655175, 30.7002612], [46.4655999, 30.7002771]]], "df_ids": [136407]}