{"polygon": [[[46.4661358, 30.6989712], [46.4661054, 30.6989752], [46.4659954, 30.6989699], [46.4660204, 30.698703], [46.466037, 30.6987062], [46.4661523, 30.6987289], [46.4661636, 30.6987311], [46.4661615, 30.6987494], [46.4661358, 30.6989712]]], "df_ids": [113108]}