{"polygon": [[[46.465641, 30.7000541], [46.4656383, 30.7000884], [46.465623, 30.7002799], [46.4655999, 30.7002771], [46.4655175, 30.7002612], [46.4655293, 30.7000366], [46.465641, 30.7000541]]], "df_ids": [162659]}