{"polygon": [[[46.4658476, 30.6999611], [46.4658445, 30.7000589], [46.465843, 30.7001059], [46.4656383, 30.7000884], [46.465641, 30.7000541], [46.4655293, 30.7000366], [46.4655372, 30.6999665], [46.4655603, 30.6999101], [46.4658476, 30.6999611]]], "df_ids": [180655]}