{"polygon": [[[46.4674583, 30.7002172], [46.4674684, 30.7002184], [46.4675714, 30.7002305], [46.4675714, 30.7003351], [46.4675714, 30.7003699], [46.4674993, 30.700368], [46.4674744, 30.7003674], [46.4674633, 30.7003671], [46.4674583, 30.7002172]]], "df_ids": [125715]}