{"polygon": [[[46.4800012, 30.7155334], [46.480011, 30.7157006], [46.4799655, 30.7157106], [46.4798289, 30.7157377], [46.479826, 30.7155727], [46.4800012, 30.7155334]]], "df_ids": [51993]}