{"polygon": [[[46.5037193, 30.7253608], [46.5037201, 30.7253783], [46.5036292, 30.7253874], [46.5036201, 30.7251944], [46.5037109, 30.7251853], [46.5037193, 30.7253608]]], "df_ids": [194403]}