{"polygon": [[[46.454435, 30.7380065], [46.4544869, 30.7373501], [46.4545884, 30.737367], [46.454577, 30.7375114], [46.4545488, 30.737855], [46.4545355, 30.7380232], [46.454435, 30.7380065]]], "df_ids": [127231]}