{"polygon": [[[46.4484667, 30.7281616], [46.4484517, 30.7283655], [46.4482706, 30.7283374], [46.4482856, 30.7281335], [46.4484667, 30.7281616]]], "df_ids": [181953]}