{"polygon": [[[46.4635406, 30.7275287], [46.4636008, 30.7275318], [46.4635901, 30.7279564], [46.4635299, 30.7279532], [46.4635406, 30.7275287]]], "df_ids": [141050]}