{"polygon": [[[46.4417384, 30.7687864], [46.4417449, 30.7690077], [46.4416439, 30.7690139], [46.4416374, 30.7687926], [46.4417384, 30.7687864]]], "df_ids": [34290]}