{"polygon": [[[46.4243763, 30.7265581], [46.4243965, 30.7265508], [46.4246011, 30.7264765], [46.4246397, 30.7266999], [46.4244149, 30.7267815], [46.4243763, 30.7265581]]], "df_ids": [76822]}