{"polygon": [[[46.4368182, 30.7316277], [46.4367925, 30.7318887], [46.4365725, 30.7318429], [46.4365753, 30.7318151], [46.4363923, 30.731777], [46.4364119, 30.7315788], [46.4365966, 30.7316172], [46.4366001, 30.7315824], [46.4368182, 30.7316277]]], "df_ids": [26964]}