{"polygon": [[[46.4535106, 30.745101], [46.4535367, 30.7447646], [46.4534234, 30.7447461], [46.4534215, 30.7447713], [46.4533973, 30.7450825], [46.4535106, 30.745101]]], "df_ids": [74985]}