{"polygon": [[[46.4495113, 30.7564559], [46.4496189, 30.7567764], [46.4493271, 30.7569827], [46.4493358, 30.7570085], [46.4492729, 30.757053], [46.4492643, 30.7570272], [46.4489606, 30.7572419], [46.4488506, 30.756914], [46.4490027, 30.7568065], [46.4490434, 30.7569278], [46.4494142, 30.7566656], [46.4493759, 30.7565517], [46.4495113, 30.7564559]]], "df_ids": [34463]}