{"polygon": [[[46.439467, 30.7542151], [46.4396361, 30.7549196], [46.4395317, 30.7549724], [46.4394514, 30.7546378], [46.4392469, 30.7547412], [46.439282, 30.7548873], [46.439262, 30.7548974], [46.4391513, 30.7549533], [46.4389049, 30.7539271], [46.4390441, 30.7538567], [46.4392044, 30.7545243], [46.4393259, 30.7544629], [46.4393342, 30.7544977], [46.4393939, 30.7544676], [46.4393477, 30.7542754], [46.439467, 30.7542151]]], "df_ids": [33147]}