{"polygon": [[[46.4534139, 30.7445993], [46.4534028, 30.7447427], [46.4534234, 30.7447461], [46.4534215, 30.7447713], [46.4528893, 30.7446843], [46.4528926, 30.7446409], [46.452917, 30.7446449], [46.4529267, 30.7445196], [46.4534139, 30.7445993]]], "df_ids": [74984]}