{"polygon": [[[46.4531818, 30.7435115], [46.4531719, 30.7437038], [46.4528196, 30.7436658], [46.4528294, 30.7434735], [46.4531818, 30.7435115]]], "df_ids": [10440]}