{"polygon": [[[46.451118, 30.7439024], [46.4511041, 30.7440729], [46.4505222, 30.7439728], [46.4505361, 30.7438023], [46.451118, 30.7439024]]], "df_ids": [10465]}