{"polygon": [[[46.4380619, 30.7462309], [46.4380615, 30.7463714], [46.4380952, 30.7463715], [46.4380952, 30.7463971], [46.4381363, 30.7463973], [46.4381364, 30.7463669], [46.4381937, 30.7463672], [46.4381937, 30.7463341], [46.4382176, 30.7463343], [46.4382179, 30.7462158], [46.4381873, 30.7462157], [46.4381874, 30.7461933], [46.4380845, 30.7461928], [46.4380844, 30.746231], [46.4380619, 30.7462309]]], "df_ids": [28880]}