{"polygon": [[[46.4528893, 30.7446843], [46.4528091, 30.7457166], [46.4526977, 30.7456984], [46.4527812, 30.7446227], [46.4528926, 30.7446409], [46.4528893, 30.7446843]]], "df_ids": [63160]}