{"polygon": [[[46.4489925, 30.7496304], [46.4490476, 30.7498085], [46.4493167, 30.7506785], [46.4493706, 30.7508526], [46.4491307, 30.7510089], [46.4487526, 30.7497867], [46.4489925, 30.7496304]]], "df_ids": [76746]}