{"polygon": [[[46.4533008, 30.7435532], [46.4532862, 30.7437415], [46.4538286, 30.7438161], [46.453952, 30.7435388], [46.4538447, 30.7432327], [46.4537412, 30.7433025], [46.453831, 30.7435345], [46.4537892, 30.7436085], [46.4535019, 30.743583], [46.4533008, 30.7435532]]], "df_ids": [27662]}