{"polygon": [[[46.4479919, 30.7426785], [46.4479748, 30.7428618], [46.447513, 30.742798], [46.4475183, 30.7426887], [46.4471391, 30.7426243], [46.4467534, 30.7425589], [46.4467401, 30.7426862], [46.4462892, 30.7426218], [46.4463059, 30.742414], [46.4467389, 30.7424808], [46.4467516, 30.7423547], [46.4471546, 30.7424293], [46.4475556, 30.7424863], [46.4475469, 30.7426149], [46.4479919, 30.7426785]]], "df_ids": [27027]}