{"polygon": [[[46.4661418, 30.7465547], [46.4661266, 30.7467439], [46.4657077, 30.7466729], [46.4655409, 30.7466474], [46.4654836, 30.7466368], [46.4654955, 30.7464781], [46.465498, 30.7464464], [46.4658138, 30.7464992], [46.4661418, 30.7465547]]], "df_ids": [28814]}