{"polygon": [[[46.4523483, 30.7419076], [46.4521527, 30.7425695], [46.4520271, 30.7424912], [46.4522227, 30.7418293], [46.4523483, 30.7419076]]], "df_ids": [151052]}