{"polygon": [[[46.4358485, 30.7295872], [46.4358351, 30.7297391], [46.4358159, 30.7297356], [46.435779, 30.7301529], [46.4356558, 30.73013], [46.4356662, 30.7300116], [46.4355482, 30.7299896], [46.4355442, 30.7300343], [46.435492, 30.7300246], [46.4354959, 30.7299799], [46.4352863, 30.7299409], [46.4352825, 30.729984], [46.4352276, 30.7299738], [46.4352314, 30.7299307], [46.4351144, 30.729909], [46.4351052, 30.730013], [46.4349792, 30.7299896], [46.435029, 30.7294255], [46.4351462, 30.7294473], [46.435143, 30.7294838], [46.4351987, 30.7294942], [46.4351818, 30.7296855], [46.4356419, 30.729771], [46.4356581, 30.7295879], [46.4357068, 30.729597], [46.43571, 30.7295614], [46.4358485, 30.7295872]]], "df_ids": [29071]}