{"polygon": [[[46.4238447, 30.7196069], [46.4237314, 30.7194548], [46.4234897, 30.7198336], [46.423948, 30.720449], [46.42417, 30.720101], [46.4240961, 30.7200018], [46.4239407, 30.7202452], [46.4236697, 30.7198813], [46.4238447, 30.7196069]]], "df_ids": [27467]}