{"polygon": [[[46.4610306, 30.7101104], [46.4609134, 30.7101113], [46.4609126, 30.7099065], [46.4609126, 30.7098988], [46.4610298, 30.7098979], [46.4610298, 30.7099059], [46.4610306, 30.7101104]]], "df_ids": [174010]}