{"polygon": [[[46.4605096, 30.7107752], [46.4605104, 30.7108667], [46.460317, 30.7108701], [46.4603162, 30.7107786], [46.4605096, 30.7107752]]], "df_ids": [235901]}