{"polygon": [[[46.4588832, 30.7125601], [46.4590653, 30.7125571], [46.4590667, 30.7127373], [46.4588846, 30.7127404], [46.4588832, 30.7125601]]], "df_ids": [137527]}