{"polygon": [[[46.4721261, 30.7388963], [46.4720753, 30.7388902], [46.4720908, 30.7386198], [46.4721416, 30.738626], [46.4721261, 30.7388963]]], "df_ids": [6971]}