{"polygon": [[[46.4594531, 30.7109268], [46.4594592, 30.710927], [46.4594913, 30.7109276], [46.459491, 30.7109617], [46.4595181, 30.7109623], [46.459522, 30.7105495], [46.4595732, 30.7105459], [46.4595657, 30.711089], [46.4594584, 30.7110869], [46.4594516, 30.7110868], [46.4594531, 30.7109268]]], "df_ids": [175825]}