{"polygon": [[[46.4589806, 30.7120163], [46.4588964, 30.7120175], [46.4588968, 30.7118914], [46.4589808, 30.7118907], [46.4589806, 30.7120163]]], "df_ids": [3207]}