{"polygon": [[[46.4612414, 30.7124349], [46.4613582, 30.7124386], [46.4613951, 30.7124382], [46.4613942, 30.712532], [46.4612404, 30.7125286], [46.4612414, 30.7124349]]], "df_ids": [236157]}