{"polygon": [[[46.4591985, 30.711654], [46.4591962, 30.7118296], [46.4591513, 30.7118283], [46.4591537, 30.7116527], [46.4591985, 30.711654]]], "df_ids": [243129]}