{"polygon": [[[46.4598147, 30.7129751], [46.4598113, 30.713063], [46.459809, 30.713128], [46.4596559, 30.7131251], [46.4596565, 30.7130662], [46.45966, 30.712972], [46.4598147, 30.7129751]]], "df_ids": [175099]}