{"polygon": [[[46.4590019, 30.7104614], [46.4590016, 30.7105595], [46.4588835, 30.7105586], [46.4588838, 30.7104607], [46.4590019, 30.7104614]]], "df_ids": [133699]}