{"polygon": [[[46.4718316, 30.7387186], [46.4718505, 30.7384594], [46.4717796, 30.7384485], [46.4717606, 30.7387085], [46.4718316, 30.7387186]]], "df_ids": [193227]}