{"polygon": [[[46.4616844, 30.7120328], [46.4615754, 30.7120316], [46.4615761, 30.7118814], [46.461633, 30.711882], [46.4616852, 30.7118825], [46.4616848, 30.7119641], [46.4616844, 30.7120328]]], "df_ids": [3435]}