{"polygon": [[[46.4598417, 30.7121283], [46.4598426, 30.7118556], [46.4599383, 30.7118544], [46.4599489, 30.7118555], [46.4599865, 30.7118562], [46.4599852, 30.7121297], [46.4599366, 30.7121289], [46.459938, 30.7119341], [46.4598794, 30.7119332], [46.459878, 30.7121288], [46.4598417, 30.7121283]]], "df_ids": [174006]}