{"polygon": [[[46.4596782, 30.7116075], [46.4597581, 30.7116072], [46.4598431, 30.7116068], [46.4598428, 30.7114597], [46.4597572, 30.7114601], [46.459678, 30.7114604], [46.4596782, 30.711589], [46.4596782, 30.7116075]]], "df_ids": [175373]}