{"polygon": [[[46.4588981, 30.7122654], [46.4588186, 30.7122665], [46.4587421, 30.7122675], [46.4587414, 30.7121608], [46.4588213, 30.7121598], [46.4588975, 30.7121588], [46.4588981, 30.7122654]]], "df_ids": [137593]}