{"polygon": [[[46.4523261, 30.7449304], [46.4522854, 30.7456476], [46.4521571, 30.7456323], [46.4521978, 30.7449151], [46.4523261, 30.7449304]]], "df_ids": [171878]}