{"polygon": [[[46.4917305, 30.7110097], [46.49107, 30.7107509], [46.4910448, 30.7108865], [46.4917053, 30.7111452], [46.4917305, 30.7110097]]], "df_ids": [89887]}