{"polygon": [[[46.4910136, 30.7105504], [46.490989, 30.7106903], [46.4906916, 30.7105803], [46.4907035, 30.7105126], [46.4904994, 30.7104372], [46.4905258, 30.7102865], [46.4907277, 30.7103611], [46.4907139, 30.7104396], [46.4910136, 30.7105504]]], "df_ids": [89474]}