{"polygon": [[[46.4821454, 30.7219699], [46.4821983, 30.7219452], [46.4822232, 30.7220925], [46.4821555, 30.7221302], [46.4820842, 30.7221699], [46.4820483, 30.7220186], [46.4821146, 30.7219854], [46.4821454, 30.7219699]]], "df_ids": [135321]}