{"polygon": [[[46.4706503, 30.7047554], [46.4692335, 30.7045169], [46.4691527, 30.7055283], [46.4696522, 30.7056124], [46.4696574, 30.705548], [46.4705747, 30.7057024], [46.4706503, 30.7047554]]], "df_ids": [27213]}