{"polygon": [[[46.4820285, 30.7218989], [46.4819693, 30.7219231], [46.4819432, 30.7219338], [46.481884, 30.7216285], [46.4819693, 30.7215936], [46.4820285, 30.7218989]]], "df_ids": [135637]}