{"polygon": [[[46.4725619, 30.7360795], [46.4726972, 30.7361019], [46.4726861, 30.736243], [46.4726365, 30.7362348], [46.4726106, 30.7362305], [46.4725509, 30.7362207], [46.4725619, 30.7360795]]], "df_ids": [135254]}