{"polygon": [[[46.4837568, 30.7413981], [46.4837581, 30.7413797], [46.4837704, 30.7412119], [46.4837312, 30.7411049], [46.4833281, 30.7410505], [46.4833123, 30.7412527], [46.483301, 30.7414395], [46.4833839, 30.7414517], [46.4833953, 30.7412815], [46.4835826, 30.7413078], [46.4835812, 30.7413721], [46.4837568, 30.7413981]]], "df_ids": [4976, 4977]}