{"polygon": [[[46.4975752, 30.7058263], [46.4975085, 30.7058677], [46.4975858, 30.7061219], [46.4976523, 30.7060691], [46.4976139, 30.7059577], [46.4976108, 30.7059424], [46.4975752, 30.7058263]]], "df_ids": [154600]}