{"polygon": [[[46.498247, 30.7049633], [46.4982526, 30.7049784], [46.4982867, 30.7050687], [46.4982108, 30.705129], [46.4981711, 30.7050236], [46.498247, 30.7049633]]], "df_ids": [255133]}