{"polygon": [[[46.4656465, 30.7548011], [46.4654833, 30.7547822], [46.4654756, 30.7549635], [46.4654675, 30.755152], [46.4656309, 30.7551667], [46.4656387, 30.7549839], [46.4656465, 30.7548011]]], "df_ids": [136317]}