{"polygon": [[[46.4656465, 30.7548011], [46.4656544, 30.7546162], [46.4656625, 30.7544285], [46.4654989, 30.7544188], [46.465491, 30.7546026], [46.4654833, 30.7547822], [46.4656465, 30.7548011]]], "df_ids": [34050]}