{"polygon": [[[46.4761312, 30.7335357], [46.4761362, 30.7334541], [46.476142, 30.7333776], [46.4763153, 30.7334009], [46.4764369, 30.7334149], [46.4764297, 30.733537], [46.4763985, 30.7335332], [46.4762444, 30.7335142], [46.4762424, 30.7335494], [46.4761312, 30.7335357]]], "df_ids": [136334]}