{"polygon": [[[46.4756589, 30.733495], [46.4756694, 30.7333497], [46.4756817, 30.7331795], [46.4755901, 30.7331653], [46.475522, 30.7331553], [46.4755084, 30.7333271], [46.4755225, 30.7333293], [46.475512, 30.7334749], [46.4756589, 30.733495]]], "df_ids": [165429]}