{"polygon": [[[46.4531454, 30.7530127], [46.4532147, 30.7532185], [46.4532068, 30.7532241], [46.4531997, 30.7532291], [46.4531051, 30.7532963], [46.4531131, 30.75332], [46.4530761, 30.7533462], [46.4530677, 30.7533213], [46.4530149, 30.7533588], [46.4527304, 30.7535607], [46.4526615, 30.7533561], [46.453131, 30.7530229], [46.4531454, 30.7530127]]], "df_ids": [34452]}