{"polygon": [[[46.4528508, 30.7518239], [46.453318, 30.7524522], [46.4532125, 30.7526176], [46.4527452, 30.7519893], [46.4528508, 30.7518239]]], "df_ids": [34454]}