{"polygon": [[[46.4710202, 30.7378112], [46.471034, 30.7375845], [46.4711657, 30.7376025], [46.4711526, 30.7378312], [46.4710202, 30.7378112]]], "df_ids": [236109]}