{"polygon": [[[46.4788487, 30.7066114], [46.4788281, 30.7066407], [46.4788022, 30.7066586], [46.4787736, 30.7066632], [46.4787455, 30.7066542], [46.478721, 30.7066323], [46.4787027, 30.7066], [46.4787069, 30.7065263], [46.4787184, 30.7063901], [46.4787314, 30.7063587], [46.4787506, 30.7063351], [46.4787741, 30.7063217], [46.4787993, 30.7063201], [46.4788235, 30.7063305], [46.4788441, 30.7063516], [46.4788588, 30.7063813], [46.4788662, 30.7064163], [46.4788533, 30.7065631], [46.4788487, 30.7066114]]], "df_ids": [27202]}