{"polygon": [[[46.4594348, 30.7046843], [46.4592315, 30.70475], [46.4592038, 30.7040687], [46.459201, 30.7038635], [46.4592158, 30.7037374], [46.4593313, 30.7037629], [46.459298, 30.7038407], [46.4593285, 30.704459], [46.4594403, 30.7044509], [46.4594348, 30.7046843]]], "df_ids": [133255]}