{"polygon": [[[46.494945, 30.7192299], [46.4947326, 30.7191628], [46.4947653, 30.7189445], [46.4949194, 30.7189931], [46.4949777, 30.7190115], [46.494945, 30.7192299]]], "df_ids": [63194]}