{"polygon": [[[46.4952617, 30.7247539], [46.4951767, 30.7248652], [46.4951106, 30.7247588], [46.4951956, 30.7246475], [46.4952617, 30.7247539]]], "df_ids": [181425]}