{"polygon": [[[46.5501877, 30.7523082], [46.5502786, 30.7524276], [46.5501163, 30.7526891], [46.5500253, 30.7525697], [46.5501877, 30.7523082]]], "df_ids": [77891]}