{"polygon": [[[46.5018208, 30.7212844], [46.5017673, 30.7216036], [46.5016796, 30.7215804], [46.5017469, 30.7212737], [46.5018208, 30.7212844]]], "df_ids": [163262]}