{"polygon": [[[46.4735545, 30.7330308], [46.4737383, 30.7330548], [46.4738455, 30.7330688], [46.4738504, 30.7329907], [46.4738585, 30.7328588], [46.4737747, 30.7328478], [46.4735675, 30.7328207], [46.4735594, 30.7329504], [46.4735545, 30.7330308]]], "df_ids": [3892]}