{"polygon": [[[46.5014799, 30.7224318], [46.5015246, 30.7221701], [46.5014481, 30.7221428], [46.5014052, 30.7224044], [46.5014799, 30.7224318]]], "df_ids": [133858]}