{"polygon": [[[46.4741792, 30.7331143], [46.4741912, 30.732946], [46.4739315, 30.7329072], [46.473925, 30.7329999], [46.4739196, 30.7330756], [46.4741217, 30.7331057], [46.4741792, 30.7331143]]], "df_ids": [51881]}