{"polygon": [[[46.5761544, 30.8016114], [46.5765245, 30.801873], [46.5764739, 30.8020245], [46.5761038, 30.8017629], [46.5761544, 30.8016114]]], "df_ids": [90683]}