{"polygon": [[[46.4772272, 30.734143], [46.4773882, 30.7341634], [46.4774042, 30.7338964], [46.4772432, 30.733876], [46.4772272, 30.734143]]], "df_ids": [6085]}