{"polygon": [[[46.4920467, 30.7298232], [46.4918145, 30.7300848], [46.4919231, 30.7302884], [46.4921171, 30.7300698], [46.4921332, 30.7300999], [46.4921714, 30.7300569], [46.4920467, 30.7298232]]], "df_ids": [1779]}