{"polygon": [[[46.4796061, 30.7436697], [46.4796143, 30.7435501], [46.4794822, 30.7435312], [46.4794574, 30.7438961], [46.4795894, 30.7439151], [46.4796061, 30.7436697]]], "df_ids": [6087]}