{"polygon": [[[46.4840671, 30.7253995], [46.4841404, 30.7255183], [46.484043, 30.7256451], [46.4839336, 30.7254673], [46.4840319, 30.7253425], [46.4840671, 30.7253995]]], "df_ids": [199657]}