{"polygon": [[[46.4555767, 30.7202484], [46.4555711, 30.7206038], [46.4554492, 30.7205998], [46.4554547, 30.7202444], [46.4555767, 30.7202484]]], "df_ids": [151764]}