{"polygon": [[[46.4834569, 30.7327034], [46.4833739, 30.7326922], [46.4833623, 30.7328635], [46.4833755, 30.7328877], [46.4833894, 30.7329024], [46.4834143, 30.7329024], [46.4834291, 30.7328937], [46.483445, 30.7328751], [46.4834569, 30.7327034]]], "df_ids": [226576]}