{"polygon": [[[46.4802306, 30.7433193], [46.4802149, 30.743499], [46.4802063, 30.7435982], [46.4801566, 30.7435891], [46.4801809, 30.7433102], [46.4802306, 30.7433193]]], "df_ids": [182044]}