{"polygon": [[[46.4774578, 30.7344043], [46.4776276, 30.7344328], [46.4776446, 30.7342194], [46.4775862, 30.7342096], [46.4774748, 30.7341909], [46.4774578, 30.7344043]]], "df_ids": [153873]}