{"polygon": [[[46.4799194, 30.7405415], [46.480065, 30.7405637], [46.4802091, 30.7405857], [46.480196, 30.7407975], [46.4800463, 30.7407754], [46.4799047, 30.7407544], [46.4799194, 30.7405415]]], "df_ids": [168635]}