{"polygon": [[[46.4825986, 30.7570182], [46.4829864, 30.7572983], [46.4830771, 30.7569957], [46.4826878, 30.7566846], [46.4826596, 30.7567744], [46.4826404, 30.7568357], [46.4825986, 30.7570182]]], "df_ids": [45371]}