{"polygon": [[[46.4824525, 30.7588524], [46.4820624, 30.758562], [46.4820108, 30.7587081], [46.4819616, 30.7588476], [46.4823517, 30.759138], [46.4824525, 30.7588524]]], "df_ids": [5911]}