{"polygon": [[[46.4828, 30.7563675], [46.4831963, 30.7566494], [46.4832959, 30.7563541], [46.4828996, 30.7560722], [46.4828503, 30.7562183], [46.4828, 30.7563675]]], "df_ids": [45372]}