{"polygon": [[[46.4825686, 30.7585237], [46.4826672, 30.7582303], [46.4822794, 30.7579502], [46.4822332, 30.7580798], [46.4821785, 30.7582332], [46.4825686, 30.7585237]]], "df_ids": [45370]}