{"polygon": [[[46.4865183, 30.7475793], [46.4866251, 30.7473884], [46.4866993, 30.747476], [46.4865925, 30.7476669], [46.4865183, 30.7475793]]], "df_ids": [164093]}