{"polygon": [[[46.4460891, 30.7490738], [46.4461412, 30.7490489], [46.4461635, 30.7490564], [46.4461864, 30.749054], [46.4462078, 30.749042], [46.4462257, 30.7490213], [46.4462387, 30.7489939], [46.4462959, 30.7489616], [46.4462742, 30.7488805], [46.4462785, 30.748853], [46.446277, 30.7488249], [46.44627, 30.7487986], [46.446258, 30.7487764], [46.446242, 30.7487603], [46.4462178, 30.74867], [46.4461647, 30.7487], [46.446142, 30.7486898], [46.4461183, 30.748691], [46.4460962, 30.7487035], [46.4460781, 30.7487258], [46.4460661, 30.7487556], [46.4460137, 30.7487863], [46.4460336, 30.7488638], [46.4460274, 30.7488956], [46.4460285, 30.7489287], [46.4460367, 30.7489595], [46.4460513, 30.7489849], [46.4460707, 30.7490023], [46.4460891, 30.7490738]]], "df_ids": [169253]}