{"polygon": [[[46.4293378, 30.7639892], [46.4293073, 30.7639597], [46.4292842, 30.7638739], [46.4294219, 30.7635628], [46.4294987, 30.7636344], [46.4293976, 30.7638575], [46.4294007, 30.7640315], [46.4289885, 30.7649993], [46.4289267, 30.7650013], [46.4290254, 30.7647629], [46.4290495, 30.7647321], [46.4292491, 30.7642581], [46.4292539, 30.7641855], [46.4293378, 30.7639892]]], "df_ids": [169640]}