{"polygon": [[[46.4354188, 30.7562933], [46.4352222, 30.75615], [46.4353294, 30.7558402], [46.435526, 30.7559835], [46.4354188, 30.7562933]]], "df_ids": [169751]}