{"polygon": [[[46.4715527, 30.7415666], [46.4716184, 30.741576], [46.471599, 30.7418718], [46.4715876, 30.7418703], [46.4715332, 30.7418627], [46.4715423, 30.741726], [46.4715527, 30.7415666]]], "df_ids": [162670]}