{"polygon": [[[46.4716879, 30.7415837], [46.4717688, 30.7415952], [46.4717577, 30.7417478], [46.4717469, 30.7418972], [46.4716852, 30.7418887], [46.471668, 30.7418863], [46.4716879, 30.7415837]]], "df_ids": [162668]}