{"polygon": [[[46.4716852, 30.7418887], [46.4717469, 30.7418972], [46.4717341, 30.7420727], [46.4715192, 30.742041], [46.4715332, 30.7418627], [46.4715876, 30.7418703], [46.4715856, 30.7419105], [46.4716835, 30.741921], [46.4716852, 30.7418887]]], "df_ids": [162669]}