{"polygon": [[[46.4711714, 30.7445146], [46.4711769, 30.7444523], [46.471189, 30.7443148], [46.4712627, 30.7443285], [46.4712451, 30.7445283], [46.4711714, 30.7445146]]], "df_ids": [219045]}