{"polygon": [[[46.4280964, 30.7502905], [46.4278724, 30.7504102], [46.4278366, 30.7502691], [46.4280605, 30.7501494], [46.4280964, 30.7502905]]], "df_ids": [26143]}