{"polygon": [[[46.4720994, 30.7422924], [46.4720372, 30.7422828], [46.4720388, 30.7422614], [46.4719737, 30.7422514], [46.4719726, 30.7422671], [46.4719152, 30.7422583], [46.4719261, 30.7421004], [46.472023, 30.742114], [46.4721114, 30.7421276], [46.4721072, 30.7421848], [46.4721053, 30.7422061], [46.4720994, 30.7422924]]], "df_ids": [29180]}