{"polygon": [[[46.4990976, 30.7225049], [46.4991645, 30.7225325], [46.4991131, 30.722794], [46.4990439, 30.7227708], [46.4990976, 30.7225049]]], "df_ids": [27113]}