{"polygon": [[[46.4810965, 30.7292641], [46.4811886, 30.7291523], [46.4810135, 30.7288407], [46.4809227, 30.7289556], [46.4810965, 30.7292641]]], "df_ids": [160753]}