{"polygon": [[[46.4897355, 30.7363644], [46.4897241, 30.7368538], [46.4899025, 30.7368623], [46.4899049, 30.7367558], [46.4898697, 30.7367541], [46.4898328, 30.7367524], [46.489835, 30.7366547], [46.4898414, 30.7363691], [46.4897922, 30.7363665], [46.4897355, 30.7363644]]], "df_ids": [5804]}