{"polygon": [[[46.468386, 30.7284414], [46.4679988, 30.7278928], [46.4680677, 30.7277902], [46.4684549, 30.7283389], [46.468386, 30.7284414]]], "df_ids": [9995]}