{"polygon": [[[46.5438758, 30.7465237], [46.5437909, 30.7464273], [46.5439034, 30.7462246], [46.543936, 30.7462627], [46.543895, 30.7463366], [46.5439454, 30.7463958], [46.5439222, 30.7464349], [46.5438758, 30.7465237]]], "df_ids": [175798]}