{"polygon": [[[46.4768957, 30.7249696], [46.4769668, 30.724882], [46.4770923, 30.7250967], [46.4770212, 30.7251844], [46.4768957, 30.7249696]]], "df_ids": [7019]}