{"polygon": [[[46.5442445, 30.7463889], [46.544282, 30.7464327], [46.5443759, 30.7465453], [46.5445025, 30.7466949], [46.5444071, 30.7468648], [46.5443772, 30.746918], [46.5441193, 30.746612], [46.5442445, 30.7463889]]], "df_ids": [142407]}