{"polygon": [[[46.5001224, 30.7238986], [46.5002551, 30.7239506], [46.5002328, 30.7240706], [46.5001851, 30.7240519], [46.5001001, 30.7240186], [46.5001224, 30.7238986]]], "df_ids": [187690]}