{"polygon": [[[46.5065007, 30.7226702], [46.5066347, 30.7226544], [46.5066407, 30.7227612], [46.5065067, 30.7227771], [46.5065007, 30.7226702]]], "df_ids": [196139]}