{"polygon": [[[46.5062642, 30.7226981], [46.5063751, 30.7226896], [46.5063803, 30.7228325], [46.5063348, 30.722836], [46.5063315, 30.7227457], [46.5062661, 30.7227507], [46.5062642, 30.7226981]]], "df_ids": [163103]}