{"polygon": [[[46.474982, 30.7033147], [46.47506, 30.703219], [46.4751258, 30.7033271], [46.475112, 30.7033525], [46.4751185, 30.7033668], [46.4751305, 30.7033847], [46.4750732, 30.7034558], [46.475062, 30.7034385], [46.474982, 30.7033147]]], "df_ids": [236108]}