{"polygon": [[[46.5017197, 30.7225484], [46.5017541, 30.7225598], [46.5017847, 30.7225699], [46.5018426, 30.722589], [46.5018177, 30.7227475], [46.5018049, 30.7227432], [46.5017313, 30.7227189], [46.5016197, 30.722682], [46.5015977, 30.7226747], [46.5016116, 30.7225865], [46.5016226, 30.7225162], [46.5017197, 30.7225484]]], "df_ids": [27118]}