{"polygon": [[[46.5041186, 30.7238714], [46.5041099, 30.7237487], [46.5040953, 30.7235794], [46.5040884, 30.7234718], [46.5040717, 30.7231984], [46.5041518, 30.7231865], [46.5041912, 30.7237387], [46.504199, 30.7238604], [46.5041644, 30.7238651], [46.504132, 30.7238696], [46.5041186, 30.7238714]]], "df_ids": [121790]}