{"polygon": [[[46.5024218, 30.7224588], [46.5024759, 30.7224535], [46.5024775, 30.7223006], [46.502395, 30.7223052], [46.502399, 30.7224587], [46.5024218, 30.7224588]]], "df_ids": [181201]}