{"polygon": [[[46.5014899, 30.7237655], [46.5016255, 30.7237793], [46.5016207, 30.7238628], [46.5013934, 30.7238356], [46.5013981, 30.723752], [46.5014899, 30.7237655]]], "df_ids": [255144]}