{"polygon": [[[46.5069964, 30.7226253], [46.5069303, 30.7226337], [46.5069399, 30.722791], [46.5070059, 30.7227825], [46.5069964, 30.7226253]]], "df_ids": [192051]}