{"polygon": [[[46.4709881, 30.723248], [46.4708908, 30.7230757], [46.4708577, 30.723017], [46.4708319, 30.7230475], [46.4708214, 30.7230599], [46.4707318, 30.7231626], [46.4706523, 30.7230324], [46.4707442, 30.722922], [46.4707546, 30.7229096], [46.4708589, 30.7227866], [46.4709689, 30.7229827], [46.4710662, 30.7231549], [46.4709881, 30.723248]]], "df_ids": [45232]}