{"polygon": [[[46.4579058, 30.695861], [46.4579871, 30.6958546], [46.4579919, 30.6959813], [46.4579106, 30.6959878], [46.4579084, 30.6959282], [46.4579058, 30.695861]]], "df_ids": [192460]}