{"polygon": [[[46.4706423, 30.7238321], [46.4705911, 30.723741], [46.4706332, 30.7236912], [46.4706844, 30.7237823], [46.4706423, 30.7238321]]], "df_ids": [196886]}