{"polygon": [[[46.4580259, 30.6968816], [46.4579318, 30.6968891], [46.4579201, 30.69689], [46.4579123, 30.6966856], [46.457908, 30.69657], [46.4580138, 30.6965616], [46.4580181, 30.6966769], [46.4580259, 30.6968816]]], "df_ids": [136916]}