{"polygon": [[[46.4988497, 30.7244701], [46.4987898, 30.7244478], [46.4987599, 30.7247536], [46.4988262, 30.7247675], [46.4988323, 30.7246901], [46.4988497, 30.7244701]]], "df_ids": [163126]}