{"polygon": [[[46.4582693, 30.6966867], [46.4583296, 30.6966825], [46.4584535, 30.6966739], [46.4584563, 30.6967597], [46.4583795, 30.696765], [46.4583815, 30.6968267], [46.4583838, 30.6968976], [46.4584556, 30.6968926], [46.4584579, 30.6969625], [46.4583925, 30.696967], [46.4582788, 30.6969749], [46.458274, 30.6968294], [46.4582693, 30.6966867]]], "df_ids": [144003]}