{"polygon": [[[46.4804096, 30.7274056], [46.4803808, 30.7274413], [46.4803201, 30.7273383], [46.4803014, 30.7273616], [46.4802735, 30.7273143], [46.4802918, 30.7272915], [46.4802549, 30.7272288], [46.480284, 30.7271926], [46.4803002, 30.7272201], [46.480312, 30.7272402], [46.4804096, 30.7274056]]], "df_ids": [26111]}