{"polygon": [[[46.4801598, 30.7276559], [46.4802295, 30.7275692], [46.48025, 30.7276041], [46.480303, 30.7275381], [46.4803808, 30.7274413], [46.4804096, 30.7274056], [46.4804888, 30.72754], [46.4803747, 30.727682], [46.4802596, 30.7278251], [46.4801598, 30.7276559]]], "df_ids": [6543]}