{"polygon": [[[46.480079, 30.7272382], [46.4799831, 30.727359], [46.4801598, 30.7276559], [46.4802295, 30.7275692], [46.4802551, 30.7275373], [46.480079, 30.7272382]]], "df_ids": [31463]}