{"polygon": [[[46.4633262, 30.7542325], [46.4633375, 30.7545145], [46.4632501, 30.7545599], [46.4632538, 30.7544929], [46.4632261, 30.7544942], [46.4632418, 30.7542568], [46.4632972, 30.7542662], [46.4632983, 30.7542297], [46.4633262, 30.7542325]]], "df_ids": [211981]}