{"polygon": [[[46.4232241, 30.7534311], [46.4232369, 30.7534879], [46.4231689, 30.7535202], [46.423156, 30.7534634], [46.4232241, 30.7534311]]], "df_ids": [45988]}