{"polygon": [[[46.4735453, 30.6729957], [46.4734124, 30.6730003], [46.4734101, 30.6728594], [46.473543, 30.6728548], [46.4735453, 30.6729957]]], "df_ids": [30866]}