{"polygon": [[[46.4929765, 30.7019244], [46.4930082, 30.7020284], [46.4929672, 30.7020547], [46.4929127, 30.7020897], [46.492881, 30.7019858], [46.4929765, 30.7019244]]], "df_ids": [14283]}