{"polygon": [[[46.4925126, 30.7007647], [46.4925922, 30.7007149], [46.4926121, 30.700782], [46.4926474, 30.7009011], [46.4926399, 30.7009058], [46.4925678, 30.7009509], [46.4925126, 30.7007647]]], "df_ids": [189287]}