{"polygon": [[[46.493158, 30.7021223], [46.4931987, 30.7020941], [46.4933129, 30.702015], [46.4933268, 30.7020054], [46.4933471, 30.7020672], [46.4933538, 30.7020878], [46.493277, 30.702141], [46.4931851, 30.7022047], [46.493158, 30.7021223]]], "df_ids": [255114]}