{"polygon": [[[46.4206514, 30.7542634], [46.4206662, 30.7543154], [46.4206001, 30.7543552], [46.4205853, 30.7543033], [46.4206514, 30.7542634]]], "df_ids": [45983]}