{"polygon": [[[46.4932422, 30.7014433], [46.4932807, 30.7015634], [46.493194, 30.7016222], [46.4931619, 30.7015225], [46.4931554, 30.7015021], [46.4931908, 30.701478], [46.4932422, 30.7014433]]], "df_ids": [2166]}