{"polygon": [[[46.4392849, 30.7693289], [46.4393074, 30.7693777], [46.4391812, 30.7695005], [46.4391586, 30.7694517], [46.4392849, 30.7693289]]], "df_ids": [188538]}