{"polygon": [[[46.4908039, 30.6959732], [46.4907414, 30.6957806], [46.49071, 30.6957484], [46.4905488, 30.695869], [46.4905848, 30.695985], [46.4906749, 30.6959094], [46.4907008, 30.6959831], [46.4907177, 30.6960312], [46.4908039, 30.6959732]]], "df_ids": [180637]}