{"polygon": [[[46.4857965, 30.7245705], [46.4856721, 30.7243696], [46.4855785, 30.7244888], [46.4857028, 30.724692], [46.4857965, 30.7245705]]], "df_ids": [30405]}