{"polygon": [[[46.4866734, 30.7258511], [46.4868058, 30.7256801], [46.4869412, 30.7255053], [46.4870421, 30.7256702], [46.4869372, 30.7258056], [46.4869546, 30.7258344], [46.4870033, 30.7257752], [46.4870679, 30.7258795], [46.4870994, 30.725883], [46.4871301, 30.7258946], [46.4871817, 30.7259365], [46.4872207, 30.7260001], [46.4872354, 30.726042], [46.4872446, 30.7260872], [46.487247, 30.7261663], [46.4872408, 30.7262108], [46.4872294, 30.726253], [46.4872109, 30.7262958], [46.4872253, 30.7263184], [46.4871433, 30.7264285], [46.4871169, 30.726387], [46.4870615, 30.7263957], [46.4870313, 30.7263897], [46.4870012, 30.7263757], [46.4869733, 30.7263542], [46.4869321, 30.7263003], [46.4869142, 30.7262616], [46.4869014, 30.7262189], [46.4868943, 30.7261749], [46.4868925, 30.7261299], [46.4868269, 30.7260199], [46.486884, 30.7259462], [46.4868597, 30.7259057], [46.4867743, 30.726016], [46.4866734, 30.7258511]]], "df_ids": [4996, 197855]}