{"polygon": [[[46.4851939, 30.7383651], [46.4853315, 30.7383875], [46.485333, 30.738361], [46.4853367, 30.7383181], [46.4853476, 30.7381364], [46.4853495, 30.7381052], [46.485351, 30.7380775], [46.4852194, 30.7380573], [46.4852177, 30.7380801], [46.4852001, 30.7382839], [46.4851953, 30.7383398], [46.4851939, 30.7383651]]], "df_ids": [161150]}