{"polygon": [[[46.4799624, 30.7414444], [46.4798188, 30.7414262], [46.4797877, 30.7414216], [46.4796153, 30.7414014], [46.479599, 30.7416761], [46.479768, 30.7416968], [46.4797744, 30.7415758], [46.4799544, 30.7415959], [46.4799624, 30.7414444]]], "df_ids": [2964]}