{"polygon": [[[46.4676378, 30.7271021], [46.4675492, 30.7272148], [46.4674199, 30.7270056], [46.467344, 30.7271062], [46.4672942, 30.7271719], [46.4671982, 30.7270109], [46.4674162, 30.7267373], [46.4676378, 30.7271021]]], "df_ids": [44699]}