{"polygon": [[[46.4741298, 30.726541], [46.4741583, 30.726546], [46.4746782, 30.7266385], [46.4746597, 30.726858], [46.4741113, 30.7267606], [46.4741298, 30.726541]]], "df_ids": [45979]}