{"polygon": [[[46.4356441, 30.7452284], [46.4351338, 30.7454984], [46.4349997, 30.7449644], [46.4346695, 30.7451389], [46.4346914, 30.7452263], [46.4345033, 30.7453254], [46.4344786, 30.7452267], [46.4341633, 30.7453925], [46.4343003, 30.7459414], [46.4337807, 30.7462144], [46.4336729, 30.7457822], [46.4337896, 30.7457209], [46.4338458, 30.7459464], [46.4341407, 30.7457917], [46.4339715, 30.7451127], [46.4339095, 30.7448636], [46.4335949, 30.7450285], [46.4336391, 30.7452061], [46.4335193, 30.7452689], [46.4334229, 30.7448821], [46.4339794, 30.7445902], [46.4340911, 30.7450386], [46.4341213, 30.7451598], [46.4344419, 30.7449916], [46.4343321, 30.7445508], [46.43422, 30.7446096], [46.4341195, 30.7442071], [46.4342437, 30.7441418], [46.4342929, 30.7443384], [46.4344373, 30.7442623], [46.4343876, 30.7440639], [46.4345272, 30.7439903], [46.4346335, 30.7444141], [46.4345303, 30.7444686], [46.4346328, 30.7448769], [46.4349136, 30.7447284], [46.4347734, 30.7441705], [46.4353443, 30.7438686], [46.4354466, 30.7442757], [46.4353266, 30.7443392], [46.4352785, 30.744148], [46.4349591, 30.7443172], [46.4351918, 30.7452427], [46.4354815, 30.7450894], [46.4354268, 30.7448719], [46.4355396, 30.7448123], [46.4356441, 30.7452284]]], "df_ids": [33643]}