{"polygon": [[[46.4971155, 30.7070191], [46.4970296, 30.7071117], [46.4970666, 30.7072028], [46.4971164, 30.7071465], [46.4971325, 30.7071856], [46.4971616, 30.7071492], [46.4971155, 30.7070191]]], "df_ids": [136267]}