{"polygon": [[[46.4366862, 30.7550212], [46.4369463, 30.7556448], [46.4368249, 30.7557514], [46.4365648, 30.7551278], [46.4366862, 30.7550212]]], "df_ids": [76492]}