{"polygon": [[[46.4357878, 30.7556342], [46.4358034, 30.7556938], [46.4358197, 30.7556848], [46.4358675, 30.7558669], [46.4358496, 30.7558769], [46.4359458, 30.7562434], [46.4359298, 30.7562522], [46.4359851, 30.7564631], [46.4360024, 30.7564536], [46.4360541, 30.7566507], [46.4360472, 30.7566546], [46.4360974, 30.7568458], [46.43611, 30.7568388], [46.4361639, 30.7570439], [46.4361467, 30.7570534], [46.4361657, 30.7571256], [46.436125, 30.7571481], [46.4361336, 30.7571812], [46.4360687, 30.7572171], [46.4360591, 30.7571806], [46.4360192, 30.7572027], [46.4359995, 30.7571277], [46.4359851, 30.7571357], [46.4359683, 30.7570715], [46.4359827, 30.7570636], [46.4359611, 30.7569814], [46.4359489, 30.7569881], [46.4359349, 30.7569349], [46.4359471, 30.7569282], [46.4358969, 30.7567368], [46.4358749, 30.756749], [46.4358608, 30.7566951], [46.4358786, 30.7566853], [46.4358581, 30.7566073], [46.4358416, 30.7566164], [46.4358237, 30.7565483], [46.4358403, 30.7565392], [46.4357858, 30.7563317], [46.4357671, 30.7563421], [46.4357492, 30.756274], [46.4357678, 30.7562638], [46.4357468, 30.7561836], [46.4357311, 30.7561922], [46.4357178, 30.7561416], [46.4357378, 30.7561306], [46.4357163, 30.7560489], [46.4357309, 30.7560409], [46.4357226, 30.7560092], [46.435704, 30.7560195], [46.4356905, 30.7559682], [46.4357089, 30.755958], [46.4356956, 30.7559073], [46.4356825, 30.7559145], [46.4356595, 30.7558271], [46.4356747, 30.7558187], [46.4356462, 30.7557099], [46.4356904, 30.7556854], [46.4356794, 30.7556434], [46.4357307, 30.7556151], [46.4357423, 30.7556593], [46.4357878, 30.7556342]]], "df_ids": [63168]}