{"polygon": [[[46.4927703, 30.7321477], [46.49284, 30.7322359], [46.4926573, 30.7326417], [46.4926423, 30.7326047], [46.4926263, 30.7324576], [46.4927703, 30.7321477]]], "df_ids": [189440]}