{"polygon": [[[46.4932013, 30.7320423], [46.493165, 30.7321149], [46.4932157, 30.7322655], [46.4932485, 30.7321912], [46.4933549, 30.7319634], [46.4932797, 30.7318986], [46.4932013, 30.7320423]]], "df_ids": [8683, 162656]}