{"polygon": [[[46.493784, 30.7320842], [46.4941495, 30.7325028], [46.4940924, 30.732608], [46.4940822, 30.7326268], [46.49402, 30.7325556], [46.4937167, 30.7322082], [46.493784, 30.7320842]]], "df_ids": [4261]}