{"polygon": [[[46.4962148, 30.7248575], [46.4961168, 30.7247288], [46.4962674, 30.7245132], [46.496296, 30.7245356], [46.4963747, 30.7246076], [46.4962148, 30.7248575]]], "df_ids": [155208]}