{"polygon": [[[46.4676685, 30.7035024], [46.4676695, 30.7036783], [46.4675337, 30.7036798], [46.4675327, 30.7035039], [46.4676685, 30.7035024]]], "df_ids": [191824]}