{"polygon": [[[46.4918696, 30.735366], [46.4920012, 30.7355438], [46.4919657, 30.735594], [46.4918437, 30.7354277], [46.4918696, 30.735366]]], "df_ids": [201799]}