{"polygon": [[[46.4936233, 30.732376], [46.4939265, 30.7327233], [46.4939893, 30.7327952], [46.4939101, 30.7329412], [46.493546, 30.7325242], [46.4936233, 30.732376]]], "df_ids": [2312]}