{"polygon": [[[46.4925147, 30.7343544], [46.4924199, 30.7342323], [46.4927419, 30.7337045], [46.4928368, 30.7338266], [46.4925147, 30.7343544]]], "df_ids": [111790]}