{"polygon": [[[46.5041116, 30.7245541], [46.5041358, 30.7245514], [46.5042524, 30.7245382], [46.5044051, 30.724521], [46.5043977, 30.7243623], [46.5042458, 30.7243774], [46.5041888, 30.7243831], [46.5041564, 30.7243863], [46.5041041, 30.7243915], [46.5041116, 30.7245541]]], "df_ids": [192901]}