{"polygon": [[[46.5039283, 30.723603], [46.5039417, 30.7237568], [46.5038647, 30.7237644], [46.5038525, 30.7236137], [46.5039283, 30.723603]]], "df_ids": [9718]}