{"polygon": [[[46.4646991, 30.7115963], [46.464791, 30.7116028], [46.4647905, 30.711426], [46.4646972, 30.7114332], [46.4646991, 30.7115963]]], "df_ids": [155315]}