{"polygon": [[[46.4936848, 30.7235264], [46.4935422, 30.7232967], [46.4934394, 30.7234314], [46.493582, 30.723661], [46.4936848, 30.7235264]]], "df_ids": [27448]}