{"polygon": [[[46.4938182, 30.7235646], [46.4938684, 30.7234988], [46.493642, 30.7231345], [46.4935788, 30.7232173], [46.4938052, 30.7235816], [46.4938182, 30.7235646]]], "df_ids": [27449]}