{"polygon": [[[46.471724, 30.7295628], [46.4718344, 30.7295819], [46.4718528, 30.7293311], [46.4717959, 30.7292835], [46.4716542, 30.7294564], [46.4716898, 30.7295173], [46.471724, 30.7295628]]], "df_ids": [29586]}