{"polygon": [[[46.47235, 30.7283192], [46.4723091, 30.7283146], [46.4723241, 30.7280358], [46.4723407, 30.7280383], [46.4723633, 30.7280465], [46.47235, 30.7283192]]], "df_ids": [233383]}