{"polygon": [[[46.4759942, 30.7428066], [46.4759123, 30.7427956], [46.4759331, 30.7424675], [46.476015, 30.7424785], [46.4760033, 30.7426629], [46.4759942, 30.7428066]]], "df_ids": [4747]}