{"polygon": [[[46.4237819, 30.7270592], [46.4236857, 30.7264968], [46.4238874, 30.7264277], [46.4239799, 30.7269887], [46.4237819, 30.7270592]]], "df_ids": [169749]}