{"polygon": [[[46.426487, 30.7288429], [46.426249, 30.7289194], [46.4261907, 30.7289382], [46.426195, 30.7289664], [46.4262072, 30.7290464], [46.4262149, 30.7290966], [46.4262221, 30.729144], [46.4262335, 30.7292183], [46.4262375, 30.7292448], [46.4265339, 30.7291495], [46.4265152, 30.7290274], [46.4265112, 30.7290008], [46.4265103, 30.728995], [46.426509, 30.7289865], [46.4265049, 30.7289596], [46.426487, 30.7288429]]], "df_ids": [165082]}