{"polygon": [[[46.4544128, 30.7481796], [46.4539436, 30.7479855], [46.4540058, 30.7476687], [46.4544749, 30.7478628], [46.4544128, 30.7481796]]], "df_ids": [170082]}