{"polygon": [[[46.4063271, 30.731681], [46.406313, 30.7315604], [46.4062988, 30.7314398], [46.4060839, 30.7314928], [46.4060539, 30.7315002], [46.406068, 30.7316205], [46.4060822, 30.7317414], [46.4063271, 30.731681]]], "df_ids": [169107]}