{"polygon": [[[46.4261008, 30.7294954], [46.4260033, 30.7295266], [46.4258711, 30.7295689], [46.4257986, 30.729592], [46.4258131, 30.7296889], [46.4258218, 30.7297444], [46.4258305, 30.7298001], [46.4258442, 30.7298922], [46.4259748, 30.7298505], [46.4260415, 30.7298292], [46.4261464, 30.7297956], [46.4261315, 30.7296976], [46.4261266, 30.7296653], [46.4261242, 30.7296493], [46.4261213, 30.7296305], [46.4261164, 30.729598], [46.4261008, 30.7294954]]], "df_ids": [165078]}