{"polygon": [[[46.4036301, 30.7172866], [46.4034701, 30.7173301], [46.4034075, 30.7168456], [46.4026636, 30.7170479], [46.4026799, 30.7171736], [46.4025629, 30.7172054], [46.4025126, 30.7168165], [46.4035333, 30.7165388], [46.4036301, 30.7172866]]], "df_ids": [169448]}