{"polygon": [[[46.4268611, 30.7281831], [46.426616, 30.7282585], [46.4265609, 30.7282754], [46.4265739, 30.7283645], [46.4265836, 30.7284311], [46.4265906, 30.728479], [46.4266049, 30.7285768], [46.4267567, 30.7285301], [46.4268841, 30.7284909], [46.4269051, 30.7284845], [46.4268889, 30.7283733], [46.4268853, 30.7283488], [46.4268843, 30.7283416], [46.4268829, 30.7283321], [46.4268784, 30.7283014], [46.4268611, 30.7281831]]], "df_ids": [165080]}