{"polygon": [[[46.4234592, 30.7303668], [46.42342, 30.7303696], [46.4231672, 30.730386], [46.4231776, 30.7307229], [46.4234696, 30.730704], [46.4234592, 30.7303668]]], "df_ids": [191125]}