{"polygon": [[[46.4237049, 30.7300298], [46.4234092, 30.7300509], [46.42342, 30.7303696], [46.4234592, 30.7303668], [46.4237157, 30.7303486], [46.4237049, 30.7300298]]], "df_ids": [169142]}