{"polygon": [[[46.4549626, 30.7477123], [46.4547914, 30.7478633], [46.4545295, 30.7472374], [46.4547007, 30.7470865], [46.4549626, 30.7477123]]], "df_ids": [170081]}