{"polygon": [[[46.4195279, 30.758113], [46.4190641, 30.7584796], [46.419101, 30.7585771], [46.4190891, 30.7586018], [46.4190824, 30.7586349], [46.4190836, 30.758668], [46.4190907, 30.7586951], [46.4191039, 30.7587198], [46.4191229, 30.7587382], [46.419144, 30.7587466], [46.419164, 30.7587455], [46.4191867, 30.758806], [46.4196505, 30.7584393], [46.4196054, 30.7583198], [46.4196094, 30.7582929], [46.4196035, 30.7582645], [46.4195908, 30.758246], [46.4195748, 30.7582378], [46.4195279, 30.758113]]], "df_ids": [169465]}