{"polygon": [[[46.4543904, 30.7466915], [46.4538606, 30.7466999], [46.4538576, 30.7463002], [46.4543874, 30.7462918], [46.4543904, 30.7466915]]], "df_ids": [169505]}