{"polygon": [[[46.426565, 30.7279209], [46.4262785, 30.7280135], [46.4262885, 30.7280792], [46.4262949, 30.7281209], [46.4263021, 30.7281676], [46.42631, 30.7282187], [46.4263243, 30.7283121], [46.4265223, 30.7282482], [46.4265551, 30.7282376], [46.4266108, 30.7282196], [46.4265956, 30.7281207], [46.42659, 30.7280844], [46.4265869, 30.7280638], [46.4265857, 30.7280559], [46.4265843, 30.7280471], [46.4265811, 30.7280263], [46.426565, 30.7279209]]], "df_ids": [165081]}