{"polygon": [[[46.4060736, 30.7314783], [46.4060573, 30.7313564], [46.4060404, 30.7312304], [46.4057908, 30.7313009], [46.4058241, 30.7315488], [46.4059425, 30.7315153], [46.4060539, 30.7314839], [46.4060736, 30.7314783]]], "df_ids": [169108]}