{"polygon": [[[46.4261976, 30.7285774], [46.4260854, 30.7286132], [46.4259893, 30.7286438], [46.425913, 30.7286682], [46.4259291, 30.7287748], [46.4259329, 30.7287996], [46.4259417, 30.7288574], [46.4259553, 30.7289472], [46.4259583, 30.7289672], [46.4261844, 30.728895], [46.4262429, 30.7288763], [46.4262243, 30.7287534], [46.4262213, 30.7287336], [46.4262192, 30.7287201], [46.4262173, 30.7287076], [46.4262136, 30.7286833], [46.4261976, 30.7285774]]], "df_ids": [165083]}