{"polygon": [[[46.4538382, 30.7472523], [46.453667, 30.7474033], [46.4534051, 30.7467774], [46.4535763, 30.7466265], [46.4538382, 30.7472523]]], "df_ids": [172015]}