{"polygon": [[[46.4258182, 30.7292243], [46.4257545, 30.7292448], [46.4257352, 30.7292512], [46.4256565, 30.7292766], [46.4256354, 30.7292831], [46.4255746, 30.7293027], [46.4255298, 30.7293171], [46.425553, 30.7294688], [46.4255615, 30.7295243], [46.4255749, 30.7296121], [46.4257912, 30.7295425], [46.4258633, 30.7295193], [46.425851, 30.7294389], [46.425843, 30.7293868], [46.4258406, 30.7293706], [46.4258381, 30.7293543], [46.4258182, 30.7292243]]], "df_ids": [165079]}