{"polygon": [[[46.5298457, 30.7252429], [46.5298112, 30.7251754], [46.5296766, 30.7253204], [46.529624, 30.7252173], [46.5297741, 30.7250557], [46.5298329, 30.7249923], [46.5299199, 30.7251629], [46.5298457, 30.7252429]]], "df_ids": [135568]}