{"polygon": [[[46.421864, 30.7260138], [46.421833, 30.7258062], [46.4218032, 30.7256082], [46.4227579, 30.7253065], [46.4227875, 30.7255041], [46.422819, 30.7257112], [46.4226991, 30.7257496], [46.4227051, 30.7257892], [46.4226809, 30.725797], [46.4226496, 30.725807], [46.4226436, 30.725767], [46.4224895, 30.7258157], [46.4223671, 30.7258543], [46.4223721, 30.725888], [46.4223444, 30.7258967], [46.4223166, 30.7259054], [46.4223117, 30.7258724], [46.4221717, 30.7259164], [46.4220577, 30.7259523], [46.4220622, 30.7259828], [46.4220318, 30.7259924], [46.4220005, 30.7260022], [46.421996, 30.7259723], [46.421864, 30.7260138]]], "df_ids": [75146]}