{"polygon": [[[46.4527402, 30.7579113], [46.4527956, 30.7579301], [46.4528622, 30.7581313], [46.4528418, 30.7583003], [46.4524704, 30.7585202], [46.4523874, 30.7584771], [46.4523336, 30.7582869], [46.4523263, 30.7581769], [46.452415, 30.7581018], [46.4524538, 30.7581259], [46.4524704, 30.758193], [46.4525221, 30.758201], [46.4525388, 30.7582627], [46.4526774, 30.7581098], [46.4526459, 30.758016], [46.4526681, 30.7579462], [46.4527402, 30.7579113]]], "df_ids": [189231]}