{"polygon": [[[46.4351559, 30.7610853], [46.4351248, 30.7609338], [46.4351302, 30.7607988], [46.4351641, 30.7606522], [46.4352133, 30.7605475], [46.4352829, 30.7604628], [46.4353601, 30.7604104], [46.4354296, 30.7603933], [46.435522, 30.7603772], [46.4356089, 30.7603411], [46.4356893, 30.7602752], [46.4357733, 30.7601702], [46.4358406, 30.7600413], [46.4357746, 30.7599821], [46.4357838, 30.7599613], [46.4357554, 30.7599346], [46.4357446, 30.7599566], [46.4356897, 30.7599061], [46.435626, 30.7600166], [46.4355636, 30.7600805], [46.4354991, 30.760122], [46.435425, 30.760139], [46.4353392, 30.7601571], [46.4352614, 30.7601933], [46.4351778, 30.7602551], [46.4351066, 30.7603381], [46.4350421, 30.7604467], [46.4349906, 30.7605709], [46.4349603, 30.7606858], [46.4349463, 30.7607957], [46.4349463, 30.7609359], [46.434958, 30.7610542], [46.4349848, 30.7611691], [46.4350532, 30.7611336], [46.4350599, 30.7611623], [46.435098, 30.7611425], [46.4350913, 30.7611133], [46.4351559, 30.7610853]]], "df_ids": [169434]}