{"polygon": [[[46.4555836, 30.6761482], [46.4554664, 30.6759769], [46.4562899, 30.6747898], [46.456975, 30.6757269], [46.4572617, 30.6753727], [46.4573923, 30.6755777], [46.4571238, 30.6759305], [46.4569801, 30.6761442], [46.4562884, 30.6751505], [46.4555836, 30.6761482]]], "df_ids": [169685]}