{"polygon": [[[46.4425221, 30.7089704], [46.4427014, 30.7090992], [46.4426746, 30.7092051], [46.4426534, 30.7093285], [46.4426487, 30.7094197], [46.442694, 30.7094184], [46.4427079, 30.709661], [46.4426626, 30.7096691], [46.4426801, 30.7097765], [46.4427079, 30.7098985], [46.4427513, 30.7100031], [46.442585, 30.7101265], [46.442511, 30.7099199], [46.4424778, 30.7096893], [46.4424685, 30.7095471], [46.4424667, 30.7093325], [46.442487, 30.7091287], [46.4425221, 30.7089704]]], "df_ids": [169635]}