{"polygon": [[[46.4645709, 30.7203858], [46.4647213, 30.7201994], [46.4648205, 30.7203681], [46.464905, 30.7205118], [46.4648585, 30.7205695], [46.4647547, 30.7206982], [46.4645709, 30.7203858]]], "df_ids": [202512]}