{"polygon": [[[46.439896, 30.7473084], [46.4397089, 30.7474676], [46.4399632, 30.7480971], [46.4401504, 30.7479378], [46.439896, 30.7473084]]], "df_ids": [169168]}