{"polygon": [[[46.4672267, 30.753611], [46.4672526, 30.7537856], [46.4669231, 30.7538888], [46.4668971, 30.7537142], [46.4672267, 30.753611]]], "df_ids": [170026]}