{"polygon": [[[46.4533907, 30.7574406], [46.4534461, 30.7574594], [46.4535126, 30.7576606], [46.4534923, 30.7578295], [46.4531209, 30.7580495], [46.4530378, 30.7580064], [46.4529841, 30.7578161], [46.4529767, 30.7577062], [46.4530654, 30.7576311], [46.4531042, 30.7576552], [46.4531209, 30.7577223], [46.4531726, 30.7577303], [46.4531892, 30.757792], [46.4533278, 30.7576391], [46.4532964, 30.7575452], [46.4533186, 30.7574755], [46.4533907, 30.7574406]]], "df_ids": [63226]}