{"polygon": [[[46.4287101, 30.7519931], [46.4284587, 30.7522184], [46.4283145, 30.7521647], [46.4281777, 30.7519555], [46.4281888, 30.751698], [46.4284809, 30.7513922], [46.4285844, 30.7515907], [46.4283774, 30.7518268], [46.4284513, 30.7519984], [46.4286362, 30.7518321], [46.4287101, 30.7519931]]], "df_ids": [169166]}