{"polygon": [[[46.4680096, 30.7540309], [46.4678695, 30.7540082], [46.4678181, 30.7539999], [46.4678313, 30.7538282], [46.4677885, 30.7538213], [46.4677994, 30.7536794], [46.4678423, 30.7536863], [46.4678565, 30.7535011], [46.4680479, 30.7535321], [46.4680096, 30.7540309]]], "df_ids": [169494]}