{"polygon": [[[46.4425831, 30.7121446], [46.4429538, 30.7125139], [46.4422918, 30.7139137], [46.4419688, 30.7135919], [46.4420684, 30.7133813], [46.4422553, 30.7135674], [46.4427016, 30.7126239], [46.4424669, 30.7123902], [46.4425831, 30.7121446]]], "df_ids": [169710]}