{"polygon": [[[46.4635255, 30.7448623], [46.4634383, 30.7448484], [46.4634546, 30.7446331], [46.4636093, 30.7446578], [46.463593, 30.7448731], [46.4635255, 30.7448623]]], "df_ids": [37015]}