{"polygon": [[[46.4723096, 30.732523], [46.4723041, 30.7326119], [46.4720853, 30.7325809], [46.4720033, 30.7325693], [46.4720087, 30.7324885], [46.4721328, 30.7325023], [46.4723096, 30.732523]]], "df_ids": [180693]}