{"polygon": [[[46.4742435, 30.7527858], [46.4742339, 30.7529009], [46.4741434, 30.752885], [46.4740002, 30.75286], [46.4740093, 30.7527458], [46.4740929, 30.7527594], [46.474149, 30.7527693], [46.474214, 30.7527807], [46.4742435, 30.7527858]]], "df_ids": [189156]}