{"polygon": [[[46.4729884, 30.7438829], [46.473001, 30.7436898], [46.4730683, 30.743699], [46.4730557, 30.7438922], [46.4729884, 30.7438829]]], "df_ids": [194161]}