{"polygon": [[[46.4723015, 30.7327206], [46.4722972, 30.73279], [46.4721994, 30.7327792], [46.4719997, 30.7327479], [46.4720038, 30.7326816], [46.4720412, 30.7326865], [46.4723015, 30.7327206]]], "df_ids": [180757]}