{"polygon": [[[46.4742296, 30.753113], [46.4743057, 30.7531249], [46.4744162, 30.7531431], [46.4744256, 30.7530238], [46.4744286, 30.7529847], [46.4744418, 30.7528158], [46.4742435, 30.7527858], [46.4742339, 30.7529009], [46.4742642, 30.7529045], [46.4742595, 30.7529575], [46.4742566, 30.7529946], [46.4742383, 30.7529908], [46.4742373, 30.7530168], [46.4742296, 30.753113]]], "df_ids": [33310]}