{"polygon": [[[46.4865257, 30.7366128], [46.4865286, 30.7365598], [46.4865344, 30.7364346], [46.4864874, 30.7364292], [46.4864481, 30.7364247], [46.4864416, 30.7365453], [46.4864387, 30.7365982], [46.4863948, 30.7365932], [46.4863984, 30.7365269], [46.4864145, 30.7362302], [46.486499, 30.7362398], [46.4865995, 30.736252], [46.4865836, 30.736544], [46.4865786, 30.7366182], [46.4865257, 30.7366128]]], "df_ids": [10554]}