{"polygon": [[[46.4693131, 30.7478183], [46.4693249, 30.747645], [46.4693048, 30.7476421], [46.4691745, 30.7476234], [46.4691574, 30.7478746], [46.4693078, 30.7478962], [46.4693131, 30.7478183]]], "df_ids": [166160]}