{"polygon": [[[46.4863818, 30.737299], [46.4861984, 30.7372691], [46.486203, 30.7371773], [46.4863886, 30.7372101], [46.4863818, 30.737299]]], "df_ids": [7251]}