{"polygon": [[[46.3955221, 30.7335689], [46.3953091, 30.7335936], [46.3952915, 30.733276], [46.3953793, 30.7332658], [46.3953855, 30.7333786], [46.3954636, 30.7333695], [46.395468, 30.7334494], [46.3955152, 30.7334439], [46.3955221, 30.7335689]]], "df_ids": [86590]}