{"polygon": [[[46.3909792, 30.7293856], [46.3909102, 30.7298022], [46.3908962, 30.729887], [46.3908045, 30.7298551], [46.3908146, 30.7297943], [46.3907166, 30.7297602], [46.3907927, 30.7293008], [46.3908972, 30.7293372], [46.3908941, 30.7293559], [46.3909792, 30.7293856]]], "df_ids": [76072]}