{"polygon": [[[46.3885833, 30.7344109], [46.3887401, 30.7340849], [46.388888, 30.7342345], [46.3887312, 30.7345604], [46.3885833, 30.7344109]]], "df_ids": [168059]}