{"polygon": [[[46.435388, 30.7573854], [46.43512, 30.7575284], [46.435043, 30.7572246], [46.435311, 30.7570816], [46.4353772, 30.7573428], [46.435388, 30.7573854]]], "df_ids": [169721]}