{"polygon": [[[46.4148272, 30.7566496], [46.4149975, 30.7568478], [46.4149159, 30.7569952], [46.4147457, 30.7567969], [46.4148272, 30.7566496]]], "df_ids": [168058]}