{"polygon": [[[46.435388, 30.7573854], [46.4353772, 30.7573428], [46.4355853, 30.7572311], [46.4356492, 30.7574826], [46.4356618, 30.7575323], [46.4354528, 30.7576445], [46.435388, 30.7573854]]], "df_ids": [169720]}