{"polygon": [[[46.4374315, 30.7596587], [46.4374677, 30.7598349], [46.4369515, 30.7600586], [46.4369152, 30.7598823], [46.4374315, 30.7596587]]], "df_ids": [169988]}