{"polygon": [[[46.4466028, 30.760878], [46.4466603, 30.7612093], [46.4461327, 30.7614021], [46.4460752, 30.7610708], [46.4466028, 30.760878]]], "df_ids": [169684]}