{"polygon": [[[46.5568726, 30.7619929], [46.5566471, 30.7613075], [46.5565141, 30.7614], [46.5567395, 30.7620855], [46.5568726, 30.7619929]]], "df_ids": [171825]}