{"polygon": [[[46.4522231, 30.7147194], [46.4525821, 30.7147364], [46.4525565, 30.7158768], [46.4523931, 30.7158691], [46.4523961, 30.715737], [46.4524753, 30.7157408], [46.4524952, 30.714851], [46.4522204, 30.714838], [46.4522231, 30.7147194]]], "df_ids": [169199]}