{"polygon": [[[46.3912757, 30.7265232], [46.3914259, 30.7265752], [46.3913091, 30.7272842], [46.3911589, 30.7272322], [46.3912757, 30.7265232]]], "df_ids": [169198]}