{"polygon": [[[46.4143305, 30.7572895], [46.41404, 30.7569803], [46.413937, 30.757184], [46.4142274, 30.7574932], [46.4143305, 30.7572895]]], "df_ids": [169167]}