{"polygon": [[[46.4462178, 30.74867], [46.4464458, 30.7485437], [46.4465161, 30.7488388], [46.4462959, 30.7489616], [46.4462742, 30.7488805], [46.4462785, 30.748853], [46.446277, 30.7488249], [46.44627, 30.7487986], [46.446258, 30.7487764], [46.446242, 30.7487603], [46.4462178, 30.74867]]], "df_ids": [169398]}