{"polygon": [[[46.4138262, 30.753453], [46.4136849, 30.7533797], [46.4139161, 30.752442], [46.4139425, 30.7524557], [46.4141134, 30.7517626], [46.4142283, 30.7518221], [46.4138262, 30.753453]]], "df_ids": [169745]}