{"polygon": [[[46.4141551, 30.753397], [46.4140291, 30.7533287], [46.4143981, 30.7518967], [46.4145241, 30.751965], [46.4141551, 30.753397]]], "df_ids": [169440]}