{"polygon": [[[46.4213337, 30.7567252], [46.4207012, 30.7577359], [46.4206888, 30.7577196], [46.420674, 30.7577404], [46.4206528, 30.7577471], [46.420632, 30.7577491], [46.4206126, 30.7577363], [46.420577, 30.7576901], [46.4205659, 30.7576626], [46.4205626, 30.7576317], [46.4205673, 30.7575975], [46.4205783, 30.7575741], [46.4205645, 30.7575559], [46.421197, 30.7565452], [46.4212077, 30.7565592], [46.421225, 30.7565374], [46.4212477, 30.7565293], [46.4212717, 30.756532], [46.421291, 30.7565463], [46.421328, 30.756592], [46.4213388, 30.7566246], [46.4213415, 30.7566574], [46.4213374, 30.7566869], [46.4213242, 30.7567127], [46.4213337, 30.7567252]]], "df_ids": [169467]}