{"polygon": [[[46.4152072, 30.7520413], [46.4151906, 30.7521486], [46.4145748, 30.7527468], [46.4145138, 30.752728], [46.4144768, 30.7528835], [46.4145877, 30.7529157], [46.4152904, 30.7522184], [46.4153052, 30.7520735], [46.4152072, 30.7520413]]], "df_ids": [169744]}