{"polygon": [[[46.4780468, 30.6876906], [46.4785998, 30.6883929], [46.4784757, 30.6885902], [46.4779228, 30.6878879], [46.4780468, 30.6876906]]], "df_ids": [170020]}