{"polygon": [[[46.4156395, 30.7274299], [46.4158324, 30.7273774], [46.4158583, 30.7275773], [46.4156654, 30.7276298], [46.4156395, 30.7274299]]], "df_ids": [241801]}