{"polygon": [[[46.4388515, 30.7398173], [46.4386049, 30.7397738], [46.4386333, 30.7394343], [46.4387663, 30.7394577], [46.4387443, 30.7397212], [46.4388579, 30.7397412], [46.4388515, 30.7398173]]], "df_ids": [171823]}