{"polygon": [[[46.3851162, 30.7334769], [46.3852979, 30.7337059], [46.3852098, 30.7338528], [46.3850281, 30.7336238], [46.3851162, 30.7334769]]], "df_ids": [171844]}