{"polygon": [[[46.3964545, 30.7457557], [46.3964575, 30.7455948], [46.3965879, 30.7455999], [46.3965849, 30.7457608], [46.3964545, 30.7457557]]], "df_ids": [171923]}