{"polygon": [[[46.3964414, 30.7469479], [46.39648, 30.7464772], [46.3972063, 30.7466022], [46.3971687, 30.7470613], [46.3970543, 30.7470416], [46.3970777, 30.7467555], [46.3965805, 30.7466699], [46.3965561, 30.7469677], [46.3964414, 30.7469479]]], "df_ids": [171921]}