{"polygon": [[[46.418298, 30.7161233], [46.4181361, 30.7163935], [46.4180199, 30.716247], [46.4181818, 30.7159768], [46.418298, 30.7161233]]], "df_ids": [172254, 172255]}