{"polygon": [[[46.4709908, 30.735904], [46.4710232, 30.7359083], [46.4711082, 30.7359198], [46.4710965, 30.736104], [46.4710857, 30.7361025], [46.470979, 30.7360882], [46.4709908, 30.735904]]], "df_ids": [26459]}