{"polygon": [[[46.4908868, 30.7195178], [46.490817, 30.7195061], [46.4908349, 30.7191816], [46.4908681, 30.7191858], [46.4909084, 30.7191914], [46.4908868, 30.7195178]]], "df_ids": [173663]}