{"polygon": [[[46.4909956, 30.7195452], [46.4909243, 30.7195301], [46.4909455, 30.7192088], [46.4909619, 30.719211], [46.4909632, 30.7191913], [46.4910191, 30.7191991], [46.4910105, 30.7193253], [46.4910039, 30.7194229], [46.4909956, 30.7195452]]], "df_ids": [173662, 197023]}