{"polygon": [[[46.4718718, 30.740027], [46.4718512, 30.7403556], [46.4718204, 30.7403515], [46.4717713, 30.740345], [46.4717919, 30.7400164], [46.4718718, 30.740027]]], "df_ids": [2448]}