{"polygon": [[[46.4714286, 30.7403073], [46.471436, 30.7402052], [46.4717314, 30.7402507], [46.4717239, 30.7403528], [46.471683, 30.7403465], [46.4716523, 30.7403418], [46.4716047, 30.7403344], [46.4714286, 30.7403073]]], "df_ids": [181075]}