{"polygon": [[[46.471138, 30.7449491], [46.4710719, 30.7449384], [46.4710825, 30.7448001], [46.4710372, 30.7447928], [46.4710415, 30.7447367], [46.4711529, 30.7447546], [46.471138, 30.7449491]]], "df_ids": [193177]}