{"polygon": [[[46.4601877, 30.7526232], [46.4600226, 30.7526068], [46.460048, 30.7520663], [46.4602131, 30.7520826], [46.4601877, 30.7526232]]], "df_ids": [34415]}