{"polygon": [[[46.4587254, 30.7510802], [46.4587374, 30.7508585], [46.4589774, 30.750886], [46.4591891, 30.7509102], [46.4591771, 30.7511319], [46.4587254, 30.7510802]]], "df_ids": [34423]}