{"polygon": [[[46.4598554, 30.7522834], [46.4599236, 30.7522877], [46.4599176, 30.7524876], [46.4598494, 30.7524832], [46.4598522, 30.75239], [46.4598554, 30.7522834]]], "df_ids": [34418]}