{"polygon": [[[46.5086973, 30.7248522], [46.5087119, 30.7250805], [46.5088157, 30.7250671], [46.5088016, 30.7248413], [46.5086973, 30.7248522]]], "df_ids": [243055]}