{"polygon": [[[46.5094567, 30.7234016], [46.5093959, 30.7234056], [46.5093212, 30.7234105], [46.5093165, 30.7232603], [46.5093353, 30.7232591], [46.5093339, 30.7232168], [46.5094079, 30.7232119], [46.5094098, 30.723274], [46.5094526, 30.7232711], [46.5094567, 30.7234016]]], "df_ids": [175368]}