{"polygon": [[[46.5094655, 30.7237557], [46.5094567, 30.7234016], [46.5094526, 30.7232711], [46.5094499, 30.7232089], [46.5095418, 30.7232097], [46.5095536, 30.723747], [46.5094655, 30.7237557]]], "df_ids": [2280]}