{"polygon": [[[46.4883422, 30.72873], [46.4882801, 30.7288073], [46.4881168, 30.7290105], [46.4880336, 30.7288694], [46.4880083, 30.7288266], [46.4882337, 30.7285461], [46.4883422, 30.72873]]], "df_ids": [126925]}