{"polygon": [[[46.476564, 30.7367105], [46.4765573, 30.7368132], [46.4764976, 30.736805], [46.4764853, 30.7369918], [46.4765446, 30.737], [46.4765385, 30.7370937], [46.4764756, 30.737085], [46.4763398, 30.7370662], [46.476365, 30.7366829], [46.476564, 30.7367105]]], "df_ids": [213053]}