{"polygon": [[[46.4927529, 30.7264286], [46.4928223, 30.7265433], [46.4928304, 30.7265567], [46.4927277, 30.7266878], [46.4926502, 30.7265598], [46.4927529, 30.7264286]]], "df_ids": [160766]}