{"polygon": [[[46.4927433, 30.7271921], [46.4926744, 30.7270725], [46.4927928, 30.7269346], [46.4928596, 30.7270512], [46.492833, 30.7270831], [46.4927433, 30.7271921]]], "df_ids": [201689]}