{"polygon": [[[46.4923663, 30.7275357], [46.4922756, 30.7276418], [46.4921746, 30.72776], [46.4921319, 30.727683], [46.4923238, 30.7274586], [46.4923663, 30.7275357]]], "df_ids": [4830]}