{"polygon": [[[46.4718639, 30.7422505], [46.4719152, 30.7422583], [46.4718962, 30.7425183], [46.4718484, 30.7425113], [46.4718282, 30.7425084], [46.4718462, 30.7422479], [46.4718639, 30.7422505]]], "df_ids": [255056]}