{"polygon": [[[46.4635854, 30.7396223], [46.4634187, 30.7396125], [46.463416, 30.7396383], [46.4634111, 30.7398279], [46.4635745, 30.739838], [46.4635854, 30.7396223]]], "df_ids": [180402]}