{"polygon": [[[46.4715629, 30.7424963], [46.4714879, 30.7424855], [46.4715129, 30.7421327], [46.4715134, 30.7421258], [46.4715961, 30.7421382], [46.4715708, 30.7424976], [46.4715629, 30.7424963]]], "df_ids": [201635]}