{"polygon": [[[46.4721755, 30.7421356], [46.4721114, 30.7421276], [46.4721348, 30.7417941], [46.4721422, 30.7416874], [46.4721932, 30.7416949], [46.4721909, 30.7417279], [46.4722062, 30.7417302], [46.4721935, 30.7419138], [46.4722124, 30.7419165], [46.4722342, 30.7419197], [46.4722275, 30.7420155], [46.4722054, 30.7420123], [46.4721843, 30.7420092], [46.4721755, 30.7421356]]], "df_ids": [180395]}