{"polygon": [[[46.4717838, 30.7422386], [46.4717227, 30.7422296], [46.4717048, 30.7424898], [46.4717459, 30.7424958], [46.4717835, 30.7425013], [46.4718015, 30.7422411], [46.4717838, 30.7422386]]], "df_ids": [127312]}