{"polygon": [[[46.4817979, 30.736856], [46.4818849, 30.7368674], [46.4818968, 30.7366747], [46.4816113, 30.7366375], [46.4815941, 30.7366353], [46.4815822, 30.7368279], [46.4815998, 30.7368302], [46.4817979, 30.736856]]], "df_ids": [181396]}