{"polygon": [[[46.4611119, 30.7484507], [46.4611149, 30.7484105], [46.4611297, 30.7482094], [46.4613178, 30.7482386], [46.4613462, 30.748243], [46.4613398, 30.7483304], [46.461328, 30.7483285], [46.461324, 30.7483825], [46.4612619, 30.7483728], [46.4612638, 30.7483472], [46.4611987, 30.748337], [46.4611924, 30.7484224], [46.4611912, 30.7484391], [46.461148, 30.7484324], [46.4611463, 30.748456], [46.4611119, 30.7484507]]], "df_ids": [183677]}