{"polygon": [[[46.4002266, 30.7195758], [46.4002827, 30.7199986], [46.3999441, 30.720093], [46.3999006, 30.7197651], [46.4000767, 30.719716], [46.4000641, 30.7196211], [46.4002266, 30.7195758]]], "df_ids": [237098]}