{"polygon": [[[46.4708383, 30.739696], [46.4708425, 30.7396166], [46.4708537, 30.7394071], [46.47078, 30.7393988], [46.4707775, 30.7394455], [46.470766, 30.7396619], [46.4707646, 30.7396877], [46.4708383, 30.739696]]], "df_ids": [45681]}