{"polygon": [[[46.4746606, 30.7405223], [46.4743406, 30.7404818], [46.4743361, 30.7405582], [46.474656, 30.7405988], [46.4746606, 30.7405223]]], "df_ids": [202128]}