{"polygon": [[[46.4898715, 30.6979258], [46.4899351, 30.6980982], [46.4898987, 30.6981177], [46.4898383, 30.6979962], [46.4898035, 30.6979771], [46.4898715, 30.6979258]]], "df_ids": [136922]}