{"polygon": [[[46.4933662, 30.7058819], [46.4934124, 30.7058497], [46.4934872, 30.7058631], [46.4935127, 30.7060033], [46.4935204, 30.7061206], [46.4935084, 30.7061246], [46.4933884, 30.7059972], [46.4934116, 30.7059594], [46.4933662, 30.7058819]]], "df_ids": [196881]}