{"polygon": [[[46.4902323, 30.6977456], [46.4902715, 30.6978729], [46.4902116, 30.6979096], [46.4901675, 30.6977877], [46.4902323, 30.6977456]]], "df_ids": [174300]}