{"polygon": [[[46.4948257, 30.7065911], [46.4948997, 30.7065658], [46.4949081, 30.7066034], [46.4949211, 30.7066795], [46.4948533, 30.7066924], [46.494837, 30.7066329], [46.4948257, 30.7065911]]], "df_ids": [197112]}