{"polygon": [[[46.4923255, 30.7016047], [46.4923331, 30.7016001], [46.4925153, 30.7014889], [46.4925851, 30.7017332], [46.4925212, 30.7017743], [46.49248, 30.7017984], [46.4924408, 30.7016626], [46.4923635, 30.7017097], [46.492357, 30.7017137], [46.4923255, 30.7016047]]], "df_ids": [180605]}