{"polygon": [[[46.4925681, 30.6980837], [46.4925366, 30.6979794], [46.492582, 30.69795], [46.4926324, 30.6979189], [46.492664, 30.6980225], [46.4926306, 30.6980438], [46.4925681, 30.6980837]]], "df_ids": [51376]}