{"polygon": [[[46.4942273, 30.7064109], [46.4941294, 30.7064373], [46.4941136, 30.7063145], [46.494212, 30.7062886], [46.4942273, 30.7064109]]], "df_ids": [3046]}