{"polygon": [[[46.4945585, 30.7070497], [46.4945374, 30.7069019], [46.4945795, 30.7068892], [46.4945863, 30.7069368], [46.4946006, 30.707037], [46.4945585, 30.7070497]]], "df_ids": [211002]}