{"polygon": [[[46.4938102, 30.7091942], [46.4937865, 30.7092934], [46.4937152, 30.7095994], [46.4936663, 30.7095712], [46.4937032, 30.7094211], [46.4937128, 30.7093807], [46.4937641, 30.7091717], [46.4938102, 30.7091942]]], "df_ids": [243133]}