{"polygon": [[[46.4911682, 30.7012033], [46.491132, 30.7012308], [46.4911285, 30.7012213], [46.4911129, 30.7011714], [46.4911632, 30.7011342], [46.4911838, 30.7011914], [46.4911682, 30.7012033]]], "df_ids": [135769]}