{"polygon": [[[46.4919008, 30.6975683], [46.4919263, 30.6975541], [46.4919403, 30.6975449], [46.4919481, 30.6975739], [46.4919622, 30.6976227], [46.491952, 30.6976288], [46.4919225, 30.6976461], [46.4919169, 30.6976261], [46.4919008, 30.6975683]]], "df_ids": [182321]}