{"polygon": [[[46.4912722, 30.6992286], [46.4913237, 30.6992], [46.4913443, 30.6992663], [46.4913553, 30.6993051], [46.4913396, 30.6993138], [46.4913055, 30.6993328], [46.4912722, 30.6992286]]], "df_ids": [192806]}