{"polygon": [[[46.4943329, 30.7046843], [46.4944132, 30.7046521], [46.4944473, 30.7047547], [46.4944898, 30.7048895], [46.4944778, 30.7049203], [46.4942873, 30.7049727], [46.4942716, 30.7048668], [46.494367, 30.7048197], [46.4943581, 30.7047844], [46.4943329, 30.7046843]]], "df_ids": [136405]}