{"polygon": [[[46.4939676, 30.7059067], [46.4939782, 30.7059885], [46.4939855, 30.7060457], [46.4939535, 30.7060544], [46.4939008, 30.7060687], [46.493887, 30.7060725], [46.4939064, 30.7062231], [46.4938047, 30.7062508], [46.4937673, 30.7059613], [46.4938843, 30.7059294], [46.4939676, 30.7059067]]], "df_ids": [190011]}