{"polygon": [[[46.4880153, 30.6982574], [46.4880553, 30.6983821], [46.4879465, 30.698456], [46.4879312, 30.6984085], [46.4879064, 30.698331], [46.4880153, 30.6982574]]], "df_ids": [180760]}