{"polygon": [[[46.490179, 30.6982335], [46.4901144, 30.6982738], [46.4900867, 30.6981799], [46.4901125, 30.6981571], [46.4900913, 30.6980981], [46.4901218, 30.6980632], [46.4901426, 30.6981252], [46.490179, 30.6982335]]], "df_ids": [26374]}