{"polygon": [[[46.4902413, 30.6965354], [46.4904043, 30.6964232], [46.4904458, 30.6965503], [46.4902827, 30.6966625], [46.4902705, 30.6966249], [46.4902413, 30.6965354]]], "df_ids": [180636]}