{"polygon": [[[46.4926972, 30.6992043], [46.4925698, 30.6992834], [46.4925367, 30.6991709], [46.4926418, 30.6991056], [46.4926641, 30.6990918], [46.4926972, 30.6992043]]], "df_ids": [127042]}