{"polygon": [[[46.4937017, 30.7091427], [46.4937232, 30.7090588], [46.4937337, 30.7090254], [46.4937798, 30.7090469], [46.4937826, 30.7090764], [46.4938749, 30.7091273], [46.4938531, 30.7092159], [46.4938102, 30.7091942], [46.4937641, 30.7091717], [46.4937017, 30.7091427]]], "df_ids": [193148]}