{"polygon": [[[46.4907732, 30.7007698], [46.4907452, 30.7007882], [46.490708, 30.7006702], [46.4907363, 30.7006512], [46.4907732, 30.7007698]]], "df_ids": [136324]}