{"polygon": [[[46.4929357, 30.7042069], [46.4930396, 30.7041526], [46.4930782, 30.7043074], [46.4930306, 30.7043327], [46.4929719, 30.7043633], [46.4929357, 30.7042069]]], "df_ids": [180652]}