{"polygon": [[[46.4934891, 30.7090422], [46.4935522, 30.7087576], [46.4936437, 30.7088032], [46.4935778, 30.7090821], [46.4934891, 30.7090422]]], "df_ids": [3163]}