{"polygon": [[[46.4913091, 30.7027086], [46.4911982, 30.702778], [46.4911929, 30.7027604], [46.4911766, 30.7027052], [46.4912631, 30.702651], [46.4912875, 30.7026358], [46.4913091, 30.7027086]]], "df_ids": [182304]}