{"polygon": [[[46.4946883, 30.7058094], [46.4946662, 30.7057129], [46.4947576, 30.7056847], [46.4947945, 30.7058161], [46.4947022, 30.705855], [46.4946883, 30.7058094]]], "df_ids": [136921]}