{"polygon": [[[46.4937326, 30.7055588], [46.4937009, 30.7052838], [46.4937973, 30.7052604], [46.493805, 30.705327], [46.4938224, 30.7054779], [46.493829, 30.7055354], [46.4937837, 30.7055464], [46.4937326, 30.7055588]]], "df_ids": [127038]}