{"polygon": [[[46.4922951, 30.7045383], [46.4924088, 30.7044702], [46.4924317, 30.7045508], [46.4923601, 30.7045937], [46.4923785, 30.7046585], [46.4923364, 30.7046838], [46.4922951, 30.7045383]]], "df_ids": [173656]}