{"polygon": [[[46.4950087, 30.7064478], [46.4949498, 30.7064714], [46.4949182, 30.706484], [46.4948914, 30.7063901], [46.4949791, 30.7063606], [46.4950087, 30.7064478]]], "df_ids": [197111]}