{"polygon": [[[46.4937865, 30.7092934], [46.4938102, 30.7091942], [46.4938531, 30.7092159], [46.4939358, 30.7092577], [46.4940351, 30.7093078], [46.4940108, 30.7094089], [46.4939801, 30.7095372], [46.4939069, 30.7098429], [46.4937429, 30.709762], [46.4936849, 30.709732], [46.4936418, 30.7097112], [46.4936645, 30.7096194], [46.4938681, 30.7097218], [46.4939561, 30.7093545], [46.4938832, 30.7093177], [46.493878, 30.7093396], [46.4937865, 30.7092934]]], "df_ids": [135680]}