{"polygon": [[[46.4919034, 30.6978756], [46.4918187, 30.6979367], [46.4917698, 30.6977935], [46.4918545, 30.6977325], [46.4919034, 30.6978756]]], "df_ids": [174009]}