{"polygon": [[[46.4885687, 30.699411], [46.4886518, 30.6993614], [46.4886934, 30.6995022], [46.4886583, 30.6995264], [46.4886453, 30.6995009], [46.4885949, 30.6995231], [46.4885687, 30.699411]]], "df_ids": [4577]}