{"polygon": [[[46.4906859, 30.6991495], [46.4907579, 30.6993721], [46.4907422, 30.6994271], [46.4906684, 30.6994741], [46.4905862, 30.6992246], [46.4906859, 30.6991495]]], "df_ids": [193097]}