{"polygon": [[[46.4911874, 30.7034361], [46.4911589, 30.7033408], [46.4912272, 30.7032977], [46.4912558, 30.7033931], [46.4911874, 30.7034361]]], "df_ids": [182309]}