{"polygon": [[[46.493318, 30.7058527], [46.4934272, 30.7057987], [46.4934736, 30.7057888], [46.4935527, 30.7057719], [46.4935426, 30.7056485], [46.4934458, 30.7056896], [46.4932519, 30.705772], [46.493318, 30.7058527]]], "df_ids": [179188]}