{"polygon": [[[46.4946734, 30.6973019], [46.4947121, 30.6974196], [46.4946437, 30.6974662], [46.494607, 30.6973489], [46.4946734, 30.6973019]]], "df_ids": [154635]}