{"polygon": [[[46.4919409, 30.7021924], [46.4919634, 30.7021768], [46.4920368, 30.7024019], [46.4919452, 30.702465], [46.4918718, 30.7022399], [46.4919409, 30.7021924]]], "df_ids": [133939]}