{"polygon": [[[46.4987065, 30.7048769], [46.4987755, 30.7048217], [46.4988285, 30.704955], [46.4987586, 30.7050135], [46.4987452, 30.7049849], [46.4987065, 30.7048769]]], "df_ids": [251841]}