{"polygon": [[[46.4945102, 30.6981642], [46.4945574, 30.6981353], [46.4946247, 30.6980939], [46.4946456, 30.6980811], [46.4946758, 30.6981849], [46.4945904, 30.6982373], [46.4945403, 30.698268], [46.4945102, 30.6981642]]], "df_ids": [183623]}