{"polygon": [[[46.4962093, 30.7050219], [46.496272, 30.7049729], [46.4963169, 30.7050942], [46.4962542, 30.7051432], [46.4962093, 30.7050219]]], "df_ids": [189554]}