{"polygon": [[[46.4933091, 30.6991386], [46.4933398, 30.6992423], [46.4932536, 30.6992961], [46.4932229, 30.6991924], [46.4933091, 30.6991386]]], "df_ids": [180887]}