{"polygon": [[[46.4978712, 30.7055858], [46.497929, 30.7055431], [46.497979, 30.7056858], [46.4979212, 30.7057285], [46.4978712, 30.7055858]]], "df_ids": [4774]}