{"polygon": [[[46.4974375, 30.7048358], [46.4974806, 30.7048033], [46.4975142, 30.7047779], [46.4975503, 30.7048788], [46.4974736, 30.7049367], [46.4974375, 30.7048358]]], "df_ids": [255126]}