{"polygon": [[[46.4979969, 30.7046553], [46.498098, 30.7045768], [46.4981448, 30.7047039], [46.4980796, 30.7047548], [46.4980401, 30.7047848], [46.4979969, 30.7046553]]], "df_ids": [255125]}