{"polygon": [[[46.4968189, 30.6993915], [46.496907, 30.6993352], [46.4969444, 30.6994587], [46.4968564, 30.699515], [46.4968189, 30.6993915]]], "df_ids": [173401]}