{"polygon": [[[46.4931795, 30.7000042], [46.4932066, 30.7000977], [46.4931877, 30.7001093], [46.4931606, 30.7000158], [46.4931795, 30.7000042]]], "df_ids": [255127]}