{"polygon": [[[46.4955199, 30.7054269], [46.4955686, 30.7053874], [46.4956444, 30.7053257], [46.4956506, 30.7053207], [46.4956822, 30.7054028], [46.4955516, 30.705509], [46.4955479, 30.7054994], [46.4955199, 30.7054269]]], "df_ids": [179990]}