{"polygon": [[[46.4958205, 30.7019775], [46.4958701, 30.7019476], [46.4959006, 30.7019292], [46.4959551, 30.7021204], [46.4959133, 30.7021456], [46.4958963, 30.7020859], [46.495858, 30.702109], [46.4958205, 30.7019775]]], "df_ids": [130148]}