{"polygon": [[[46.4968088, 30.7052617], [46.4969028, 30.7051948], [46.4969527, 30.7053426], [46.4968587, 30.7054096], [46.4968088, 30.7052617]]], "df_ids": [154502]}