{"polygon": [[[46.4972232, 30.7041107], [46.497278, 30.704066], [46.497326, 30.7042176], [46.4972436, 30.7042824], [46.4971919, 30.7041327], [46.4972232, 30.7041107]]], "df_ids": [180770]}