{"polygon": [[[46.4958237, 30.7033227], [46.4957939, 30.7032476], [46.4958543, 30.7031985], [46.4958834, 30.7032742], [46.4958547, 30.7032975], [46.4958237, 30.7033227]]], "df_ids": [143768]}