{"polygon": [[[46.4948353, 30.6999245], [46.4949287, 30.6998648], [46.4950133, 30.6998107], [46.4950491, 30.6999291], [46.495056, 30.6999519], [46.4950197, 30.6999751], [46.4950121, 30.6999499], [46.4949565, 30.6999854], [46.4949157, 30.7000115], [46.4948704, 30.7000404], [46.4948353, 30.6999245]]], "df_ids": [180842]}