{"polygon": [[[46.4962097, 30.6975962], [46.4962167, 30.6976184], [46.4962501, 30.697725], [46.49619, 30.6977648], [46.4961496, 30.6976359], [46.4962097, 30.6975962]]], "df_ids": [190193]}