{"polygon": [[[46.494796, 30.7032064], [46.4948533, 30.703159], [46.4948933, 30.7032612], [46.494836, 30.7033086], [46.494796, 30.7032064]]], "df_ids": [190457]}