{"polygon": [[[46.4950444, 30.6987467], [46.4950262, 30.6986895], [46.4950669, 30.6986627], [46.4950841, 30.6987225], [46.4950444, 30.6987467]]], "df_ids": [127290]}