{"polygon": [[[46.4946277, 30.7047185], [46.4945849, 30.7045842], [46.4946396, 30.7045474], [46.4946824, 30.7046817], [46.4946705, 30.7046897], [46.4946277, 30.7047185]]], "df_ids": [184746]}