{"polygon": [[[46.4953564, 30.6977045], [46.4953338, 30.6976359], [46.4954297, 30.6975692], [46.4954467, 30.6976209], [46.4954309, 30.6976319], [46.4954365, 30.6976488], [46.4953564, 30.6977045]]], "df_ids": [183647]}