{"polygon": [[[46.4954378, 30.7014899], [46.4955405, 30.7014329], [46.4955799, 30.7015751], [46.4954755, 30.7016357], [46.4954378, 30.7014899]]], "df_ids": [179978]}