{"polygon": [[[46.4960135, 30.6988435], [46.4960528, 30.6989886], [46.4959566, 30.6990437], [46.495925, 30.6989271], [46.4959145, 30.6988883], [46.4959346, 30.6988768], [46.4959235, 30.6988357], [46.4959552, 30.6988176], [46.4959995, 30.6987922], [46.4960135, 30.6988435]]], "df_ids": [4720]}