{"polygon": [[[46.4945389, 30.7044261], [46.4945893, 30.7043931], [46.4946141, 30.704473], [46.4946531, 30.7044474], [46.4946767, 30.7045235], [46.4946396, 30.7045474], [46.4945849, 30.7045842], [46.4945389, 30.7044261]]], "df_ids": [136406]}