{"polygon": [[[46.495232, 30.702552], [46.4952712, 30.7026781], [46.49518, 30.7027381], [46.4950915, 30.7027962], [46.4950523, 30.7026701], [46.4951073, 30.702634], [46.4951396, 30.7026127], [46.49517, 30.7025927], [46.495232, 30.702552]]], "df_ids": [243162]}