{"polygon": [[[46.4961622, 30.7052205], [46.4961082, 30.7050807], [46.4961584, 30.705038], [46.4962027, 30.7050056], [46.4962093, 30.7050219], [46.4962542, 30.7051432], [46.4961622, 30.7052205]]], "df_ids": [162658]}