{"polygon": [[[46.4956804, 30.7011961], [46.4957586, 30.7014503], [46.4956723, 30.7015063], [46.4956483, 30.7014282], [46.4955941, 30.7012521], [46.4956804, 30.7011961]]], "df_ids": [10153]}