{"polygon": [[[46.4883576, 30.7151361], [46.4884344, 30.7151099], [46.4885638, 30.7150656], [46.4885778, 30.7151518], [46.4883716, 30.7152224], [46.4883576, 30.7151361]]], "df_ids": [179622]}