{"polygon": [[[46.4235977, 30.7298406], [46.4234176, 30.7298651], [46.4232596, 30.7296708], [46.423251, 30.7295208], [46.4232985, 30.7294275], [46.4233196, 30.729451], [46.4235663, 30.7297261], [46.423591, 30.7297536], [46.4235948, 30.7298033], [46.4235977, 30.7298406]]], "df_ids": [191126]}