{"polygon": [[[46.4838402, 30.7230134], [46.4837506, 30.7231208], [46.4834733, 30.7226591], [46.4835608, 30.7225478], [46.4838402, 30.7230134]]], "df_ids": [193022]}