{"polygon": [[[46.4847952, 30.7249385], [46.4847272, 30.7250292], [46.4846291, 30.724867], [46.4846648, 30.7248218], [46.4846979, 30.7247787], [46.4847952, 30.7249385]]], "df_ids": [45293]}