{"polygon": [[[46.4845683, 30.7249447], [46.4844471, 30.7247436], [46.4845082, 30.7246659], [46.4845177, 30.7246817], [46.4845309, 30.7247031], [46.4846291, 30.724867], [46.4845683, 30.7249447]]], "df_ids": [181523]}