{"polygon": [[[46.4846648, 30.7248218], [46.4846291, 30.724867], [46.4845309, 30.7247031], [46.4845665, 30.724658], [46.4846648, 30.7248218]]], "df_ids": [194181]}