{"polygon": [[[46.4874852, 30.7224638], [46.4874154, 30.7225494], [46.4873596, 30.7226177], [46.4874432, 30.7227616], [46.4875688, 30.7226077], [46.4874852, 30.7224638]]], "df_ids": [29038]}