{"polygon": [[[46.4865392, 30.7235615], [46.4865753, 30.7235157], [46.4865784, 30.7235118], [46.4865001, 30.7233816], [46.486496, 30.7233868], [46.4864442, 30.7234526], [46.4864403, 30.7234574], [46.4865187, 30.7235876], [46.4865231, 30.723582], [46.4865392, 30.7235615]]], "df_ids": [209425]}