{"polygon": [[[46.4202641, 30.7117999], [46.4201331, 30.7116726], [46.4203685, 30.7111598], [46.4204998, 30.7112865], [46.4202641, 30.7117999]]], "df_ids": [169141]}