{"polygon": [[[46.3858653, 30.7320431], [46.386106, 30.7323226], [46.3859102, 30.7326769], [46.3858027, 30.732552], [46.3859203, 30.7323391], [46.3857872, 30.7321845], [46.3858653, 30.7320431]]], "df_ids": [171582]}