{"polygon": [[[46.4163805, 30.7277449], [46.4163322, 30.7272182], [46.4164212, 30.7272011], [46.4164695, 30.7277277], [46.4163805, 30.7277449]]], "df_ids": [241802]}