{"polygon": [[[46.4955098, 30.7277963], [46.495382, 30.7280161], [46.4950887, 30.7276565], [46.4952166, 30.7274366], [46.4955098, 30.7277963]]], "df_ids": [202549]}