{"polygon": [[[46.4657472, 30.7340574], [46.4656468, 30.7353877], [46.4659454, 30.7354409], [46.4659458, 30.7353935], [46.4659517, 30.7352991], [46.4660471, 30.734042], [46.4658603, 30.7340123], [46.4658555, 30.7340746], [46.4657472, 30.7340574]]], "df_ids": [38701]}