{"polygon": [[[46.4107757, 30.7375897], [46.4108891, 30.7369116], [46.4108536, 30.7368992], [46.4109085, 30.7365709], [46.4108002, 30.7365328], [46.4107448, 30.7368642], [46.4107704, 30.7368732], [46.4106575, 30.7375482], [46.4107211, 30.7375705], [46.4107757, 30.7375897]]], "df_ids": [70961]}