{"polygon": [[[46.4703677, 30.7379791], [46.4703759, 30.7378644], [46.4702028, 30.7378382], [46.4701946, 30.7379529], [46.4703677, 30.7379791]]], "df_ids": [181401]}