{"polygon": [[[46.4897441, 30.7254908], [46.4896653, 30.7255826], [46.4896041, 30.7254742], [46.4896372, 30.7254344], [46.4896819, 30.725381], [46.4897441, 30.7254908]]], "df_ids": [217616]}