{"polygon": [[[46.573046, 30.7846134], [46.5732129, 30.7839773], [46.5733144, 30.7840336], [46.5734158, 30.7840899], [46.5732489, 30.784726], [46.573046, 30.7846134]]], "df_ids": [52331]}