{"polygon": [[[46.4109892, 30.7531621], [46.41098, 30.7535001], [46.4110946, 30.7535081], [46.4110928, 30.7535698], [46.4112592, 30.7535886], [46.4112574, 30.7536503], [46.4113961, 30.7536637], [46.4114072, 30.7533257], [46.4112611, 30.753315], [46.4112611, 30.7532506], [46.4111076, 30.7532372], [46.4111094, 30.7531755], [46.4109892, 30.7531621]]], "df_ids": [235809]}