{"polygon": [[[46.4072193, 30.7334176], [46.4070564, 30.7334547], [46.4070495, 30.733391], [46.4072124, 30.7333539], [46.4072193, 30.7334176]]], "df_ids": [224712]}