{"polygon": [[[46.511781, 30.7166955], [46.5118252, 30.7169834], [46.511819, 30.7169858], [46.511677, 30.7170311], [46.5116325, 30.7167436], [46.511781, 30.7166955]]], "df_ids": [228616]}