{"polygon": [[[46.4731904, 30.7418902], [46.4731639, 30.7418861], [46.4730893, 30.7418745], [46.4730634, 30.7418703], [46.4730542, 30.7418831], [46.4730131, 30.7418771], [46.4730073, 30.7418611], [46.4729826, 30.7418571], [46.4729775, 30.7418566], [46.4729014, 30.7418447], [46.4729195, 30.7416019], [46.4729417, 30.7416054], [46.4729998, 30.7416146], [46.4731829, 30.7416435], [46.4732088, 30.7416476], [46.4732007, 30.7417543], [46.4731928, 30.7417527], [46.4731909, 30.7417775], [46.4731989, 30.7417786], [46.4731904, 30.7418902]]], "df_ids": [5792]}