{"polygon": [[[46.4268042, 30.7407963], [46.4267339, 30.7409272], [46.4268485, 30.7410568], [46.4268702, 30.7410813], [46.4269077, 30.7410114], [46.4269405, 30.7409504], [46.4268042, 30.7407963]]], "df_ids": [203599]}