{"polygon": [[[46.4637414, 30.7168794], [46.464023, 30.716528], [46.464074, 30.7166141], [46.4637928, 30.7169659], [46.4637414, 30.7168794]]], "df_ids": [236049]}