{"polygon": [[[46.436288, 30.7472042], [46.4361022, 30.7473047], [46.4359366, 30.7473942], [46.4361592, 30.748261], [46.4364523, 30.7481026], [46.4364168, 30.7479643], [46.4362342, 30.748063], [46.436109, 30.7475755], [46.4363499, 30.7474453], [46.436288, 30.7472042]]], "df_ids": [33924]}