{"polygon": [[[46.4816362, 30.6939376], [46.481729, 30.6939537], [46.4817446, 30.6937636], [46.4817582, 30.693766], [46.4817636, 30.6937002], [46.4817527, 30.6936983], [46.4817616, 30.69359], [46.4814043, 30.6935281], [46.4813745, 30.69389], [46.4813595, 30.6941114], [46.4812507, 30.6940938], [46.4812142, 30.6945707], [46.481441, 30.6946074], [46.4814743, 30.6941735], [46.4814925, 30.6939349], [46.4814695, 30.6939312], [46.481472, 30.6939069], [46.4814834, 30.693768], [46.4816478, 30.6937965], [46.4816362, 30.6939376]]], "df_ids": [26972]}