{"polygon": [[[46.4977429, 30.7238639], [46.4976094, 30.7239076], [46.4975866, 30.7239727], [46.4977529, 30.7239218], [46.4977429, 30.7238639]]], "df_ids": [161174]}