{"polygon": [[[46.4580843, 30.7551156], [46.4583252, 30.755753], [46.4585303, 30.7555897], [46.4584857, 30.7554716], [46.458386, 30.755551], [46.4582415, 30.7551687], [46.4583472, 30.7550846], [46.4582951, 30.7549468], [46.4581631, 30.7550518], [46.4581311, 30.754967], [46.4581595, 30.7549444], [46.4580993, 30.754785], [46.4577109, 30.7550939], [46.4576238, 30.7551632], [46.4578318, 30.7557139], [46.4579817, 30.7555946], [46.4578355, 30.7552075], [46.4580933, 30.7550024], [46.4581241, 30.7550839], [46.4580843, 30.7551156]]], "df_ids": [27623, 155476]}