{"polygon": [[[46.4665692, 30.6894957], [46.4665896, 30.6891598], [46.4665497, 30.6891547], [46.4665561, 30.6890485], [46.4665666, 30.6890498], [46.4665869, 30.6887154], [46.4665737, 30.6887137], [46.4665769, 30.6886433], [46.4665821, 30.6885758], [46.4665926, 30.6885772], [46.4665939, 30.6885559], [46.4667613, 30.6885773], [46.4667608, 30.6885479], [46.4667793, 30.6885517], [46.466781, 30.6885287], [46.4668012, 30.6885287], [46.4668021, 30.6884879], [46.4668188, 30.6884853], [46.4668109, 30.6884407], [46.4668839, 30.6883386], [46.4671379, 30.6887202], [46.4670289, 30.688881], [46.466854, 30.6886245], [46.466803, 30.6886895], [46.4667554, 30.6886756], [46.4667519, 30.688732], [46.4667449, 30.6887311], [46.4667423, 30.6887745], [46.4666897, 30.6887677], [46.4666746, 30.6890174], [46.4667282, 30.6890243], [46.4667197, 30.6891641], [46.4667099, 30.6891628], [46.4666888, 30.689511], [46.4665692, 30.6894957]]], "df_ids": [27935]}