{"polygon": [[[46.4664187, 30.7488356], [46.4663168, 30.7488124], [46.4663235, 30.7481558], [46.4663246, 30.7479237], [46.4665357, 30.7479517], [46.4665373, 30.747927], [46.4666656, 30.747944], [46.4666641, 30.7479688], [46.4668643, 30.7479954], [46.4668547, 30.7481855], [46.4666286, 30.7481449], [46.46662, 30.7482454], [46.4665351, 30.7482302], [46.4665437, 30.7481297], [46.4664288, 30.7481091], [46.4664281, 30.7481611], [46.4664232, 30.7485113], [46.4664524, 30.7485121], [46.466451, 30.7486155], [46.4664218, 30.7486147], [46.4664187, 30.7488356]]], "df_ids": [37353]}