{"polygon": [[[46.4990753, 30.72298], [46.4990487, 30.7231247], [46.4990051, 30.7233623], [46.499056, 30.7233806], [46.499047, 30.7234357], [46.4990604, 30.7234409], [46.4990788, 30.7234481], [46.4991519, 30.7234782], [46.4992244, 30.7235063], [46.4992651, 30.723522], [46.4992804, 30.7234416], [46.4993543, 30.7234668], [46.4993604, 30.7234689], [46.4994045, 30.7232043], [46.4994195, 30.7231143], [46.4995559, 30.72316], [46.4995486, 30.7231985], [46.4995378, 30.723263], [46.4995094, 30.723253], [46.4994919, 30.7233537], [46.4994639, 30.7235095], [46.4994909, 30.723518], [46.499477, 30.7236012], [46.4994436, 30.7235895], [46.499438, 30.7236222], [46.4994309, 30.7236641], [46.4994613, 30.7236747], [46.499446, 30.7237532], [46.4992, 30.7236515], [46.499127, 30.7236227], [46.499052, 30.7235938], [46.4989805, 30.7235675], [46.4988926, 30.7235352], [46.4989222, 30.7233874], [46.4989331, 30.723333], [46.4989927, 30.7230011], [46.4990018, 30.7229515], [46.4990753, 30.72298]]], "df_ids": [135584]}