{"polygon": [[[46.4809297, 30.7400613], [46.4809173, 30.7402349], [46.4805233, 30.7401757], [46.4801326, 30.7401171], [46.4798865, 30.7400801], [46.4798295, 30.7400716], [46.4798506, 30.7397757], [46.4799149, 30.7397854], [46.479922, 30.7396853], [46.4799398, 30.7394362], [46.4800036, 30.7394458], [46.4800365, 30.7394507], [46.4800244, 30.7396206], [46.4800186, 30.7397016], [46.4800011, 30.7399466], [46.4801425, 30.7399679], [46.480372, 30.7400025], [46.4803842, 30.7399853], [46.4804551, 30.7399959], [46.4804752, 30.7397132], [46.4806346, 30.7397371], [46.4806149, 30.7400141], [46.4809297, 30.7400613]]], "df_ids": [27358, 32640]}