{"polygon": [[[46.471465, 30.7276574], [46.4715805, 30.7278648], [46.4715399, 30.7279124], [46.4715345, 30.7279027], [46.4714875, 30.7279579], [46.4714384, 30.7280155], [46.4714439, 30.7280255], [46.4714031, 30.7280734], [46.4713518, 30.7279814], [46.4712832, 30.7279804], [46.4712817, 30.728066], [46.4709867, 30.7280544], [46.4709458, 30.728053], [46.4709457, 30.7280583], [46.4709184, 30.7280574], [46.4709185, 30.7280519], [46.47076, 30.7280467], [46.4707598, 30.7280543], [46.4707233, 30.7280531], [46.4707234, 30.7280451], [46.4705239, 30.7280385], [46.4705238, 30.728044], [46.4704992, 30.7280432], [46.4704993, 30.7280375], [46.4704879, 30.7280369], [46.4704808, 30.7280342], [46.4704771, 30.7280285], [46.4704738, 30.7280198], [46.4704723, 30.7280047], [46.4704748, 30.7278444], [46.4705168, 30.7278457], [46.4705161, 30.7278945], [46.4707069, 30.7279008], [46.4707083, 30.7278099], [46.4708848, 30.7278157], [46.4708858, 30.7277487], [46.4709506, 30.7277508], [46.4709481, 30.7279126], [46.470989, 30.727914], [46.4709905, 30.7277525], [46.4711818, 30.7277596], [46.47118, 30.7278613], [46.4712874, 30.7278659], [46.471465, 30.7276574]]], "df_ids": [1837, 45885]}