{"polygon": [[[46.4642158, 30.7428038], [46.4641641, 30.7437703], [46.4641204, 30.7437653], [46.4639596, 30.7437472], [46.4639692, 30.7435672], [46.4638914, 30.7435584], [46.4638816, 30.743743], [46.4637191, 30.7437247], [46.4637062, 30.7439654], [46.4641073, 30.7440106], [46.46411, 30.7439594], [46.4641537, 30.7439643], [46.464293, 30.74398], [46.464295, 30.7439431], [46.4643189, 30.7439458], [46.4643269, 30.7437969], [46.4642808, 30.7437917], [46.4642964, 30.7435016], [46.4643351, 30.743506], [46.4643399, 30.7434153], [46.4643453, 30.7433161], [46.4643183, 30.7433131], [46.4643323, 30.7430527], [46.4643761, 30.7430577], [46.4643856, 30.7428805], [46.4643691, 30.7428787], [46.4643722, 30.7428215], [46.4642158, 30.7428038]]], "df_ids": [378]}