{"polygon": [[[46.499929, 30.7231696], [46.5000007, 30.7227644], [46.499922, 30.7227402], [46.4998526, 30.7231416], [46.499929, 30.7231696]]], "df_ids": [161177]}