{"polygon": [[[46.474246, 30.7274429], [46.4742053, 30.7278889], [46.4743232, 30.7279116], [46.4743272, 30.7278678], [46.4743541, 30.727873], [46.4743509, 30.7279081], [46.474662, 30.7279636], [46.4747956, 30.7279902], [46.4748612, 30.7272111], [46.4745843, 30.7271591], [46.4745666, 30.7273852], [46.4747084, 30.7274124], [46.4746698, 30.7278707], [46.4743562, 30.7278115], [46.4743543, 30.7278326], [46.4743252, 30.727827], [46.4743582, 30.7274644], [46.474246, 30.7274429]]], "df_ids": [180661]}