{"polygon": [[[46.417015, 30.7252358], [46.4170649, 30.7255926], [46.4169429, 30.7256273], [46.4168936, 30.7252685], [46.417015, 30.7252358]]], "df_ids": [170075]}