{"polygon": [[[46.4830579, 30.6881002], [46.4831687, 30.6881095], [46.4831484, 30.6883992], [46.4830394, 30.6883872], [46.4830579, 30.6881002]]], "df_ids": [64298]}