{"polygon": [[[46.5714897, 30.7786431], [46.5714781, 30.7786905], [46.5714383, 30.7788485], [46.5711716, 30.7787063], [46.5712069, 30.7785663], [46.5713014, 30.7786166], [46.571319, 30.7785511], [46.5714897, 30.7786431]]], "df_ids": [58371]}