{"polygon": [[[46.5731548, 30.7795178], [46.5730985, 30.7797331], [46.5728522, 30.7795969], [46.5729084, 30.7793816], [46.5729846, 30.7794237], [46.5731548, 30.7795178]]], "df_ids": [58373]}