{"polygon": [[[46.579405, 30.7993632], [46.5793498, 30.7995239], [46.5785721, 30.7989613], [46.5786228, 30.7987929], [46.579405, 30.7993632]]], "df_ids": [75436]}