{"polygon": [[[46.48737, 30.721464], [46.4873843, 30.7214883], [46.4873242, 30.7215634], [46.4874002, 30.7216929], [46.4875742, 30.7214749], [46.4874893, 30.7213242], [46.48737, 30.721464]]], "df_ids": [6216]}