{"polygon": [[[46.5810913, 30.8012019], [46.5810339, 30.8011589], [46.5810242, 30.8011861], [46.5809118, 30.8011019], [46.5808831, 30.8011832], [46.5809205, 30.8012112], [46.5808465, 30.8014201], [46.5809085, 30.8014665], [46.5809156, 30.8014466], [46.5809987, 30.8015088], [46.5810328, 30.8014126], [46.5810201, 30.8014031], [46.5810913, 30.8012019]]], "df_ids": [79664]}