{"polygon": [[[46.4328273, 30.7222619], [46.4329221, 30.7223964], [46.4333218, 30.7218034], [46.433227, 30.7216689], [46.4328273, 30.7222619]]], "df_ids": [258106]}