{"polygon": [[[46.4791712, 30.7478416], [46.4792739, 30.7478551], [46.4793657, 30.7478682], [46.4794607, 30.7478862], [46.4794497, 30.748019], [46.4794419, 30.7481057], [46.4791696, 30.7480593], [46.4791582, 30.7480372], [46.4791712, 30.7478416]]], "df_ids": [111368]}