{"polygon": [[[46.4723304, 30.7498096], [46.4722579, 30.7507957], [46.4720878, 30.7507694], [46.4721603, 30.7497832], [46.4723304, 30.7498096]]], "df_ids": [51322]}